SampleID,sigma_model,tau2,posterior_density,chi2_sigma_min_at_tau2
EDTRPAS1-41,inversion,10.000000000000002,0.0,1681.594482421875
EDTRPAS1-41,inversion,10.242752213815926,0.0,1680.9373779296875
EDTRPAS1-41,inversion,10.4913972913631,0.0,1680.3389892578125
EDTRPAS1-41,inversion,10.746078283213178,0.0,1679.7884521484375
EDTRPAS1-41,inversion,11.006941712522098,0.0,1679.2708740234375
EDTRPAS1-41,inversion,11.274137659327856,0.0,1678.772216796875
EDTRPAS1-41,inversion,11.547819846894583,0.0,1678.2784423828125
EDTRPAS1-41,inversion,11.828145730152695,0.0,1677.775146484375
EDTRPAS1-41,inversion,12.115276586285885,0.0,1677.2520751953125
EDTRPAS1-41,inversion,12.409377607517198,0.0,1676.7032470703125
EDTRPAS1-41,inversion,12.710617996147455,0.0,1676.1219482421875
EDTRPAS1-41,inversion,13.019171061900781,0.0,1675.510498046875
EDTRPAS1-41,inversion,13.335214321633245,0.0,1674.8720703125
EDTRPAS1-41,inversion,13.658929601461868,0.0,1674.2125244140625
EDTRPAS1-41,inversion,13.990503141372942,0.0,1673.54296875
EDTRPAS1-41,inversion,14.330125702369628,0.0,1672.87646484375
EDTRPAS1-41,inversion,14.677992676220699,0.0,1672.22705078125
EDTRPAS1-41,inversion,15.034304197873343,0.0,1671.6075439453125
EDTRPAS1-41,inversion,15.399265260594923,0.0,1671.0322265625
EDTRPAS1-41,inversion,15.77308583390973,0.0,1670.51025390625
EDTRPAS1-41,inversion,16.15598098439874,0.0,1670.052490234375
EDTRPAS1-41,inversion,16.54817099943182,0.0,1669.6602783203125
EDTRPAS1-41,inversion,16.949881513903467,0.0,1669.3336181640625
EDTRPAS1-41,inversion,17.361343640045238,0.0,1669.0699462890625
EDTRPAS1-41,inversion,17.78279410038923,0.0,1668.857666015625
EDTRPAS1-41,inversion,18.214475363959455,0.0,1668.686279296875
EDTRPAS1-41,inversion,18.656635785769122,0.0,1668.541748046875
EDTRPAS1-41,inversion,19.109529749704407,0.0,1668.40771484375
EDTRPAS1-41,inversion,19.57341781487661,0.0,1668.2703857421875
EDTRPAS1-41,inversion,20.048566865527135,0.0,1668.113037109375
EDTRPAS1-41,inversion,20.535250264571467,0.0,1667.9266357421875
EDTRPAS1-41,inversion,21.033748010870337,0.0,1667.7039794921875
EDTRPAS1-41,inversion,21.544346900318843,0.0,1667.439208984375
EDTRPAS1-41,inversion,22.0673406908459,0.0,1667.135009765625
EDTRPAS1-41,inversion,22.603030271419208,0.0,1666.796875
EDTRPAS1-41,inversion,23.151723835152733,0.0,1666.4344482421875
EDTRPAS1-41,inversion,23.71373705661656,0.0,1666.0611572265625
EDTRPAS1-41,inversion,24.2893932734508,0.0,1665.6964111328125
EDTRPAS1-41,inversion,24.879023672388367,0.0,1665.3572998046875
EDTRPAS1-41,inversion,25.482967479793473,0.0,1600.107177734375
EDTRPAS1-41,inversion,26.10157215682537,0.0,1527.6756591796875
EDTRPAS1-41,inversion,26.735193599339915,0.0,1484.82080078125
EDTRPAS1-41,inversion,27.384196342643627,0.0,1476.2320556640625
EDTRPAS1-41,inversion,28.048953771218283,0.0,1506.8812255859375
EDTRPAS1-41,inversion,28.729848333536648,0.0,1582.6055908203125
EDTRPAS1-41,inversion,29.427271762092822,0.0,1665.4095458984375
EDTRPAS1-41,inversion,30.14162529877391,0.0,1665.9609375
EDTRPAS1-41,inversion,30.873319925702642,0.0,1666.6845703125
EDTRPAS1-41,inversion,31.62277660168379,0.0,1667.59619140625
EDTRPAS1-41,inversion,32.390426504390305,0.0,1668.7130126953125
EDTRPAS1-41,inversion,33.17671127842858,0.0,1670.0672607421875
EDTRPAS1-41,inversion,33.98208328942561,0.0,1671.699462890625
EDTRPAS1-41,inversion,34.807005884284116,0.0,1673.67431640625
EDTRPAS1-41,inversion,35.651953657755485,0.0,1676.07666015625
EDTRPAS1-41,inversion,36.51741272548378,0.0,1679.019775390625
EDTRPAS1-41,inversion,37.403881003677874,0.0,1682.6412353515625
EDTRPAS1-41,inversion,38.31186849557288,0.0,1687.10546875
EDTRPAS1-41,inversion,39.241897584845354,0.0,1692.580810546875
EDTRPAS1-41,inversion,40.19450333615125,0.0,1699.236328125
EDTRPAS1-41,inversion,41.17023380295948,0.0,1707.203125
EDTRPAS1-41,inversion,42.16965034285825,0.0,1716.55224609375
EDTRPAS1-41,inversion,43.19332794051545,0.0,1727.2559814453125
EDTRPAS1-41,inversion,44.24185553847917,0.0,1739.1546630859375
EDTRPAS1-41,inversion,45.315836376008185,0.0,1751.93505859375
EDTRPAS1-41,inversion,46.41588833612781,0.0,1765.1134033203125
EDTRPAS1-41,inversion,47.54264430111056,0.0,1778.05517578125
EDTRPAS1-41,inversion,48.69675251658631,0.0,1790.00537109375
EDTRPAS1-41,inversion,49.878876964491056,0.0,1800.151123046875
EDTRPAS1-41,inversion,51.08969774506929,0.0,1807.705078125
EDTRPAS1-41,inversion,52.32991146814949,0.0,1811.994140625
EDTRPAS1-41,inversion,53.60023165391793,0.0,1812.5504150390625
EDTRPAS1-41,inversion,54.901389143421405,0.0,1809.1697998046875
EDTRPAS1-41,inversion,56.234132519034915,0.0,1801.9537353515625
EDTRPAS1-41,inversion,57.5992285351363,0.0,1791.2916259765625
EDTRPAS1-41,inversion,58.997462559235615,0.0,1777.8260498046875
EDTRPAS1-41,inversion,60.42963902381327,0.0,1762.36474609375
EDTRPAS1-41,inversion,61.89658188912606,0.0,1745.7952880859375
EDTRPAS1-41,inversion,63.39913511724846,0.0,1728.9881591796875
EDTRPAS1-41,inversion,64.93816315762116,0.0,1712.712646484375
EDTRPAS1-41,inversion,66.51455144438633,0.0,1697.5872802734375
EDTRPAS1-41,inversion,68.12920690579612,0.0,1684.04443359375
EDTRPAS1-41,inversion,69.78305848598664,0.0,1672.330322265625
EDTRPAS1-41,inversion,71.47705767941858,8.883636289424457e-227,1033.9449462890625
EDTRPAS1-41,inversion,73.21217907829133,2.272001493074166e-16,69.55638885498047
EDTRPAS1-41,inversion,74.98942093324557,5.8902357830708626e-05,16.098405838012695
EDTRPAS1-41,inversion,76.80980572767753,0.00449565831451503,6.942543983459473
EDTRPAS1-41,inversion,78.67438076599402,0.011287201629903845,4.877880573272705
EDTRPAS1-41,inversion,80.58421877614815,0.012973172855520791,4.3991169929504395
EDTRPAS1-41,inversion,82.5404185268019,0.012301845534691744,4.286167144775391
EDTRPAS1-41,inversion,84.54410545946924,0.01128926589337494,4.40794563293457
EDTRPAS1-41,inversion,86.59643233600654,0.010478012405325452,4.5387492179870605
EDTRPAS1-41,inversion,88.6985799018192,0.009920276318590394,4.652053356170654
EDTRPAS1-41,inversion,90.85175756516864,0.009566538582970751,4.610077857971191
EDTRPAS1-41,inversion,93.05720409296997,0.009365525358585827,4.7327775955200195
EDTRPAS1-41,inversion,95.31618832347876,0.009255498264126204,4.639554977416992
EDTRPAS1-41,inversion,97.63000989628077,0.009200553449299601,4.630043029785156
EDTRPAS1-41,inversion,100.00000000000004,0.009179188871484105,4.650065898895264
EDTRPAS1-41,inversion,102.4275221381592,0.009177418139140255,4.679349422454834
EDTRPAS1-41,inversion,104.91397291363097,0.00918624708740637,4.710818290710449
EDTRPAS1-41,inversion,107.46078283213177,0.009200108182347856,4.742212772369385
EDTRPAS1-41,inversion,110.0694171252209,0.009215761828572663,4.772852420806885
EDTRPAS1-41,inversion,112.74137659327857,0.009231359055922943,4.774705410003662
EDTRPAS1-41,inversion,115.4781984689458,0.009245985766389596,4.741421222686768
EDTRPAS1-41,inversion,118.28145730152693,0.009259158246403769,4.714141845703125
EDTRPAS1-41,inversion,121.15276586285887,0.009270789471673176,4.691686630249023
EDTRPAS1-41,inversion,124.0937760751719,0.009280904725455938,4.673177242279053
EDTRPAS1-41,inversion,127.10617996147457,0.009289567017819798,4.657902240753174
EDTRPAS1-41,inversion,130.19171061900778,0.009296994647495447,4.64528226852417
EDTRPAS1-41,inversion,133.35214321633242,0.009303249801417533,4.634850025177002
EDTRPAS1-41,inversion,136.58929601461872,0.009308530038466026,4.626223564147949
EDTRPAS1-41,inversion,139.90503141372932,0.009312974790902815,4.619083404541016
EDTRPAS1-41,inversion,143.30125702369637,0.00931672300349318,4.613162517547607
EDTRPAS1-41,inversion,146.77992676220697,0.009319890284144903,4.608251094818115
EDTRPAS1-41,inversion,150.34304197873345,0.009322556239197049,4.60417366027832
EDTRPAS1-41,inversion,153.99265260594927,0.009324811882296101,4.60078763961792
EDTRPAS1-41,inversion,157.7308583390972,0.00932667798601424,4.5979814529418945
EDTRPAS1-41,inversion,161.55980984398738,0.00932822255995444,4.595658302307129
EDTRPAS1-41,inversion,165.48170999431815,0.009329407415628202,4.593751907348633
EDTRPAS1-41,inversion,169.49881513903458,0.009330240070942736,4.592207431793213
EDTRPAS1-41,inversion,173.6134364004524,0.009330696119617411,4.590978622436523
EDTRPAS1-41,inversion,177.82794100389225,0.009330775251851112,4.590029239654541
EDTRPAS1-41,inversion,182.14475363959448,0.009330444146718747,4.58933162689209
EDTRPAS1-41,inversion,186.56635785769126,0.009329706269765717,4.588855743408203
EDTRPAS1-41,inversion,191.09529749704396,0.009328540491441092,4.588582515716553
EDTRPAS1-41,inversion,195.73417814876615,0.009327025205451377,4.588476657867432
EDTRPAS1-41,inversion,200.48566865527133,0.009325232398258337,4.58851432800293
EDTRPAS1-41,inversion,205.35250264571462,0.009323232973740738,4.588658809661865
EDTRPAS1-41,inversion,210.3374801087034,0.009321121585817087,4.588878631591797
EDTRPAS1-41,inversion,215.44346900318828,0.009319047658299384,4.589136123657227
EDTRPAS1-41,inversion,220.67340690845913,0.00931712117769863,4.589396953582764
EDTRPAS1-41,inversion,226.030302714192,0.009315484150061575,4.589625835418701
EDTRPAS1-41,inversion,231.5172383515274,0.009314224241739194,4.589799404144287
EDTRPAS1-41,inversion,237.13737056616563,0.009313412988246186,4.589897632598877
EDTRPAS1-41,inversion,242.8939327345078,0.009313069968544693,4.589911937713623
EDTRPAS1-41,inversion,248.79023672388362,0.00931318455881514,4.589846134185791
EDTRPAS1-41,inversion,254.82967479793467,0.009313623764276628,4.589711666107178
EDTRPAS1-41,inversion,261.0157215682535,0.009314361430646343,4.58953332901001
EDTRPAS1-41,inversion,267.3519359933992,0.009315197125014265,4.589335918426514
EDTRPAS1-41,inversion,273.84196342643605,0.009315929867420986,4.589162826538086
EDTRPAS1-41,inversion,280.48953771218277,0.009316429331217985,4.589048385620117
EDTRPAS1-41,inversion,287.29848333536654,0.00931645479110174,4.589035987854004
EDTRPAS1-41,inversion,294.27271762092806,0.009315826443791041,4.589158535003662
EDTRPAS1-41,inversion,301.4162529877392,0.009314411823436817,4.589453220367432
EDTRPAS1-41,inversion,308.73319925702634,0.009312068278870924,4.589942932128906
EDTRPAS1-41,inversion,316.22776601683796,0.00930871987036517,4.590649604797363
EDTRPAS1-41,inversion,323.90426504390314,0.009304338754587822,4.5915751457214355
EDTRPAS1-41,inversion,331.7671127842856,0.009298952958289376,4.592718124389648
EDTRPAS1-41,inversion,339.82083289425617,0.009292641374940411,4.594052791595459
EDTRPAS1-41,inversion,348.0700588428411,0.009285567017581993,4.595554351806641
EDTRPAS1-41,inversion,356.51953657755496,0.009277930519900144,4.5971760749816895
EDTRPAS1-41,inversion,365.17412725483786,0.009269974497732189,4.598865509033203
EDTRPAS1-41,inversion,374.0388100367785,0.009261952748171124,4.60057258605957
EDTRPAS1-41,inversion,383.1186849557287,0.009254128256367698,4.602239608764648
EDTRPAS1-41,inversion,392.4189758484536,0.00924673614869217,4.60381555557251
EDTRPAS1-41,inversion,401.9450333615123,0.009239968935624097,4.605259895324707
EDTRPAS1-41,inversion,411.7023380295949,0.009233961689348327,4.606543064117432
EDTRPAS1-41,inversion,421.69650342858216,0.009228789673763227,4.6076483726501465
EDTRPAS1-41,inversion,431.93327940515445,0.009224470464212136,4.608572006225586
EDTRPAS1-41,inversion,442.41855538479183,0.00922097695390761,4.609319686889648
EDTRPAS1-41,inversion,453.15836376008156,0.009218239446869668,4.609905242919922
EDTRPAS1-41,inversion,464.1588833612782,0.009216168809046583,4.610348701477051
EDTRPAS1-41,inversion,475.4264430111055,0.009214664165031597,4.610671043395996
EDTRPAS1-41,inversion,486.96752516586315,0.009213627675153073,4.6108927726745605
EDTRPAS1-41,inversion,498.7887696449107,0.009212961831261938,4.611035346984863
EDTRPAS1-41,inversion,510.8969774506926,0.00917004931876512,4.620250225067139
EDTRPAS1-41,inversion,523.299114681495,0.009159870260442942,4.622443199157715
EDTRPAS1-41,inversion,536.0023165391792,0.009148338021001429,4.624930381774902
EDTRPAS1-41,inversion,549.0138914342142,0.009135420738723745,4.627720355987549
EDTRPAS1-41,inversion,562.3413251903493,0.009121150544644336,4.630807399749756
EDTRPAS1-41,inversion,575.9922853513626,0.009105606229385898,4.634176254272461
EDTRPAS1-41,inversion,589.9746255923563,0.009088904458430561,4.637802600860596
EDTRPAS1-41,inversion,604.2963902381329,0.009071168090583701,4.641661167144775
EDTRPAS1-41,inversion,618.9658188912607,0.009052529449580056,4.645724773406982
EDTRPAS1-41,inversion,633.9913511724842,0.009033107365794763,4.64996862411499
EDTRPAS1-41,inversion,649.3816315762111,0.009012996074023685,4.654372692108154
EDTRPAS1-41,inversion,665.1455144438634,0.008992261614001231,4.658924579620361
EDTRPAS1-41,inversion,681.2920690579614,0.008970957957448442,4.663612365722656
EDTRPAS1-41,inversion,697.8305848598666,0.008949117624440969,4.668429851531982
EDTRPAS1-41,inversion,714.7705767941853,0.00892678182732546,4.673370361328125
EDTRPAS1-41,inversion,732.1217907829127,0.008903993332203094,4.678423881530762
EDTRPAS1-41,inversion,749.8942093324558,0.008880824157542266,4.68357515335083
EDTRPAS1-41,inversion,768.0980572767755,0.008857362136630048,4.688806533813477
EDTRPAS1-41,inversion,786.7438076599396,0.008833703520863783,4.694094657897949
EDTRPAS1-41,inversion,805.8421877614817,0.008809950881798777,4.6994194984436035
EDTRPAS1-41,inversion,825.4041852680184,0.00878618466015347,4.7047624588012695
EDTRPAS1-41,inversion,845.4410545946926,0.008762455574362133,4.710111618041992
EDTRPAS1-41,inversion,865.9643233600657,0.008738773740736299,4.715465545654297
EDTRPAS1-41,inversion,886.9857990181914,0.008715090102690518,4.720832824707031
EDTRPAS1-41,inversion,908.5175756516867,0.008691325288335817,4.726234436035156
EDTRPAS1-41,inversion,930.572040929699,0.008667356437423366,4.731698989868164
EDTRPAS1-41,inversion,953.1618832347878,0.008643044296923273,4.73725700378418
EDTRPAS1-41,inversion,976.3000989628069,0.008618242223877052,4.7429423332214355
EDTRPAS1-41,inversion,999.9999999999998,0.00859282216187363,4.7487874031066895
EDTRPAS1-35,inversion,49.99999999999999,1.4823072766055193e-293,1339.636962890625
EDTRPAS1-35,inversion,51.21376106907962,7.83248092012972e-295,1345.5179443359375
EDTRPAS1-35,inversion,52.456986456815486,1.6678349999770165e-295,1348.6114501953125
EDTRPAS1-35,inversion,53.73039141606588,1.7133369163861222e-295,1348.5576171875
EDTRPAS1-35,inversion,55.03470856261049,9.050966911099622e-295,1345.228759765625
EDTRPAS1-35,inversion,56.37068829663924,2.3162510273982792e-293,1338.7442626953125
EDTRPAS1-35,inversion,57.739099234472896,2.3910740225345983e-291,1329.4703369140625
EDTRPAS1-35,inversion,59.14072865076346,7.5207893081186575e-289,1317.9681396484375
EDTRPAS1-35,inversion,60.57638293142943,5.102610341413335e-286,1304.928466796875
EDTRPAS1-35,inversion,62.046888037586,5.157825252002873e-283,1291.0914306640625
EDTRPAS1-35,inversion,63.55308998073723,5.434577178686371e-280,1277.17138671875
EDTRPAS1-35,inversion,65.09585530950389,4.3708952411649853e-277,1263.79150390625
EDTRPAS1-35,inversion,66.67607160816621,2.1049159931931136e-274,1251.4373779296875
EDTRPAS1-35,inversion,68.29464800730935,5.138634887056482e-272,1240.4420166015625
EDTRPAS1-35,inversion,69.95251570686466,5.987350287251503e-270,1230.9825439453125
EDTRPAS1-35,inversion,71.65062851184811,3.732961449263681e-176,806.705810546875
EDTRPAS1-35,inversion,73.38996338110347,4.056970463032123e-24,105.32555389404297
EDTRPAS1-35,inversion,75.17152098936673,1.2016634467714042e-05,19.489267349243164
EDTRPAS1-35,inversion,76.99632630297462,0.012325537074883215,5.176108360290527
EDTRPAS1-35,inversion,78.86542916954859,0.033483761258882846,2.8781869411468506
EDTRPAS1-35,inversion,80.77990492199369,0.026523316561451318,3.1631298065185547
EDTRPAS1-35,inversion,82.74085499715908,0.01719418078019904,3.900078773498535
EDTRPAS1-35,inversion,84.74940756951734,0.011714930795650126,4.603240013122559
EDTRPAS1-35,inversion,86.8067182002262,0.008793764497277812,5.093686103820801
EDTRPAS1-35,inversion,88.91397050194611,0.007222253032543885,5.4766387939453125
EDTRPAS1-35,inversion,91.07237681979724,0.006348262116719183,5.755753993988037
EDTRPAS1-35,inversion,93.28317892884563,0.005853957636428083,5.9057183265686035
EDTRPAS1-35,inversion,95.54764874852205,0.005575848823458012,5.92521858215332
EDTRPAS1-35,inversion,97.86708907438297,0.005422355405303877,5.968967437744141
EDTRPAS1-35,inversion,100.24283432763565,0.005340737695239064,6.012624263763428
EDTRPAS1-35,inversion,102.67625132285731,0.005300131681052098,6.050512313842773
EDTRPAS1-35,inversion,105.16874005435169,0.0052824257771129455,6.082870006561279
EDTRPAS1-35,inversion,107.72173450159414,0.005277086171668523,6.111176490783691
EDTRPAS1-35,inversion,110.33670345422946,0.0052781139986425776,6.136709690093994
EDTRPAS1-35,inversion,113.015151357096,0.005282189956860201,6.1602559089660645
EDTRPAS1-35,inversion,115.75861917576368,0.00528752240740145,6.157041549682617
EDTRPAS1-35,inversion,118.5686852830828,0.005293202586374418,6.1329827308654785
EDTRPAS1-35,inversion,121.44696636725389,0.005298763067561987,6.112736225128174
EDTRPAS1-35,inversion,124.3951183619418,0.005304042043144606,6.095667362213135
EDTRPAS1-35,inversion,127.41483739896732,0.005308923450774328,6.08126163482666
EDTRPAS1-35,inversion,130.50786078412688,0.005313399882670117,6.069084167480469
EDTRPAS1-35,inversion,133.6759679966996,0.005317461867842539,6.058794975280762
EDTRPAS1-35,inversion,136.92098171321803,0.005321129828325153,6.050090312957764
EDTRPAS1-35,inversion,140.24476885609135,0.005324399278210178,6.042726993560791
EDTRPAS1-35,inversion,143.64924166768324,0.005327294438496068,6.036508083343506
EDTRPAS1-35,inversion,147.13635881046415,0.005329826538191523,6.0312581062316895
EDTRPAS1-35,inversion,150.70812649386957,0.0053320408710230745,6.026827812194824
EDTRPAS1-35,inversion,154.36659962851317,0.00533395343879063,6.023102283477783
EDTRPAS1-35,inversion,158.11388300841898,0.0053356198738727205,6.019960880279541
EDTRPAS1-35,inversion,161.95213252195154,0.005337069045530315,6.017312526702881
EDTRPAS1-35,inversion,165.88355639214276,0.005338368630286517,6.015071392059326
EDTRPAS1-35,inversion,169.91041644712791,0.005339565978495946,6.013162136077881
EDTRPAS1-35,inversion,174.03502942142052,0.005340732396025089,6.011514663696289
EDTRPAS1-35,inversion,178.25976828877745,0.0053418861447115966,6.010075569152832
EDTRPAS1-35,inversion,182.5870636274189,0.005343078788751311,6.008796215057373
EDTRPAS1-35,inversion,187.01940501838925,0.005344347032413521,6.007635116577148
EDTRPAS1-35,inversion,191.55934247786433,0.005345692915445202,6.006565570831299
EDTRPAS1-35,inversion,196.2094879242268,0.00534711076028693,6.005570888519287
EDTRPAS1-35,inversion,200.97251668075629,0.00534858296114039,6.004644393920898
EDTRPAS1-35,inversion,205.85116901479742,0.00535006858591892,6.003780364990234
EDTRPAS1-35,inversion,210.84825171429105,0.005351509237126235,6.002988338470459
EDTRPAS1-35,inversion,215.9666397025772,0.005352864981376372,6.002281665802002
EDTRPAS1-35,inversion,221.2092776923959,0.005354061336033688,6.001673698425293
EDTRPAS1-35,inversion,226.57918188004095,0.005355054498157397,6.001171588897705
EDTRPAS1-35,inversion,232.07944168063906,0.005355807278030527,6.000784397125244
EDTRPAS1-35,inversion,237.71322150555272,0.005356293880096327,6.000521659851074
EDTRPAS1-35,inversion,243.48376258293155,0.005356517267215956,6.000373363494873
EDTRPAS1-35,inversion,249.39438482245532,0.0053565027179375314,6.000333309173584
EDTRPAS1-35,inversion,255.44848872534627,0.005356276530240933,6.000377178192139
EDTRPAS1-35,inversion,261.6495573407475,0.005355929912028098,6.000478267669678
EDTRPAS1-35,inversion,268.00115826958955,0.005355522016745408,6.000609397888184
EDTRPAS1-35,inversion,274.50694571710704,0.005355150494566826,6.000733375549316
EDTRPAS1-35,inversion,281.17066259517463,0.0053549386027389005,6.000799179077148
EDTRPAS1-35,inversion,287.99614267568126,0.005354967886412162,6.000778675079346
EDTRPAS1-35,inversion,294.9873127961781,0.005355344193540863,6.00062894821167
EDTRPAS1-35,inversion,302.14819511906643,0.005356141236609462,6.000321388244629
EDTRPAS1-35,inversion,309.48290944563036,0.005357431125476906,5.999836444854736
EDTRPAS1-35,inversion,316.9956755862423,0.005359204363966655,5.999163627624512
EDTRPAS1-35,inversion,324.69081578810557,0.005361460531890024,5.998309135437012
EDTRPAS1-35,inversion,332.5727572219317,0.005364155364354997,5.997291564941406
EDTRPAS1-35,inversion,340.6460345289807,0.005367198839049453,5.996145248413086
EDTRPAS1-35,inversion,348.9152924299333,0.005370485359720321,5.994907855987549
EDTRPAS1-35,inversion,357.38528839709295,0.005373899927892463,5.9936203956604
EDTRPAS1-35,inversion,366.06089539145637,0.005377309587828023,5.992336273193359
EDTRPAS1-35,inversion,374.9471046662279,0.005380609323986592,5.99109411239624
EDTRPAS1-35,inversion,384.0490286383877,0.005383700117563023,5.989931106567383
EDTRPAS1-35,inversion,393.37190382996977,0.005386510956408408,5.988873481750488
EDTRPAS1-35,inversion,402.9210938807411,0.005388995550687567,5.987937927246094
EDTRPAS1-35,inversion,412.70209263400915,0.0053911314857782765,5.9871344566345215
EDTRPAS1-35,inversion,422.7205272973462,0.005392919516562124,5.986461639404297
EDTRPAS1-35,inversion,432.9821616800328,0.005394376391719255,5.985913276672363
EDTRPAS1-35,inversion,443.49289950909565,0.005395533067799758,5.985477924346924
EDTRPAS1-35,inversion,454.2587878258437,0.005396422243801673,5.985142707824707
EDTRPAS1-35,inversion,465.28602046484946,0.00539708567941856,5.984893798828125
EDTRPAS1-35,inversion,476.5809416173939,0.0053975615103674535,5.984714508056641
EDTRPAS1-35,inversion,488.15004948140387,0.005397887059006942,5.984591960906982
EDTRPAS1-35,inversion,499.99999999999983,0.005398092144603696,5.9845147132873535
EDTRPAS1-35,inversion,512.1376106907965,0.00541105670317077,5.9796319007873535
EDTRPAS1-35,inversion,524.5698645681549,0.005413761843295693,5.978611946105957
EDTRPAS1-35,inversion,537.3039141606589,0.005416680361889481,5.977510929107666
EDTRPAS1-35,inversion,550.347085626105,0.005419772576286803,5.976344108581543
EDTRPAS1-35,inversion,563.7068829663924,0.0054229828578171305,5.975131034851074
EDTRPAS1-35,inversion,577.390992344729,0.005426249124633855,5.97389554977417
EDTRPAS1-35,inversion,591.4072865076347,0.005429507690613152,5.972661018371582
EDTRPAS1-35,inversion,605.763829314294,0.0054327002385853845,5.971449375152588
EDTRPAS1-35,inversion,620.4688803758602,0.005435776409651118,5.970279216766357
EDTRPAS1-35,inversion,635.5308998073724,0.005438696785872349,5.969165325164795
EDTRPAS1-35,inversion,650.958553095039,0.005441433712343083,5.968117713928223
EDTRPAS1-35,inversion,666.7607160816622,0.005443967221852897,5.967144012451172
EDTRPAS1-35,inversion,682.9464800730931,0.005446284648627173,5.966248512268066
EDTRPAS1-35,inversion,699.5251570686473,0.005448375116080913,5.96543550491333
EDTRPAS1-35,inversion,716.5062851184813,0.005450233064112381,5.964705944061279
EDTRPAS1-35,inversion,733.8996338110348,0.005451845863687685,5.964067459106445
EDTRPAS1-35,inversion,751.7152098936674,0.00545321486890507,5.9635162353515625
EDTRPAS1-35,inversion,769.9632630297457,0.0054543350406561514,5.963055610656738
EDTRPAS1-35,inversion,788.6542916954868,0.005455205775935006,5.962686061859131
EDTRPAS1-35,inversion,807.799049219937,0.005455833368301688,5.962405204772949
EDTRPAS1-35,inversion,827.4085499715909,0.005456225902440594,5.962209224700928
EDTRPAS1-35,inversion,847.4940756951737,0.005456387523297745,5.962100028991699
EDTRPAS1-35,inversion,868.0671820022613,0.005456334929679983,5.9620680809021
EDTRPAS1-35,inversion,889.1397050194621,0.005456076070057919,5.962111473083496
EDTRPAS1-35,inversion,910.7237681979726,0.005455616531334187,5.962227821350098
EDTRPAS1-35,inversion,932.8317892884564,0.005454956936270511,5.962417125701904
EDTRPAS1-35,inversion,955.4764874852208,0.0054540941497859,5.962679862976074
EDTRPAS1-35,inversion,978.67089074383,0.005453020396095032,5.963018894195557
EDTRPAS1-35,inversion,1002.4283432763567,0.005451722636466971,5.963438510894775
EDTRPAS1-35,inversion,1026.7625132285732,0.005450188695200364,5.963943004608154
EDTRPAS1-35,inversion,1051.6874005435163,0.005448402335482285,5.964538097381592
EDTRPAS1-35,inversion,1077.2173450159426,0.005446347808740987,5.9652299880981445
EDTRPAS1-35,inversion,1103.3670345422947,0.005444007446393108,5.966024398803711
EDTRPAS1-35,inversion,1130.1515135709603,0.005441364059925208,5.966928482055664
EDTRPAS1-35,inversion,1157.5861917576372,0.005438399486360411,5.9679484367370605
EDTRPAS1-35,inversion,1185.6868528308273,0.005435091235081207,5.96909236907959
EDTRPAS1-35,inversion,1214.4696636725403,0.005431415822463173,5.970369338989258
EDTRPAS1-35,inversion,1243.9511836194183,0.005427347315183881,5.9717888832092285
EDTRPAS1-35,inversion,1274.1483739896735,0.00542285976470473,5.973361015319824
EDTRPAS1-35,inversion,1305.0786078412689,0.005417929534242932,5.975094318389893
EDTRPAS1-35,inversion,1336.759679966995,0.005412538115796596,5.976995944976807
EDTRPAS1-35,inversion,1369.2098171321818,0.005406672916957668,5.979071617126465
EDTRPAS1-35,inversion,1402.447688560914,0.005400328304334879,5.981324195861816
EDTRPAS1-35,inversion,1436.4924166768328,0.00539350903823013,5.983752250671387
EDTRPAS1-35,inversion,1471.3635881046416,0.005386225741952031,5.986352920532227
EDTRPAS1-35,inversion,1507.0812649386949,0.0053784900166514715,5.989123344421387
EDTRPAS1-35,inversion,1543.665996285132,0.005370323418825479,5.9920549392700195
EDTRPAS1-35,inversion,1581.13883008419,0.0053617302486877304,5.995150566101074
EDTRPAS1-35,inversion,1619.5213252195158,0.005352729249540024,5.9984002113342285
EDTRPAS1-35,inversion,1658.8355639214296,0.005343321078475503,6.001806735992432
EDTRPAS1-35,inversion,1699.1041644712795,0.005333502314889048,6.00537109375
EDTRPAS1-35,inversion,1740.3502942142056,0.005323264191513994,6.009098052978516
EDTRPAS1-35,inversion,1782.597682887775,0.005312593474643135,6.012993335723877
EDTRPAS1-35,inversion,1825.8706362741877,0.005301473649524464,6.017063617706299
EDTRPAS1-35,inversion,1870.1940501838944,0.005289887521948858,6.0213165283203125
EDTRPAS1-35,inversion,1915.5934247786438,0.005277816819321204,6.025760173797607
EDTRPAS1-35,inversion,1962.0948792422685,0.005265246928205928,6.03040075302124
EDTRPAS1-35,inversion,2009.7251668075633,0.005252160621293792,6.035246849060059
EDTRPAS1-35,inversion,2058.511690147973,0.005238541487397768,6.0403056144714355
EDTRPAS1-35,inversion,2108.482517142913,0.005224374701451314,6.045584678649902
EDTRPAS1-35,inversion,2159.6663970257728,0.005209635036748282,6.051095008850098
EDTRPAS1-35,inversion,2212.0927769239593,0.00519429787013785,6.05684757232666
EDTRPAS1-35,inversion,2265.79181880041,0.00517833100748338,6.062857151031494
EDTRPAS1-35,inversion,2320.794416806389,0.005161690587827905,6.069142818450928
EDTRPAS1-35,inversion,2377.13221505553,0.005144329160462925,6.075725078582764
EDTRPAS1-35,inversion,2434.837625829316,0.005126192787731779,6.082627296447754
EDTRPAS1-35,inversion,2493.9438482245537,0.005107220613540442,6.089876651763916
EDTRPAS1-35,inversion,2554.4848872534653,0.005087354527629778,6.097499370574951
EDTRPAS1-35,inversion,2616.4955734074733,0.00506653534182717,6.105522155761719
EDTRPAS1-35,inversion,2680.0115826958963,0.005044710148769843,6.11397123336792
EDTRPAS1-35,inversion,2745.069457171071,0.0050218372973491665,6.122868537902832
EDTRPAS1-35,inversion,2811.706625951744,0.004997887761404666,6.132230758666992
EDTRPAS1-35,inversion,2879.961426756816,0.004972846342726049,6.14207124710083
EDTRPAS1-35,inversion,2949.873127961782,0.004946712809987642,6.1523966789245605
EDTRPAS1-35,inversion,3021.4819511906676,0.004919499345126311,6.163210391998291
EDTRPAS1-35,inversion,3094.829094456304,0.0048912277722632435,6.174510955810547
EDTRPAS1-35,inversion,3169.9567558624212,0.004861932038777805,6.186293125152588
EDTRPAS1-35,inversion,3246.908157881059,0.004831640898073162,6.198554992675781
EDTRPAS1-35,inversion,3325.7275722193176,0.004800398485436644,6.211285591125488
EDTRPAS1-35,inversion,3406.4603452898104,0.004768240349937351,6.224478721618652
EDTRPAS1-35,inversion,3489.1529242993333,0.004735202456010683,6.23813009262085
EDTRPAS1-35,inversion,3573.8528839709275,0.004701322364664973,6.252232074737549
EDTRPAS1-35,inversion,3660.6089539145673,0.004666637058216194,6.266777515411377
EDTRPAS1-35,inversion,3749.47104666228,0.004631170098685516,6.281766891479492
EDTRPAS1-35,inversion,3840.4902863838747,0.004594951111674619,6.297196865081787
EDTRPAS1-35,inversion,3933.719038299702,0.004557990617945074,6.313070774078369
EDTRPAS1-35,inversion,4029.2109388074086,0.004520288602259867,6.329401016235352
EDTRPAS1-35,inversion,4127.020926340097,0.004481829418009354,6.346202850341797
EDTRPAS1-35,inversion,4227.205272973463,0.0044425764500869635,6.363503932952881
EDTRPAS1-35,inversion,4329.821616800325,0.0044024713886435,6.381342887878418
EDTRPAS1-35,inversion,4434.9289950909615,0.00436143465432785,6.399768829345703
EDTRPAS1-35,inversion,4542.587878258434,0.004319371319879579,6.418839454650879
EDTRPAS1-35,inversion,4652.8602046485,0.0042761601848715,6.438629150390625
EDTRPAS1-35,inversion,4765.80941617394,0.0042316776339801215,6.45921516418457
EDTRPAS1-35,inversion,4881.500494814036,0.0041857915097880056,6.480681419372559
EDTRPAS1-35,inversion,5000.000000000004,0.004138368330284957,6.5031208992004395
EDTRPAS1-29,inversion,575.0000000000001,2.494178608878624e-54,242.30133056640625
EDTRPAS1-29,inversion,588.9582522944158,5.793223062278353e-54,240.61587524414062
EDTRPAS1-29,inversion,603.2553442533786,1.3896925510339097e-53,238.8659210205078
EDTRPAS1-29,inversion,617.8995012847575,3.413308195409133e-53,237.0687255859375
EDTRPAS1-29,inversion,632.8991484700206,8.521635888205722e-53,235.23887634277344
EDTRPAS1-29,inversion,648.2629154113517,2.1505306695199218e-52,233.3874969482422
EDTRPAS1-29,inversion,663.9996411964388,5.463540664409631e-52,231.52273559570312
EDTRPAS1-29,inversion,680.1183794837797,1.3936450020342087e-51,229.64991760253906
EDTRPAS1-29,inversion,696.6284037114384,3.5621714507899966e-51,227.7730255126953
EDTRPAS1-29,inversion,713.539212432239,9.106615089569769e-51,225.89576721191406
EDTRPAS1-29,inversion,730.8605347784786,2.323969442700077e-50,224.0220489501953
EDTRPAS1-29,inversion,748.6023360592952,5.903854861376321e-50,222.1573944091797
EDTRPAS1-29,inversion,766.7748234939113,1.4883360477553865e-49,220.30812072753906
EDTRPAS1-29,inversion,785.3884520840575,3.710977826567291e-49,218.48085021972656
EDTRPAS1-29,inversion,804.4539306289441,9.121294123647655e-49,216.68222045898438
EDTRPAS1-29,inversion,823.982227886254,2.2051143716638777e-48,214.91671752929688
EDTRPAS1-29,inversion,843.9845788826899,5.23715548961115e-48,213.1867218017578
EDTRPAS1-29,inversion,864.4724913777172,1.2226663172556677e-47,211.4910430908203
EDTRPAS1-29,inversion,885.4577524842081,2.8116623671412218e-47,209.8255615234375
EDTRPAS1-29,inversion,906.9524354498095,6.392461886042695e-47,208.18287658691406
EDTRPAS1-29,inversion,928.9689066029281,1.443271283886612e-46,206.5541229248047
EDTRPAS1-29,inversion,951.5198324673293,3.2518946922991464e-46,204.92947387695312
EDTRPAS1-29,inversion,974.6181870494495,7.345673773215244e-46,203.2997283935547
EDTRPAS1-29,inversion,998.2772593026011,1.6707017912291477e-45,201.6562957763672
EDTRPAS1-29,inversion,1022.5106607723811,3.837283833025193e-45,199.99325561523438
EDTRPAS1-29,inversion,1047.332333427669,8.919918667868044e-45,198.30621337890625
EDTRPAS1-29,inversion,1072.7565576817246,2.1013238912093118e-44,196.5924835205078
EDTRPAS1-29,inversion,1098.7979606080035,5.020974493053866e-44,194.85037231445312
EDTRPAS1-29,inversion,1125.471524355405,1.2176829633474694e-43,193.07855224609375
EDTRPAS1-29,inversion,1152.792594767811,2.99888797759324e-43,191.27597045898438
EDTRPAS1-29,inversion,1180.77689021286,7.507869366065298e-43,189.4405517578125
EDTRPAS1-29,inversion,1209.4405106250445,1.9127907327247342e-42,187.57015991210938
EDTRPAS1-29,inversion,1238.7999467683335,4.963904085485341e-42,185.66290283203125
EDTRPAS1-29,inversion,1268.8720897236399,1.312914073899109e-41,183.71762084960938
EDTRPAS1-29,inversion,1299.674240606604,3.539316795167073e-41,181.7342529296875
EDTRPAS1-29,inversion,1331.2241205212822,9.713501598320583e-41,179.715087890625
EDTRPAS1-29,inversion,1363.539880755452,2.708718062894684e-40,177.66400146484375
EDTRPAS1-29,inversion,1396.640113223421,7.652986405055377e-40,175.58676147460938
EDTRPAS1-29,inversion,1430.5438611623317,2.182913269879577e-39,173.49046325683594
EDTRPAS1-29,inversion,1465.270630088124,6.261723984691104e-39,171.38287353515625
EDTRPAS1-29,inversion,1500.8403990174588,1.7998899584233913e-38,169.2711639404297
EDTRPAS1-29,inversion,1537.273631962045,5.167940423515744e-38,167.1616668701172
EDTRPAS1-29,inversion,1574.5912897020085,1.4786932856167106e-37,165.0591278076172
EDTRPAS1-29,inversion,1612.814841845052,4.209578118610778e-37,162.9667205810547
EDTRPAS1-29,inversion,1651.9662791783571,1.1919091857256619e-36,160.88516235351562
EDTRPAS1-29,inversion,1692.0681263203373,3.357078385020289e-36,158.8141326904297
EDTRPAS1-29,inversion,1733.1434546794999,9.41293076050108e-36,156.75210571289062
EDTRPAS1-29,inversion,1775.2158957279028,2.6307525401263183e-35,154.69656372070312
EDTRPAS1-29,inversion,1818.3096545968197,7.336867559368982e-35,152.64527893066406
EDTRPAS1-29,inversion,1862.4495240024426,2.044529571975362e-34,150.59559631347656
EDTRPAS1-29,inversion,1907.6608985096434,5.69730480121998e-34,148.5459442138672
EDTRPAS1-29,inversion,1953.9697891419726,1.5889732530163407e-33,146.4945831298828
EDTRPAS1-29,inversion,2001.4028383463358,4.4378912255769775e-33,144.44039916992188
EDTRPAS1-29,inversion,2049.9873353209423,1.2417340221811245e-32,142.382568359375
EDTRPAS1-29,inversion,2099.7512317153173,3.482685478649249e-32,140.31997680664062
EDTRPAS1-29,inversion,2150.723157711478,9.797351020011536e-32,138.25135803222656
EDTRPAS1-29,inversion,2202.9324384954416,2.76672744757735e-31,136.17507934570312
EDTRPAS1-29,inversion,2256.409111128608,7.852493396740146e-31,134.0887451171875
EDTRPAS1-29,inversion,2311.1839418286972,2.2431679696176474e-30,131.9894561767578
EDTRPAS1-29,inversion,2367.28844367017,6.46018177540722e-30,129.87391662597656
EDTRPAS1-29,inversion,2424.754894714349,1.87905732129434e-29,127.73851776123047
EDTRPAS1-29,inversion,2483.61635657964,5.529635317531214e-29,125.5798110961914
EDTRPAS1-29,inversion,2543.9066934625525,1.6490535589556479e-28,123.39447784423828
EDTRPAS1-29,inversion,2605.6605916204708,4.989631281660342e-28,121.1801528930664
EDTRPAS1-29,inversion,2668.913579327349,1.5329998874196325e-27,118.93524932861328
EDTRPAS1-29,inversion,2733.7020473138587,4.782071194135466e-27,116.65995025634766
EDTRPAS1-29,inversion,2800.063269703715,1.513920072730763e-26,114.35511779785156
EDTRPAS1-29,inversion,2868.0354254582357,4.8574846043488326e-26,112.02347564697266
EDTRPAS1-29,inversion,2937.6576203414843,1.5766838956180994e-25,109.66869354248047
EDTRPAS1-29,inversion,3008.9699094185958,5.165591801899781e-25,107.29529571533203
EDTRPAS1-29,inversion,3082.01332010028,1.7038946363357513e-24,104.9083251953125
EDTRPAS1-29,inversion,3156.8298757467337,5.643814826708708e-24,102.51303100585938
EDTRPAS1-29,inversion,3233.462619844508,1.8724709313364087e-23,100.11445617675781
EDTRPAS1-29,inversion,3311.9556407703344,6.207916520763987e-23,97.71731567382812
EDTRPAS1-29,inversion,3392.354097156051,2.0522679083040772e-22,95.32589721679688
EDTRPAS1-29,inversion,3474.7042438692633,6.752344362104911e-22,92.94400024414062
EDTRPAS1-29,inversion,3559.053458624752,2.207530415400363e-21,90.5748519897461
EDTRPAS1-29,inversion,3645.450269241787,7.160733712000445e-21,88.22136688232422
EDTRPAS1-29,inversion,3733.9443815632203,2.3020339271385796e-20,85.88582611083984
EDTRPAS1-29,inversion,3824.586708052217,7.328885459905017e-20,83.56975555419922
EDTRPAS1-29,inversion,3917.4293970832773,2.309497453636359e-19,81.27416229248047
EDTRPAS1-29,inversion,4012.5258629442355,7.203036236166172e-19,78.99920654296875
EDTRPAS1-29,inversion,4109.930816566569,2.2246373410575252e-18,76.74384307861328
EDTRPAS1-29,inversion,4209.7002970017475,6.809358629561862e-18,74.50642395019531
EDTRPAS1-29,inversion,4311.891703661624,2.0686377337393148e-17,72.2840576171875
EDTRPAS1-29,inversion,4416.563829341459,6.24835859038139e-17,70.07318878173828
EDTRPAS1-29,inversion,4523.776894044652,1.8803428681528807e-16,67.86973571777344
EDTRPAS1-29,inversion,4633.592579628523,5.650951429354306e-16,65.66898345947266
EDTRPAS1-29,inversion,4746.074065291114,1.699689741098526e-15,63.466556549072266
EDTRPAS1-29,inversion,4861.286063919485,5.127862134361349e-15,61.258056640625
EDTRPAS1-29,inversion,4979.294859320376,1.5545016290236248e-14,59.039939880371094
EDTRPAS1-29,inversion,5100.168344354609,4.741408502225794e-14,56.809566497802734
EDTRPAS1-29,inversion,5223.976059997202,1.456067375301074e-13,54.56557083129883
EDTRPAS1-29,inversion,5350.789235345768,4.5022371686838105e-13,52.307884216308594
EDTRPAS1-29,inversion,5480.680828600033,1.4005602965904231e-12,50.03810119628906
EDTRPAS1-29,inversion,5613.725569036144,4.376722953024434e-12,47.75922775268555
EDTRPAS1-29,inversion,5749.999999999997,1.3709291690817153e-11,45.47566223144531
EDTRPAS1-29,inversion,5889.58252294416,4.292777132290049e-11,43.192752838134766
EDTRPAS1-29,inversion,6032.553442533781,1.3395498558847135e-10,40.91676330566406
EDTRPAS1-29,inversion,6178.995012847582,4.151741920300819e-10,38.654354095458984
EDTRPAS1-29,inversion,6328.991484700207,1.2736889152001883e-09,36.412384033203125
EDTRPAS1-29,inversion,6482.629154113524,3.854475289826105e-09,34.19772720336914
EDTRPAS1-29,inversion,6639.996411964389,1.1467288801513931e-08,32.01717758178711
EDTRPAS1-29,inversion,6801.183794837799,3.3425272525224296e-08,29.877527236938477
EDTRPAS1-29,inversion,6966.284037114391,9.513249317439057e-08,27.785587310791016
EDTRPAS1-29,inversion,7135.39212432239,2.634556256018963e-07,25.748334884643555
EDTRPAS1-29,inversion,7308.605347784782,7.074162030992442e-07,23.772842407226562
EDTRPAS1-29,inversion,7486.023360592954,1.8351207778887223e-06,21.86632537841797
EDTRPAS1-29,inversion,7667.748234939114,4.582881336002119e-06,20.035865783691406
EDTRPAS1-29,inversion,7853.884520840569,1.098130416079542e-05,18.288108825683594
EDTRPAS1-29,inversion,8044.539306289444,2.5172325906618057e-05,16.628982543945312
EDTRPAS1-29,inversion,8239.822278862535,5.507019937846173e-05,15.063231468200684
EDTRPAS1-29,inversion,8439.845788826908,0.00011478803533960712,13.594250679016113
EDTRPAS1-29,inversion,8644.724913777174,0.0002277685936331207,12.22374153137207
EDTRPAS1-29,inversion,8854.57752484209,0.00043020924949505355,10.951835632324219
EDTRPAS1-29,inversion,9069.524354498097,0.0007740601473731974,9.777057647705078
EDTRPAS1-29,inversion,9289.689066029276,0.0013285758034542535,8.696609497070312
EDTRPAS1-29,inversion,9515.198324673303,0.0021795015020050286,7.706611156463623
EDTRPAS1-29,inversion,9746.181870494496,0.0034251433106808537,6.802496433258057
EDTRPAS1-29,inversion,9982.772593026004,0.005169319814098154,5.979280948638916
EDTRPAS1-29,inversion,10225.106607723814,0.007511372754673625,5.231907367706299
EDTRPAS1-29,inversion,10473.323334276683,0.01053398073750981,4.555512428283691
EDTRPAS1-29,inversion,10727.565576817258,0.014289464881534701,3.9456615447998047
EDTRPAS1-29,inversion,10987.979606080038,0.01878549977280895,3.3985180854797363
EDTRPAS1-29,inversion,11254.715243554065,0.023970983766579072,2.910982847213745
EDTRPAS1-29,inversion,11527.925947678112,0.029724081313678985,2.480738639831543
EDTRPAS1-29,inversion,11807.768902128591,0.035845092493192544,2.1062233448028564
EDTRPAS1-29,inversion,12094.405106250457,0.042057853747789496,1.7865276336669922
EDTRPAS1-29,inversion,12387.999467683338,0.04802358867855509,1.5212187767028809
EDTRPAS1-29,inversion,12688.72089723639,0.05336991814378688,1.3100926876068115
EDTRPAS1-29,inversion,12996.742406066052,0.05773219733450787,1.1529412269592285
EDTRPAS1-29,inversion,13312.241205212826,0.06080158744743564,1.0493239164352417
EDTRPAS1-29,inversion,13635.398807554511,0.06236873244981106,0.9984123706817627
EDTRPAS1-29,inversion,13966.401132234212,0.06235162804189294,0.9989461302757263
EDTRPAS1-29,inversion,14305.438611623307,0.06080146963968829,1.0492833852767944
EDTRPAS1-29,inversion,14652.706300881258,0.057885967046330776,1.1475473642349243
EDTRPAS1-29,inversion,15008.403990174591,0.05385697585632948,1.2918199300765991
EDTRPAS1-29,inversion,15372.73631962047,0.04901197912347827,1.4803411960601807
EDTRPAS1-29,inversion,15745.912897020089,0.04365851840019836,1.7116611003875732
EDTRPAS1-29,inversion,16128.14841845051,0.03808664402583826,1.9847182035446167
EDTRPAS1-29,inversion,16519.66279178359,0.03255073853983383,2.2988333702087402
EDTRPAS1-29,inversion,16920.681263203376,0.02725981765136619,2.6535942554473877
EDTRPAS1-29,inversion,17331.434546794986,0.022372940623863826,3.048705816268921
EDTRPAS1-29,inversion,17752.158957279033,0.017998576087648568,3.483813762664795
EDTRPAS1-29,inversion,18183.096545968183,0.014197224862821333,3.9582951068878174
EDTRPAS1-29,inversion,18624.495240024447,0.010985941435981422,4.471144676208496
EDTRPAS1-29,inversion,19076.608985096438,0.008345752687111392,5.020861625671387
EDTRPAS1-29,inversion,19539.697891419746,0.006230441875063654,5.605462551116943
EDTRPAS1-29,inversion,20014.02838346338,0.0045764212273428475,6.222512722015381
EDTRPAS1-29,inversion,20499.87335320941,0.003312002880108872,6.869231700897217
EDTRPAS1-29,inversion,20997.512317153196,0.0023651866783966323,7.542614936828613
EDTRPAS1-29,inversion,21507.231577114784,0.0016692513417814242,8.239569664001465
EDTRPAS1-29,inversion,22029.3243849544,0.0011660929996437622,8.95699405670166
EDTRPAS1-29,inversion,22564.091111286103,0.0008075089600088288,9.691905975341797
EDTRPAS1-29,inversion,23111.839418286978,0.0005551274842953842,10.441411018371582
EDTRPAS1-29,inversion,23672.884436701686,0.0003793798228370075,11.202723503112793
EDTRPAS1-29,inversion,24247.548947143496,0.00025809682911208197,11.973122596740723
EDTRPAS1-29,inversion,24836.16356579638,0.00017503304600283032,12.749835968017578
EDTRPAS1-29,inversion,25439.066934625553,0.0001184986023414296,13.529976844787598
EDTRPAS1-29,inversion,26056.605916204713,8.02094814467757e-05,14.310489654541016
EDTRPAS1-29,inversion,26689.13579327352,5.4371112232849315e-05,15.088101387023926
EDTRPAS1-29,inversion,27337.020473138593,3.6974773996423996e-05,15.85929012298584
EDTRPAS1-29,inversion,28000.632697037134,2.5271703301109326e-05,16.620386123657227
EDTRPAS1-29,inversion,28680.35425458239,1.7392913760205802e-05,17.367626190185547
EDTRPAS1-29,inversion,29376.57620341485,1.2076196698020748e-05,18.097274780273438
EDTRPAS1-29,inversion,30089.69909418594,8.473811482169704e-06,18.805782318115234
EDTRPAS1-29,inversion,30820.13320100283,6.018977417614932e-06,19.489904403686523
EDTRPAS1-29,inversion,31568.298757467317,4.33377347235673e-06,20.14685821533203
EDTRPAS1-29,inversion,32334.626198445058,3.1666500566588085e-06,20.774383544921875
EDTRPAS1-29,inversion,33119.55640770338,2.35007062451783e-06,21.370838165283203
EDTRPAS1-29,inversion,33923.54097156055,1.7722886401286076e-06,21.935182571411133
EDTRPAS1-29,inversion,34747.04243869267,1.3584845600476396e-06,22.466983795166016
EDTRPAS1-29,inversion,35590.53458624749,1.0583346904258811e-06,22.966327667236328
EDTRPAS1-29,inversion,36454.502692417904,8.377666007922502e-07,23.43375015258789
EDTRPAS1-29,inversion,37339.44381563218,6.735509097733124e-07,23.870100021362305
EDTRPAS1-29,inversion,38245.86708052215,5.497115996214717e-07,24.276437759399414
EDTRPAS1-29,inversion,39174.29397083282,4.551688288491563e-07,24.653886795043945
EDTRPAS1-29,inversion,40125.25862944233,3.821577072665822e-07,25.003555297851562
EDTRPAS1-29,inversion,41099.30816566566,3.2517831364850645e-07,25.326473236083984
EDTRPAS1-29,inversion,42097.00297001752,2.8029672070439096e-07,25.62352180480957
EDTRPAS1-29,inversion,43118.917036616294,2.446571961360334e-07,25.8955020904541
EDTRPAS1-29,inversion,44165.63829341455,2.161666412846075e-07,26.143117904663086
EDTRPAS1-29,inversion,45237.76894044657,1.932649435799451e-07,26.36709213256836
EDTRPAS1-29,inversion,46335.92579628528,1.74776011330352e-07,26.568204879760742
EDTRPAS1-29,inversion,47460.7406529111,1.5979730868754397e-07,26.74740219116211
EDTRPAS1-29,inversion,48612.86063919482,1.4762884299434438e-07,26.905811309814453
EDTRPAS1-29,inversion,49792.94859320382,1.3772096739748194e-07,27.044754028320312
EDTRPAS1-29,inversion,51001.683443546055,1.2963682674076686e-07,27.165739059448242
EDTRPAS1-29,inversion,52239.76059997198,1.230264093038034e-07,27.270414352416992
EDTRPAS1-29,inversion,53507.89235345774,1.1760875710950796e-07,27.360485076904297
EDTRPAS1-29,inversion,54806.8082860003,1.131569477006323e-07,27.437660217285156
EDTRPAS1-29,inversion,56137.2556903614,1.0948755983646717e-07,27.503589630126953
EDTRPAS1-29,inversion,57500.00000000004,1.0645245037262911e-07,27.559814453125
EDTRPAS1-46,inversion,1175.0000000000002,8.29376762298512e-72,321.6295166015625
EDTRPAS1-46,inversion,1203.5233851233713,2.9165131342834415e-71,319.11334228515625
EDTRPAS1-46,inversion,1232.7391817351647,1.0525942193373383e-70,316.54522705078125
EDTRPAS1-46,inversion,1262.6641982775477,3.9032537380246536e-70,313.9228820800781
EDTRPAS1-46,inversion,1293.3156512213463,1.4874505379264197e-69,311.2459716796875
EDTRPAS1-46,inversion,1324.711174971023,5.818980646458332e-69,308.5166015625
EDTRPAS1-46,inversion,1356.868832010114,2.3315911573738663e-68,305.7393493652344
EDTRPAS1-46,inversion,1389.807123292941,9.533475209185779e-68,302.9216003417969
EDTRPAS1-46,inversion,1423.5449988885912,3.960331288740499e-67,300.0721740722656
EDTRPAS1-46,inversion,1458.1018688832705,1.6626357341364164e-66,297.2016296386719
EDTRPAS1-46,inversion,1493.4976145473258,7.018469570716752e-66,294.3201904296875
EDTRPAS1-46,inversion,1529.7525997733424,2.966456587205681e-65,291.43621826171875
EDTRPAS1-46,inversion,1566.8876827919055,1.250908270162646e-64,288.5569152832031
EDTRPAS1-46,inversion,1604.9242281717693,5.250909670150395e-64,285.686767578125
EDTRPAS1-46,inversion,1643.8841191113204,2.1921928609333323e-63,282.8275146484375
EDTRPAS1-46,inversion,1683.7897700284318,9.102610710416872e-63,279.9791564941406
EDTRPAS1-46,inversion,1724.6641394559313,3.763070516428421e-62,277.1396484375
EDTRPAS1-46,inversion,1766.5307432501177,1.551454957940381e-61,274.3055725097656
EDTRPAS1-46,inversion,1809.4136681199032,6.38894483383717e-61,271.473876953125
EDTRPAS1-46,inversion,1853.3375854843932,2.632743784612376e-60,268.640869140625
EDTRPAS1-46,inversion,1898.3277656668529,1.0872839816658524e-59,265.803466796875
EDTRPAS1-46,inversion,1944.4100924332377,4.50394167102199e-59,262.9600524902344
EDTRPAS1-46,inversion,1991.6110778836573,1.8734210774233073e-58,260.1083984375
EDTRPAS1-46,inversion,2039.957877705315,7.830293029719759e-58,257.2471008300781
EDTRPAS1-46,inversion,2089.478306795735,3.291120077346117e-57,254.37466430664062
EDTRPAS1-46,inversion,2140.2008552652346,1.3920695981244457e-56,251.4895782470703
EDTRPAS1-46,inversion,2192.1547048278717,5.933736766889407e-56,248.58909606933594
EDTRPAS1-46,inversion,2245.369745590268,2.552492821237706e-55,245.6703643798828
EDTRPAS1-46,inversion,2299.8765932480014,1.1104374015374404e-54,242.7291259765625
EDTRPAS1-46,inversion,2355.7066066994394,4.8974055185285664e-54,239.76052856445312
EDTRPAS1-46,inversion,2412.8919060871463,2.195389185478173e-53,236.75938415527344
EDTRPAS1-46,inversion,2471.465391277264,1.0029926378618761e-52,233.72030639648438
EDTRPAS1-46,inversion,2531.4607607874636,4.681675212916375e-52,230.63836669921875
EDTRPAS1-46,inversion,2592.912531174394,2.2373540418714065e-51,227.5093231201172
EDTRPAS1-46,inversion,2655.856056891755,1.0962598831146692e-50,224.3303680419922
EDTRPAS1-46,inversion,2720.327550630446,5.510354771068645e-50,221.1003875732422
EDTRPAS1-46,inversion,2786.364104152445,2.8403238489166485e-49,217.82012939453125
EDTRPAS1-46,inversion,2854.003709630468,1.4992238398400368e-48,214.492431640625
EDTRPAS1-46,inversion,2923.2852815056312,8.086005112558028e-48,211.1216278076172
EDTRPAS1-46,inversion,2994.248678875734,4.443734703344605e-47,207.7133331298828
EDTRPAS1-46,inversion,3066.9347284269807,2.479494729997924e-46,204.2747039794922
EDTRPAS1-46,inversion,3141.385247922437,1.4001183775448776e-45,200.81222534179688
EDTRPAS1-46,inversion,3217.643070260626,7.972462866874056e-45,197.33309936523438
EDTRPAS1-46,inversion,3295.7520681181463,4.562929083424885e-44,193.84378051757812
EDTRPAS1-46,inversion,3375.7571791905584,2.6169376888547634e-43,190.35037231445312
EDTRPAS1-46,inversion,3457.7044320459063,1.4998806176623554e-42,186.8583526611328
EDTRPAS1-46,inversion,3541.640972605931,8.571610997662534e-42,183.37217712402344
EDTRPAS1-46,inversion,3627.615091270062,4.874260166250764e-41,179.89599609375
EDTRPAS1-46,inversion,3715.676250697845,2.753438083316645e-40,176.43313598632812
EDTRPAS1-46,inversion,3805.875114265857,1.5434038883230334e-39,172.98582458496094
EDTRPAS1-46,inversion,3898.263575215358,8.577153043150496e-39,169.55580139160156
EDTRPAS1-46,inversion,3992.894786507505,4.726255251222958e-38,166.142822265625
EDTRPAS1-46,inversion,4089.823191403385,2.583380242883735e-37,162.7460479736328
EDTRPAS1-46,inversion,4189.10455478627,1.4027906751032584e-36,159.36253356933594
EDTRPAS1-46,inversion,4290.795995244347,7.583017081506466e-36,155.98809814453125
EDTRPAS1-46,inversion,4394.95601793215,4.0921950333911687e-35,152.6171112060547
EDTRPAS1-46,inversion,4501.644548229811,2.212013997527275e-34,149.24288940429688
EDTRPAS1-46,inversion,4610.922966219333,1.2022819365699073e-33,145.85775756835938
EDTRPAS1-46,inversion,4722.854141997772,6.595793726667528e-33,142.4541015625
EDTRPAS1-46,inversion,4837.502471847734,3.666776177085947e-32,139.02401733398438
EDTRPAS1-46,inversion,4954.933915285843,2.072903323364535e-31,135.56053161621094
EDTRPAS1-46,inversion,5075.2160330105635,1.1951460658265017e-30,132.0577850341797
EDTRPAS1-46,inversion,5198.418025771307,7.043007986236485e-30,128.5114288330078
EDTRPAS1-46,inversion,5324.610774180961,4.2469001599058233e-29,124.91926574707031
EDTRPAS1-46,inversion,5453.866879495012,2.620387762531267e-28,121.2812728881836
EDTRPAS1-46,inversion,5586.260705380493,1.652690395521823e-27,117.59954071044922
EDTRPAS1-46,inversion,5721.86842069889,1.0631866045711139e-26,113.87840270996094
EDTRPAS1-46,inversion,5860.768043327704,6.955231903019388e-26,110.1239013671875
EDTRPAS1-46,inversion,6003.0394850456405,4.609717739212113e-25,106.34351348876953
EDTRPAS1-46,inversion,6148.764597507559,3.0823639110923394e-24,102.54560852050781
EDTRPAS1-46,inversion,6298.027219335359,2.0701983298337256e-23,98.73907470703125
EDTRPAS1-46,inversion,6450.913224352014,1.390169625470642e-22,94.93309783935547
EDTRPAS1-46,inversion,6607.510570986596,9.291967378467177e-22,91.13662719726562
EDTRPAS1-46,inversion,6767.909352878514,6.1530800033127754e-21,87.35907745361328
EDTRPAS1-46,inversion,6932.201850710184,4.0173495395893694e-20,83.61004638671875
EDTRPAS1-46,inversion,7100.482585298065,2.5732037231443503e-19,79.89955139160156
EDTRPAS1-46,inversion,7272.848371972311,1.6082152229698782e-18,76.23843383789062
EDTRPAS1-46,inversion,7449.398376276687,9.750830554530087e-18,72.63825225830078
EDTRPAS1-46,inversion,7630.2341710204855,5.700698322345942e-17,69.11116027832031
EDTRPAS1-46,inversion,7815.4597947153925,3.194044965943998e-16,65.66940307617188
EDTRPAS1-46,inversion,8005.181811431051,1.7048391733605952e-15,62.32494354248047
EDTRPAS1-46,inversion,8199.50937210343,8.6213901028764e-15,59.08871841430664
EDTRPAS1-46,inversion,8398.554277331676,4.111493488997347e-14,55.97003936767578
EDTRPAS1-46,inversion,8602.43104169923,1.8426432982591203e-13,52.975826263427734
EDTRPAS1-46,inversion,8811.256959656354,7.742869950164119e-13,50.110679626464844
EDTRPAS1-46,inversion,9025.152173002101,3.0480066318043677e-12,47.37626266479492
EDTRPAS1-46,inversion,9244.239740004296,1.1244598326538251e-11,44.77182388305664
EDTRPAS1-46,inversion,9468.645706197405,3.893997644282353e-11,42.29408645629883
EDTRPAS1-46,inversion,9698.499176899222,1.26910193042572e-10,39.937870025634766
EDTRPAS1-46,inversion,9933.932391487633,3.905753003680215e-10,37.696441650390625
EDTRPAS1-46,inversion,10175.080799480776,1.1394930589767302e-09,35.56203842163086
EDTRPAS1-46,inversion,10422.083138463755,3.1645938536379806e-09,33.526363372802734
EDTRPAS1-46,inversion,10675.081513907315,8.401358741243062e-09,31.581045150756836
EDTRPAS1-46,inversion,10934.22148092397,2.140634952819943e-08,29.718088150024414
EDTRPAS1-46,inversion,11199.652128008753,5.253456989790939e-08,27.930395126342773
EDTRPAS1-46,inversion,11471.52616281298,1.2455103583153127e-07,26.212055206298828
EDTRPAS1-46,inversion,11750.000000000004,2.859091222582327e-07,24.558576583862305
EDTRPAS1-46,inversion,12035.233851233705,6.363474731758383e-07,22.967193603515625
EDTRPAS1-46,inversion,12327.391817351627,1.3741135051634637e-06,21.436641693115234
EDTRPAS1-46,inversion,12626.641982775482,2.8785199245658145e-06,19.967130661010742
EDTRPAS1-46,inversion,12933.156512213454,5.846110166287795e-06,18.559894561767578
EDTRPAS1-46,inversion,13247.111749710231,1.1500862900913141e-05,17.216690063476562
EDTRPAS1-46,inversion,13568.68832010113,2.1896443692791328e-05,15.939292907714844
EDTRPAS1-46,inversion,13898.071232929426,4.031928420048551e-05,14.728981018066406
EDTRPAS1-46,inversion,14235.449988885915,7.178654739578657e-05,13.586228370666504
EDTRPAS1-46,inversion,14581.018688832697,0.00012361851833869036,12.510470390319824
EDTRPAS1-46,inversion,14934.97614547326,0.00020605866763034972,11.500056266784668
EDTRPAS1-46,inversion,15297.525997733414,0.0003328778714298437,10.552597045898438
EDTRPAS1-46,inversion,15668.876827919044,0.0005219340794517588,9.66511058807373
EDTRPAS1-46,inversion,16049.242281717698,0.0007955486823525061,8.83447265625
EDTRPAS1-46,inversion,16438.841191113195,0.0011805567265647555,8.057714462280273
EDTRPAS1-46,inversion,16837.897700284324,0.0017077344130012892,7.332365989685059
EDTRPAS1-46,inversion,17246.641394559316,0.0024103674652471234,6.656525135040283
EDTRPAS1-46,inversion,17665.307432501195,0.0033216177241592298,6.028955459594727
EDTRPAS1-46,inversion,18094.136681199037,0.0044706612573478825,5.448963642120361
EDTRPAS1-46,inversion,18533.37585484392,0.0058777390032810975,4.916269302368164
EDTRPAS1-46,inversion,18983.27765666853,0.007548922792617642,4.4307661056518555
EDTRPAS1-46,inversion,19444.100924332382,0.009471476587386164,3.9923343658447266
EDTRPAS1-46,inversion,19916.11077883656,0.011610966492778936,3.60066556930542
EDTRPAS1-46,inversion,20399.578777053153,0.013911250907126884,3.255127429962158
EDTRPAS1-46,inversion,20894.783067957338,0.016297438874502374,2.9547204971313477
EDTRPAS1-46,inversion,21402.008552652333,0.01868173005842612,2.6980724334716797
EDTRPAS1-46,inversion,21921.54704827872,0.02097103352366742,2.4834818840026855
EDTRPAS1-46,inversion,22453.697455902664,0.023075147587525692,2.308992385864258
EDTRPAS1-46,inversion,22998.76593248002,0.024914277138234343,2.172459125518799
EDTRPAS1-46,inversion,23557.06606699438,0.026424874468203893,2.07163143157959
EDTRPAS1-46,inversion,24128.91906087149,0.02756335312784561,2.0042004585266113
EDTRPAS1-46,inversion,24714.653912772646,0.02830773374472173,1.9427220821380615
EDTRPAS1-46,inversion,25314.607607874623,0.028657321367865047,1.8853000402450562
EDTRPAS1-46,inversion,25929.125311743945,0.02863072291645662,1.8552590608596802
EDTRPAS1-46,inversion,26558.560568917557,0.0282626950022308,1.85026216506958
EDTRPAS1-46,inversion,27203.275506304442,0.027600113895700776,1.8679156303405762
EDTRPAS1-46,inversion,27863.641041524457,0.026697515388490963,1.905760407447815
EDTRPAS1-46,inversion,28540.037096304663,0.025612608671399792,1.961273193359375
EDTRPAS1-46,inversion,29232.852815056296,0.024402178468260313,2.0318901538848877
EDTRPAS1-46,inversion,29942.48678875732,0.023118717410430735,2.115039825439453
EDTRPAS1-46,inversion,30669.347284269785,0.021808008572798087,2.2081940174102783
EDTRPAS1-46,inversion,31413.852479224402,0.020507701927571745,2.308927059173584
EDTRPAS1-46,inversion,32176.430702606234,0.019246912493197092,2.414968967437744
EDTRPAS1-46,inversion,32957.5206811815,0.01804655639814274,2.5242536067962646
EDTRPAS1-46,inversion,33757.57179190556,0.016920243661866848,2.6349637508392334
EDTRPAS1-46,inversion,34577.04432045904,0.015875539973580786,2.745535135269165
EDTRPAS1-46,inversion,35416.40972605935,0.014915163653242898,2.8546810150146484
EDTRPAS1-46,inversion,36276.15091270059,0.014038402665998572,2.961364269256592
EDTRPAS1-46,inversion,37156.762506978426,0.013242182706316568,3.0647761821746826
EDTRPAS1-46,inversion,38058.75114265861,0.01252197060915265,3.1643009185791016
EDTRPAS1-46,inversion,38982.635752153554,0.011872540548905103,3.2594757080078125
EDTRPAS1-46,inversion,39928.9478650751,0.011288523656092028,3.349943161010742
EDTRPAS1-46,inversion,40898.23191403382,0.010764699045626852,3.435427188873291
EDTRPAS1-46,inversion,41891.04554786274,0.010296225350127638,3.5156946182250977
EDTRPAS1-46,inversion,42907.959952443445,0.009878658229217466,3.5905580520629883
EDTRPAS1-46,inversion,43949.560179321474,0.009507978346103119,3.6598570346832275
EDTRPAS1-46,inversion,45016.44548229816,0.009180472934065816,3.7234842777252197
EDTRPAS1-46,inversion,46109.2296621933,0.008892661805529924,3.781395435333252
EDTRPAS1-46,inversion,47228.541419977686,0.008641182759382287,3.833620548248291
EDTRPAS1-46,inversion,48375.0247184774,0.008422761422566418,3.8802847862243652
EDTRPAS1-46,inversion,49549.339152858396,0.008234155184065492,3.921602249145508
EDTRPAS1-46,inversion,50752.160330105595,0.00807218432160644,3.9578800201416016
EDTRPAS1-46,inversion,51984.18025771303,0.007933760461692833,3.9894886016845703
EDTRPAS1-46,inversion,53246.107741809574,0.007815924672753745,4.016852378845215
EDTRPAS1-46,inversion,54538.66879495018,0.0077159157443661116,4.040412425994873
EDTRPAS1-46,inversion,55862.607053804895,0.007631179723572248,4.060625076293945
EDTRPAS1-46,inversion,57218.68420698897,0.007559447795895368,4.077917098999023
EDTRPAS1-46,inversion,58607.680433277,0.007498686965664143,4.092700481414795
EDTRPAS1-46,inversion,60030.39485045637,0.007447153865208216,4.105335235595703
EDTRPAS1-46,inversion,61487.64597507566,0.007403341428734915,4.116147994995117
EDTRPAS1-46,inversion,62980.27219335355,0.007365974725172906,4.125421524047852
EDTRPAS1-46,inversion,64509.1322435201,0.007333997321142326,4.133397579193115
EDTRPAS1-46,inversion,66075.10570986604,0.007306509832114874,4.140282154083252
EDTRPAS1-46,inversion,67679.0935287851,0.007282786112197017,4.146246433258057
EDTRPAS1-46,inversion,69322.01850710179,0.007262198911025541,4.151437282562256
EDTRPAS1-46,inversion,71004.8258529806,0.007244267213631863,4.155972957611084
EDTRPAS1-46,inversion,72728.4837197232,0.007228562865882272,4.159953594207764
EDTRPAS1-46,inversion,74493.98376276682,0.007214750815590907,4.163462162017822
EDTRPAS1-46,inversion,76302.3417102048,0.007202543080330815,4.166569709777832
EDTRPAS1-46,inversion,78154.597947154,0.007191709270980503,4.1693291664123535
EDTRPAS1-46,inversion,80051.81811431046,0.007182037256953398,4.1717987060546875
EDTRPAS1-46,inversion,81995.09372103424,0.0071733957157687125,4.174009323120117
EDTRPAS1-46,inversion,83985.54277331685,0.007165624092817853,4.175997257232666
EDTRPAS1-46,inversion,86024.31041699224,0.007158607172974366,4.177794456481934
EDTRPAS1-46,inversion,88112.56959656348,0.00715226147288595,4.1794209480285645
EDTRPAS1-46,inversion,90251.52173002111,0.007146492709258799,4.180903434753418
EDTRPAS1-46,inversion,92442.39740004289,0.007141235305019903,4.182252883911133
EDTRPAS1-46,inversion,94686.457061974,0.007136430681927545,4.183488368988037
EDTRPAS1-46,inversion,96984.99176899216,0.007132019741270291,4.1846232414245605
EDTRPAS1-46,inversion,99339.32391487644,0.007127963470221434,4.185666084289551
EDTRPAS1-46,inversion,101750.8079948077,0.007124218977058805,4.186631202697754
EDTRPAS1-46,inversion,104220.83138463748,0.007120766708711585,4.187520980834961
EDTRPAS1-46,inversion,106750.81513907327,0.007117560517486034,4.1883463859558105
EDTRPAS1-46,inversion,109342.21480923962,0.0071145839921352445,4.189114093780518
EDTRPAS1-46,inversion,111996.52128008746,0.007111810669023506,4.189831733703613
EDTRPAS1-46,inversion,114715.26162812991,0.007109220733040452,4.190498352050781
EDTRPAS1-46,inversion,117499.99999999996,0.0071068049721458425,4.1911234855651855
EDTRPAS1-30,inversion,149.99999999999997,0.0031779959881700595,11.01285457611084
EDTRPAS1-30,inversion,153.64128320723884,0.003183388461545519,11.017017364501953
EDTRPAS1-30,inversion,157.3709593704465,0.003188183038607472,11.020633697509766
EDTRPAS1-30,inversion,161.19117424819754,0.003192536332592108,11.023672103881836
EDTRPAS1-30,inversion,165.10412568783138,0.0031966632869426005,11.026061058044434
EDTRPAS1-30,inversion,169.11206488991775,0.0032007905066144767,11.02774429321289
EDTRPAS1-30,inversion,173.21729770341875,0.00320518748821845,11.028632164001465
EDTRPAS1-30,inversion,177.42218595229028,0.0032100796842039,11.028646469116211
EDTRPAS1-30,inversion,181.7291487942882,0.003215698230272192,11.027732849121094
EDTRPAS1-30,inversion,186.1406641127579,0.0032221651526792836,11.025870323181152
EDTRPAS1-30,inversion,190.65926994221172,0.003229546983945883,11.023073196411133
EDTRPAS1-30,inversion,195.28756592851173,0.003237792379447456,11.019454956054688
EDTRPAS1-30,inversion,200.0282148244985,0.0032467145811907933,11.015155792236328
EDTRPAS1-30,inversion,204.88394402192793,0.0032560584196591126,11.010395050048828
EDTRPAS1-30,inversion,209.85754712059403,0.0032654388417766903,11.005439758300781
EDTRPAS1-30,inversion,214.95188553554442,0.0032744448019997505,11.000580787658691
EDTRPAS1-30,inversion,220.16989014331028,0.0032826200939765184,10.99610710144043
EDTRPAS1-30,inversion,225.51456296810005,0.003289577383555006,10.992290496826172
EDTRPAS1-30,inversion,230.98897890892374,0.0032949667744296626,10.989348411560059
EDTRPAS1-30,inversion,236.59628750864584,0.0032985747793741966,10.987420082092285
EDTRPAS1-30,inversion,242.33971476598114,0.0033003487984813967,10.986557006835938
EDTRPAS1-30,inversion,248.22256499147707,0.0033003728270551004,10.986711502075195
EDTRPAS1-30,inversion,254.2482227085519,0.0032989308670026054,10.987715721130371
EDTRPAS1-30,inversion,260.4201546006784,0.003296441943321299,10.989324569702148
EDTRPAS1-30,inversion,266.74191150583846,0.0032934782339165388,10.991209983825684
EDTRPAS1-30,inversion,273.2171304593918,0.0032906979148636458,10.992962837219238
EDTRPAS1-30,inversion,279.8495367865367,0.0032888403631839815,10.994138717651367
EDTRPAS1-30,inversion,286.642946245566,0.0032886300993051885,10.994304656982422
EDTRPAS1-30,inversion,293.601267223149,0.003290756614799362,10.993030548095703
EDTRPAS1-30,inversion,300.72850298290706,0.0032958243231003756,10.98996353149414
EDTRPAS1-30,inversion,308.028753968572,0.003304297161132927,10.984829902648926
EDTRPAS1-30,inversion,315.5062201630549,0.003316441689841435,10.977481842041016
EDTRPAS1-30,inversion,323.1652035047825,0.0033323015626234736,10.967923164367676
EDTRPAS1-30,inversion,331.01011036268847,0.0033517028949047725,10.956289291381836
EDTRPAS1-30,inversion,339.0454540712878,0.0033742304561106824,10.94285774230957
EDTRPAS1-30,inversion,347.27585752729084,0.0033992538356971886,10.928045272827148
EDTRPAS1-30,inversion,355.7060558492482,0.0034259955721078353,10.912334442138672
EDTRPAS1-30,inversion,364.3408991017618,0.0034535658197681865,10.89626407623291
EDTRPAS1-30,inversion,373.1853550858255,0.0034810537566905345,10.880376815795898
EDTRPAS1-30,inversion,382.2445121969018,0.0035075865730926463,10.865154266357422
EDTRPAS1-30,inversion,391.5235823523804,0.003532413725451097,10.851012229919434
EDTRPAS1-30,inversion,401.02790399009854,0.0035549587199192566,10.838260650634766
EDTRPAS1-30,inversion,410.7629451396542,0.0035748282776111103,10.82708740234375
EDTRPAS1-30,inversion,420.73430656827423,0.0035918400228738506,10.817573547363281
EDTRPAS1-30,inversion,430.94772500304947,0.003605983687954845,10.809696197509766
EDTRPAS1-30,inversion,441.4090764313922,0.0036173963246891377,10.803359985351562
EDTRPAS1-30,inversion,452.12437948160846,0.003626326652154244,10.798418045043945
EDTRPAS1-30,inversion,463.09979888553966,0.0036330713723774473,10.794694900512695
EDTRPAS1-30,inversion,474.341649025257,0.0036379815504969278,10.791988372802734
EDTRPAS1-30,inversion,485.85639756585437,0.00364138075417939,10.790116310119629
EDTRPAS1-30,inversion,497.6506691764285,0.0036435737966294198,10.788908958435059
EDTRPAS1-30,inversion,509.73124934138394,0.0037729576307900994,10.718982696533203
EDTRPAS1-30,inversion,522.1050882642612,0.00380289886813406,10.703145980834961
EDTRPAS1-30,inversion,534.7793048663325,0.00383644902889974,10.685545921325684
EDTRPAS1-30,inversion,547.7611908822564,0.0038735661473520027,10.666257858276367
EDTRPAS1-30,inversion,561.0582150551679,0.003914043083510472,10.645434379577637
EDTRPAS1-30,inversion,574.6780274335932,0.003957521623354702,10.623306274414062
EDTRPAS1-30,inversion,588.62846377268,0.004003570292135642,10.600135803222656
EDTRPAS1-30,inversion,602.9175500422685,0.004051724096407475,10.576193809509277
EDTRPAS1-30,inversion,617.553507044392,0.004101543461364816,10.551721572875977
EDTRPAS1-30,inversion,632.5447551428733,0.004152643581694745,10.526932716369629
EDTRPAS1-30,inversion,647.8999191077319,0.004204711800069636,10.501986503601074
EDTRPAS1-30,inversion,663.6278330771872,0.00425753180240664,10.476996421813965
EDTRPAS1-30,inversion,679.7375456401224,0.004310948567965745,10.452044486999512
EDTRPAS1-30,inversion,696.2383250419168,0.004364843894725558,10.427181243896484
EDTRPAS1-30,inversion,713.1396645166584,0.004419104452655474,10.402460098266602
EDTRPAS1-30,inversion,730.4512877487949,0.004473603967060994,10.377939224243164
EDTRPAS1-30,inversion,748.1831544673655,0.004528184549976347,10.353679656982422
EDTRPAS1-30,inversion,766.345466176039,0.004582637978533975,10.3297700881958
EDTRPAS1-30,inversion,784.948672022242,0.004636752098417619,10.306295394897461
EDTRPAS1-30,inversion,804.0034748087689,0.004690315183311421,10.283330917358398
EDTRPAS1-30,inversion,823.5208371513214,0.0047431590578101935,10.260932922363281
EDTRPAS1-30,inversion,843.5119877855234,0.004795195518012561,10.23912239074707
EDTRPAS1-30,inversion,863.988428027044,0.0048464281416919375,10.217884063720703
EDTRPAS1-30,inversion,884.9619383885347,0.004896969532605746,10.197149276733398
EDTRPAS1-30,inversion,906.4445853571987,0.004947006065107468,10.176839828491211
EDTRPAS1-30,inversion,928.4487283368913,0.004996804522759296,10.156830787658691
EDTRPAS1-30,inversion,950.9870267587265,0.0050466489928166006,10.137001991271973
EDTRPAS1-30,inversion,974.072447364317,0.005096824374218201,10.117246627807617
EDTRPAS1-30,inversion,997.7182716657953,0.005147572565974956,10.097463607788086
EDTRPAS1-30,inversion,1021.9381035869415,0.005199087979795608,10.077584266662598
EDTRPAS1-30,inversion,1046.7458772897992,0.005251503061565031,10.057560920715332
EDTRPAS1-30,inversion,1072.1558651912783,0.00530489209419251,10.037373542785645
EDTRPAS1-30,inversion,1098.1826861743693,0.005359300636070218,10.017013549804688
EDTRPAS1-30,inversion,1124.841313998684,0.005414770684666717,9.996472358703613
EDTRPAS1-30,inversion,1152.1470859151625,0.005471332249667629,9.975747108459473
EDTRPAS1-30,inversion,1180.1157114899097,0.005529031624322512,9.954829216003418
EDTRPAS1-30,inversion,1208.7632816422226,0.005587927990258912,9.93370532989502
EDTRPAS1-30,inversion,1238.1062779020278,0.005648069037563074,9.912369728088379
EDTRPAS1-30,inversion,1268.161581892039,0.005709478955106462,9.89082145690918
EDTRPAS1-30,inversion,1298.9464850400977,0.005772137425384357,9.869078636169434
EDTRPAS1-30,inversion,1330.4786985272874,0.005835955730255531,9.847183227539062
EDTRPAS1-30,inversion,1362.7763634775304,0.005900781175588143,9.825191497802734
EDTRPAS1-30,inversion,1395.8580613945476,0.005966407018098169,9.803179740905762
EDTRPAS1-30,inversion,1429.742824852182,0.006032574896266093,9.78123664855957
EDTRPAS1-30,inversion,1464.4501484442108,0.00609900895806521,9.759454727172852
EDTRPAS1-30,inversion,1500.0,0.0061654383346719,9.737918853759766
EDTRPAS1-30,inversion,1536.4128320723887,0.006231634097708655,9.716697692871094
EDTRPAS1-30,inversion,1573.709593704464,0.00629739578775571,9.695846557617188
EDTRPAS1-30,inversion,1611.9117424819772,0.006362608699995168,9.67539119720459
EDTRPAS1-30,inversion,1651.0412568783142,0.006427190409772335,9.655349731445312
EDTRPAS1-30,inversion,1691.120648899178,0.006491127847243957,9.635714530944824
EDTRPAS1-30,inversion,1732.1729770341879,0.006554426627702059,9.616473197937012
EDTRPAS1-30,inversion,1774.221859522903,0.0066171190562569334,9.597609519958496
EDTRPAS1-30,inversion,1817.2914879428822,0.006679243662041597,9.579100608825684
EDTRPAS1-30,inversion,1861.4066411275794,0.006740829377380219,9.560935020446777
EDTRPAS1-30,inversion,1906.5926994221177,0.006801888476461157,9.543096542358398
EDTRPAS1-30,inversion,1952.8756592851175,0.006862413598588393,9.525583267211914
EDTRPAS1-30,inversion,2000.2821482449854,0.0069223895138779854,9.508394241333008
EDTRPAS1-30,inversion,2048.83944021928,0.006981790504182354,9.491527557373047
EDTRPAS1-30,inversion,2098.5754712059406,0.007040587054398069,9.47498607635498
EDTRPAS1-30,inversion,2149.5188553554426,0.007098752860598,9.458771705627441
EDTRPAS1-30,inversion,2201.698901433105,0.0071562690485368645,9.44288158416748
EDTRPAS1-30,inversion,2255.145629681001,0.007213129189087536,9.427314758300781
EDTRPAS1-30,inversion,2309.889789089238,0.007269337838758597,9.412062644958496
EDTRPAS1-30,inversion,2365.962875086459,0.0073248847881124835,9.397122383117676
EDTRPAS1-30,inversion,2423.39714765981,0.007379772906247205,9.382489204406738
EDTRPAS1-30,inversion,2482.2256499147734,0.007433980552445289,9.368163108825684
EDTRPAS1-30,inversion,2542.4822270855198,0.007487461086912934,9.354153633117676
EDTRPAS1-30,inversion,2604.201546006785,0.007540139948698291,9.340475082397461
EDTRPAS1-30,inversion,2667.4191150583847,0.0075918911759274635,9.327157020568848
EDTRPAS1-30,inversion,2732.1713045939164,0.007642557242508629,9.314233779907227
EDTRPAS1-30,inversion,2798.49536786537,0.0076919272979005,9.301755905151367
EDTRPAS1-30,inversion,2866.4294624556605,0.007739764418325865,9.289775848388672
EDTRPAS1-30,inversion,2936.012672231491,0.007785799406027574,9.278353691101074
EDTRPAS1-30,inversion,3007.2850298290714,0.007829749740015492,9.267558097839355
EDTRPAS1-30,inversion,3080.287539685718,0.007871335658861993,9.257444381713867
EDTRPAS1-30,inversion,3155.0622016305524,0.00791028811160122,9.24807357788086
EDTRPAS1-30,inversion,3231.652035047826,0.00794634591253592,9.23949909210205
EDTRPAS1-30,inversion,3310.101103626883,0.007979280035115568,9.231768608093262
EDTRPAS1-30,inversion,3390.4545407128817,0.008008885928669648,9.224924087524414
EDTRPAS1-30,inversion,3472.758575272909,0.008034982433097736,9.218998908996582
EDTRPAS1-30,inversion,3557.0605584924797,0.008057406105554981,9.21402645111084
EDTRPAS1-30,inversion,3643.4089910176185,0.008076026807411065,9.210029602050781
EDTRPAS1-30,inversion,3731.8535508582527,0.008090724100505335,9.207032203674316
EDTRPAS1-30,inversion,3822.445121969022,0.008101403920379068,9.20505142211914
EDTRPAS1-30,inversion,3915.235823523805,0.008107985928464142,9.204105377197266
EDTRPAS1-30,inversion,4010.27903990099,0.00811039473998102,9.204208374023438
EDTRPAS1-30,inversion,4107.629451396543,0.008108560052461312,9.205378532409668
EDTRPAS1-30,inversion,4207.3430656827395,0.008102397412582278,9.20763874053955
EDTRPAS1-30,inversion,4309.4772500305,0.008091813836532983,9.211014747619629
EDTRPAS1-30,inversion,4414.090764313923,0.008076682804733866,9.215546607971191
EDTRPAS1-30,inversion,4521.243794816081,0.008056839848168462,9.221282958984375
EDTRPAS1-30,inversion,4630.997988855397,0.008032070795898108,9.228288650512695
EDTRPAS1-30,inversion,4743.416490252567,0.008002123314404627,9.236640930175781
EDTRPAS1-30,inversion,4858.563975658549,0.007966689024520489,9.246437072753906
EDTRPAS1-30,inversion,4976.506691764286,0.007925424156583767,9.257786750793457
EDTRPAS1-30,inversion,5097.312493413845,0.007877947068705114,9.27081298828125
EDTRPAS1-30,inversion,5221.0508826426185,0.007823856560827638,9.285652160644531
EDTRPAS1-30,inversion,5347.793048663322,0.007762753447963543,9.302448272705078
EDTRPAS1-30,inversion,5477.6119088225705,0.007694255248383189,9.3213472366333
EDTRPAS1-30,inversion,5610.582150551681,0.007618024708773567,9.342495918273926
EDTRPAS1-30,inversion,5746.780274335928,0.0075337781340758395,9.366033554077148
EDTRPAS1-30,inversion,5886.284637726807,0.0074413096037665456,9.392097473144531
EDTRPAS1-30,inversion,6029.175500422687,0.00734050320200027,9.420806884765625
EDTRPAS1-30,inversion,6175.535070443915,0.0072313189763233005,9.452279090881348
EDTRPAS1-30,inversion,6325.447551428735,0.0071138066747948,9.486617088317871
EDTRPAS1-30,inversion,6478.999191077314,0.0069881165408825505,9.523909568786621
EDTRPAS1-30,inversion,6636.27833077188,0.00685448199345547,9.564238548278809
EDTRPAS1-30,inversion,6797.375456401226,0.006713230501596333,9.607666015625
EDTRPAS1-30,inversion,6962.383250419175,0.006564800473625327,9.65423583984375
EDTRPAS1-30,inversion,7131.396645166586,0.0064097529627257606,9.703962326049805
EDTRPAS1-30,inversion,7304.512877487944,0.0062487831233944665,9.756821632385254
EDTRPAS1-30,inversion,7481.831544673663,0.006082729570450619,9.812743186950684
EDTRPAS1-30,inversion,7663.454661760392,0.005912555079185741,9.87160873413086
EDTRPAS1-30,inversion,7849.486720222415,0.005739345564041374,9.933242797851562
EDTRPAS1-30,inversion,8040.034748087692,0.005564259880901418,9.997419357299805
EDTRPAS1-30,inversion,8235.208371513208,0.0053884772594796895,10.063874244689941
EDTRPAS1-30,inversion,8435.119877855228,0.005213146251310434,10.132315635681152
EDTRPAS1-30,inversion,8639.884280270442,0.005039327281306148,10.202441215515137
EDTRPAS1-30,inversion,8849.619383885356,0.004867947148058761,10.273959159851074
EDTRPAS1-30,inversion,9064.445853571997,0.004699752647357681,10.346610069274902
EDTRPAS1-30,inversion,9284.487283368906,0.004535301551905609,10.420172691345215
EDTRPAS1-30,inversion,9509.870267587276,0.004374969685171519,10.494484901428223
EDTRPAS1-30,inversion,9740.724473643171,0.004218935313189019,10.56944465637207
EDTRPAS1-30,inversion,9977.182716657946,0.00406723045496316,10.644521713256836
EDTRPAS1-30,inversion,10219.381035869426,0.003919737828107088,10.716153144836426
EDTRPAS1-30,inversion,10467.458772897995,0.0037762549936801904,10.788511276245117
EDTRPAS1-30,inversion,10721.558651912776,0.003636515107990102,10.861709594726562
EDTRPAS1-30,inversion,10981.826861743697,0.0035002224596373745,10.935898780822754
EDTRPAS1-30,inversion,11248.413139986853,0.0033670966209884863,11.011240005493164
EDTRPAS1-30,inversion,11521.470859151617,0.0032369121950309673,11.08788776397705
EDTRPAS1-30,inversion,11801.157114899099,0.0031095053391642113,11.165977478027344
EDTRPAS1-30,inversion,12087.632816422241,0.0029848303284042395,11.245585441589355
EDTRPAS1-30,inversion,12381.062779020282,0.002862934037572691,11.326732635498047
EDTRPAS1-30,inversion,12681.615818920382,0.00274396208260834,11.409368515014648
EDTRPAS1-30,inversion,12989.464850400991,0.002628130242201525,11.493369102478027
EDTRPAS1-30,inversion,13304.786985272876,0.00251569294621343,11.5785551071167
EDTRPAS1-30,inversion,13627.763634775294,0.002406898872552022,11.664716720581055
EDTRPAS1-30,inversion,13958.580613945493,0.0023019582828854093,11.751627922058105
EDTRPAS1-30,inversion,14297.42824852181,0.002200996747943582,11.839094161987305
EDTRPAS1-30,inversion,14644.501484442098,0.0021040587345868065,11.926961898803711
EDTRPAS1-30,inversion,15000.000000000004,0.002011084998448598,12.015152931213379
EDTRPAS1-34,inversion,149.99999999999997,0.006513740881306686,0.08773790299892426
EDTRPAS1-34,inversion,153.64128320723884,0.006513155564853542,0.0907733291387558
EDTRPAS1-34,inversion,157.3709593704465,0.006512714760920349,0.09346792101860046
EDTRPAS1-34,inversion,161.19117424819754,0.00651238907725346,0.09582237154245377
EDTRPAS1-34,inversion,165.10412568783138,0.006512220758526446,0.09784805029630661
EDTRPAS1-34,inversion,169.11206488991775,0.006512245822357004,0.09954716265201569
EDTRPAS1-34,inversion,173.21729770341875,0.00651250935619901,0.1009359210729599
EDTRPAS1-34,inversion,177.42218595229028,0.006513036441043779,0.10202206671237946
EDTRPAS1-34,inversion,181.7291487942882,0.0065138969631500215,0.10282027721405029
EDTRPAS1-34,inversion,186.1406641127579,0.006515062922471314,0.10335119068622589
EDTRPAS1-34,inversion,190.65926994221172,0.006516549672491714,0.10363610088825226
EDTRPAS1-34,inversion,195.28756592851173,0.006518332975940267,0.10370893776416779
EDTRPAS1-34,inversion,200.0282148244985,0.0065203357680792984,0.10360480844974518
EDTRPAS1-34,inversion,204.88394402192793,0.006522489163507405,0.10336586087942123
EDTRPAS1-34,inversion,209.85754712059403,0.006524679732572622,0.10303862392902374
EDTRPAS1-34,inversion,214.95188553554442,0.006526789672272281,0.10267414897680283
EDTRPAS1-34,inversion,220.16989014331028,0.0065286986919156804,0.10231436789035797
EDTRPAS1-34,inversion,225.51456296810005,0.006530327643554455,0.10199612379074097
EDTRPAS1-34,inversion,230.98897890892374,0.006531569174431501,0.10176083445549011
EDTRPAS1-34,inversion,236.59628750864584,0.0065323888334728915,0.10162229835987091
EDTRPAS1-34,inversion,242.33971476598114,0.006532776488847757,0.10159571468830109
EDTRPAS1-34,inversion,248.22256499147707,0.0065327463986993625,0.10167554765939713
EDTRPAS1-34,inversion,254.2482227085519,0.006532353063701526,0.10184267163276672
EDTRPAS1-34,inversion,260.4201546006784,0.00653172730902331,0.10207976400852203
EDTRPAS1-34,inversion,266.74191150583846,0.006530981659208166,0.10233862698078156
EDTRPAS1-34,inversion,273.2171304593918,0.006530279835805373,0.10257656127214432
EDTRPAS1-34,inversion,279.8495367865367,0.006529811836236985,0.10273921489715576
EDTRPAS1-34,inversion,286.642946245566,0.006529754071391646,0.10277019441127777
EDTRPAS1-34,inversion,293.601267223149,0.006530282556539451,0.10262197256088257
EDTRPAS1-34,inversion,300.72850298290706,0.006531508240109208,0.10225501656532288
EDTRPAS1-34,inversion,308.028753968572,0.006533578070996795,0.10163366049528122
EDTRPAS1-34,inversion,315.5062201630549,0.0065365175722103324,0.1007460355758667
EDTRPAS1-34,inversion,323.1652035047825,0.006540304143450168,0.09960132837295532
EDTRPAS1-34,inversion,331.01011036268847,0.006544859168655632,0.09822531044483185
EDTRPAS1-34,inversion,339.0454540712878,0.00655004045221556,0.09666141122579575
EDTRPAS1-34,inversion,347.27585752729084,0.006555661998895275,0.09496307373046875
EDTRPAS1-34,inversion,355.7060558492482,0.006561513027485586,0.09319765865802765
EDTRPAS1-34,inversion,364.3408991017618,0.006567378341659599,0.09143400937318802
EDTRPAS1-34,inversion,373.1853550858255,0.006573057404762386,0.08972528576850891
EDTRPAS1-34,inversion,382.2445121969018,0.006578382865739703,0.08812515437602997
EDTRPAS1-34,inversion,391.5235823523804,0.006583227855540114,0.08667144179344177
EDTRPAS1-34,inversion,401.02790399009854,0.006587511542313551,0.08538751304149628
EDTRPAS1-34,inversion,410.7629451396542,0.006591197006907702,0.08428431302309036
EDTRPAS1-34,inversion,420.73430656827423,0.0065942851776759044,0.08336091041564941
EDTRPAS1-34,inversion,430.94772500304947,0.006596805556639353,0.08260765671730042
EDTRPAS1-34,inversion,441.4090764313922,0.006598808723691627,0.08200938254594803
EDTRPAS1-34,inversion,452.12437948160846,0.006600357380229244,0.08154729008674622
EDTRPAS1-34,inversion,463.09979888553966,0.006601516602232928,0.08120149374008179
EDTRPAS1-34,inversion,474.341649025257,0.0066023532751145735,0.080951988697052
EDTRPAS1-34,inversion,485.85639756585437,0.0066029294751003016,0.08078016340732574
EDTRPAS1-34,inversion,497.6506691764285,0.006603301410939059,0.08066913485527039
EDTRPAS1-34,inversion,509.73124934138394,0.006623402881899681,0.0746982991695404
EDTRPAS1-34,inversion,522.1050882642612,0.00662757013453686,0.07346617430448532
EDTRPAS1-34,inversion,534.7793048663325,0.006632025244653374,0.07215189188718796
EDTRPAS1-34,inversion,547.7611908822564,0.006636694939943899,0.07077750563621521
EDTRPAS1-34,inversion,561.0582150551679,0.006641477769923271,0.06937360763549805
EDTRPAS1-34,inversion,574.6780274335932,0.006646259997882591,0.06797455251216888
EDTRPAS1-34,inversion,588.62846377268,0.0066509276072865145,0.06661424785852432
EDTRPAS1-34,inversion,602.9175500422685,0.00665537546180779,0.06532387435436249
EDTRPAS1-34,inversion,617.553507044392,0.006659515370355378,0.06412957608699799
EDTRPAS1-34,inversion,632.5447551428733,0.006663278566809359,0.06305134296417236
EDTRPAS1-34,inversion,647.8999191077319,0.006666615031608412,0.06210402771830559
EDTRPAS1-34,inversion,663.6278330771872,0.006669490218131672,0.061297424137592316
EDTRPAS1-34,inversion,679.7375456401224,0.006671880020108413,0.060638509690761566
EDTRPAS1-34,inversion,696.2383250419168,0.00667376842316604,0.060131821781396866
EDTRPAS1-34,inversion,713.1396645166584,0.006675142866022497,0.05978096276521683
EDTRPAS1-34,inversion,730.4512877487949,0.006675994926402953,0.0595882311463356
EDTRPAS1-34,inversion,748.1831544673655,0.006676320478470978,0.05955458804965019
EDTRPAS1-34,inversion,766.345466176039,0.006676121993119156,0.05967908352613449
EDTRPAS1-34,inversion,784.948672022242,0.006675409494180183,0.059958476573228836
EDTRPAS1-34,inversion,804.0034748087689,0.0066742005753561585,0.060387250036001205
EDTRPAS1-34,inversion,823.5208371513214,0.006672518196789984,0.06095832958817482
EDTRPAS1-34,inversion,843.5119877855234,0.0066703875966484805,0.06166418269276619
EDTRPAS1-34,inversion,863.988428027044,0.006667831272955982,0.06249810755252838
EDTRPAS1-34,inversion,884.9619383885347,0.0066648644451501714,0.06345581263303757
EDTRPAS1-34,inversion,906.4445853571987,0.00666149179273096,0.0645361915230751
EDTRPAS1-34,inversion,928.4487283368913,0.006657704705521726,0.06574249267578125
EDTRPAS1-34,inversion,950.9870267587265,0.006653484169898775,0.06708098948001862
EDTRPAS1-34,inversion,974.072447364317,0.00664880074834631,0.0685611441731453
EDTRPAS1-34,inversion,997.7182716657953,0.006643618070641233,0.07019487023353577
EDTRPAS1-34,inversion,1021.9381035869415,0.006637898930731134,0.07199366390705109
EDTRPAS1-34,inversion,1046.7458772897992,0.00663160272357905,0.07397081702947617
EDTRPAS1-34,inversion,1072.1558651912783,0.006624693685872903,0.07613776624202728
EDTRPAS1-34,inversion,1098.1826861743693,0.0066171331269502505,0.07850702106952667
EDTRPAS1-34,inversion,1124.841313998684,0.006608884360913191,0.08109031617641449
EDTRPAS1-34,inversion,1152.1470859151625,0.006599906046725025,0.08390140533447266
EDTRPAS1-34,inversion,1180.1157114899097,0.006590149318553825,0.08695615828037262
EDTRPAS1-34,inversion,1208.7632816422226,0.00657956517315086,0.0902709886431694
EDTRPAS1-34,inversion,1238.1062779020278,0.006568096460787648,0.09386438131332397
EDTRPAS1-34,inversion,1268.161581892039,0.006555688487380749,0.09775498509407043
EDTRPAS1-34,inversion,1298.9464850400977,0.006542291069136773,0.10196001827716827
EDTRPAS1-34,inversion,1330.4786985272874,0.006527868483414758,0.10649233311414719
EDTRPAS1-34,inversion,1362.7763634775304,0.006512398232804428,0.11136109381914139
EDTRPAS1-34,inversion,1395.8580613945476,0.0064958829927178555,0.11656726151704788
EDTRPAS1-34,inversion,1429.742824852182,0.006478338708109637,0.12210830301046371
EDTRPAS1-34,inversion,1464.4501484442108,0.0064598032595277015,0.12797501683235168
EDTRPAS1-34,inversion,1500.0,0.006440319463571336,0.13415640592575073
EDTRPAS1-34,inversion,1536.4128320723887,0.006419934577241845,0.1406400203704834
EDTRPAS1-34,inversion,1573.709593704464,0.0063986935390592395,0.1474142074584961
EDTRPAS1-34,inversion,1611.9117424819772,0.006376626674188008,0.1544727087020874
EDTRPAS1-34,inversion,1651.0412568783142,0.006353752275257859,0.1618114560842514
EDTRPAS1-34,inversion,1691.120648899178,0.006330067933712017,0.16943559050559998
EDTRPAS1-34,inversion,1732.1729770341879,0.006305560450777326,0.17735153436660767
EDTRPAS1-34,inversion,1774.221859522903,0.006280205438650823,0.1855710744857788
EDTRPAS1-34,inversion,1817.2914879428822,0.0062539720935364555,0.194107323884964
EDTRPAS1-34,inversion,1861.4066411275794,0.006226825329297569,0.20297551155090332
EDTRPAS1-34,inversion,1906.5926994221177,0.006198731602755577,0.21219149231910706
EDTRPAS1-34,inversion,1952.8756592851175,0.006169660204613663,0.22176995873451233
EDTRPAS1-34,inversion,2000.2821482449854,0.006139582711240471,0.2317247986793518
EDTRPAS1-34,inversion,2048.83944021928,0.00610847593082962,0.2420690655708313
EDTRPAS1-34,inversion,2098.5754712059406,0.006076310426946814,0.2528183162212372
EDTRPAS1-34,inversion,2149.5188553554426,0.0060430488259575945,0.263992041349411
EDTRPAS1-34,inversion,2201.698901433105,0.006008646057923868,0.27561095356941223
EDTRPAS1-34,inversion,2255.145629681001,0.005973044376810464,0.28770333528518677
EDTRPAS1-34,inversion,2309.889789089238,0.005936167123552699,0.30030256509780884
EDTRPAS1-34,inversion,2365.962875086459,0.005897927544645454,0.3134478032588959
EDTRPAS1-34,inversion,2423.39714765981,0.005858224491564365,0.3271842896938324
EDTRPAS1-34,inversion,2482.2256499147734,0.005816949277450087,0.34156185388565063
EDTRPAS1-34,inversion,2542.4822270855198,0.005773996244195483,0.3566291332244873
EDTRPAS1-34,inversion,2604.201546006785,0.005729255548046503,0.37244170904159546
EDTRPAS1-34,inversion,2667.4191150583847,0.0056826436949039,0.3890451490879059
EDTRPAS1-34,inversion,2732.1713045939164,0.005634096189913688,0.406480073928833
EDTRPAS1-34,inversion,2798.49536786537,0.005583576547497194,0.42478248476982117
EDTRPAS1-34,inversion,2866.4294624556605,0.00553107909481555,0.44397348165512085
EDTRPAS1-34,inversion,2936.012672231491,0.005476631803369611,0.46406975388526917
EDTRPAS1-34,inversion,3007.2850298290714,0.005420292267751147,0.48507291078567505
EDTRPAS1-34,inversion,3080.287539685718,0.005362136631942017,0.5069810152053833
EDTRPAS1-34,inversion,3155.0622016305524,0.005302265254228451,0.5297832489013672
EDTRPAS1-34,inversion,3231.652035047826,0.0052407809411261636,0.5534656643867493
EDTRPAS1-34,inversion,3310.101103626883,0.0051777914763841545,0.5780169367790222
EDTRPAS1-34,inversion,3390.4545407128817,0.005113408758243036,0.6034179925918579
EDTRPAS1-34,inversion,3472.758575272909,0.005047739522396383,0.6296575665473938
EDTRPAS1-34,inversion,3557.0605584924797,0.004980886576233053,0.6567201018333435
EDTRPAS1-34,inversion,3643.4089910176185,0.004912946171784773,0.6845958232879639
EDTRPAS1-34,inversion,3731.8535508582527,0.004844009899717587,0.7132747769355774
EDTRPAS1-34,inversion,3822.445121969022,0.0047741505013555235,0.7427555322647095
EDTRPAS1-34,inversion,3915.235823523805,0.004703426277529568,0.7730429768562317
EDTRPAS1-34,inversion,4010.27903990099,0.004631877148299274,0.8041471838951111
EDTRPAS1-34,inversion,4107.629451396543,0.004559498030776691,0.8361049294471741
EDTRPAS1-34,inversion,4207.3430656827395,0.0044862614258719714,0.8689609169960022
EDTRPAS1-34,inversion,4309.4772500305,0.004412099243176186,0.9027807712554932
EDTRPAS1-34,inversion,4414.090764313923,0.0043369077149238945,0.9376541972160339
EDTRPAS1-34,inversion,4521.243794816081,0.004260557398491193,0.973687469959259
EDTRPAS1-34,inversion,4630.997988855397,0.004182880383934262,1.0110149383544922
EDTRPAS1-34,inversion,4743.416490252567,0.004103712993817568,1.0497777462005615
EDTRPAS1-34,inversion,4858.563975658549,0.004022881525144033,1.090133547782898
EDTRPAS1-34,inversion,4976.506691764286,0.003940221066880784,1.1322495937347412
EDTRPAS1-34,inversion,5097.312493413845,0.003855593694133667,1.176291584968567
EDTRPAS1-34,inversion,5221.0508826426185,0.003768905860496829,1.2224187850952148
EDTRPAS1-34,inversion,5347.793048663322,0.0036801012729217567,1.2707849740982056
EDTRPAS1-34,inversion,5477.6119088225705,0.003589190306953711,1.3215233087539673
EDTRPAS1-34,inversion,5610.582150551681,0.003496241974479628,1.3747432231903076
EDTRPAS1-34,inversion,5746.780274335928,0.0034013821255346878,1.4305369853973389
EDTRPAS1-34,inversion,5886.284637726807,0.0033047908564435777,1.4889724254608154
EDTRPAS1-34,inversion,6029.175500422687,0.003206697463375853,1.550089955329895
EDTRPAS1-34,inversion,6175.535070443915,0.0031073565623924502,1.6139214038848877
EDTRPAS1-34,inversion,6325.447551428735,0.003007044475843877,1.6804834604263306
EDTRPAS1-34,inversion,6478.999191077314,0.002906058797379163,1.74977445602417
EDTRPAS1-34,inversion,6636.27833077188,0.0028047033039679896,1.821784257888794
EDTRPAS1-34,inversion,6797.375456401226,0.0027032891278090105,1.8964922428131104
EDTRPAS1-34,inversion,6962.383250419175,0.0026021456732247704,1.9738467931747437
EDTRPAS1-34,inversion,7131.396645166586,0.0025016239635148865,2.0537657737731934
EDTRPAS1-34,inversion,7304.512877487944,0.0024020864004408297,2.136136054992676
EDTRPAS1-34,inversion,7481.831544673663,0.0023039286588318227,2.2207796573638916
EDTRPAS1-34,inversion,7663.454661760392,0.002207551828097951,2.3074746131896973
EDTRPAS1-34,inversion,7849.486720222415,0.002113356206149492,2.3959500789642334
EDTRPAS1-34,inversion,8040.034748087692,0.0020217267009587482,2.485886335372925
EDTRPAS1-34,inversion,8235.208371513208,0.001933009708655102,2.5769400596618652
EDTRPAS1-34,inversion,8435.119877855228,0.001847492260104819,2.668759822845459
EDTRPAS1-34,inversion,8639.884280270442,0.0017653911170754195,2.7610080242156982
EDTRPAS1-34,inversion,8849.619383885356,0.001686846215013584,2.853369951248169
EDTRPAS1-34,inversion,9064.445853571997,0.0016119073445110131,2.945598840713501
EDTRPAS1-34,inversion,9284.487283368906,0.001540552800046554,3.037494659423828
EDTRPAS1-34,inversion,9509.870267587276,0.001472685112531586,3.1289443969726562
EDTRPAS1-34,inversion,9740.724473643171,0.0014081535057121567,3.2199015617370605
EDTRPAS1-34,inversion,9977.182716657946,0.0013467634168537732,3.3103890419006348
EDTRPAS1-34,inversion,10219.381035869426,0.0012882873601226799,3.4005088806152344
EDTRPAS1-34,inversion,10467.458772897995,0.0012324881870546436,3.490405797958374
EDTRPAS1-34,inversion,10721.558651912776,0.0011791239802503698,3.5802786350250244
EDTRPAS1-34,inversion,10981.826861743697,0.0011279663723402808,3.670342445373535
EDTRPAS1-34,inversion,11248.413139986853,0.0010788082185350582,3.760826826095581
EDTRPAS1-34,inversion,11521.470859151617,0.0010314804591392023,3.851930856704712
EDTRPAS1-34,inversion,11801.157114899099,0.0009858461672154213,3.943830966949463
EDTRPAS1-34,inversion,12087.632816422241,0.0009418195470572971,4.036622524261475
EDTRPAS1-34,inversion,12381.062779020282,0.0008993535916631498,4.130334854125977
EDTRPAS1-34,inversion,12681.615818920382,0.0008584378452147926,4.224916934967041
EDTRPAS1-34,inversion,12989.464850400991,0.0008190895222679005,4.320235729217529
EDTRPAS1-34,inversion,13304.786985272876,0.0007813378710931553,4.416098594665527
EDTRPAS1-34,inversion,13627.763634775294,0.0007452114057443146,4.51228141784668
EDTRPAS1-34,inversion,13958.580613945493,0.0007107262890829635,4.608552932739258
EDTRPAS1-34,inversion,14297.42824852181,0.0006778733584115554,4.704722881317139
EDTRPAS1-34,inversion,14644.501484442098,0.0006466192350099353,4.800649166107178
EDTRPAS1-34,inversion,15000.000000000004,0.000616900724967296,4.896270275115967
EDTRPAS1-43,inversion,49.99999999999999,0.0,2928.6748046875
EDTRPAS1-43,inversion,51.21376106907962,0.0,2937.9052734375
EDTRPAS1-43,inversion,52.456986456815486,0.0,2942.91064453125
EDTRPAS1-43,inversion,53.73039141606588,0.0,2943.130126953125
EDTRPAS1-43,inversion,55.03470856261049,0.0,2938.34130859375
EDTRPAS1-43,inversion,56.37068829663924,0.0,2928.70703125
EDTRPAS1-43,inversion,57.739099234472896,0.0,2914.751953125
EDTRPAS1-43,inversion,59.14072865076346,0.0,2897.31005859375
EDTRPAS1-43,inversion,60.57638293142943,0.0,2877.420166015625
EDTRPAS1-43,inversion,62.046888037586,0.0,2856.206787109375
EDTRPAS1-43,inversion,63.55308998073723,0.0,2834.769287109375
EDTRPAS1-43,inversion,65.09585530950389,0.0,2814.076416015625
EDTRPAS1-43,inversion,66.67607160816621,0.0,2794.898681640625
EDTRPAS1-43,inversion,68.29464800730935,0.0,2777.771240234375
EDTRPAS1-43,inversion,69.95251570686466,0.0,2762.9921875
EDTRPAS1-43,inversion,71.65062851184811,6.671675113980227e-162,731.19482421875
EDTRPAS1-43,inversion,73.38996338110347,5.033386771347151e-10,37.66893768310547
EDTRPAS1-43,inversion,75.17152098936673,6.116099488961736e-05,13.531582832336426
EDTRPAS1-43,inversion,76.99632630297462,0.0010775114501570438,7.4699625968933105
EDTRPAS1-43,inversion,78.86542916954859,0.0027721399267251483,5.360296249389648
EDTRPAS1-43,inversion,80.77990492199369,0.0039707750200310265,4.417067527770996
EDTRPAS1-43,inversion,82.74085499715908,0.004602888605312324,3.9378087520599365
EDTRPAS1-43,inversion,84.74940756951734,0.004909168620653401,3.777550220489502
EDTRPAS1-43,inversion,86.8067182002262,0.005056496481884982,3.6869678497314453
EDTRPAS1-43,inversion,88.91397050194611,0.005140880492754019,3.649066925048828
EDTRPAS1-43,inversion,91.07237681979724,0.005185330638815599,3.5969836711883545
EDTRPAS1-43,inversion,93.28317892884563,0.0052012024715382315,3.5688414573669434
EDTRPAS1-43,inversion,95.54764874852205,0.005217856078446018,3.4790844917297363
EDTRPAS1-43,inversion,97.86708907438297,0.0052372056771381155,3.494290828704834
EDTRPAS1-43,inversion,100.24283432763565,0.005256520625440716,3.545436382293701
EDTRPAS1-43,inversion,102.67625132285731,0.005274475035020345,3.6066792011260986
EDTRPAS1-43,inversion,105.16874005435169,0.0052908084889807,3.645479917526245
EDTRPAS1-43,inversion,107.72173450159414,0.005305602194213672,3.583878993988037
EDTRPAS1-43,inversion,110.33670345422946,0.00531906273467675,3.537771463394165
EDTRPAS1-43,inversion,113.015151357096,0.005331403030217336,3.502418279647827
EDTRPAS1-43,inversion,115.75861917576368,0.00534280240552926,3.4748990535736084
EDTRPAS1-43,inversion,118.5686852830828,0.005353436530206531,3.4532480239868164
EDTRPAS1-43,inversion,121.44696636725389,0.005363413213959725,3.4360909461975098
EDTRPAS1-43,inversion,124.3951183619418,0.005372785659161677,3.4224205017089844
EDTRPAS1-43,inversion,127.41483739896732,0.005381605773908163,3.4114670753479004
EDTRPAS1-43,inversion,130.50786078412688,0.005389880079049043,3.402649402618408
EDTRPAS1-43,inversion,133.6759679966996,0.005397584055866588,3.3955178260803223
EDTRPAS1-43,inversion,136.92098171321803,0.005404687520065429,3.3897347450256348
EDTRPAS1-43,inversion,140.24476885609135,0.0054111520531462285,3.3850314617156982
EDTRPAS1-43,inversion,143.64924166768324,0.005416970841951,3.3812074661254883
EDTRPAS1-43,inversion,147.13635881046415,0.005422138730133105,3.3780970573425293
EDTRPAS1-43,inversion,150.70812649386957,0.005426675081927092,3.375567674636841
EDTRPAS1-43,inversion,154.36659962851317,0.005430652485670636,3.373502731323242
EDTRPAS1-43,inversion,158.11388300841898,0.005434128830229776,3.37180233001709
EDTRPAS1-43,inversion,161.95213252195154,0.005437256886796884,3.3703694343566895
EDTRPAS1-43,inversion,165.88355639214276,0.0054401477333226745,3.3691112995147705
EDTRPAS1-43,inversion,169.91041644712791,0.005442985491054641,3.3679451942443848
EDTRPAS1-43,inversion,174.03502942142052,0.0054458996952224436,3.366792678833008
EDTRPAS1-43,inversion,178.25976828877745,0.0054490529610663994,3.365581750869751
EDTRPAS1-43,inversion,182.5870636274189,0.005452578397194375,3.364259958267212
EDTRPAS1-43,inversion,187.01940501838925,0.005456542167422802,3.362791061401367
EDTRPAS1-43,inversion,191.55934247786433,0.005460971560151295,3.3611607551574707
EDTRPAS1-43,inversion,196.2094879242268,0.005465822419692354,3.3593809604644775
EDTRPAS1-43,inversion,200.97251668075629,0.0054709951126388845,3.3574891090393066
EDTRPAS1-43,inversion,205.85116901479742,0.005476331912296177,3.3555428981781006
EDTRPAS1-43,inversion,210.84825171429105,0.005481604994180203,3.35361909866333
EDTRPAS1-43,inversion,215.9666397025772,0.005486596000598038,3.3518011569976807
EDTRPAS1-43,inversion,221.2092776923959,0.005491064919581491,3.3501763343811035
EDTRPAS1-43,inversion,226.57918188004095,0.00549479307412322,3.348820686340332
EDTRPAS1-43,inversion,232.07944168063906,0.005497620118701554,3.3477957248687744
EDTRPAS1-43,inversion,237.71322150555272,0.005499444539429023,3.347132444381714
EDTRPAS1-43,inversion,243.48376258293155,0.005500258814469746,3.3468408584594727
EDTRPAS1-43,inversion,249.39438482245532,0.005500122930853541,3.3468902111053467
EDTRPAS1-43,inversion,255.44848872534627,0.005499224571559263,3.3472189903259277
EDTRPAS1-43,inversion,261.6495573407475,0.005497797534097337,3.3477399349212646
EDTRPAS1-43,inversion,268.00115826958955,0.005496165099269698,3.3483352661132812
EDTRPAS1-43,inversion,274.50694571710704,0.005494707301980909,3.3488657474517822
EDTRPAS1-43,inversion,281.17066259517463,0.005493821785882617,3.3491878509521484
EDTRPAS1-43,inversion,287.99614267568126,0.005493919231121498,3.349151849746704
EDTRPAS1-43,inversion,294.9873127961781,0.005495369380053438,3.3486223220825195
EDTRPAS1-43,inversion,302.14819511906643,0.0054985114332712194,3.3474843502044678
EDTRPAS1-43,inversion,309.48290944563036,0.0055035194829046764,3.345658540725708
EDTRPAS1-43,inversion,316.9956755862423,0.005510552147427193,3.3431084156036377
EDTRPAS1-43,inversion,324.69081578810557,0.005519546068978915,3.339846134185791
EDTRPAS1-43,inversion,332.5727572219317,0.00553034035810119,3.3359336853027344
EDTRPAS1-43,inversion,340.6460345289807,0.0055426808681501415,3.331475019454956
EDTRPAS1-43,inversion,348.9152924299333,0.005556165331290457,3.326613187789917
EDTRPAS1-43,inversion,357.38528839709295,0.005570332330039832,3.321518898010254
EDTRPAS1-43,inversion,366.06089539145637,0.0055847007928712805,3.3163652420043945
EDTRPAS1-43,inversion,374.9471046662279,0.005598786069615699,3.311325788497925
EDTRPAS1-43,inversion,384.0490286383877,0.005612167569620906,3.3065500259399414
EDTRPAS1-43,inversion,393.37190382996977,0.0056245006713370755,3.3021581172943115
EDTRPAS1-43,inversion,402.9210938807411,0.005635534288028778,3.2982375621795654
EDTRPAS1-43,inversion,412.70209263400915,0.005645133473949526,3.294833183288574
EDTRPAS1-43,inversion,422.7205272973462,0.005653249985166764,3.2919583320617676
EDTRPAS1-43,inversion,432.9821616800328,0.005659922222839046,3.2895989418029785
EDTRPAS1-43,inversion,443.49289950909565,0.005665248844735971,3.287717342376709
EDTRPAS1-43,inversion,454.2587878258437,0.005669376968553965,3.2862601280212402
EDTRPAS1-43,inversion,465.28602046484946,0.005672467990293478,3.2851696014404297
EDTRPAS1-43,inversion,476.5809416173939,0.005674691599474672,3.2843854427337646
EDTRPAS1-43,inversion,488.15004948140387,0.0056762116323128935,3.2838494777679443
EDTRPAS1-43,inversion,499.99999999999983,0.005677177191771705,3.2835097312927246
EDTRPAS1-43,inversion,512.1376106907965,0.005740398552912186,3.2613542079925537
EDTRPAS1-43,inversion,524.5698645681549,0.005754330855787036,3.256504774093628
EDTRPAS1-43,inversion,537.3039141606589,0.005769710732722177,3.2511651515960693
EDTRPAS1-43,inversion,550.347085626105,0.005786440679270921,3.245372772216797
EDTRPAS1-43,inversion,563.7068829663924,0.005804344926290237,3.239192485809326
EDTRPAS1-43,inversion,577.390992344729,0.005823200425253068,3.2327046394348145
EDTRPAS1-43,inversion,591.4072865076347,0.005842755932928179,3.2259981632232666
EDTRPAS1-43,inversion,605.763829314294,0.005862768860938312,3.2191574573516846
EDTRPAS1-43,inversion,620.4688803758602,0.005883016683908293,3.2122609615325928
EDTRPAS1-43,inversion,635.5308998073724,0.005903318534241798,3.2053699493408203
EDTRPAS1-43,inversion,650.958553095039,0.0059235342171803694,3.198530912399292
EDTRPAS1-43,inversion,666.7607160816622,0.005943568533096384,3.191776990890503
EDTRPAS1-43,inversion,682.9464800730931,0.0059633492868328775,3.1851308345794678
EDTRPAS1-43,inversion,699.5251570686473,0.005982829036701129,3.17860746383667
EDTRPAS1-43,inversion,716.5062851184813,0.006001955589240227,3.1722230911254883
EDTRPAS1-43,inversion,733.8996338110348,0.0060206806776682414,3.165992021560669
EDTRPAS1-43,inversion,751.7152098936674,0.006038945383003688,3.159933567047119
EDTRPAS1-43,inversion,769.9632630297457,0.006056680303882526,3.1540677547454834
EDTRPAS1-43,inversion,788.6542916954868,0.006073826705512012,3.14841365814209
EDTRPAS1-43,inversion,807.799049219937,0.006090332514477001,3.1429858207702637
EDTRPAS1-43,inversion,827.4085499715909,0.006106170036682499,3.137791633605957
EDTRPAS1-43,inversion,847.4940756951737,0.006121335661733178,3.1328306198120117
EDTRPAS1-43,inversion,868.0671820022613,0.006135859863902579,3.1280906200408936
EDTRPAS1-43,inversion,889.1397050194621,0.006149793523449594,3.1235547065734863
EDTRPAS1-43,inversion,910.7237681979726,0.006163209713619426,3.119196653366089
EDTRPAS1-43,inversion,932.8317892884564,0.006176187711480042,3.114989995956421
EDTRPAS1-43,inversion,955.4764874852208,0.006188804888933518,3.1109089851379395
EDTRPAS1-43,inversion,978.67089074383,0.006201121773199285,3.106933355331421
EDTRPAS1-43,inversion,1002.4283432763567,0.006213187947407187,3.103046417236328
EDTRPAS1-43,inversion,1026.7625132285732,0.006225027198824553,3.0992400646209717
EDTRPAS1-43,inversion,1051.6874005435163,0.006236643550894906,3.095512628555298
EDTRPAS1-43,inversion,1077.2173450159426,0.006248028816534298,3.0918662548065186
EDTRPAS1-43,inversion,1103.3670345422947,0.006259162705386883,3.0883069038391113
EDTRPAS1-43,inversion,1130.1515135709603,0.006270023426926523,3.08484148979187
EDTRPAS1-43,inversion,1157.5861917576372,0.0062805856248986155,3.081477165222168
EDTRPAS1-43,inversion,1185.6868528308273,0.006290822988584573,3.0782220363616943
EDTRPAS1-43,inversion,1214.4696636725403,0.006300708790500956,3.0750839710235596
EDTRPAS1-43,inversion,1243.9511836194183,0.006310207491030071,3.0720739364624023
EDTRPAS1-43,inversion,1274.1483739896735,0.00631927704509616,3.069204568862915
EDTRPAS1-43,inversion,1305.0786078412689,0.006327866950370484,3.06649112701416
EDTRPAS1-43,inversion,1336.759679966995,0.006335914046647975,3.063953161239624
EDTRPAS1-43,inversion,1369.2098171321818,0.006343353025306449,3.061610460281372
EDTRPAS1-43,inversion,1402.447688560914,0.006350114684590246,3.0594842433929443
EDTRPAS1-43,inversion,1436.4924166768328,0.006356135825329306,3.057593584060669
EDTRPAS1-43,inversion,1471.3635881046416,0.006361361134940267,3.055955410003662
EDTRPAS1-43,inversion,1507.0812649386949,0.006365747567061281,3.0545825958251953
EDTRPAS1-43,inversion,1543.665996285132,0.0063692657426238156,3.053483724594116
EDTRPAS1-43,inversion,1581.13883008419,0.006371895929264154,3.052664279937744
EDTRPAS1-43,inversion,1619.5213252195158,0.006373628528178206,3.0521273612976074
EDTRPAS1-43,inversion,1658.8355639214296,0.006374459346756344,3.0518739223480225
EDTRPAS1-43,inversion,1699.1041644712795,0.006374384092464133,3.0519051551818848
EDTRPAS1-43,inversion,1740.3502942142056,0.006373397628453083,3.052222967147827
EDTRPAS1-43,inversion,1782.597682887775,0.006371490715779709,3.0528299808502197
EDTRPAS1-43,inversion,1825.8706362741877,0.006368650214781968,3.0537307262420654
EDTRPAS1-43,inversion,1870.1940501838944,0.006364858244309419,3.054931640625
EDTRPAS1-43,inversion,1915.5934247786438,0.006360094492306507,3.056439161300659
EDTRPAS1-43,inversion,1962.0948792422685,0.006354334836513911,3.0582618713378906
EDTRPAS1-43,inversion,2009.7251668075633,0.006347555260781444,3.060408115386963
EDTRPAS1-43,inversion,2058.511690147973,0.006339728368193317,3.062887668609619
EDTRPAS1-43,inversion,2108.482517142913,0.006330824543457608,3.06571102142334
EDTRPAS1-43,inversion,2159.6663970257728,0.0063208098769952795,3.0688908100128174
EDTRPAS1-43,inversion,2212.0927769239593,0.006309644487994131,3.0724408626556396
EDTRPAS1-43,inversion,2265.79181880041,0.0062972811151736086,3.076378583908081
EDTRPAS1-43,inversion,2320.794416806389,0.006283660420047655,3.0807249546051025
EDTRPAS1-43,inversion,2377.13221505553,0.006268714625349968,3.0855042934417725
EDTRPAS1-43,inversion,2434.837625829316,0.006252361809173603,3.0907461643218994
EDTRPAS1-43,inversion,2493.9438482245537,0.006234514349391027,3.096482515335083
EDTRPAS1-43,inversion,2554.4848872534653,0.006215074987793942,3.102748394012451
EDTRPAS1-43,inversion,2616.4955734074733,0.006193942615341678,3.1095821857452393
EDTRPAS1-43,inversion,2680.0115826958963,0.006171022440823402,3.1170198917388916
EDTRPAS1-43,inversion,2745.069457171071,0.006146223668825963,3.1250979900360107
EDTRPAS1-43,inversion,2811.706625951744,0.006119471461361103,3.1338484287261963
EDTRPAS1-43,inversion,2879.961426756816,0.006090704597339876,3.1433005332946777
EDTRPAS1-43,inversion,2949.873127961782,0.006059885903305243,3.1534762382507324
EDTRPAS1-43,inversion,3021.4819511906676,0.0060269947624413955,3.164393424987793
EDTRPAS1-43,inversion,3094.829094456304,0.005992032328254843,3.17606258392334
EDTRPAS1-43,inversion,3169.9567558624212,0.005955012300949903,3.1884942054748535
EDTRPAS1-43,inversion,3246.908157881059,0.005915961845609184,3.201690435409546
EDTRPAS1-43,inversion,3325.7275722193176,0.0058749196902730255,3.215654134750366
EDTRPAS1-43,inversion,3406.4603452898104,0.005831930018227779,3.2303855419158936
EDTRPAS1-43,inversion,3489.1529242993333,0.005787041996640104,3.2458837032318115
EDTRPAS1-43,inversion,3573.8528839709275,0.0057403050366960934,3.262148857116699
EDTRPAS1-43,inversion,3660.6089539145673,0.005691773208924021,3.279179573059082
EDTRPAS1-43,inversion,3749.47104666228,0.005641498970698303,3.296975612640381
EDTRPAS1-43,inversion,3840.4902863838747,0.005589523906413923,3.3155417442321777
EDTRPAS1-43,inversion,3933.719038299702,0.005535886685935509,3.334883689880371
EDTRPAS1-43,inversion,4029.2109388074086,0.00548059620492744,3.3550190925598145
EDTRPAS1-43,inversion,4127.020926340097,0.005423648614757033,3.3759713172912598
EDTRPAS1-43,inversion,4227.205272973463,0.005364997630297251,3.397782802581787
EDTRPAS1-43,inversion,4329.821616800325,0.005304576126685175,3.420504331588745
EDTRPAS1-43,inversion,4434.9289950909615,0.00524227904262561,3.4442033767700195
EDTRPAS1-43,inversion,4542.587878258434,0.005177962755617387,3.4689700603485107
EDTRPAS1-43,inversion,4652.8602046485,0.005111465928720254,3.494901180267334
EDTRPAS1-43,inversion,4765.80941617394,0.0050425992236537796,3.522116184234619
EDTRPAS1-43,inversion,4881.500494814036,0.004971171190476322,3.5507397651672363
EDTRPAS1-43,inversion,5000.000000000004,0.004896987518684278,3.5809075832366943
EDTRPAS1-04/EDTRETN1-01,inversion,249.9999999999999,0.006895363549502753,40.34343719482422
EDTRPAS1-04/EDTRETN1-01,inversion,256.068805345398,0.006894459277816427,40.343727111816406
EDTRPAS1-04/EDTRETN1-01,inversion,262.28493228407746,0.006893177619277937,40.34410858154297
EDTRPAS1-04/EDTRETN1-01,inversion,268.65195708032917,0.006891775308993666,40.34453201293945
EDTRPAS1-04/EDTRETN1-01,inversion,275.1735428130523,0.0068905777312534165,40.344886779785156
EDTRPAS1-04/EDTRETN1-01,inversion,281.8534414831962,0.0068898824411315635,40.345096588134766
EDTRPAS1-04/EDTRETN1-01,inversion,288.6954961723645,0.0068900147808748004,40.345062255859375
EDTRPAS1-04/EDTRETN1-01,inversion,295.70364325381706,0.006891296446848737,40.344696044921875
EDTRPAS1-04/EDTRETN1-01,inversion,302.8819146571469,0.0068939797413482455,40.34392547607422
EDTRPAS1-04/EDTRETN1-01,inversion,310.23444018792975,0.0068981903391971975,40.342708587646484
EDTRPAS1-04/EDTRETN1-01,inversion,317.76544990368615,0.0069040089379869,40.34103012084961
EDTRPAS1-04/EDTRETN1-01,inversion,325.4792765475195,0.00691139914587422,40.338897705078125
EDTRPAS1-04/EDTRETN1-01,inversion,333.38035804083074,0.0069202083401997605,40.33635330200195
EDTRPAS1-04/EDTRETN1-01,inversion,341.4732400365465,0.006930168280447558,40.33348846435547
EDTRPAS1-04/EDTRETN1-01,inversion,349.7625785343233,0.006940956016660854,40.330387115478516
EDTRPAS1-04/EDTRETN1-01,inversion,358.25314255924064,0.00695220446907823,40.3271598815918
EDTRPAS1-04/EDTRETN1-01,inversion,366.9498169055171,0.006963499325552319,40.323917388916016
EDTRPAS1-04/EDTRETN1-01,inversion,375.8576049468333,0.0069744569918872,40.3207893371582
EDTRPAS1-04/EDTRETN1-01,inversion,384.98163151487284,0.006984797496511042,40.31783676147461
EDTRPAS1-04/EDTRETN1-01,inversion,394.327145847743,0.006994238129677884,40.31514358520508
EDTRPAS1-04/EDTRETN1-01,inversion,403.89952460996847,0.007002620240346047,40.3127555847168
EDTRPAS1-04/EDTRETN1-01,inversion,413.70427498579505,0.007009849318802499,40.310699462890625
EDTRPAS1-04/EDTRETN1-01,inversion,423.74703784758645,0.007015946856328571,40.308963775634766
EDTRPAS1-04/EDTRETN1-01,inversion,434.0335910011306,0.007020901323022295,40.30756378173828
EDTRPAS1-04/EDTRETN1-01,inversion,444.56985250973065,0.007024851396971733,40.30643844604492
EDTRPAS1-04/EDTRETN1-01,inversion,455.36188409898625,0.00702787741759491,40.30558395385742
EDTRPAS1-04/EDTRETN1-01,inversion,466.41589464422776,0.00703014480469989,40.3049430847168
EDTRPAS1-04/EDTRETN1-01,inversion,477.73824374260994,0.007031757754749473,40.30448532104492
EDTRPAS1-04/EDTRETN1-01,inversion,489.33544537191494,0.007032853081701224,40.30417251586914
EDTRPAS1-04/EDTRETN1-01,inversion,501.21417163817836,0.007072042025972975,40.29310607910156
EDTRPAS1-04/EDTRETN1-01,inversion,513.3812566142866,0.00708125219775445,40.2905158996582
EDTRPAS1-04/EDTRETN1-01,inversion,525.843700271758,0.0070914411033250625,40.287654876708984
EDTRPAS1-04/EDTRETN1-01,inversion,538.6086725079707,0.0071025701135416335,40.2845344543457
EDTRPAS1-04/EDTRETN1-01,inversion,551.6835172711474,0.007114541378898643,40.281185150146484
EDTRPAS1-04/EDTRETN1-01,inversion,565.0757567854796,0.007127174847539529,40.277652740478516
EDTRPAS1-04/EDTRETN1-01,inversion,578.793095878818,0.007140298324204542,40.27399826049805
EDTRPAS1-04/EDTRETN1-01,inversion,592.8434264154135,0.007153700377895551,40.27027130126953
EDTRPAS1-04/EDTRETN1-01,inversion,607.2348318362696,0.007167175128191814,40.26652908325195
EDTRPAS1-04/EDTRETN1-01,inversion,621.975591809709,0.007180566381639824,40.262821197509766
EDTRPAS1-04/EDTRETN1-01,inversion,637.0741869948362,0.007193749853075524,40.25918197631836
EDTRPAS1-04/EDTRETN1-01,inversion,652.5393039206339,0.007206605215833125,40.255638122558594
EDTRPAS1-04/EDTRETN1-01,inversion,668.3798399834975,0.007219077492876081,40.2522087097168
EDTRPAS1-04/EDTRETN1-01,inversion,684.6049085660902,0.007231120240676334,40.248905181884766
EDTRPAS1-04/EDTRETN1-01,inversion,701.2238442804569,0.007242680862255098,40.24574279785156
EDTRPAS1-04/EDTRETN1-01,inversion,718.2462083384157,0.007253740779440707,40.24272155761719
EDTRPAS1-04/EDTRETN1-01,inversion,735.6817940523201,0.007264262940448583,40.2398567199707
EDTRPAS1-04/EDTRETN1-01,inversion,753.5406324693473,0.00727421040129441,40.237152099609375
EDTRPAS1-04/EDTRETN1-01,inversion,771.8329981425659,0.007283559190647101,40.234619140625
EDTRPAS1-04/EDTRETN1-01,inversion,790.569415042095,0.007292271097941053,40.232261657714844
EDTRPAS1-04/EDTRETN1-01,inversion,809.7606626097571,0.007300340161042976,40.23008346557617
EDTRPAS1-04/EDTRETN1-01,inversion,829.417781960714,0.007307767971533553,40.228084564208984
EDTRPAS1-04/EDTRETN1-01,inversion,849.5520822356397,0.00731456678353052,40.226261138916016
EDTRPAS1-04/EDTRETN1-01,inversion,870.1751471071019,0.007320763099525139,40.22460174560547
EDTRPAS1-04/EDTRETN1-01,inversion,891.2988414438875,0.007326397209006264,40.22309875488281
EDTRPAS1-04/EDTRETN1-01,inversion,912.9353181370939,0.007331513712524803,40.221736907958984
EDTRPAS1-04/EDTRETN1-01,inversion,935.0970250919463,0.007336141987710845,40.22051239013672
EDTRPAS1-04/EDTRETN1-01,inversion,957.7967123893219,0.00734031959972168,40.21941375732422
EDTRPAS1-04/EDTRETN1-01,inversion,981.0474396211332,0.007344035857700973,40.21843719482422
EDTRPAS1-04/EDTRETN1-01,inversion,1004.8625834037807,0.0073473271678241685,40.21757888793945
EDTRPAS1-04/EDTRETN1-01,inversion,1029.2558450739864,0.007350161213545978,40.21685028076172
EDTRPAS1-04/EDTRETN1-01,inversion,1054.2412585714555,0.007352509100156636,40.216251373291016
EDTRPAS1-04/EDTRETN1-01,inversion,1079.8331985128862,0.007354360868011976,40.21579360961914
EDTRPAS1-04/EDTRETN1-01,inversion,1106.0463884619785,0.007355676205759969,40.21548080444336
EDTRPAS1-04/EDTRETN1-01,inversion,1132.895909400204,0.007356424623615644,40.21532440185547
EDTRPAS1-04/EDTRETN1-01,inversion,1160.3972084031943,0.00735655833437293,40.21533966064453
EDTRPAS1-04/EDTRETN1-01,inversion,1188.5661075277637,0.0073560350804671645,40.21553039550781
EDTRPAS1-04/EDTRETN1-01,inversion,1217.418812914658,0.007354806837992008,40.215919494628906
EDTRPAS1-04/EDTRETN1-01,inversion,1246.9719241122757,0.0073528307883089445,40.216514587402344
EDTRPAS1-04/EDTRETN1-01,inversion,1277.2424436267315,0.00735004205382715,40.21733093261719
EDTRPAS1-04/EDTRETN1-01,inversion,1308.2477867037364,0.0073463813667444455,40.218387603759766
EDTRPAS1-04/EDTRETN1-01,inversion,1340.0057913479482,0.0073418040104286444,40.219696044921875
EDTRPAS1-04/EDTRETN1-01,inversion,1372.5347285855355,0.007336267489634658,40.221275329589844
EDTRPAS1-04/EDTRETN1-01,inversion,1405.853312975872,0.00732972553535143,40.22312545776367
EDTRPAS1-04/EDTRETN1-01,inversion,1439.9807133784066,0.0073221664238173135,40.22526168823242
EDTRPAS1-04/EDTRETN1-01,inversion,1474.9365639808907,0.007313581895438109,40.22768020629883
EDTRPAS1-04/EDTRETN1-01,inversion,1510.7409755953308,0.0073039877828030425,40.23038101196289
EDTRPAS1-04/EDTRETN1-01,inversion,1547.4145472281518,0.007293390683428208,40.23336410522461
EDTRPAS1-04/EDTRETN1-01,inversion,1584.9783779312106,0.0072817949018492666,40.23662567138672
EDTRPAS1-04/EDTRETN1-01,inversion,1623.454078940528,0.007269229401969867,40.24015808105469
EDTRPAS1-04/EDTRETN1-01,inversion,1662.8637861096586,0.0072556919391636365,40.24396896362305
EDTRPAS1-04/EDTRETN1-01,inversion,1703.230172644902,0.007241181187270122,40.24805450439453
EDTRPAS1-04/EDTRETN1-01,inversion,1744.576462149665,0.007225661158320706,40.25243377685547
EDTRPAS1-04/EDTRETN1-01,inversion,1786.9264419854635,0.007209135043451582,40.257102966308594
EDTRPAS1-04/EDTRETN1-01,inversion,1830.3044769572818,0.00719158084517421,40.26206970214844
EDTRPAS1-04/EDTRETN1-01,inversion,1874.7355233311398,0.007172944753180919,40.26734924316406
EDTRPAS1-04/EDTRETN1-01,inversion,1920.2451431919371,0.007153206822145841,40.272953033447266
EDTRPAS1-04/EDTRETN1-01,inversion,1966.8595191498491,0.007132349130929656,40.278892517089844
EDTRPAS1-04/EDTRETN1-01,inversion,2014.605469403704,0.00711031869213963,40.285179138183594
EDTRPAS1-04/EDTRETN1-01,inversion,2063.510463170046,0.007087096254135527,40.29182434082031
EDTRPAS1-04/EDTRETN1-01,inversion,2113.602636486731,0.007062654558293463,40.29883575439453
EDTRPAS1-04/EDTRETN1-01,inversion,2164.9108084001623,0.007036947379697922,40.30624008178711
EDTRPAS1-04/EDTRETN1-01,inversion,2217.4644975454785,0.007009919421412314,40.314048767089844
EDTRPAS1-04/EDTRETN1-01,inversion,2271.2939391292166,0.006981509076236427,40.32228469848633
EDTRPAS1-04/EDTRETN1-01,inversion,2326.4301023242456,0.006951638637393082,40.33097839355469
EDTRPAS1-04/EDTRETN1-01,inversion,2382.9047080869695,0.006920207597049501,40.34016418457031
EDTRPAS1-04/EDTRETN1-01,inversion,2440.7502474070175,0.006887117743171127,40.349876403808594
EDTRPAS1-04/EDTRETN1-01,inversion,2499.9999999999995,0.006852255442595787,40.36015701293945
EDTRPAS1-04/EDTRETN1-01,inversion,2560.6880534539805,0.006815501161204883,40.37105178833008
EDTRPAS1-04/EDTRETN1-01,inversion,2622.849322840773,0.006776749790046278,40.38260269165039
EDTRPAS1-04/EDTRETN1-01,inversion,2686.5195708032948,0.006735879178211869,40.39484786987305
EDTRPAS1-04/EDTRETN1-01,inversion,2751.735428130523,0.006692836500608184,40.4078254699707
EDTRPAS1-04/EDTRETN1-01,inversion,2818.5344148319627,0.0066475422186418245,40.42156982421875
EDTRPAS1-04/EDTRETN1-01,inversion,2886.9549617236457,0.006599964410114973,40.43610382080078
EDTRPAS1-04/EDTRETN1-01,inversion,2957.0364325381715,0.006550141594081518,40.45143127441406
EDTRPAS1-04/EDTRETN1-01,inversion,3028.819146571467,0.006498059805157191,40.467586517333984
EDTRPAS1-04/EDTRETN1-01,inversion,3102.3444018792984,0.006443799943417575,40.48454666137695
EDTRPAS1-04/EDTRETN1-01,inversion,3177.654499036865,0.006387428511950119,40.502315521240234
EDTRPAS1-04/EDTRETN1-01,inversion,3254.792765475195,0.006329015633563738,40.52089309692383
EDTRPAS1-04/EDTRETN1-01,inversion,3333.8035804083083,0.006268652152925332,40.5402717590332
EDTRPAS1-04/EDTRETN1-01,inversion,3414.7324003654685,0.006206430693619261,40.56044006347656
EDTRPAS1-04/EDTRETN1-01,inversion,3497.625785343234,0.006142440126998544,40.581390380859375
EDTRPAS1-04/EDTRETN1-01,inversion,3582.531425592404,0.00607677213770088,40.60311508178711
EDTRPAS1-04/EDTRETN1-01,inversion,3669.498169055175,0.006009505833186174,40.625614166259766
EDTRPAS1-04/EDTRETN1-01,inversion,3758.576049468334,0.005940729691737253,40.64887619018555
EDTRPAS1-04/EDTRETN1-01,inversion,3849.8163151487256,0.005870506116904526,40.672908782958984
EDTRPAS1-04/EDTRETN1-01,inversion,3943.271458477431,0.005798888154380798,40.697715759277344
EDTRPAS1-04/EDTRETN1-01,inversion,4038.995246099682,0.0057258797786487545,40.72331237792969
EDTRPAS1-04/EDTRETN1-01,inversion,4137.042749857955,0.005651488587844662,40.74973678588867
EDTRPAS1-04/EDTRETN1-01,inversion,4237.470378475865,0.005575661705458443,40.77702713012695
EDTRPAS1-04/EDTRETN1-01,inversion,4340.335910011311,0.005498309703140154,40.80525207519531
EDTRPAS1-04/EDTRETN1-01,inversion,4445.6985250973075,0.005419306026533994,40.83449172973633
EDTRPAS1-04/EDTRETN1-01,inversion,4553.61884098986,0.005338491072079332,40.864845275878906
EDTRPAS1-04/EDTRETN1-01,inversion,4664.158946442283,0.005255676903134632,40.896427154541016
EDTRPAS1-04/EDTRETN1-01,inversion,4777.3824374261,0.00517065763422871,40.92937469482422
EDTRPAS1-04/EDTRETN1-01,inversion,4893.3544537191465,0.005083220458064299,40.96382522583008
EDTRPAS1-04/EDTRETN1-01,inversion,5012.141716381784,0.004993174494146292,40.99992752075195
EDTRPAS1-04/EDTRETN1-01,inversion,5133.812566142862,0.004900348540016115,41.03783416748047
EDTRPAS1-04/EDTRETN1-01,inversion,5258.437002717577,0.004804617833269236,41.07768630981445
EDTRPAS1-04/EDTRETN1-01,inversion,5386.086725079708,0.004705894112283493,41.11962127685547
EDTRPAS1-04/EDTRETN1-01,inversion,5516.83517271148,0.0046041829246484456,41.16375732421875
EDTRPAS1-04/EDTRETN1-01,inversion,5650.757567854802,0.004499527878572893,41.21019744873047
EDTRPAS1-04/EDTRETN1-01,inversion,5787.930958788181,0.004392057587631417,41.259029388427734
EDTRPAS1-04/EDTRETN1-01,inversion,5928.4342641541425,0.004281951389870055,41.31031036376953
EDTRPAS1-04/EDTRETN1-01,inversion,6072.348318362697,0.004169446469048951,41.36408996582031
EDTRPAS1-04/EDTRETN1-01,inversion,6219.755918097087,0.004054823977827368,41.42040252685547
EDTRPAS1-04/EDTRETN1-01,inversion,6370.741869948369,0.003938373557973395,41.4792594909668
EDTRPAS1-04/EDTRETN1-01,inversion,6525.393039206339,0.0038204297810465683,41.54067611694336
EDTRPAS1-04/EDTRETN1-01,inversion,6683.79839983497,0.0037013370114710384,41.604652404785156
EDTRPAS1-04/EDTRETN1-01,inversion,6846.049085660904,0.0035814561535360808,41.671165466308594
EDTRPAS1-04/EDTRETN1-01,inversion,7012.238442804564,0.003461183301458191,41.740169525146484
EDTRPAS1-04/EDTRETN1-01,inversion,7182.4620833841645,0.003340949322457688,41.81159591674805
EDTRPAS1-04/EDTRETN1-01,inversion,7356.817940523203,0.003221217459851966,41.88533020019531
EDTRPAS1-04/EDTRETN1-01,inversion,7535.406324693481,0.0031024806743681146,41.961212158203125
EDTRPAS1-04/EDTRETN1-01,inversion,7718.329981425661,0.002985266495521746,42.03902816772461
EDTRPAS1-04/EDTRETN1-01,inversion,7905.694150420944,0.002870096150750554,42.118526458740234
EDTRPAS1-04/EDTRETN1-01,inversion,8097.60662609758,0.0027574843624337013,42.19940948486328
EDTRPAS1-04/EDTRETN1-01,inversion,8294.177819607141,0.0026478945152354754,42.28136444091797
EDTRPAS1-04/EDTRETN1-01,inversion,8495.520822356391,0.0025417142835335448,42.36407470703125
EDTRPAS1-04/EDTRETN1-01,inversion,8701.75147107103,0.002439259977876216,42.447227478027344
EDTRPAS1-04/EDTRETN1-01,inversion,8912.988414438869,0.0023407342365245093,42.53056335449219
EDTRPAS1-04/EDTRETN1-01,inversion,9129.353181370932,0.0022462458571192684,42.613853454589844
EDTRPAS1-04/EDTRETN1-01,inversion,9350.970250919465,0.002155797588447208,42.69693374633789
EDTRPAS1-04/EDTRETN1-01,inversion,9577.96712389323,0.0020693092162804563,42.77970886230469
EDTRPAS1-04/EDTRETN1-01,inversion,9810.474396211343,0.00198661629200536,42.86215591430664
EDTRPAS1-04/EDTRETN1-01,inversion,10048.62583403781,0.001907513773974334,42.94430923461914
EDTRPAS1-04/EDTRETN1-01,inversion,10292.558450739876,0.0018317463213403458,43.02626419067383
EDTRPAS1-04/EDTRETN1-01,inversion,10542.412585714557,0.001759034969944281,43.10816955566406
EDTRPAS1-04/EDTRETN1-01,inversion,10798.331985128854,0.0016891054217826273,43.19020462036133
EDTRPAS1-04/EDTRETN1-01,inversion,11060.463884619798,0.0016216990813127043,43.27256774902344
EDTRPAS1-04/EDTRETN1-01,inversion,11328.959094002043,0.0015565760725276794,43.35546112060547
EDTRPAS1-04/EDTRETN1-01,inversion,11603.972084031937,0.0014935494729368883,43.439064025878906
EDTRPAS1-04/EDTRETN1-01,inversion,11885.661075277641,0.001432480628878848,43.52351379394531
EDTRPAS1-04/EDTRETN1-01,inversion,12174.18812914657,0.0013732906992855237,43.60887908935547
EDTRPAS1-04/EDTRETN1-01,inversion,12469.71924112277,0.0013159480449479186,43.69517135620117
EDTRPAS1-04/EDTRETN1-01,inversion,12772.424436267318,0.0012604732477099509,43.782310485839844
EDTRPAS1-04/EDTRETN1-01,inversion,13082.47786703738,0.0012069174728053652,43.87016296386719
EDTRPAS1-04/EDTRETN1-01,inversion,13400.057913479484,0.0011553452511237116,43.958534240722656
EDTRPAS1-04/EDTRETN1-01,inversion,13725.347285855345,0.0011058123450622328,44.04720687866211
EDTRPAS1-04/EDTRETN1-01,inversion,14058.533129758736,0.0010583538494009486,44.135986328125
EDTRPAS1-04/EDTRETN1-01,inversion,14399.807133784068,0.0010129690982490405,44.224693298339844
EDTRPAS1-04/EDTRETN1-01,inversion,14749.365639808899,0.000969619299639174,44.313228607177734
EDTRPAS1-04/EDTRETN1-01,inversion,15107.409755953326,0.0009282295818556236,44.40153884887695
EDTRPAS1-04/EDTRETN1-01,inversion,15474.145472281509,0.0008886894235386126,44.48966598510742
EDTRPAS1-04/EDTRETN1-01,inversion,15849.783779312094,0.0008508748199988143,44.577701568603516
EDTRPAS1-04/EDTRETN1-01,inversion,16234.540789405284,0.0008146545408085843,44.6657829284668
EDTRPAS1-04/EDTRETN1-01,inversion,16628.637861096606,0.0007799060213687963,44.754051208496094
EDTRPAS1-04/EDTRETN1-01,inversion,17032.30172644904,0.0007465255853205018,44.84263610839844
EDTRPAS1-04/EDTRETN1-01,inversion,17445.764621496655,0.000714433054640977,44.93162536621094
EDTRPAS1-04/EDTRETN1-01,inversion,17869.264419854655,0.0006835755028327861,45.021053314208984
EDTRPAS1-04/EDTRETN1-01,inversion,18303.044769572825,0.0006539246695923322,45.110877990722656
EDTRPAS1-04/EDTRETN1-01,inversion,18747.355233311384,0.0006254712983866926,45.20099639892578
EDTRPAS1-04/EDTRETN1-01,inversion,19202.45143191939,0.0005982157360977668,45.291255950927734
EDTRPAS1-04/EDTRETN1-01,inversion,19668.595191498494,0.0005721661638200573,45.38146209716797
EDTRPAS1-04/EDTRETN1-01,inversion,20146.05469403703,0.0005473277526573133,45.47138595581055
EDTRPAS1-04/EDTRETN1-01,inversion,20635.104631700466,0.0005236991405563529,45.56081008911133
EDTRPAS1-04/EDTRETN1-01,inversion,21136.026364867335,0.000501270731463799,45.64950942993164
EDTRPAS1-04/EDTRETN1-01,inversion,21649.108084001607,0.00048002155243398475,45.737300872802734
EDTRPAS1-04/EDTRETN1-01,inversion,22174.64497545479,0.00045992095569062733,45.82400131225586
EDTRPAS1-04/EDTRETN1-01,inversion,22712.93939129219,0.0004409307749458712,45.90946960449219
EDTRPAS1-04/EDTRETN1-01,inversion,23264.301023242482,0.0004230096703120537,45.99358367919922
EDTRPAS1-04/EDTRETN1-01,inversion,23829.04708086968,0.000406108975001947,46.07624053955078
EDTRPAS1-04/EDTRETN1-01,inversion,24407.502474070203,0.00039018589716477664,46.1573371887207
EDTRPAS1-04/EDTRETN1-01,inversion,25000.0,0.00037519578460572895,46.23676300048828
EDTRPAS1-05/EDTRETN1-03,inversion,725.0,0.0037442148844425917,2.0802149772644043
EDTRPAS1-05/EDTRETN1-03,inversion,742.5995355016545,0.0038075335485697093,2.0466818809509277
EDTRPAS1-05/EDTRETN1-03,inversion,760.6263036238249,0.003871202907983007,2.013517379760742
EDTRPAS1-05/EDTRETN1-03,inversion,779.090675532955,0.003934981826139444,1.9808380603790283
EDTRPAS1-05/EDTRETN1-03,inversion,798.0032741578518,0.003998588453559463,1.9487706422805786
EDTRPAS1-05/EDTRETN1-03,inversion,817.3749803012693,0.004061812790895722,1.9173953533172607
EDTRPAS1-05/EDTRETN1-03,inversion,837.2169388998574,0.004124500283831377,1.8867664337158203
EDTRPAS1-05/EDTRETN1-03,inversion,857.5405654360698,0.0041865998607907035,1.8568789958953857
EDTRPAS1-05/EDTRETN1-03,inversion,878.3575525057264,0.004248198710870319,1.827665090560913
EDTRPAS1-05/EDTRETN1-03,inversion,899.6798765449967,0.004309477842373034,1.7990223169326782
EDTRPAS1-05/EDTRETN1-03,inversion,921.5198047206902,0.004370742864024304,1.7707867622375488
EDTRPAS1-05/EDTRETN1-03,inversion,943.8899019878068,0.004432328907744843,1.7427995204925537
EDTRPAS1-05/EDTRETN1-03,inversion,966.8030383184096,0.004494603498496759,1.7148919105529785
EDTRPAS1-05/EDTRETN1-03,inversion,990.2723961059852,0.004557901051236088,1.686917781829834
EDTRPAS1-05/EDTRETN1-03,inversion,1014.311477749538,0.004622514962171986,1.6587611436843872
EDTRPAS1-05/EDTRETN1-03,inversion,1038.9341134217982,0.00468865006521458,1.630344271659851
EDTRPAS1-05/EDTRETN1-03,inversion,1064.154469026,0.004756454850056594,1.6016206741333008
EDTRPAS1-05/EDTRETN1-03,inversion,1089.9870543458171,0.004826040092770972,1.5725679397583008
EDTRPAS1-05/EDTRETN1-03,inversion,1116.4467313931316,0.004897478213277855,1.5431709289550781
EDTRPAS1-05/EDTRETN1-03,inversion,1143.548722958455,0.004970859460239145,1.5134176015853882
EDTRPAS1-05/EDTRETN1-03,inversion,1171.308621368909,0.005046272839965138,1.483293890953064
EDTRPAS1-05/EDTRETN1-03,inversion,1199.7423974588062,0.005123847653272698,1.452771544456482
EDTRPAS1-05/EDTRETN1-03,inversion,1228.866409758001,0.005203695457874427,1.4218313694000244
EDTRPAS1-05/EDTRETN1-03,inversion,1258.6974139032793,0.005285915801678549,1.3904646635055542
EDTRPAS1-05/EDTRETN1-03,inversion,1289.2525722782193,0.005370553331122006,1.3586782217025757
EDTRPAS1-05/EDTRETN1-03,inversion,1320.5494638870593,0.00545759084979156,1.326509952545166
EDTRPAS1-05/EDTRETN1-03,inversion,1352.606094468261,0.005546901137370552,1.2940270900726318
EDTRPAS1-05/EDTRETN1-03,inversion,1385.4409068535692,0.005638275450247135,1.261330008506775
EDTRPAS1-05/EDTRETN1-03,inversion,1419.072791578554,0.005731436155811882,1.2285330295562744
EDTRPAS1-05/EDTRETN1-03,inversion,1453.5210977507177,0.005826028980068978,1.195771336555481
EDTRPAS1-05/EDTRETN1-03,inversion,1488.8056441814304,0.005921718532404142,1.1631641387939453
EDTRPAS1-05/EDTRETN1-03,inversion,1524.9467307880989,0.00601816588962975,1.1308283805847168
EDTRPAS1-05/EDTRETN1-03,inversion,1561.9651502731158,0.006115104014437794,1.098841667175293
EDTRPAS1-05/EDTRETN1-03,inversion,1599.8822000863279,0.006212326641937024,1.0672670602798462
EDTRPAS1-05/EDTRETN1-03,inversion,1638.7196946778913,0.006309719239749283,1.036124348640442
EDTRPAS1-05/EDTRETN1-03,inversion,1678.4999780485728,0.0064072334519117945,1.0054210424423218
EDTRPAS1-05/EDTRETN1-03,inversion,1719.2459366046999,0.0065048927585290624,0.9751349687576294
EDTRPAS1-05/EDTRETN1-03,inversion,1760.9810123251823,0.006602751105875466,0.9452375173568726
EDTRPAS1-05/EDTRETN1-03,inversion,1803.7292162481554,0.0067008867447101664,0.9156957268714905
EDTRPAS1-05/EDTRETN1-03,inversion,1847.5151422850256,0.006799369174006505,0.8864789605140686
EDTRPAS1-05/EDTRETN1-03,inversion,1892.3639813698387,0.006898261622849745,0.8575619459152222
EDTRPAS1-05/EDTRETN1-03,inversion,1938.3015359521432,0.0069975894015592375,0.8289287090301514
EDTRPAS1-05/EDTRETN1-03,inversion,1985.3542348416622,0.00709737561139676,0.8005691170692444
EDTRPAS1-05/EDTRETN1-03,inversion,2033.549148413324,0.007197613324650597,0.772476851940155
EDTRPAS1-05/EDTRETN1-03,inversion,2082.914004181406,0.0072982953266797455,0.7446494698524475
EDTRPAS1-05/EDTRETN1-03,inversion,2133.4772027517292,0.007399424179259737,0.7170781493186951
EDTRPAS1-05/EDTRETN1-03,inversion,2185.267834161108,0.007501017341269873,0.6897569894790649
EDTRPAS1-05/EDTRETN1-03,inversion,2238.315694613442,0.00760311489460888,0.662666916847229
EDTRPAS1-05/EDTRETN1-03,inversion,2292.651303622074,0.007705778302350938,0.6357892751693726
EDTRPAS1-05/EDTRETN1-03,inversion,2348.3059215682965,0.007809088195912003,0.6090983152389526
EDTRPAS1-05/EDTRETN1-03,inversion,2405.3115676860716,0.007913138813010989,0.5825675129890442
EDTRPAS1-05/EDTRETN1-03,inversion,2463.701038483356,0.008018012960492977,0.5561754703521729
EDTRPAS1-05/EDTRETN1-03,inversion,2523.5079266105986,0.008123774937332958,0.5299031138420105
EDTRPAS1-05/EDTRETN1-03,inversion,2584.766640187272,0.00823044605406437,0.5037461519241333
EDTRPAS1-05/EDTRETN1-03,inversion,2647.5124225975733,0.008337983278088863,0.4777134656906128
EDTRPAS1-05/EDTRETN1-03,inversion,2711.7813727666453,0.008446262467901651,0.4518360197544098
EDTRPAS1-05/EDTRETN1-03,inversion,2777.6104659290318,0.00855509137226477,0.4261535108089447
EDTRPAS1-05/EDTRETN1-03,inversion,2845.0375749012874,0.008664193930515915,0.4007292687892914
EDTRPAS1-05/EDTRETN1-03,inversion,2914.101491870965,0.008773217727019805,0.37563541531562805
EDTRPAS1-05/EDTRETN1-03,inversion,2984.841950714559,0.008881755103375508,0.3509570062160492
EDTRPAS1-05/EDTRETN1-03,inversion,3057.299649857222,0.008989365046441917,0.32678061723709106
EDTRPAS1-05/EDTRETN1-03,inversion,3131.5162756873683,0.009095591793989428,0.30319124460220337
EDTRPAS1-05/EDTRETN1-03,inversion,3207.534526539742,0.009199983926531654,0.28026914596557617
EDTRPAS1-05/EDTRETN1-03,inversion,3285.3981372605926,0.0093020938953602,0.258092999458313
EDTRPAS1-05/EDTRETN1-03,inversion,3365.151904369262,0.009401512565980508,0.2367267608642578
EDTRPAS1-05/EDTRETN1-03,inversion,3446.8417118305165,0.009497854060306841,0.21622984111309052
EDTRPAS1-05/EDTRETN1-03,inversion,3530.5145574525063,0.009590763350453627,0.19665126502513885
EDTRPAS1-05/EDTRETN1-03,inversion,3616.218579925604,0.009679904731776032,0.1780356466770172
EDTRPAS1-05/EDTRETN1-03,inversion,3704.0030865175227,0.009764991889983848,0.16041770577430725
EDTRPAS1-05/EDTRETN1-03,inversion,3793.918581440834,0.009845754518492886,0.14382685720920563
EDTRPAS1-05/EDTRETN1-03,inversion,3886.0167949090505,0.009921964271310769,0.12828606367111206
EDTRPAS1-05/EDTRETN1-03,inversion,3980.350712898051,0.009993424910451156,0.11381146311759949
EDTRPAS1-05/EDTRETN1-03,inversion,4076.9746076300266,0.010059964118167153,0.10041490197181702
EDTRPAS1-05/EDTRETN1-03,inversion,4175.94406879738,0.010121431817805731,0.08810555934906006
EDTRPAS1-05/EDTRETN1-03,inversion,4277.316035544581,0.010177692695723616,0.07688966393470764
EDTRPAS1-05/EDTRETN1-03,inversion,4381.148829226465,0.010228602645030747,0.06677865236997604
EDTRPAS1-05/EDTRETN1-03,inversion,4487.5021869616385,0.010273994602655826,0.05778833478689194
EDTRPAS1-05/EDTRETN1-03,inversion,4596.4372960005085,0.010313660968166504,0.049943529069423676
EDTRPAS1-05/EDTRETN1-03,inversion,4708.0168289275325,0.010347335930031258,0.043282657861709595
EDTRPAS1-05/EDTRETN1-03,inversion,4822.304979718007,0.010374681264712008,0.03785857558250427
EDTRPAS1-05/EDTRETN1-03,inversion,4939.367500670222,0.010395276312966757,0.03374264016747475
EDTRPAS1-05/EDTRETN1-03,inversion,5059.27174023403,0.01040861465619804,0.031023692339658737
EDTRPAS1-05/EDTRETN1-03,inversion,5182.086681757842,0.010414109978112986,0.0298088900744915
EDTRPAS1-05/EDTRETN1-03,inversion,5307.8829831761195,0.010411103914220468,0.03022204339504242
EDTRPAS1-05/EDTRETN1-03,inversion,5436.733017660303,0.01039888873754437,0.032400645315647125
EDTRPAS1-05/EDTRETN1-03,inversion,5568.7109152566145,0.01037673189648499,0.03649205341935158
EDTRPAS1-05/EDTRETN1-03,inversion,5703.892605534565,0.010343905812200708,0.04264971986413002
EDTRPAS1-05/EDTRETN1-03,inversion,5842.355861270739,0.010299721003169377,0.051027338951826096
EDTRPAS1-05/EDTRETN1-03,inversion,5984.180343193136,0.010243547603885277,0.06177706643939018
EDTRPAS1-05/EDTRETN1-03,inversion,6129.447645811518,0.010174847235542869,0.07504379749298096
EDTRPAS1-05/EDTRETN1-03,inversion,6278.241344360478,0.010093182403563083,0.09096632897853851
EDTRPAS1-05/EDTRETN1-03,inversion,6430.64704288189,0.009998235789336186,0.10967288911342621
EDTRPAS1-05/EDTRETN1-03,inversion,6586.752423474725,0.009889814691627197,0.1312810182571411
EDTRPAS1-05/EDTRETN1-03,inversion,6746.647296740321,0.009767877255951185,0.1558944433927536
EDTRPAS1-05/EDTRETN1-03,inversion,6910.423653452208,0.009632533339937473,0.18360143899917603
EDTRPAS1-05/EDTRETN1-03,inversion,7078.175717480347,0.009484081325797379,0.21446731686592102
EDTRPAS1-05/EDTRETN1-03,inversion,7250.000000000001,0.00932303491786124,0.24852485954761505
EDTRPAS1-05/EDTRETN1-03,inversion,7425.99535501654,0.009150136591375774,0.28577202558517456
EDTRPAS1-05/EDTRETN1-03,inversion,7606.263036238237,0.00896637714262439,0.32615983486175537
EDTRPAS1-05/EDTRETN1-03,inversion,7790.906755329551,0.008772986799176305,0.3695888817310333
EDTRPAS1-05/EDTRETN1-03,inversion,7980.032741578512,0.008571389663899287,0.41591107845306396
EDTRPAS1-05/EDTRETN1-03,inversion,8173.749803012694,0.008363179522791645,0.46492862701416016
EDTRPAS1-05/EDTRETN1-03,inversion,8372.169388998567,0.008150017573783449,0.516410768032074
EDTRPAS1-05/EDTRETN1-03,inversion,8575.405654360708,0.007933560678272875,0.5701020956039429
EDTRPAS1-05/EDTRETN1-03,inversion,8783.575525057266,0.007715383179950151,0.6257412433624268
EDTRPAS1-05/EDTRETN1-03,inversion,8996.79876544996,0.007496882866465026,0.6830765008926392
EDTRPAS1-05/EDTRETN1-03,inversion,9215.198047206904,0.007279260327797846,0.7418838739395142
EDTRPAS1-05/EDTRETN1-03,inversion,9438.899019878061,0.00706344853496037,0.8019782900810242
EDTRPAS1-05/EDTRETN1-03,inversion,9668.030383184088,0.006850138804322949,0.8632223010063171
EDTRPAS1-05/EDTRETN1-03,inversion,9902.723961059854,0.006639771146370551,0.9255313873291016
EDTRPAS1-05/EDTRETN1-03,inversion,10143.114777495373,0.006432552570230251,0.9888816475868225
EDTRPAS1-05/EDTRETN1-03,inversion,10389.341134217984,0.006228515967943816,1.0532981157302856
EDTRPAS1-05/EDTRETN1-03,inversion,10641.544690260002,0.006027548369235523,1.1188538074493408
EDTRPAS1-05/EDTRETN1-03,inversion,10899.870543458183,0.005829454641241389,1.185659408569336
EDTRPAS1-05/EDTRETN1-03,inversion,11164.467313931318,0.005634007159519768,1.2538484334945679
EDTRPAS1-05/EDTRETN1-03,inversion,11435.487229584543,0.005441007828248076,1.3235549926757812
EDTRPAS1-05/EDTRETN1-03,inversion,11713.086213689092,0.005250335655871967,1.3949058055877686
EDTRPAS1-05/EDTRETN1-03,inversion,11997.423974588064,0.005061994801761601,1.4679867029190063
EDTRPAS1-05/EDTRETN1-03,inversion,12288.664097580002,0.0048761361203049115,1.542831301689148
EDTRPAS1-05/EDTRETN1-03,inversion,12586.974139032796,0.004693054820542608,1.6194127798080444
EDTRPAS1-05/EDTRETN1-03,inversion,12892.525722782184,0.004513176498366266,1.6976357698440552
EDTRPAS1-05/EDTRETN1-03,inversion,13205.494638870585,0.004337004315478592,1.7773398160934448
EDTRPAS1-05/EDTRETN1-03,inversion,13526.060944682613,0.004165059638384273,1.8583276271820068
EDTRPAS1-05/EDTRETN1-03,inversion,13854.409068535682,0.003997822088194515,1.940386414527893
EDTRPAS1-05/EDTRETN1-03,inversion,14190.727915785541,0.003835675798111212,2.0233030319213867
EDTRPAS1-05/EDTRETN1-03,inversion,14535.210977507168,0.0036788562013271493,2.106912851333618
EDTRPAS1-05/EDTRETN1-03,inversion,14888.05644181432,0.0035274395555248868,2.1911072731018066
EDTRPAS1-05/EDTRETN1-03,inversion,15249.467307880992,0.0033813561904802556,2.275843620300293
EDTRPAS1-05/EDTRETN1-03,inversion,15619.651502731147,0.0032404170754495236,2.3611533641815186
EDTRPAS1-05/EDTRETN1-03,inversion,15998.822000863283,0.0031043487481833866,2.44712233543396
EDTRPAS1-05/EDTRETN1-03,inversion,16387.196946778917,0.0029728585258851498,2.533865213394165
EDTRPAS1-05/EDTRETN1-03,inversion,16784.999780485716,0.0028456775773765233,2.6215097904205322
EDTRPAS1-05/EDTRETN1-03,inversion,17192.459366047002,0.0027225947687728215,2.7101516723632812
EDTRPAS1-05/EDTRETN1-03,inversion,17609.81012325181,0.0026034748019194884,2.799854278564453
EDTRPAS1-05/EDTRETN1-03,inversion,18037.29216248154,0.0024882736033085434,2.890613079071045
EDTRPAS1-05/EDTRETN1-03,inversion,18475.15142285026,0.0023770218358686334,2.9823482036590576
EDTRPAS1-05/EDTRETN1-03,inversion,18923.639813698373,0.002269802425740843,3.074928045272827
EDTRPAS1-05/EDTRETN1-03,inversion,19383.015359521436,0.002166726495868265,3.1681597232818604
EDTRPAS1-05/EDTRETN1-03,inversion,19853.54234841661,0.002067910336534236,3.2618141174316406
EDTRPAS1-05/EDTRETN1-03,inversion,20335.49148413326,0.0019734458102694326,3.3556346893310547
EDTRPAS1-05/EDTRETN1-03,inversion,20829.140041814066,0.0018833907550892426,3.449366569519043
EDTRPAS1-05/EDTRETN1-03,inversion,21334.772027517276,0.0017977548616025434,3.54276704788208
EDTRPAS1-05/EDTRETN1-03,inversion,21852.678341611085,0.001716500336667779,3.6356041431427
EDTRPAS1-05/EDTRETN1-03,inversion,22383.156946134404,0.001639545432729303,3.7276861667633057
EDTRPAS1-05/EDTRETN1-03,inversion,22926.513036220724,0.0015667756912548729,3.8188326358795166
EDTRPAS1-05/EDTRETN1-03,inversion,23483.05921568297,0.0014980500357442946,3.9089009761810303
EDTRPAS1-05/EDTRETN1-03,inversion,24053.115676860696,0.0014332213988919923,3.9977424144744873
EDTRPAS1-05/EDTRETN1-03,inversion,24637.010384833564,0.0013721385543264953,4.085214138031006
EDTRPAS1-05/EDTRETN1-03,inversion,25235.07926610597,0.0013146530531798787,4.171179294586182
EDTRPAS1-05/EDTRETN1-03,inversion,25847.66640187275,0.0012606329309988497,4.255466938018799
EDTRPAS1-05/EDTRETN1-03,inversion,26475.124225975735,0.0012099562921381337,4.337893962860107
EDTRPAS1-05/EDTRETN1-03,inversion,27117.813727666435,0.0011625155068101629,4.4182538986206055
EDTRPAS1-05/EDTRETN1-03,inversion,27776.10465929035,0.001118208940289227,4.496335506439209
EDTRPAS1-05/EDTRETN1-03,inversion,28450.37574901288,0.0010769396434635635,4.571904182434082
EDTRPAS1-05/EDTRETN1-03,inversion,29141.014918709632,0.0010386094916281648,4.6447367668151855
EDTRPAS1-05/EDTRETN1-03,inversion,29848.419507145623,0.0010031173554812646,4.71461820602417
EDTRPAS1-05/EDTRETN1-03,inversion,30572.996498572196,0.0009703530626249691,4.781367778778076
EDTRPAS1-05/EDTRETN1-03,inversion,31315.162756873662,0.0009401954215372261,4.84483003616333
EDTRPAS1-05/EDTRETN1-03,inversion,32075.345265397398,0.0009125144003702592,4.904902935028076
EDTRPAS1-05/EDTRETN1-03,inversion,32853.9813726059,0.0008871703846783162,4.9615325927734375
EDTRPAS1-05/EDTRETN1-03,inversion,33651.51904369266,0.0008640148650874808,5.014706134796143
EDTRPAS1-05/EDTRETN1-03,inversion,34468.41711830514,0.0008428957395599906,5.064461708068848
EDTRPAS1-05/EDTRETN1-03,inversion,35305.1455745251,0.0008236601337589703,5.110879421234131
EDTRPAS1-05/EDTRETN1-03,inversion,36162.18579925601,0.0008061550531298264,5.154078960418701
EDTRPAS1-05/EDTRETN1-03,inversion,37040.0308651752,0.0007902367465210047,5.1941819190979
EDTRPAS1-05/EDTRETN1-03,inversion,37939.18581440838,0.0007757677016001101,5.2313456535339355
EDTRPAS1-05/EDTRETN1-03,inversion,38860.16794909048,0.000762622592093118,5.265714645385742
EDTRPAS1-05/EDTRETN1-03,inversion,39803.507128980484,0.0007506897524080338,5.297431945800781
EDTRPAS1-05/EDTRETN1-03,inversion,40769.74607630031,0.0007398702928884022,5.326629161834717
EDTRPAS1-05/EDTRETN1-03,inversion,41759.44068797377,0.000730080117192003,5.353420734405518
EDTRPAS1-05/EDTRETN1-03,inversion,42773.16035544578,0.0007212472119539537,5.377905368804932
EDTRPAS1-05/EDTRETN1-03,inversion,43811.48829226462,0.0007133080815666445,5.4001665115356445
EDTRPAS1-05/EDTRETN1-03,inversion,44875.02186961643,0.0007062063079327566,5.420291423797607
EDTRPAS1-05/EDTRETN1-03,inversion,45964.37296000505,0.0006998912282523317,5.438362121582031
EDTRPAS1-05/EDTRETN1-03,inversion,47080.168289275294,0.0006943086664436209,5.454470634460449
EDTRPAS1-05/EDTRETN1-03,inversion,48223.04979718012,0.0006894091503225362,5.468719005584717
EDTRPAS1-05/EDTRETN1-03,inversion,49393.675006702186,0.0006851355994360747,5.481224536895752
EDTRPAS1-05/EDTRETN1-03,inversion,50592.71740234027,0.0006814341721868924,5.492119312286377
EDTRPAS1-05/EDTRETN1-03,inversion,51820.86681757847,0.0006782449096547729,5.501560688018799
EDTRPAS1-05/EDTRETN1-03,inversion,53078.82983176116,0.0006755116341422282,5.509679317474365
EDTRPAS1-05/EDTRETN1-03,inversion,54367.33017660299,0.0006731772937500514,5.5166425704956055
EDTRPAS1-05/EDTRETN1-03,inversion,55687.109152566205,0.0006711893187156483,5.522595405578613
EDTRPAS1-05/EDTRETN1-03,inversion,57038.926055345604,0.0006694996807379109,5.527665615081787
EDTRPAS1-05/EDTRETN1-03,inversion,58423.55861270735,0.0006680626746123832,5.531985759735107
EDTRPAS1-05/EDTRETN1-03,inversion,59841.803431931316,0.0006668409598084664,5.535669326782227
EDTRPAS1-05/EDTRETN1-03,inversion,61294.47645811524,0.0006657995941261793,5.538815021514893
EDTRPAS1-05/EDTRETN1-03,inversion,62782.413443604746,0.0006649098735018468,5.54150390625
EDTRPAS1-05/EDTRETN1-03,inversion,64306.47042881886,0.0006641471709389761,5.543813228607178
EDTRPAS1-05/EDTRETN1-03,inversion,65867.52423474732,0.0006634909305372184,5.54580020904541
EDTRPAS1-05/EDTRETN1-03,inversion,67466.47296740316,0.0006629241591904486,5.547520160675049
EDTRPAS1-05/EDTRETN1-03,inversion,69104.23653452203,0.0006624314652090191,5.549015522003174
EDTRPAS1-05/EDTRETN1-03,inversion,70781.75717480356,0.0006620023231955466,5.550319671630859
EDTRPAS1-05/EDTRETN1-03,inversion,72499.99999999996,0.0006616269848455694,5.551462650299072
EDTRPAS1-44,inversion,10.000000000000002,0.0,3303.34228515625
EDTRPAS1-44,inversion,10.242752213815926,0.0,3302.399169921875
EDTRPAS1-44,inversion,10.4913972913631,0.0,3301.541748046875
EDTRPAS1-44,inversion,10.746078283213178,0.0,3300.74951171875
EDTRPAS1-44,inversion,11.006941712522098,0.0,3300.007568359375
EDTRPAS1-44,inversion,11.274137659327856,0.0,3299.2900390625
EDTRPAS1-44,inversion,11.547819846894583,0.0,3298.579345703125
EDTRPAS1-44,inversion,11.828145730152695,0.0,3297.857421875
EDTRPAS1-44,inversion,12.115276586285885,0.0,3297.1083984375
EDTRPAS1-44,inversion,12.409377607517198,0.0,3296.320068359375
EDTRPAS1-44,inversion,12.710617996147455,0.0,3295.48828125
EDTRPAS1-44,inversion,13.019171061900781,0.0,3294.611083984375
EDTRPAS1-44,inversion,13.335214321633245,0.0,3293.6962890625
EDTRPAS1-44,inversion,13.658929601461868,0.0,3292.75048828125
EDTRPAS1-44,inversion,13.990503141372942,0.0,3291.792236328125
EDTRPAS1-44,inversion,14.330125702369628,0.0,3290.837158203125
EDTRPAS1-44,inversion,14.677992676220699,0.0,3289.9052734375
EDTRPAS1-44,inversion,15.034304197873343,0.0,3289.015380859375
EDTRPAS1-44,inversion,15.399265260594923,0.0,3288.1884765625
EDTRPAS1-44,inversion,15.77308583390973,0.0,3287.439697265625
EDTRPAS1-44,inversion,16.15598098439874,0.0,3286.779541015625
EDTRPAS1-44,inversion,16.54817099943182,0.0,3286.212646484375
EDTRPAS1-44,inversion,16.949881513903467,0.0,3285.7421875
EDTRPAS1-44,inversion,17.361343640045238,0.0,3285.358642578125
EDTRPAS1-44,inversion,17.78279410038923,0.0,3285.049072265625
EDTRPAS1-44,inversion,18.214475363959455,0.0,3284.798095703125
EDTRPAS1-44,inversion,18.656635785769122,0.0,3277.117431640625
EDTRPAS1-44,inversion,19.109529749704407,0.0,3211.99658203125
EDTRPAS1-44,inversion,19.57341781487661,0.0,3145.558837890625
EDTRPAS1-44,inversion,20.048566865527135,0.0,3071.551025390625
EDTRPAS1-44,inversion,20.535250264571467,0.0,2985.171142578125
EDTRPAS1-44,inversion,21.033748010870337,0.0,2883.54931640625
EDTRPAS1-44,inversion,21.544346900318843,0.0,2765.9853515625
EDTRPAS1-44,inversion,22.0673406908459,0.0,2633.98583984375
EDTRPAS1-44,inversion,22.603030271419208,0.0,2491.10986328125
EDTRPAS1-44,inversion,23.151723835152733,0.0,2342.58056640625
EDTRPAS1-44,inversion,23.71373705661656,0.0,2194.735107421875
EDTRPAS1-44,inversion,24.2893932734508,0.0,2054.468505859375
EDTRPAS1-44,inversion,24.879023672388367,0.0,1928.669921875
EDTRPAS1-44,inversion,25.482967479793473,0.0,1823.850830078125
EDTRPAS1-44,inversion,26.10157215682537,0.0,1745.9456787109375
EDTRPAS1-44,inversion,26.735193599339915,0.0,1700.380126953125
EDTRPAS1-44,inversion,27.384196342643627,0.0,1692.3770751953125
EDTRPAS1-44,inversion,28.048953771218283,0.0,1727.4176025390625
EDTRPAS1-44,inversion,28.729848333536648,0.0,1811.86083984375
EDTRPAS1-44,inversion,29.427271762092822,0.0,1953.6517333984375
EDTRPAS1-44,inversion,30.14162529877391,0.0,2163.171142578125
EDTRPAS1-44,inversion,30.873319925702642,0.0,2454.4013671875
EDTRPAS1-44,inversion,31.62277660168379,0.0,2846.611328125
EDTRPAS1-44,inversion,32.390426504390305,0.0,3284.643310546875
EDTRPAS1-44,inversion,33.17671127842858,0.0,3286.56591796875
EDTRPAS1-44,inversion,33.98208328942561,0.0,3288.8876953125
EDTRPAS1-44,inversion,34.807005884284116,0.0,3291.69677734375
EDTRPAS1-44,inversion,35.651953657755485,0.0,3295.118408203125
EDTRPAS1-44,inversion,36.51741272548378,0.0,3299.3095703125
EDTRPAS1-44,inversion,37.403881003677874,0.0,3304.469970703125
EDTRPAS1-44,inversion,38.31186849557288,0.0,3310.826416015625
EDTRPAS1-44,inversion,39.241897584845354,0.0,3318.625732421875
EDTRPAS1-44,inversion,40.19450333615125,0.0,3328.10205078125
EDTRPAS1-44,inversion,41.17023380295948,0.0,3339.44287109375
EDTRPAS1-44,inversion,42.16965034285825,0.0,3352.7431640625
EDTRPAS1-44,inversion,43.19332794051545,0.0,3367.9619140625
EDTRPAS1-44,inversion,44.24185553847917,0.0,3384.867431640625
EDTRPAS1-44,inversion,45.315836376008185,0.0,3403.0087890625
EDTRPAS1-44,inversion,46.41588833612781,0.0,3421.70458984375
EDTRPAS1-44,inversion,47.54264430111056,0.0,3440.048095703125
EDTRPAS1-44,inversion,48.69675251658631,0.0,3456.973876953125
EDTRPAS1-44,inversion,49.878876964491056,0.0,3471.33740234375
EDTRPAS1-44,inversion,51.08969774506929,0.0,3482.029541015625
EDTRPAS1-44,inversion,52.32991146814949,0.0,3488.109619140625
EDTRPAS1-44,inversion,53.60023165391793,0.0,3488.91162109375
EDTRPAS1-44,inversion,54.901389143421405,0.0,3484.1533203125
EDTRPAS1-44,inversion,56.234132519034915,0.0,3473.968017578125
EDTRPAS1-44,inversion,57.5992285351363,0.0,3458.900634765625
EDTRPAS1-44,inversion,58.997462559235615,0.0,3439.847900390625
EDTRPAS1-44,inversion,60.42963902381327,0.0,3417.9423828125
EDTRPAS1-44,inversion,61.89658188912606,0.0,3394.43603515625
EDTRPAS1-44,inversion,63.39913511724846,0.0,3370.556884765625
EDTRPAS1-44,inversion,64.93816315762116,0.0,3347.40234375
EDTRPAS1-44,inversion,66.51455144438633,0.0,3325.85498046875
EDTRPAS1-44,inversion,68.12920690579612,0.0,3306.53955078125
EDTRPAS1-44,inversion,69.78305848598664,0.0,3289.814697265625
EDTRPAS1-44,inversion,71.47705767941858,0.0,1594.9620361328125
EDTRPAS1-44,inversion,73.21217907829133,3.376825673712612e-64,285.1656494140625
EDTRPAS1-44,inversion,74.98942093324557,3.017215775644511e-19,77.5440902709961
EDTRPAS1-44,inversion,76.80980572767753,3.569484582514715e-08,26.149066925048828
EDTRPAS1-44,inversion,78.67438076599402,0.00011135731702291015,9.733138084411621
EDTRPAS1-44,inversion,80.58421877614815,0.0019489750199452541,3.860259532928467
EDTRPAS1-44,inversion,82.5404185268019,0.005671998954432301,1.5892117023468018
EDTRPAS1-44,inversion,84.54410545946924,0.00845907066727454,0.8301218152046204
EDTRPAS1-44,inversion,86.59643233600654,0.009720790720512743,0.4100838303565979
EDTRPAS1-44,inversion,88.6985799018192,0.010185368726459688,0.3076134920120239
EDTRPAS1-44,inversion,90.85175756516864,0.010226743267322301,0.21648983657360077
EDTRPAS1-44,inversion,93.05720409296997,0.010214051853293434,0.33733272552490234
EDTRPAS1-44,inversion,95.31618832347876,0.010186546725646102,0.2939929962158203
EDTRPAS1-44,inversion,97.63000989628077,0.010145781908735284,0.21745836734771729
EDTRPAS1-44,inversion,100.00000000000004,0.01010161698984626,0.21404677629470825
EDTRPAS1-44,inversion,102.4275221381592,0.01005974746214116,0.24054305255413055
EDTRPAS1-44,inversion,104.91397291363097,0.010021892187300646,0.2792297303676605
EDTRPAS1-44,inversion,107.46078283213177,0.009988015264450093,0.32274100184440613
EDTRPAS1-44,inversion,110.0694171252209,0.009957644220122594,0.36781641840934753
EDTRPAS1-44,inversion,112.74137659327857,0.009930331422023807,0.41281256079673767
EDTRPAS1-44,inversion,115.4781984689458,0.009905707276684566,0.45675575733184814
EDTRPAS1-44,inversion,118.28145730152693,0.009883471226870487,0.4393182098865509
EDTRPAS1-44,inversion,121.15276586285887,0.009863432224245084,0.41076529026031494
EDTRPAS1-44,inversion,124.0937760751719,0.009845333384212063,0.38773101568222046
EDTRPAS1-44,inversion,127.10617996147457,0.009829062386849021,0.3691348433494568
EDTRPAS1-44,inversion,130.19171061900778,0.009814444407262977,0.35410696268081665
EDTRPAS1-44,inversion,133.35214321633242,0.009801405900618895,0.3419545590877533
EDTRPAS1-44,inversion,136.58929601461872,0.009789791771921467,0.33212384581565857
EDTRPAS1-44,inversion,139.90503141372932,0.00977953265814853,0.3241572976112366
EDTRPAS1-44,inversion,143.30125702369637,0.009770523102898013,0.3176901340484619
EDTRPAS1-44,inversion,146.77992676220697,0.009762663725545335,0.3124304413795471
EDTRPAS1-44,inversion,150.34304197873345,0.009755838916947705,0.3081466555595398
EDTRPAS1-44,inversion,153.99265260594927,0.009749976620569761,0.3046520948410034
EDTRPAS1-44,inversion,157.7308583390972,0.00974487323020035,0.30179888010025024
EDTRPAS1-44,inversion,161.55980984398738,0.009740477677461216,0.2994824945926666
EDTRPAS1-44,inversion,165.48170999431815,0.009736565041847625,0.2976149022579193
EDTRPAS1-44,inversion,169.49881513903458,0.00973304132914279,0.2961329221725464
EDTRPAS1-44,inversion,173.6134364004524,0.009729715716071285,0.2949937582015991
EDTRPAS1-44,inversion,177.82794100389225,0.00972649909864659,0.2941538989543915
EDTRPAS1-44,inversion,182.14475363959448,0.009723202103226207,0.2935927212238312
EDTRPAS1-44,inversion,186.56635785769126,0.009719779772242445,0.29327890276908875
EDTRPAS1-44,inversion,191.09529749704396,0.009716176218552575,0.2931872308254242
EDTRPAS1-44,inversion,195.73417814876615,0.009712348258499351,0.29329097270965576
EDTRPAS1-44,inversion,200.48566865527133,0.009708364422116528,0.293550968170166
EDTRPAS1-44,inversion,205.35250264571462,0.009704319949950538,0.2939315438270569
EDTRPAS1-44,inversion,210.3374801087034,0.009700300599003639,0.2943902909755707
EDTRPAS1-44,inversion,215.44346900318828,0.009696502300679909,0.2948753833770752
EDTRPAS1-44,inversion,220.67340690845913,0.00969305882791469,0.2953428626060486
EDTRPAS1-44,inversion,226.030302714192,0.00969015930148516,0.29575085639953613
EDTRPAS1-44,inversion,231.5172383515274,0.009687902388246086,0.2960611879825592
EDTRPAS1-44,inversion,237.13737056616563,0.009686434202947437,0.29624953866004944
EDTRPAS1-44,inversion,242.8939327345078,0.009685667500688961,0.2963096797466278
EDTRPAS1-44,inversion,248.79023672388362,0.009685662053186096,0.2962414026260376
EDTRPAS1-44,inversion,254.82967479793467,0.009686224055445187,0.2960700988769531
EDTRPAS1-44,inversion,261.0157215682535,0.00968719854449496,0.2958243191242218
EDTRPAS1-44,inversion,267.3519359933992,0.009688383801098498,0.2955552935600281
EDTRPAS1-44,inversion,273.84196342643605,0.009689416210645284,0.29531168937683105
EDTRPAS1-44,inversion,280.48953771218277,0.009690103201722046,0.2951533794403076
EDTRPAS1-44,inversion,287.29848333536654,0.009690104474317517,0.2951376140117645
EDTRPAS1-44,inversion,294.27271762092806,0.009689151370762214,0.29532238841056824
EDTRPAS1-44,inversion,301.4162529877392,0.009686998519229096,0.2957528829574585
EDTRPAS1-44,inversion,308.73319925702634,0.009683454451905004,0.29647088050842285
EDTRPAS1-44,inversion,316.22776601683796,0.009678389736823027,0.2975035309791565
EDTRPAS1-44,inversion,323.90426504390314,0.009671748660101957,0.29885920882225037
EDTRPAS1-44,inversion,331.7671127842856,0.009663563469865476,0.30053219199180603
EDTRPAS1-44,inversion,339.82083289425617,0.009653957068324103,0.3024977445602417
EDTRPAS1-44,inversion,348.0700588428411,0.009643154492956557,0.30471450090408325
EDTRPAS1-44,inversion,356.51953657755496,0.00963144913649804,0.3071187138557434
EDTRPAS1-44,inversion,365.17412725483786,0.009619207273040112,0.309634268283844
EDTRPAS1-44,inversion,374.0388100367785,0.00960682612529494,0.3121841549873352
EDTRPAS1-44,inversion,383.1186849557287,0.009594716571203513,0.3146817088127136
EDTRPAS1-44,inversion,392.4189758484536,0.009583244273131888,0.31705036759376526
EDTRPAS1-44,inversion,401.9450333615123,0.009572714703141192,0.3192276358604431
EDTRPAS1-44,inversion,411.7023380295949,0.009563347128974466,0.3211665749549866
EDTRPAS1-44,inversion,421.69650342858216,0.009555267318385624,0.32284048199653625
EDTRPAS1-44,inversion,431.93327940515445,0.009548512431773286,0.3242408037185669
EDTRPAS1-44,inversion,442.41855538479183,0.009543041054969942,0.3253760039806366
EDTRPAS1-44,inversion,453.15836376008156,0.009538748215502303,0.3262673616409302
EDTRPAS1-44,inversion,464.1588833612782,0.009535499909809645,0.32694196701049805
EDTRPAS1-44,inversion,475.4264430111055,0.009533140637453271,0.3274320662021637
EDTRPAS1-44,inversion,486.96752516586315,0.0095315127780524,0.32777008414268494
EDTRPAS1-44,inversion,498.7887696449107,0.009530466784928656,0.3279878795146942
EDTRPAS1-44,inversion,510.8969774506926,0.009462725858817815,0.3421175479888916
EDTRPAS1-44,inversion,523.299114681495,0.009446565641949548,0.3455039858818054
EDTRPAS1-44,inversion,536.0023165391792,0.009428214880441469,0.34935620427131653
EDTRPAS1-44,inversion,549.0138914342142,0.00940761807598455,0.3536890149116516
EDTRPAS1-44,inversion,562.3413251903493,0.009384815473712666,0.3584979176521301
EDTRPAS1-44,inversion,575.9922853513626,0.009359922164603398,0.3637602925300598
EDTRPAS1-44,inversion,589.9746255923563,0.009333108937359244,0.3694450259208679
EDTRPAS1-44,inversion,604.2963902381329,0.009304580323645239,0.3755117654800415
EDTRPAS1-44,inversion,618.9658188912607,0.009274542347593246,0.38192018866539
EDTRPAS1-44,inversion,633.9913511724842,0.009243180124065015,0.3886331021785736
EDTRPAS1-44,inversion,649.3816315762111,0.00921064667625997,0.39562177658081055
EDTRPAS1-44,inversion,665.1455144438634,0.009177058337646277,0.40286242961883545
EDTRPAS1-44,inversion,681.2920690579614,0.009142492501850705,0.4103431701660156
EDTRPAS1-44,inversion,697.8305848598666,0.009107016600650953,0.418049693107605
EDTRPAS1-44,inversion,714.7705767941853,0.009070689923831756,0.42597317695617676
EDTRPAS1-44,inversion,732.1217907829127,0.009033594565351586,0.43409717082977295
EDTRPAS1-44,inversion,749.8942093324558,0.008995850715542084,0.4423978328704834
EDTRPAS1-44,inversion,768.0980572767755,0.0089576022780837,0.4508451223373413
EDTRPAS1-44,inversion,786.7438076599396,0.008919012958759394,0.45940452814102173
EDTRPAS1-44,inversion,805.8421877614817,0.008880252249462792,0.4680408835411072
EDTRPAS1-44,inversion,825.4041852680184,0.008841461309199074,0.47672080993652344
EDTRPAS1-44,inversion,845.4410545946926,0.008802721508188822,0.48542821407318115
EDTRPAS1-44,inversion,865.9643233600657,0.008764056941246481,0.4941571354866028
EDTRPAS1-44,inversion,886.9857990181914,0.008725391424575955,0.5029251575469971
EDTRPAS1-44,inversion,908.5175756516867,0.00868659490587702,0.5117619633674622
EDTRPAS1-44,inversion,930.572040929699,0.008647476306207161,0.5207134485244751
EDTRPAS1-44,inversion,953.1618832347878,0.008607804216791715,0.5298322439193726
EDTRPAS1-44,inversion,976.3000989628069,0.008567351018543888,0.5391758680343628
EDTRPAS1-44,inversion,999.9999999999998,0.008525907337649847,0.5487923622131348
SCTXSUS1-13/EDTRVFPS1-08,inversion,92.82107890000002,0.002842298257768006,28.57842254638672
SCTXSUS1-13/EDTRVFPS1-08,inversion,95.07433113917578,0.001818683698561482,29.467973709106445
SCTXSUS1-13/EDTRVFPS1-08,inversion,97.3822815752861,0.0013794221569352156,30.012657165527344
SCTXSUS1-13/EDTRVFPS1-08,inversion,99.74625801917065,0.0011662107699721175,30.344715118408203
SCTXSUS1-13/EDTRVFPS1-08,inversion,102.16762051457147,0.0010544704962571023,30.544740676879883
SCTXSUS1-13/EDTRVFPS1-08,inversion,104.64776212059321,0.0009928542010762596,30.664573669433594
SCTXSUS1-13/EDTRVFPS1-08,inversion,107.18810971315885,0.0009574769998995096,30.736833572387695
SCTXSUS1-13/EDTRVFPS1-08,inversion,109.7901248059201,0.0009363494282536509,30.781248092651367
SCTXSUS1-13/EDTRVFPS1-08,inversion,112.45530439109648,0.0009232072739830576,30.80934715270996
SCTXSUS1-13/EDTRVFPS1-08,inversion,115.1851818007247,0.0009147276605307286,30.827402114868164
SCTXSUS1-13/EDTRVFPS1-08,inversion,117.98132758881628,0.0009091336742771078,30.838603973388672
SCTXSUS1-13/EDTRVFPS1-08,inversion,120.84535043492897,0.0009054659792006981,30.845775604248047
SCTXSUS1-13/EDTRVFPS1-08,inversion,123.77889806967289,0.0009031800005763657,30.85006332397461
SCTXSUS1-13/EDTRVFPS1-08,inversion,126.78365822268377,0.0009019416353034614,30.85213279724121
SCTXSUS1-13/EDTRVFPS1-08,inversion,129.86135959360757,0.0009015101796371768,30.852519989013672
SCTXSUS1-13/EDTRVFPS1-08,inversion,133.013772846657,0.0009016882017169459,30.851619720458984
SCTXSUS1-13/EDTRVFPS1-08,inversion,136.24271162931032,0.0009023099744490736,30.849807739257812
SCTXSUS1-13/EDTRVFPS1-08,inversion,139.5500336157403,0.0009032237043410018,30.847412109375
SCTXSUS1-13/EDTRVFPS1-08,inversion,142.93764157557104,0.0009042992503141019,30.844707489013672
SCTXSUS1-13/EDTRVFPS1-08,inversion,146.40748446858075,0.0009054373716745864,30.8419132232666
SCTXSUS1-13/EDTRVFPS1-08,inversion,149.9615585659776,0.0009065678861357473,30.839191436767578
SCTXSUS1-13/EDTRVFPS1-08,inversion,153.60190859889522,0.0009076577937808808,30.836572647094727
SCTXSUS1-13/EDTRVFPS1-08,inversion,157.33062893476853,0.0009087090136633025,30.834095001220703
SCTXSUS1-13/EDTRVFPS1-08,inversion,161.1498647822652,0.00090975986218799,30.831632614135742
SCTXSUS1-13/EDTRVFPS1-08,inversion,165.0618134254684,0.0009108815233040785,30.829044342041016
SCTXSUS1-13/EDTRVFPS1-08,inversion,169.06872548801874,0.0009121706503852847,30.82611083984375
SCTXSUS1-13/EDTRVFPS1-08,inversion,173.17290622794394,0.0009137365391920053,30.822589874267578
SCTXSUS1-13/EDTRVFPS1-08,inversion,177.37671686392102,0.0009156920952576474,30.818248748779297
SCTXSUS1-13/EDTRVFPS1-08,inversion,181.68257593373275,0.0009181363838668805,30.81285285949707
SCTXSUS1-13/EDTRVFPS1-08,inversion,186.09296068570208,0.0009211388466675195,30.80626678466797
SCTXSUS1-13/EDTRVFPS1-08,inversion,190.6104085039035,0.0009247288420649816,30.798446655273438
SCTXSUS1-13/EDTRVFPS1-08,inversion,195.23751836797135,0.00092887886913266,30.78945541381836
SCTXSUS1-13/EDTRVFPS1-08,inversion,199.97695234834657,0.0009335043562834129,30.779489517211914
SCTXSUS1-13/EDTRVFPS1-08,inversion,204.83143713781885,0.0009384564523578373,30.76888656616211
SCTXSUS1-13/EDTRVFPS1-08,inversion,209.80376562024898,0.0009435365508547637,30.758071899414062
SCTXSUS1-13/EDTRVFPS1-08,inversion,214.89679847737224,0.0009485042944777554,30.74755096435547
SCTXSUS1-13/EDTRVFPS1-08,inversion,220.11346583460593,0.0009531079479455195,30.73785972595215
SCTXSUS1-13/EDTRVFPS1-08,inversion,225.45676894681057,0.0009570998779957915,30.729490280151367
SCTXSUS1-13/EDTRVFPS1-08,inversion,230.92978192497293,0.0009602720165650195,30.722858428955078
SCTXSUS1-13/EDTRVFPS1-08,inversion,236.53565350480432,0.000962481441997924,30.718257904052734
SCTXSUS1-13/EDTRVFPS1-08,inversion,242.27760885827308,0.000963665916108615,30.715797424316406
SCTXSUS1-13/EDTRVFPS1-08,inversion,248.15895144911053,0.0009638554460828732,30.715394973754883
SCTXSUS1-13/EDTRVFPS1-08,inversion,254.18306493336155,0.0009631865968260206,30.716785430908203
SCTXSUS1-13/EDTRVFPS1-08,inversion,260.3534151060706,0.0009618828218744792,30.7194881439209
SCTXSUS1-13/EDTRVFPS1-08,inversion,266.67355189522385,0.0009602555724763472,30.72287368774414
SCTXSUS1-13/EDTRVFPS1-08,inversion,273.147111404096,0.0009586686842012219,30.726184844970703
SCTXSUS1-13/EDTRVFPS1-08,inversion,279.7778180031729,0.0009575328849100405,30.728553771972656
SCTXSUS1-13/EDTRVFPS1-08,inversion,286.56948647285884,0.0009572615824203135,30.729116439819336
SCTXSUS1-13/EDTRVFPS1-08,inversion,293.52602419819675,0.00095825530272455,30.7270450592041
SCTXSUS1-13/EDTRVFPS1-08,inversion,300.6514334168664,0.0009608667804462602,30.721595764160156
SCTXSUS1-13/EDTRVFPS1-08,inversion,307.9498135217539,0.0009653776853200494,30.712228775024414
SCTXSUS1-13/EDTRVFPS1-08,inversion,315.4253634194146,0.0009719769852579047,30.6986026763916
SCTXSUS1-13/EDTRVFPS1-08,inversion,323.08238394578984,0.000980739312064403,30.680646896362305
SCTXSUS1-13/EDTRVFPS1-08,inversion,330.92528034056687,0.0009916148203747103,30.65860366821289
SCTXSUS1-13/EDTRVFPS1-08,inversion,338.95856478159936,0.0010044231144597192,30.632932662963867
SCTXSUS1-13/EDTRVFPS1-08,inversion,347.18685898085954,0.001018859873305343,30.60439109802246
SCTXSUS1-13/EDTRVFPS1-08,inversion,355.61489684339966,0.0010345077983888273,30.573917388916016
SCTXSUS1-13/EDTRVFPS1-08,inversion,364.247527190865,0.0010508744522128748,30.542526245117188
SCTXSUS1-13/EDTRVFPS1-08,inversion,373.0897165511209,0.0010674253513233316,30.511280059814453
SCTXSUS1-13/EDTRVFPS1-08,inversion,382.1465520155949,0.0010836252511046336,30.481157302856445
SCTXSUS1-13/EDTRVFPS1-08,inversion,391.42324416598575,0.0010989873326411313,30.453012466430664
SCTXSUS1-13/EDTRVFPS1-08,inversion,400.92513007201615,0.0011131110775764958,30.427480697631836
SCTXSUS1-13/EDTRVFPS1-08,inversion,410.6576763619577,0.001125706653029056,30.404983520507812
SCTXSUS1-13/EDTRVFPS1-08,inversion,420.6264823676946,0.0011366058158909704,30.385717391967773
SCTXSUS1-13/EDTRVFPS1-08,inversion,430.8372833461309,0.0011457546920743817,30.369680404663086
SCTXSUS1-13/EDTRVFPS1-08,inversion,441.2959537788021,0.0011532024501365661,30.356731414794922
SCTXSUS1-13/EDTRVFPS1-08,inversion,452.0085107515835,0.00115907608832928,30.346572875976562
SCTXSUS1-13/EDTRVFPS1-08,inversion,462.9811174164417,0.0011635477118597574,30.338871002197266
SCTXSUS1-13/EDTRVFPS1-08,inversion,474.22008653722287,0.0011668210072257007,30.333255767822266
SCTXSUS1-13/EDTRVFPS1-08,inversion,485.7318841215119,0.0011691000384138842,30.3293514251709
SCTXSUS1-13/EDTRVFPS1-08,inversion,497.52313314065964,0.0011705804680860585,30.32682228088379
SCTXSUS1-13/EDTRVFPS1-08,inversion,509.60061734011265,0.0012540929799273394,30.18807601928711
SCTXSUS1-13/EDTRVFPS1-08,inversion,521.9712851422396,0.0012740501901424568,30.15618324279785
SCTXSUS1-13/EDTRVFPS1-08,inversion,534.6422536439018,0.0012966742192231252,30.120622634887695
SCTXSUS1-13/EDTRVFPS1-08,inversion,547.620812711061,0.0013220322159046634,30.08149528503418
SCTXSUS1-13/EDTRVFPS1-08,inversion,560.9144291727891,0.0013500865045389006,30.039087295532227
SCTXSUS1-13/EDTRVFPS1-08,inversion,574.5307511170886,0.0013806959339289708,29.99380111694336
SCTXSUS1-13/EDTRVFPS1-08,inversion,588.4776122909881,0.0014136533187246879,29.946157455444336
SCTXSUS1-13/EDTRVFPS1-08,inversion,602.7630366074627,0.0014487144306107222,29.896678924560547
SCTXSUS1-13/EDTRVFPS1-08,inversion,617.3952427617497,0.0014856267428626634,29.84587287902832
SCTXSUS1-13/EDTRVFPS1-08,inversion,632.3826489597327,0.001524170392785285,29.794151306152344
SCTXSUS1-13/EDTRVFPS1-08,inversion,647.7338777611081,0.0015641569824651046,29.741867065429688
SCTXSUS1-13/EDTRVFPS1-08,inversion,663.4577610401163,0.0016054629597051966,29.68924331665039
SCTXSUS1-13/EDTRVFPS1-08,inversion,679.5633450667009,0.001647995119849844,29.636459350585938
SCTXSUS1-13/EDTRVFPS1-08,inversion,696.0598957110105,0.0016916995555802587,29.583614349365234
SCTXSUS1-13/EDTRVFPS1-08,inversion,712.9569037742428,0.001736514618153779,29.53083610534668
SCTXSUS1-13/EDTRVFPS1-08,inversion,730.2640904488973,0.0017823643111544768,29.478229522705078
SCTXSUS1-13/EDTRVFPS1-08,inversion,747.9914129115715,0.0018291320269047194,29.42594337463379
SCTXSUS1-13/EDTRVFPS1-08,inversion,766.1490700515301,0.0018766669790451181,29.374164581298828
SCTXSUS1-13/EDTRVFPS1-08,inversion,784.7475083383322,0.0019247792683660587,29.32306671142578
SCTXSUS1-13/EDTRVFPS1-08,inversion,803.7974278318975,0.001973272611646311,29.272842407226562
SCTXSUS1-13/EDTRVFPS1-08,inversion,823.3097883384714,0.00202198197009714,29.22362518310547
SCTXSUS1-13/EDTRVFPS1-08,inversion,843.2958157160199,0.002070800132000515,29.175466537475586
SCTXSUS1-13/EDTRVFPS1-08,inversion,863.767008332696,0.002119698704331435,29.12836265563965
SCTXSUS1-13/EDTRVFPS1-08,inversion,884.7351436820888,0.0021687548334583715,29.082185745239258
SCTXSUS1-13/EDTRVFPS1-08,inversion,906.2122851590458,0.0022181426483648785,29.036733627319336
SCTXSUS1-13/EDTRVFPS1-08,inversion,928.2107890000004,0.002268112989370986,28.991764068603516
SCTXSUS1-13/EDTRVFPS1-08,inversion,950.7433113917581,0.0023189770303999138,28.94699478149414
SCTXSUS1-13/EDTRVFPS1-08,inversion,973.8228157528604,0.0023710499712473014,28.902172088623047
SCTXSUS1-13/EDTRVFPS1-08,inversion,997.4625801917077,0.0024246510354833466,28.857044219970703
SCTXSUS1-13/EDTRVFPS1-08,inversion,1021.6762051457149,0.0024800367484121,28.811445236206055
SCTXSUS1-13/EDTRVFPS1-08,inversion,1046.4776212059323,0.0025374397515340245,28.765249252319336
SCTXSUS1-13/EDTRVFPS1-08,inversion,1071.8810971315886,0.0025970361609856064,28.7183780670166
SCTXSUS1-13/EDTRVFPS1-08,inversion,1097.9012480592012,0.0026589765966156978,28.670787811279297
SCTXSUS1-13/EDTRVFPS1-08,inversion,1124.553043910965,0.0027234069609506895,28.622446060180664
SCTXSUS1-13/EDTRVFPS1-08,inversion,1151.8518180072474,0.002790476965517883,28.57331657409668
SCTXSUS1-13/EDTRVFPS1-08,inversion,1179.813275888163,0.0028603605841662663,28.52336311340332
SCTXSUS1-13/EDTRVFPS1-08,inversion,1208.45350434929,0.002933254732492518,28.4725399017334
SCTXSUS1-13/EDTRVFPS1-08,inversion,1237.7889806967291,0.003009356254348534,28.420799255371094
SCTXSUS1-13/EDTRVFPS1-08,inversion,1267.836582226838,0.003088852380880353,28.368133544921875
SCTXSUS1-13/EDTRVFPS1-08,inversion,1298.613595936076,0.0031718737062460304,28.314546585083008
SCTXSUS1-13/EDTRVFPS1-08,inversion,1330.137728466569,0.0032584875850060467,28.260108947753906
SCTXSUS1-13/EDTRVFPS1-08,inversion,1362.4271162931045,0.003348661027694978,28.2049503326416
SCTXSUS1-13/EDTRVFPS1-08,inversion,1395.5003361574031,0.003442267035882026,28.14922332763672
SCTXSUS1-13/EDTRVFPS1-08,inversion,1429.3764157557107,0.0035391111350321497,28.093143463134766
SCTXSUS1-13/EDTRVFPS1-08,inversion,1464.0748446858079,0.003638936972679777,28.036907196044922
SCTXSUS1-13/EDTRVFPS1-08,inversion,1499.615585659775,0.0037414718758772966,27.98072052001953
SCTXSUS1-13/EDTRVFPS1-08,inversion,1536.0190859889537,0.0038464571456174853,27.92474937438965
SCTXSUS1-13/EDTRVFPS1-08,inversion,1573.3062893476856,0.003953695374893573,27.869131088256836
SCTXSUS1-13/EDTRVFPS1-08,inversion,1611.4986478226524,0.0040630554340522675,27.813922882080078
SCTXSUS1-13/EDTRVFPS1-08,inversion,1650.6181342546843,0.004174500238083556,27.75916862487793
SCTXSUS1-13/EDTRVFPS1-08,inversion,1690.6872548801864,0.004288073399576193,27.70484161376953
SCTXSUS1-13/EDTRVFPS1-08,inversion,1731.7290622794412,0.004403884467725661,27.650890350341797
SCTXSUS1-13/EDTRVFPS1-08,inversion,1773.7671686392107,0.0045220964017896395,27.597251892089844
SCTXSUS1-13/EDTRVFPS1-08,inversion,1816.8257593373278,0.004642888077033987,27.543861389160156
SCTXSUS1-13/EDTRVFPS1-08,inversion,1860.9296068570213,0.004766430377546603,27.490663528442383
SCTXSUS1-13/EDTRVFPS1-08,inversion,1906.1040850390336,0.004892913872783322,27.437593460083008
SCTXSUS1-13/EDTRVFPS1-08,inversion,1952.375183679714,0.005022450477898398,27.384632110595703
SCTXSUS1-13/EDTRVFPS1-08,inversion,1999.7695234834662,0.005155183431321655,27.331750869750977
SCTXSUS1-13/EDTRVFPS1-08,inversion,2048.314371378189,0.005291202807837825,27.278940200805664
SCTXSUS1-13/EDTRVFPS1-08,inversion,2098.037656202492,0.005430625556656453,27.22618865966797
SCTXSUS1-13/EDTRVFPS1-08,inversion,2148.967984773723,0.005573586514436399,27.173465728759766
SCTXSUS1-13/EDTRVFPS1-08,inversion,2201.13465834606,0.005720246453979752,27.12074851989746
SCTXSUS1-13/EDTRVFPS1-08,inversion,2254.5676894681064,0.005870827925009335,27.067995071411133
SCTXSUS1-13/EDTRVFPS1-08,inversion,2309.297819249728,0.0060256271376915435,27.01514434814453
SCTXSUS1-13/EDTRVFPS1-08,inversion,2365.3565350480458,0.006184986389178013,26.96212387084961
SCTXSUS1-13/EDTRVFPS1-08,inversion,2422.7760885827315,0.006349286101666282,26.908843994140625
SCTXSUS1-13/EDTRVFPS1-08,inversion,2481.589514491106,0.006518934612587705,26.855247497558594
SCTXSUS1-13/EDTRVFPS1-08,inversion,2541.830649333616,0.006694363918107878,26.801250457763672
SCTXSUS1-13/EDTRVFPS1-08,inversion,2603.534151060704,0.006875957416329854,26.746809005737305
SCTXSUS1-13/EDTRVFPS1-08,inversion,2666.7355189522414,0.007064036323378521,26.691898345947266
SCTXSUS1-13/EDTRVFPS1-08,inversion,2731.471114040961,0.007258811360896935,26.636533737182617
SCTXSUS1-13/EDTRVFPS1-08,inversion,2797.77818003173,0.007460387157829967,26.580759048461914
SCTXSUS1-13/EDTRVFPS1-08,inversion,2865.694864728589,0.007668729580161154,26.5246524810791
SCTXSUS1-13/EDTRVFPS1-08,inversion,2935.2602419819655,0.007883669582328142,26.46832275390625
SCTXSUS1-13/EDTRVFPS1-08,inversion,3006.514334168667,0.008104926430678927,26.41189956665039
SCTXSUS1-13/EDTRVFPS1-08,inversion,3079.49813521754,0.008332108784771938,26.35552406311035
SCTXSUS1-13/EDTRVFPS1-08,inversion,3154.2536341941495,0.008564780706458655,26.29933738708496
SCTXSUS1-13/EDTRVFPS1-08,inversion,3230.823839457902,0.008802441371672135,26.243478775024414
SCTXSUS1-13/EDTRVFPS1-08,inversion,3309.2528034056663,0.009044584145778927,26.188074111938477
SCTXSUS1-13/EDTRVFPS1-08,inversion,3389.5856478159976,0.009290711888588628,26.133241653442383
SCTXSUS1-13/EDTRVFPS1-08,inversion,3471.8685898085964,0.009540314284965108,26.079086303710938
SCTXSUS1-13/EDTRVFPS1-08,inversion,3556.148968433994,0.0097928839155759,26.025684356689453
SCTXSUS1-13/EDTRVFPS1-08,inversion,3642.475271908654,0.010047998379604642,25.973115921020508
SCTXSUS1-13/EDTRVFPS1-08,inversion,3730.8971655112096,0.010305163320008123,25.921445846557617
SCTXSUS1-13/EDTRVFPS1-08,inversion,3821.4655201559467,0.010564017412765121,25.870712280273438
SCTXSUS1-13/EDTRVFPS1-08,inversion,3914.232441659858,0.01082421602249238,25.820941925048828
SCTXSUS1-13/EDTRVFPS1-08,inversion,4009.2513007201587,0.011085506999257016,25.77214813232422
SCTXSUS1-13/EDTRVFPS1-08,inversion,4106.5767636195815,0.01134774595420355,25.724313735961914
SCTXSUS1-13/EDTRVFPS1-08,inversion,4206.264823676947,0.011610893507527375,25.677413940429688
SCTXSUS1-13/EDTRVFPS1-08,inversion,4308.372833461313,0.011875021439531461,25.631399154663086
SCTXSUS1-13/EDTRVFPS1-08,inversion,4412.959537788022,0.012140278340202962,25.586210250854492
SCTXSUS1-13/EDTRVFPS1-08,inversion,4520.085107515832,0.012406926603381682,25.541780471801758
SCTXSUS1-13/EDTRVFPS1-08,inversion,4629.8111741644225,0.012675219202717846,25.497547149658203
SCTXSUS1-13/EDTRVFPS1-08,inversion,4742.20086537223,0.012945411495373621,25.453081130981445
SCTXSUS1-13/EDTRVFPS1-08,inversion,4857.318841215116,0.013217716780111886,25.409130096435547
SCTXSUS1-13/EDTRVFPS1-08,inversion,4975.231331406597,0.013492211925748235,25.365663528442383
SCTXSUS1-13/EDTRVFPS1-08,inversion,5096.006173401123,0.013768822393053584,25.32267951965332
SCTXSUS1-13/EDTRVFPS1-08,inversion,5219.712851422392,0.014047239852786702,25.28020668029785
SCTXSUS1-13/EDTRVFPS1-08,inversion,5346.422536439019,0.014326931937410725,25.238311767578125
SCTXSUS1-13/EDTRVFPS1-08,inversion,5476.208127110616,0.014607079272059662,25.197092056274414
SCTXSUS1-13/EDTRVFPS1-08,inversion,5609.144291727897,0.0148865946694768,25.156681060791016
SCTXSUS1-13/EDTRVFPS1-08,inversion,5745.307511170882,0.015164133109902226,25.11723518371582
SCTXSUS1-13/EDTRVFPS1-08,inversion,5884.776122909887,0.015438126113751024,25.078935623168945
SCTXSUS1-13/EDTRVFPS1-08,inversion,6027.630366074628,0.015706861913819606,25.041973114013672
SCTXSUS1-13/EDTRVFPS1-08,inversion,6173.952427617493,0.015968486925142175,25.006546020507812
SCTXSUS1-13/EDTRVFPS1-08,inversion,6323.826489597334,0.016221111958497698,24.97284698486328
SCTXSUS1-13/EDTRVFPS1-08,inversion,6477.338777611082,0.016462788001448944,24.941072463989258
SCTXSUS1-13/EDTRVFPS1-08,inversion,6634.577610401159,0.01669160960833335,24.91140365600586
SCTXSUS1-13/EDTRVFPS1-08,inversion,6795.63345066701,0.016905680603598656,24.884017944335938
SCTXSUS1-13/EDTRVFPS1-08,inversion,6960.598957110113,0.017103190825370904,24.859085083007812
SCTXSUS1-13/EDTRVFPS1-08,inversion,7129.5690377424235,0.017282349992527837,24.836763381958008
SCTXSUS1-13/EDTRVFPS1-08,inversion,7302.640904488974,0.017441610111139157,24.816082000732422
SCTXSUS1-13/EDTRVFPS1-08,inversion,7479.914129115724,0.017579540739429304,24.795848846435547
SCTXSUS1-13/EDTRVFPS1-08,inversion,7661.490700515303,0.01769494488074871,24.778484344482422
SCTXSUS1-13/EDTRVFPS1-08,inversion,7847.475083383316,0.01778700610206515,24.764066696166992
SCTXSUS1-13/EDTRVFPS1-08,inversion,8037.974278318984,0.017855330444369474,24.752641677856445
SCTXSUS1-13/EDTRVFPS1-08,inversion,8233.097883384717,0.017899872555839497,24.74420738220215
SCTXSUS1-13/EDTRVFPS1-08,inversion,8432.958157160192,0.017921103082188774,24.738725662231445
SCTXSUS1-13/EDTRVFPS1-08,inversion,8637.67008332697,0.017919853367050154,24.73611831665039
SCTXSUS1-13/EDTRVFPS1-08,inversion,8847.351436820883,0.017897218860933317,24.73626708984375
SCTXSUS1-13/EDTRVFPS1-08,inversion,9062.122851590451,0.01785465367790333,24.73904037475586
SCTXSUS1-13/EDTRVFPS1-08,inversion,9282.107890000007,0.017793593676752924,24.744285583496094
SCTXSUS1-14/EDTRVFPS1-07,inversion,25.050809435,1.288199709421297e-26,128.75192260742188
SCTXSUS1-14/EDTRVFPS1-07,inversion,25.658923379822713,2.6316414014541775e-28,136.4665985107422
SCTXSUS1-14/EDTRVFPS1-07,inversion,26.281799425281218,3.305386295175528e-30,145.1474151611328
SCTXSUS1-14/EDTRVFPS1-07,inversion,26.919795924636528,2.196170228476984e-32,155.09910583496094
SCTXSUS1-14/EDTRVFPS1-07,inversion,27.57327993025436,6.760158830231883e-35,166.58343505859375
SCTXSUS1-14/EDTRVFPS1-07,inversion,28.242627404777902,8.730512720350472e-38,179.80157470703125
SCTXSUS1-14/EDTRVFPS1-07,inversion,28.928223437426702,4.5010947475774097e-41,194.8460693359375
SCTXSUS1-14/EDTRVFPS1-07,inversion,29.630462465546408,9.387830406173725e-45,211.69422912597656
SCTXSUS1-14/EDTRVFPS1-07,inversion,30.3497485015365,8.622401710854455e-49,230.16712951660156
SCTXSUS1-14/EDTRVFPS1-07,inversion,31.086495365286954,4.0749206570341304e-53,249.9585418701172
SCTXSUS1-14/EDTRVFPS1-07,inversion,31.841126922257143,1.2296026849099674e-57,270.6383361816406
SCTXSUS1-14/EDTRVFPS1-07,inversion,32.6140773273343,3.0656089023178795e-62,291.66888427734375
SCTXSUS1-14/EDTRVFPS1-07,inversion,33.405791274611715,8.338500741969761e-67,312.5127258300781
SCTXSUS1-14/EDTRVFPS1-07,inversion,34.21672425323017,3.269550250995394e-71,332.62158203125
SCTXSUS1-14/EDTRVFPS1-07,inversion,35.04734280943024,2.40424160220362e-75,351.4354553222656
SCTXSUS1-14/EDTRVFPS1-07,inversion,35.898124814965705,4.18139307819991e-79,368.47900390625
SCTXSUS1-14/EDTRVFPS1-07,inversion,36.76955974203303,2.0616064607867553e-82,383.420654296875
SCTXSUS1-14/EDTRVFPS1-07,inversion,37.66214894487456,3.2112237527670386e-85,396.0707092285156
SCTXSUS1-14/EDTRVFPS1-07,inversion,38.5764059482179,1.6105430047824886e-87,406.3036804199219
SCTXSUS1-14/EDTRVFPS1-07,inversion,39.51285674271707,2.425577022801854e-89,414.32562255859375
SCTXSUS1-14/EDTRVFPS1-07,inversion,40.47204008756565,9.564449304150316e-91,420.42010498046875
SCTXSUS1-14/EDTRVFPS1-07,inversion,41.454507820455994,8.307704876072456e-92,425.1678466796875
SCTXSUS1-14/EDTRVFPS1-07,inversion,42.4608251750625,1.3333617285724881e-92,428.48590087890625
SCTXSUS1-14/EDTRVFPS1-07,inversion,43.49157110623224,3.286382235546835e-93,430.71539306640625
SCTXSUS1-14/EDTRVFPS1-07,inversion,44.54733862306928,1.3472539854627226e-93,432.3246765136719
SCTXSUS1-14/EDTRVFPS1-07,inversion,45.62873513010505,6.551884916068582e-94,433.5136413574219
SCTXSUS1-14/EDTRVFPS1-07,inversion,46.736382776750375,2.9667107834084465e-94,435.21783447265625
SCTXSUS1-14/EDTRVFPS1-07,inversion,47.87091881523084,1.277365149976576e-94,435.9890441894531
SCTXSUS1-14/EDTRVFPS1-07,inversion,49.0329959672108,6.79213175755709e-95,435.9124755859375
SCTXSUS1-14/EDTRVFPS1-07,inversion,50.22328279931755,5.185777647588188e-95,435.86273193359375
SCTXSUS1-14/EDTRVFPS1-07,inversion,51.44246410778131,4.8617424093613183e-95,435.82305908203125
SCTXSUS1-14/EDTRVFPS1-07,inversion,52.6912413124123,4.8880138258803004e-95,435.7704162597656
SCTXSUS1-14/EDTRVFPS1-07,inversion,53.97033286014202,5.0799231922283617e-95,435.68292236328125
SCTXSUS1-14/EDTRVFPS1-07,inversion,55.280474638360204,5.436389239969247e-95,435.5461730957031
SCTXSUS1-14/EDTRVFPS1-07,inversion,56.622420398285854,5.9909354744212614e-95,435.3584289550781
SCTXSUS1-14/EDTRVFPS1-07,inversion,57.99694218861584,6.804693809203565e-95,435.1337890625
SCTXSUS1-14/EDTRVFPS1-07,inversion,59.40483079969991,8.226881050206548e-95,434.89862060546875
SCTXSUS1-14/EDTRVFPS1-07,inversion,60.84689621849867,1.2751757908129773e-94,434.6860046386719
SCTXSUS1-14/EDTRVFPS1-07,inversion,62.32396809458545,3.5430023594775046e-94,434.527099609375
SCTXSUS1-14/EDTRVFPS1-07,inversion,63.83689621746082,1.4201074041743535e-93,431.923583984375
SCTXSUS1-14/EDTRVFPS1-07,inversion,65.38655100545343,5.246157756631499e-93,429.2938537597656
SCTXSUS1-14/EDTRVFPS1-07,inversion,66.9738240064896,2.0397923684830296e-92,427.2232971191406
SCTXSUS1-14/EDTRVFPS1-07,inversion,68.59962841101894,2.0869695473923546e-91,422.3198547363281
SCTXSUS1-14/EDTRVFPS1-07,inversion,70.26489957739133,7.486607999051257e-90,415.77630615234375
SCTXSUS1-14/EDTRVFPS1-07,inversion,71.97059556998788,1.7478422129801249e-87,405.2043151855469
SCTXSUS1-14/EDTRVFPS1-07,inversion,73.71769771041438,8.970585569695673e-84,388.44403076171875
SCTXSUS1-14/EDTRVFPS1-07,inversion,75.50721114207602,5.549159453907786e-78,362.3004150390625
SCTXSUS1-14/EDTRVFPS1-07,inversion,77.34016540845656,2.7354377121979447e-69,322.7497863769531
SCTXSUS1-14/EDTRVFPS1-07,inversion,79.21761504543574,2.232923853523277e-57,268.342041015625
SCTXSUS1-14/EDTRVFPS1-07,inversion,81.14064018798547,2.3722974518320286e-43,204.09490966796875
SCTXSUS1-14/EDTRVFPS1-07,inversion,83.11034719159295,8.240066989187631e-30,142.00242614746094
SCTXSUS1-14/EDTRVFPS1-07,inversion,85.12786926876989,3.5317326101798674e-19,93.21460723876953
SCTXSUS1-14/EDTRVFPS1-07,inversion,87.19436714101253,3.837241740043739e-12,60.92191696166992
SCTXSUS1-14/EDTRVFPS1-07,inversion,89.31102970658839,5.548978565254401e-08,41.83174514770508
SCTXSUS1-14/EDTRVFPS1-07,inversion,91.4790747245338,1.169073035575785e-05,31.155323028564453
SCTXSUS1-14/EDTRVFPS1-07,inversion,93.69974951525509,0.00022038723393851188,25.309669494628906
SCTXSUS1-14/EDTRVFPS1-07,inversion,95.97433167813759,0.0011107763332534647,22.081809997558594
SCTXSUS1-14/EDTRVFPS1-07,inversion,98.30412982657475,0.0027313256594188435,20.28275489807129
SCTXSUS1-14/EDTRVFPS1-07,inversion,100.69048434083967,0.004523925675014904,19.27385902404785
SCTXSUS1-14/EDTRVFPS1-07,inversion,103.13476813923332,0.006011435142325646,18.706756591796875
SCTXSUS1-14/EDTRVFPS1-07,inversion,105.63838746795241,0.007059930213689348,18.38570213317871
SCTXSUS1-14/EDTRVFPS1-07,inversion,108.2027827101313,0.007738049000224328,18.201902389526367
SCTXSUS1-14/EDTRVFPS1-07,inversion,110.8294292145241,0.008162487470800627,18.094310760498047
SCTXSUS1-14/EDTRVFPS1-07,inversion,113.5198381443022,0.008430598405683299,18.028745651245117
SCTXSUS1-14/EDTRVFPS1-07,inversion,116.27555734645767,0.00860724315246309,17.986379623413086
SCTXSUS1-14/EDTRVFPS1-07,inversion,119.09817224231098,0.008731058910968873,17.957029342651367
SCTXSUS1-14/EDTRVFPS1-07,inversion,121.989306739636,0.008823754727593277,17.93524169921875
SCTXSUS1-14/EDTRVFPS1-07,inversion,124.95062416692765,0.008896965144287899,17.91815948486328
SCTXSUS1-14/EDTRVFPS1-07,inversion,127.98382823034798,0.008956994914703774,17.904247283935547
SCTXSUS1-14/EDTRVFPS1-07,inversion,131.09066399390338,0.009007253036903468,17.892683029174805
SCTXSUS1-14/EDTRVFPS1-07,inversion,134.27291888341534,0.009049761228731136,17.882959365844727
SCTXSUS1-14/EDTRVFPS1-07,inversion,137.53242371486274,0.009085994497929269,17.87472152709961
SCTXSUS1-14/EDTRVFPS1-07,inversion,140.871053747688,0.009116787469696838,17.86775016784668
SCTXSUS1-14/EDTRVFPS1-07,inversion,144.29072976367135,0.009142985529748585,17.861841201782227
SCTXSUS1-14/EDTRVFPS1-07,inversion,147.79341917199588,0.009165346089927782,17.8568172454834
SCTXSUS1-14/EDTRVFPS1-07,inversion,151.38113714113857,0.009184282684108922,17.852581024169922
SCTXSUS1-14/EDTRVFPS1-07,inversion,155.0559477582369,0.009200315602158188,17.848997116088867
SCTXSUS1-14/EDTRVFPS1-07,inversion,158.81996521660074,0.009213788130797759,17.84599494934082
SCTXSUS1-14/EDTRVFPS1-07,inversion,162.67535503205053,0.009224874255019144,17.843523025512695
SCTXSUS1-14/EDTRVFPS1-07,inversion,166.62433528878256,0.009233809841907544,17.841543197631836
SCTXSUS1-14/EDTRVFPS1-07,inversion,170.66917791547846,0.009240714103702887,17.840003967285156
SCTXSUS1-14/EDTRVFPS1-07,inversion,174.81220999239108,0.009245483516750658,17.83893394470215
SCTXSUS1-14/EDTRVFPS1-07,inversion,179.05581509016181,0.009248299281569764,17.838300704956055
SCTXSUS1-14/EDTRVFPS1-07,inversion,183.40243464113698,0.009248995515273991,17.8381290435791
SCTXSUS1-14/EDTRVFPS1-07,inversion,187.85456934397345,0.009247799790250392,17.838363647460938
SCTXSUS1-14/EDTRVFPS1-07,inversion,192.41478060234212,0.009244743715538274,17.839014053344727
SCTXSUS1-14/EDTRVFPS1-07,inversion,197.08569199855452,0.009240082549714807,17.840011596679688
SCTXSUS1-14/EDTRVFPS1-07,inversion,201.8699908029636,0.00923410122309525,17.841299057006836
SCTXSUS1-14/EDTRVFPS1-07,inversion,206.77042952000573,0.009227136844753958,17.842798233032227
SCTXSUS1-14/EDTRVFPS1-07,inversion,211.78982747177065,0.009219725300285342,17.84440040588379
SCTXSUS1-14/EDTRVFPS1-07,inversion,216.93107242001716,0.009212308765384437,17.84600067138672
SCTXSUS1-14/EDTRVFPS1-07,inversion,222.19712222755936,0.009205448640928858,17.84748649597168
SCTXSUS1-14/EDTRVFPS1-07,inversion,227.5910065599859,0.009199663742764371,17.848743438720703
SCTXSUS1-14/EDTRVFPS1-07,inversion,233.11582862868923,0.009195211823918468,17.849712371826172
SCTXSUS1-14/EDTRVFPS1-07,inversion,238.77476697620384,0.009192483162323831,17.850303649902344
SCTXSUS1-14/EDTRVFPS1-07,inversion,244.57107730488931,0.009191470048247025,17.85051727294922
SCTXSUS1-14/EDTRVFPS1-07,inversion,250.50809435000008,0.00919210767774432,17.850378036499023
SCTXSUS1-14/EDTRVFPS1-07,inversion,256.5892337982269,0.009194082402408925,17.849956512451172
SCTXSUS1-14/EDTRVFPS1-07,inversion,262.8179942528121,0.009196925785071402,17.849332809448242
SCTXSUS1-14/EDTRVFPS1-07,inversion,269.1979592463652,0.009200097663345919,17.848642349243164
SCTXSUS1-14/EDTRVFPS1-07,inversion,275.7327993025434,0.009202833971617695,17.848047256469727
SCTXSUS1-14/EDTRVFPS1-07,inversion,282.4262740477791,0.009204444652066606,17.847694396972656
SCTXSUS1-14/EDTRVFPS1-07,inversion,289.282234374267,0.009204185132424204,17.847753524780273
SCTXSUS1-14/EDTRVFPS1-07,inversion,296.304624655464,0.009201382572493413,17.848360061645508
SCTXSUS1-14/EDTRVFPS1-07,inversion,303.49748501536504,0.00919539841496968,17.849660873413086
SCTXSUS1-14/EDTRVFPS1-07,inversion,310.8649536528693,0.009185772864407672,17.851757049560547
SCTXSUS1-14/EDTRVFPS1-07,inversion,318.4112692225715,0.00917221771624499,17.85471534729004
SCTXSUS1-14/EDTRVFPS1-07,inversion,326.140773273343,0.009154687769487371,17.858545303344727
SCTXSUS1-14/EDTRVFPS1-07,inversion,334.0579127461171,0.009133301086511668,17.863222122192383
SCTXSUS1-14/EDTRVFPS1-07,inversion,342.16724253230177,0.009108396837694942,17.868688583374023
SCTXSUS1-14/EDTRVFPS1-07,inversion,350.47342809430216,0.009080562259568834,17.87480926513672
SCTXSUS1-14/EDTRVFPS1-07,inversion,358.9812481496573,0.009050666438735994,17.881410598754883
SCTXSUS1-14/EDTRVFPS1-07,inversion,367.6955974203303,0.009019622185830207,17.888286590576172
SCTXSUS1-14/EDTRVFPS1-07,inversion,376.6214894487457,0.00898857140473061,17.895193099975586
SCTXSUS1-14/EDTRVFPS1-07,inversion,385.76405948217905,0.008958361327229197,17.90192985534668
SCTXSUS1-14/EDTRVFPS1-07,inversion,395.1285674271704,0.008929916524415566,17.908296585083008
SCTXSUS1-14/EDTRVFPS1-07,inversion,404.7204008756565,0.008904040469050984,17.914098739624023
SCTXSUS1-14/EDTRVFPS1-07,inversion,414.5450782045599,0.00888116448447149,17.919248580932617
SCTXSUS1-14/EDTRVFPS1-07,inversion,424.60825175062473,0.008861540270500595,17.923675537109375
SCTXSUS1-14/EDTRVFPS1-07,inversion,434.9157110623225,0.008845285978278232,17.927350997924805
SCTXSUS1-14/EDTRVFPS1-07,inversion,445.47338623069265,0.008832195052744433,17.93031883239746
SCTXSUS1-14/EDTRVFPS1-07,inversion,456.28735130105036,0.008821942811808271,17.932640075683594
SCTXSUS1-14/EDTRVFPS1-07,inversion,467.36382776750384,0.008814306929114465,17.934371948242188
SCTXSUS1-14/EDTRVFPS1-07,inversion,478.709188152308,0.008808794937055216,17.935625076293945
SCTXSUS1-14/EDTRVFPS1-07,inversion,490.32995967210815,0.008805048973683234,17.93647575378418
SCTXSUS1-14/EDTRVFPS1-07,inversion,502.2328279931754,0.008662912704234563,17.969053268432617
SCTXSUS1-14/EDTRVFPS1-07,inversion,514.424641077813,0.008627120883038507,17.977344512939453
SCTXSUS1-14/EDTRVFPS1-07,inversion,526.9124131241232,0.008586364958950274,17.986820220947266
SCTXSUS1-14/EDTRVFPS1-07,inversion,539.7033286014199,0.008540326302044259,17.997583389282227
SCTXSUS1-14/EDTRVFPS1-07,inversion,552.8047463836022,0.00848897726640392,18.009660720825195
SCTXSUS1-14/EDTRVFPS1-07,inversion,566.2242039828586,0.008432565948859834,18.023008346557617
SCTXSUS1-14/EDTRVFPS1-07,inversion,579.9694218861586,0.008371400096633648,18.03758430480957
SCTXSUS1-14/EDTRVFPS1-07,inversion,594.0483079969993,0.008305986362008525,18.053287506103516
SCTXSUS1-14/EDTRVFPS1-07,inversion,608.4689621849863,0.008236940984088765,18.070005416870117
SCTXSUS1-14/EDTRVFPS1-07,inversion,623.2396809458546,0.008164732262329943,18.08763313293457
SCTXSUS1-14/EDTRVFPS1-07,inversion,638.3689621746083,0.00808990376866202,18.10607147216797
SCTXSUS1-14/EDTRVFPS1-07,inversion,653.8655100545337,0.008012837409294885,18.125246047973633
SCTXSUS1-14/EDTRVFPS1-07,inversion,669.738240064896,0.007933789072049788,18.145099639892578
SCTXSUS1-14/EDTRVFPS1-07,inversion,685.9962841101889,0.007853013055088674,18.16560173034668
SCTXSUS1-14/EDTRVFPS1-07,inversion,702.6489957739135,0.007770736508619942,18.18669891357422
SCTXSUS1-14/EDTRVFPS1-07,inversion,719.7059556998789,0.007687090400645821,18.2083797454834
SCTXSUS1-14/EDTRVFPS1-07,inversion,737.1769771041434,0.007602327105997119,18.2305908203125
SCTXSUS1-14/EDTRVFPS1-07,inversion,755.0721114207603,0.007516795788459064,18.25326156616211
SCTXSUS1-14/EDTRVFPS1-07,inversion,773.4016540845649,0.00743086537689046,18.276304244995117
SCTXSUS1-14/EDTRVFPS1-07,inversion,792.1761504543576,0.007344893076233018,18.29962158203125
SCTXSUS1-14/EDTRVFPS1-07,inversion,811.4064018798548,0.007259280730308336,18.323123931884766
SCTXSUS1-14/EDTRVFPS1-07,inversion,831.1034719159289,0.007174327044958829,18.34671974182129
SCTXSUS1-14/EDTRVFPS1-07,inversion,851.2786926876989,0.007090196315211928,18.370365142822266
SCTXSUS1-14/EDTRVFPS1-07,inversion,871.9436714101247,0.00700682721626201,18.39407730102539
SCTXSUS1-14/EDTRVFPS1-07,inversion,893.110297065884,0.006924061131933115,18.41790199279785
SCTXSUS1-14/EDTRVFPS1-07,inversion,914.7907472453381,0.006841563455214252,18.44193458557129
SCTXSUS1-14/EDTRVFPS1-07,inversion,936.9974951525503,0.006758936590775169,18.466297149658203
SCTXSUS1-14/EDTRVFPS1-07,inversion,959.743316781376,0.006675628206625395,18.491172790527344
SCTXSUS1-14/EDTRVFPS1-07,inversion,983.0412982657479,0.006591283180527994,18.516677856445312
SCTXSUS1-14/EDTRVFPS1-07,inversion,1006.904843408396,0.006505496369615501,18.542957305908203
SCTXSUS1-14/EDTRVFPS1-07,inversion,1031.3476813923335,0.006417923426296663,18.570140838623047
SCTXSUS1-14/EDTRVFPS1-07,inversion,1056.3838746795234,0.006328409803356713,18.59832191467285
SCTXSUS1-14/EDTRVFPS1-07,inversion,1082.0278271013133,0.006236813262574742,18.62757682800293
SCTXSUS1-14/EDTRVFPS1-07,inversion,1108.2942921452411,0.006143064340837806,18.65797233581543
SCTXSUS1-14/EDTRVFPS1-07,inversion,1135.1983814430212,0.006047136822440587,18.68956756591797
SCTXSUS1-14/EDTRVFPS1-07,inversion,1162.755573464577,0.005948937566183739,18.722431182861328
SCTXSUS1-14/EDTRVFPS1-07,inversion,1190.981722423109,0.005848400486911855,18.75664710998535
SCTXSUS1-14/EDTRVFPS1-07,inversion,1219.8930673963603,0.005745421066819626,18.79231834411621
SCTXSUS1-14/EDTRVFPS1-07,inversion,1249.506241669277,0.005639953238333505,18.829530715942383
SCTXSUS1-14/EDTRVFPS1-07,inversion,1279.838282303479,0.005532027977537152,18.86833381652832
SCTXSUS1-14/EDTRVFPS1-07,inversion,1310.9066399390342,0.005421706259242512,18.90880584716797
SCTXSUS1-14/EDTRVFPS1-07,inversion,1342.7291888341526,0.005309229896811295,18.9509220123291
SCTXSUS1-14/EDTRVFPS1-07,inversion,1375.3242371486276,0.005194907019719655,18.994670867919922
SCTXSUS1-14/EDTRVFPS1-07,inversion,1408.7105374768803,0.005079188396128041,19.039945602416992
SCTXSUS1-14/EDTRVFPS1-07,inversion,1442.9072976367124,0.004962534532359154,19.08666229248047
SCTXSUS1-14/EDTRVFPS1-07,inversion,1477.934191719959,0.004845487829402868,19.134654998779297
SCTXSUS1-14/EDTRVFPS1-07,inversion,1513.8113714113858,0.004728460667404426,19.183820724487305
SCTXSUS1-14/EDTRVFPS1-07,inversion,1550.5594775823695,0.004611904062070739,19.234031677246094
SCTXSUS1-14/EDTRVFPS1-07,inversion,1588.1996521660064,0.004496060653167751,19.28521728515625
SCTXSUS1-14/EDTRVFPS1-07,inversion,1626.7535503205042,0.0043811804209199995,19.33730697631836
SCTXSUS1-14/EDTRVFPS1-07,inversion,1666.243352887826,0.004267277043420806,19.39033317565918
SCTXSUS1-14/EDTRVFPS1-07,inversion,1706.6917791547849,0.004154409158936121,19.444305419921875
SCTXSUS1-14/EDTRVFPS1-07,inversion,1748.1220999239113,0.004042510384144581,19.499290466308594
SCTXSUS1-14/EDTRVFPS1-07,inversion,1790.558150901617,0.00393147223981617,19.555391311645508
SCTXSUS1-14/EDTRVFPS1-07,inversion,1834.0243464113685,0.0038212474224493375,19.612689971923828
SCTXSUS1-14/EDTRVFPS1-07,inversion,1878.5456934397348,0.0037117831956626204,19.671262741088867
SCTXSUS1-14/EDTRVFPS1-07,inversion,1924.1478060234215,0.0036030475796040647,19.731201171875
SCTXSUS1-14/EDTRVFPS1-07,inversion,1970.8569199855438,0.003495030879253144,19.7919921875
SCTXSUS1-14/EDTRVFPS1-07,inversion,2018.6999080296364,0.0033877741284900073,19.853567123413086
SCTXSUS1-14/EDTRVFPS1-07,inversion,2067.704295200056,0.0032813203763401126,19.916664123535156
SCTXSUS1-14/EDTRVFPS1-07,inversion,2117.898274717707,0.0031756866161756167,19.981340408325195
SCTXSUS1-14/EDTRVFPS1-07,inversion,2169.310724200172,0.00307089542239888,20.04768180847168
SCTXSUS1-14/EDTRVFPS1-07,inversion,2221.971222275592,0.0029669554370376793,20.115787506103516
SCTXSUS1-14/EDTRVFPS1-07,inversion,2275.9100655998595,0.0028637979602528225,20.1857967376709
SCTXSUS1-14/EDTRVFPS1-07,inversion,2331.158286286891,0.0027613930809189187,20.25786018371582
SCTXSUS1-14/EDTRVFPS1-07,inversion,2387.7476697620386,0.002659655069218874,20.332172393798828
SCTXSUS1-14/EDTRVFPS1-07,inversion,2445.7107730488915,0.0025585113920653627,20.408945083618164
SCTXSUS1-14/EDTRVFPS1-07,inversion,2505.080943499999,0.0024579061198489755,20.48841094970703
SCTXSUS1-10/EDTRVFPS1-15,inversion,3.9212322850000003,4.244918529312858e-223,1021.7368774414062
SCTXSUS1-10/EDTRVFPS1-15,inversion,4.016421066807022,4.345347774365809e-223,1021.6947021484375
SCTXSUS1-10/EDTRVFPS1-15,inversion,4.1139205773654535,4.451385053726489e-223,1021.6514282226562
SCTXSUS1-10/EDTRVFPS1-15,inversion,4.213786910127287,4.564030180542209e-223,1021.6067504882812
SCTXSUS1-10/EDTRVFPS1-15,inversion,4.316077520225483,4.68378626545827e-223,1021.5606689453125
SCTXSUS1-10/EDTRVFPS1-15,inversion,4.420851257529071,4.811283141404314e-223,1021.5131225585938
SCTXSUS1-10/EDTRVFPS1-15,inversion,4.52816840050068,4.946328814320544e-223,1021.4644165039062
SCTXSUS1-10/EDTRVFPS1-15,inversion,4.6380906908759645,5.090319450915735e-223,1021.4142456054688
SCTXSUS1-10/EDTRVFPS1-15,inversion,4.75068136918488,5.2435631071803834e-223,1021.3626708984375
SCTXSUS1-10/EDTRVFPS1-15,inversion,4.866005211135249,5.4059396421826454e-223,1021.31005859375
SCTXSUS1-10/EDTRVFPS1-15,inversion,4.984128564879539,5.578359455600112e-223,1021.2562255859375
SCTXSUS1-10/EDTRVFPS1-15,inversion,5.105119389186307,5.759852983272133e-223,1021.2017822265625
SCTXSUS1-10/EDTRVFPS1-15,inversion,5.229047292538265,5.9508226552676705e-223,1021.1467895507812
SCTXSUS1-10/EDTRVFPS1-15,inversion,5.355983573179445,6.151022369975011e-223,1021.0914306640625
SCTXSUS1-10/EDTRVFPS1-15,inversion,5.486001260134549,6.35945780370459e-223,1021.0361938476562
SCTXSUS1-10/EDTRVFPS1-15,inversion,5.619175155224009,6.576077557327812e-223,1020.981201171875
SCTXSUS1-10/EDTRVFPS1-15,inversion,5.755581876099015,6.8006699882126114e-223,1020.9266357421875
SCTXSUS1-10/EDTRVFPS1-15,inversion,5.8952999003211985,7.035244171093945e-223,1020.8719482421875
SCTXSUS1-10/EDTRVFPS1-15,inversion,6.038409610512375,7.277634662929209e-223,1020.8180541992188
SCTXSUS1-10/EDTRVFPS1-15,inversion,6.184993340600298,7.532098964669254e-223,1020.7637939453125
SCTXSUS1-10/EDTRVFPS1-15,inversion,6.335135423187042,7.79893723185135e-223,1020.7095336914062
SCTXSUS1-10/EDTRVFPS1-15,inversion,6.488922238067276,8.081607735130456e-223,1020.6546630859375
SCTXSUS1-10/EDTRVFPS1-15,inversion,6.646442261924296,8.383784424428303e-223,1020.5987548828125
SCTXSUS1-10/EDTRVFPS1-15,inversion,6.807786119232479,8.710024169628255e-223,1020.5413208007812
SCTXSUS1-10/EDTRVFPS1-15,inversion,6.973046634395378,9.065711257552633e-223,1020.48193359375
SCTXSUS1-10/EDTRVFPS1-15,inversion,7.142318885149493,9.456675633172188e-223,1020.4202270507812
SCTXSUS1-10/EDTRVFPS1-15,inversion,7.315700257264424,9.892288410629988e-223,1020.3554077148438
SCTXSUS1-10/EDTRVFPS1-15,inversion,7.493290500570889,1.0380405034269486e-222,1020.287353515625
SCTXSUS1-10/EDTRVFPS1-15,inversion,7.675191786348831,1.0932141155157145e-222,1020.2155151367188
SCTXSUS1-10/EDTRVFPS1-15,inversion,7.861508766108625,1.1561027703267051e-222,1020.1394653320312
SCTXSUS1-10/EDTRVFPS1-15,inversion,8.052348631799243,1.2282217825010613e-222,1020.05908203125
SCTXSUS1-10/EDTRVFPS1-15,inversion,8.247821177477931,1.311366331468743e-222,1019.974365234375
SCTXSUS1-10/EDTRVFPS1-15,inversion,8.448038862476992,1.40773968320507e-222,1019.8849487304688
SCTXSUS1-10/EDTRVFPS1-15,inversion,8.653116876103914,1.5199820906354805e-222,1019.7911987304688
SCTXSUS1-10/EDTRVFPS1-15,inversion,8.86317320391213,1.6511269292574785e-222,1019.6932983398438
SCTXSUS1-10/EDTRVFPS1-15,inversion,9.078328695580495,1.804941438154472e-222,1019.591552734375
SCTXSUS1-10/EDTRVFPS1-15,inversion,9.298707134440571,1.986021599956506e-222,1019.486572265625
SCTXSUS1-10/EDTRVFPS1-15,inversion,9.524435308691709,2.1997322834536563e-222,1019.37890625
SCTXSUS1-10/EDTRVFPS1-15,inversion,9.755643084344852,2.453258665594495e-222,1019.2689208984375
SCTXSUS1-10/EDTRVFPS1-15,inversion,9.992463479937124,2.7548836698378182e-222,1019.157470703125
SCTXSUS1-10/EDTRVFPS1-15,inversion,10.235032743060076,3.115955101104564e-222,1019.044921875
SCTXSUS1-10/EDTRVFPS1-15,inversion,10.483490428745702,3.550802312555465e-222,1018.9320068359375
SCTXSUS1-10/EDTRVFPS1-15,inversion,10.737979479755305,4.078854788038855e-222,1018.8189086914062
SCTXSUS1-10/EDTRVFPS1-15,inversion,10.998646308817362,4.727095863483855e-222,1018.7061157226562
SCTXSUS1-10/EDTRVFPS1-15,inversion,11.265640882861739,5.533733222367905e-222,1018.5938720703125
SCTXSUS1-10/EDTRVFPS1-15,inversion,11.539116809298726,6.557595943668618e-222,1018.48193359375
SCTXSUS1-10/EDTRVFPS1-15,inversion,11.819231424392502,7.889234669975141e-222,1018.370361328125
SCTXSUS1-10/EDTRVFPS1-15,inversion,12.106145883779899,9.680487727582147e-222,1018.259033203125
SCTXSUS1-10/EDTRVFPS1-15,inversion,12.40002525518651,1.220485143932416e-221,1018.147705078125
SCTXSUS1-10/EDTRVFPS1-15,inversion,12.7010386133935,1.600528079877508e-221,1018.0359497070312
SCTXSUS1-10/EDTRVFPS1-15,inversion,13.009359137509776,2.2338541186950187e-221,1017.9235229492188
SCTXSUS1-10/EDTRVFPS1-15,inversion,13.325164210605463,3.4902031704101516e-221,1017.809814453125
SCTXSUS1-10/EDTRVFPS1-15,inversion,13.648635521763982,7.135925154060675e-221,1017.6949462890625
SCTXSUS1-10/EDTRVFPS1-15,inversion,13.97995917061147,9.154363021817181e-220,1017.5785522460938
SCTXSUS1-10/EDTRVFPS1-15,inversion,14.319325774383687,7.439289938013401e-213,981.0181884765625
SCTXSUS1-10/EDTRVFPS1-15,inversion,14.666930577591987,9.085229721449474e-205,942.3555908203125
SCTXSUS1-10/EDTRVFPS1-15,inversion,15.022973564351474,1.3310447288095013e-196,903.94775390625
SCTXSUS1-10/EDTRVFPS1-15,inversion,15.387659573435917,1.8958954799741556e-188,865.8445434570312
SCTXSUS1-10/EDTRVFPS1-15,inversion,15.761198416125655,2.412997092974181e-180,828.1014404296875
SCTXSUS1-10/EDTRVFPS1-15,inversion,16.1438049969163,2.608784242772846e-172,790.770751953125
SCTXSUS1-10/EDTRVFPS1-15,inversion,16.535699437157703,2.3113815264707047e-164,753.897705078125
SCTXSUS1-10/EDTRVFPS1-15,inversion,16.937107201694175,1.638362655028107e-156,717.5151977539062
SCTXSUS1-10/EDTRVFPS1-15,inversion,17.348259228579064,9.147412312134834e-149,681.6441040039062
SCTXSUS1-10/EDTRVFPS1-15,inversion,17.769392061938074,3.994881155781794e-141,646.2919311523438
SCTXSUS1-10/EDTRVFPS1-15,inversion,18.200747988057927,1.3626336711087488e-133,611.45654296875
SCTXSUS1-10/EDTRVFPS1-15,inversion,18.642575174778596,3.645491258283834e-126,577.1262817382812
SCTXSUS1-10/EDTRVFPS1-15,inversion,19.09512781426933,7.702145992666027e-119,543.2848510742188
SCTXSUS1-10/EDTRVFPS1-15,inversion,19.55866626927052,1.2943947300587283e-111,509.915771484375
SCTXSUS1-10/EDTRVFPS1-15,inversion,20.033457222885737,1.740707847332029e-104,477.0058898925781
SCTXSUS1-10/EDTRVFPS1-15,inversion,20.51977383200995,1.8758506225008872e-97,444.55096435546875
SCTXSUS1-10/EDTRVFPS1-15,inversion,21.01789588448219,1.6095040597338542e-90,412.56329345703125
SCTXSUS1-10/EDTRVFPS1-15,inversion,21.528109960053257,1.0808452142767887e-83,381.0766906738281
SCTXSUS1-10/EDTRVFPS1-15,inversion,22.050709595260816,5.5134481161392906e-77,350.1504821777344
SCTXSUS1-10/EDTRVFPS1-15,inversion,22.585995452306967,2.0436609993473575e-70,319.8734436035156
SCTXSUS1-10/EDTRVFPS1-15,inversion,23.13427549203535,5.192462302059163e-64,290.36248779296875
SCTXSUS1-10/EDTRVFPS1-15,inversion,23.695865151107256,8.422829546061564e-58,261.7599792480469
SCTXSUS1-10/EDTRVFPS1-15,inversion,24.271087523478748,8.054439673026476e-52,234.22607421875
SCTXSUS1-10/EDTRVFPS1-15,inversion,24.8602735462832,4.169189789092394e-46,207.9321746826172
SCTXSUS1-10/EDTRVFPS1-15,inversion,25.46376219022616,1.0717111946706186e-40,183.0516357421875
SCTXSUS1-10/EDTRVFPS1-15,inversion,26.081900654602112,1.2579489268499033e-35,159.75375366210938
SCTXSUS1-10/EDTRVFPS1-15,inversion,26.71504456704528,6.2253273784694995e-31,138.1998291015625
SCTXSUS1-10/EDTRVFPS1-15,inversion,27.363558188129414,1.2042504796296805e-26,118.54347229003906
SCTXSUS1-10/EDTRVFPS1-15,inversion,28.02781462093433,8.44925364296026e-23,100.93755340576172
SCTXSUS1-10/EDTRVFPS1-15,inversion,28.70819602569973,1.9870633595035996e-19,85.54432678222656
SCTXSUS1-10/EDTRVFPS1-15,inversion,29.405093839689744,1.4296918538373923e-16,72.55296325683594
SCTXSUS1-10/EDTRVFPS1-15,inversion,30.118909002394716,2.805642308420621e-14,62.203392028808594
SCTXSUS1-10/EDTRVFPS1-15,inversion,30.85005218619987,1.2865145904111204e-12,54.821407318115234
SCTXSUS1-10/EDTRVFPS1-15,inversion,31.598944032653552,1.1081792698485607e-11,50.87256622314453
SCTXSUS1-10/EDTRVFPS1-15,inversion,32.36601539447077,1.3040257520060145e-11,51.050113677978516
SCTXSUS1-10/EDTRVFPS1-15,inversion,33.151707583411564,1.3070595048777369e-12,56.424076080322266
SCTXSUS1-10/EDTRVFPS1-15,inversion,33.9564726241767,5.650249826897918e-15,68.6943130493164
SCTXSUS1-10/EDTRVFPS1-15,inversion,34.78077351446655,4.658916748861449e-19,89.0511245727539
SCTXSUS1-10/EDTRVFPS1-15,inversion,35.625084491353256,4.288328815970518e-25,116.97774505615234
SCTXSUS1-10/EDTRVFPS1-15,inversion,36.48989130411878,2.437089272055417e-33,154.85215759277344
SCTXSUS1-10/EDTRVFPS1-15,inversion,37.3756914937165,2.6288617646837207e-44,205.25286865234375
SCTXSUS1-10/EDTRVFPS1-15,inversion,38.28299467901656,2.204084623277056e-58,269.93743896484375
SCTXSUS1-10/EDTRVFPS1-15,inversion,39.212322850000014,1.733294985019685e-75,348.5251159667969
SCTXSUS1-10/EDTRVFPS1-15,inversion,40.16421066807024,8.136715231149354e-95,437.351318359375
SCTXSUS1-10/EDTRVFPS1-15,inversion,41.139205773654545,6.880725991764559e-115,529.54736328125
SCTXSUS1-10/EDTRVFPS1-15,inversion,42.13786910127289,5.356156605855825e-134,617.2741088867188
SCTXSUS1-10/EDTRVFPS1-15,inversion,43.16077520225484,8.596654870398492e-151,694.311767578125
SCTXSUS1-10/EDTRVFPS1-15,inversion,44.20851257529072,1.3005195955870614e-164,757.6633911132812
SCTXSUS1-10/EDTRVFPS1-15,inversion,45.281684005006795,1.946017698121112e-175,807.2222900390625
SCTXSUS1-10/EDTRVFPS1-15,inversion,46.380906908759655,1.2540141574861658e-183,844.7012329101562
SCTXSUS1-10/EDTRVFPS1-15,inversion,47.506813691848805,1.1185843818778487e-189,872.25537109375
SCTXSUS1-10/EDTRVFPS1-15,inversion,48.6600521113525,4.666220002062026e-194,892.2620239257812
SCTXSUS1-10/EDTRVFPS1-15,inversion,49.841285648795406,3.766187650182317e-197,906.4263916015625
SCTXSUS1-10/EDTRVFPS1-15,inversion,51.05119389186308,3.066653614570609e-199,915.75537109375
SCTXSUS1-10/EDTRVFPS1-15,inversion,52.29047292538266,1.5685042678944886e-200,921.6993408203125
SCTXSUS1-10/EDTRVFPS1-15,inversion,53.559835731794465,3.893781571494252e-201,924.2257080078125
SCTXSUS1-10/EDTRVFPS1-15,inversion,54.86001260134548,4.1931850804328736e-201,924.0863647460938
SCTXSUS1-10/EDTRVFPS1-15,inversion,56.19175155224009,1.9662616172657608e-200,920.9693603515625
SCTXSUS1-10/EDTRVFPS1-15,inversion,57.555818760990164,4.8591884096359005e-199,914.871337890625
SCTXSUS1-10/EDTRVFPS1-15,inversion,58.952999003212014,8.57348242499474e-197,904.6299438476562
SCTXSUS1-10/EDTRVFPS1-15,inversion,60.38409610512378,2.0239117314269567e-193,889.0446166992188
SCTXSUS1-10/EDTRVFPS1-15,inversion,61.84993340600296,1.5984569188495006e-188,866.7680053710938
SCTXSUS1-10/EDTRVFPS1-15,inversion,63.35135423187044,1.755463853839259e-181,834.5563354492188
SCTXSUS1-10/EDTRVFPS1-15,inversion,64.88922238067278,2.047409267647096e-171,788.4985961914062
SCTXSUS1-10/EDTRVFPS1-15,inversion,66.46442261924292,3.687496086326657e-157,723.1106567382812
SCTXSUS1-10/EDTRVFPS1-15,inversion,68.07786119232483,1.7731508221622657e-137,632.78271484375
SCTXSUS1-10/EDTRVFPS1-15,inversion,69.73046634395378,9.352077375167057e-112,514.6148681640625
SCTXSUS1-10/EDTRVFPS1-15,inversion,71.42318885149494,2.469841228778565e-81,374.8205261230469
SCTXSUS1-10/EDTRVFPS1-15,inversion,73.15700257264427,1.537053302925504e-50,233.24717712402344
SCTXSUS1-10/EDTRVFPS1-15,inversion,74.93290500570888,2.691043189873972e-25,117.17377471923828
SCTXSUS1-10/EDTRVFPS1-15,inversion,76.75191786348836,2.462325269847909e-09,43.787471771240234
SCTXSUS1-10/EDTRVFPS1-15,inversion,78.61508766108626,0.03676580337711389,10.800004005432129
SCTXSUS1-10/EDTRVFPS1-15,inversion,80.52348631799244,0.9233152697675189,4.381270885467529
SCTXSUS1-10/EDTRVFPS1-15,inversion,82.47821177477934,0.03966793030439145,10.687355995178223
SCTXSUS1-10/EDTRVFPS1-15,inversion,84.4803886247699,0.0002489773172357294,20.812299728393555
SCTXSUS1-10/EDTRVFPS1-15,inversion,86.53116876103923,1.9708338772135758e-06,30.48689079284668
SCTXSUS1-10/EDTRVFPS1-15,inversion,88.63173203912132,4.1962403227771515e-08,38.19776916503906
SCTXSUS1-10/EDTRVFPS1-15,inversion,90.78328695580497,2.6054519896957285e-09,43.736595153808594
SCTXSUS1-10/EDTRVFPS1-15,inversion,92.98707134440576,3.950398701345474e-10,47.51741027832031
SCTXSUS1-10/EDTRVFPS1-15,inversion,95.24435308691706,1.1582897171334683e-10,49.970333099365234
SCTXSUS1-10/EDTRVFPS1-15,inversion,97.55643084344854,5.338774689148161e-11,51.51081466674805
SCTXSUS1-10/EDTRVFPS1-15,inversion,99.92463479937126,3.30344000050024e-11,52.46717834472656
SCTXSUS1-10/EDTRVFPS1-15,inversion,102.35032743060069,2.4577047032124815e-11,53.05704879760742
SCTXSUS1-10/EDTRVFPS1-15,inversion,104.83490428745709,2.0448670595178567e-11,53.42413330078125
SCTXSUS1-10/EDTRVFPS1-15,inversion,107.37979479755307,1.8180879785325295e-11,53.65894317626953
SCTXSUS1-10/EDTRVFPS1-15,inversion,109.98646308817364,1.680509089606174e-11,53.81623458862305
SCTXSUS1-10/EDTRVFPS1-15,inversion,112.6564088286174,1.5891337561651318e-11,53.92806625366211
SCTXSUS1-10/EDTRVFPS1-15,inversion,115.39116809298717,1.5233598578069175e-11,54.01268768310547
SCTXSUS1-10/EDTRVFPS1-15,inversion,118.1923142439251,1.4728421810773253e-11,54.08024978637695
SCTXSUS1-10/EDTRVFPS1-15,inversion,121.06145883779901,1.4321968525193851e-11,54.13636779785156
SCTXSUS1-10/EDTRVFPS1-15,inversion,124.00025255186513,1.398503738469367e-11,54.18413162231445
SCTXSUS1-10/EDTRVFPS1-15,inversion,127.01038613393503,1.3700836713161237e-11,54.22536087036133
SCTXSUS1-10/EDTRVFPS1-15,inversion,130.09359137509773,1.3458776366215051e-11,54.261165618896484
SCTXSUS1-10/EDTRVFPS1-15,inversion,133.25164210605476,1.3251819804516763e-11,54.292320251464844
SCTXSUS1-10/EDTRVFPS1-15,inversion,136.48635521763987,1.3074605542939129e-11,54.319393157958984
SCTXSUS1-10/EDTRVFPS1-15,inversion,139.79959170611474,1.2922769951793845e-11,54.342891693115234
SCTXSUS1-10/EDTRVFPS1-15,inversion,143.1932577438369,1.2792907882706489e-11,54.36320877075195
SCTXSUS1-10/EDTRVFPS1-15,inversion,146.66930577591984,1.2681884423678165e-11,54.38075637817383
SCTXSUS1-10/EDTRVFPS1-15,inversion,150.2297356435149,1.2587286756771038e-11,54.39583206176758
SCTXSUS1-10/EDTRVFPS1-15,inversion,153.8765957343592,1.2506769079469453e-11,54.40875244140625
SCTXSUS1-10/EDTRVFPS1-15,inversion,157.61198416125657,1.2438493093642386e-11,54.41978073120117
SCTXSUS1-10/EDTRVFPS1-15,inversion,161.43804996916313,1.2380783747049584e-11,54.42914962768555
SCTXSUS1-10/EDTRVFPS1-15,inversion,165.356994371577,1.2332277495156319e-11,54.43705749511719
SCTXSUS1-10/EDTRVFPS1-15,inversion,169.37107201694178,1.2291683775244066e-11,54.44369888305664
SCTXSUS1-10/EDTRVFPS1-15,inversion,173.48259228579067,1.225802157014255e-11,54.4492301940918
SCTXSUS1-10/EDTRVFPS1-15,inversion,177.69392061938063,1.2230357278360401e-11,54.45378494262695
SCTXSUS1-10/EDTRVFPS1-15,inversion,182.00747988057938,1.2207869415146613e-11,54.45750427246094
SCTXSUS1-10/EDTRVFPS1-15,inversion,186.42575174778602,1.218986979758268e-11,54.46047592163086
SCTXSUS1-10/EDTRVFPS1-15,inversion,190.95127814269333,1.2175616980942983e-11,54.46283721923828
SCTXSUS1-10/EDTRVFPS1-15,inversion,195.58666269270523,1.2164540127130796e-11,54.464683532714844
SCTXSUS1-10/EDTRVFPS1-15,inversion,200.33457222885733,1.215608710602135e-11,54.46608352661133
SCTXSUS1-10/EDTRVFPS1-15,inversion,205.19773832009966,1.2149691897800481e-11,54.4671516418457
SCTXSUS1-10/EDTRVFPS1-15,inversion,210.17895884482195,1.2144845499002624e-11,54.46796798706055
SCTXSUS1-10/EDTRVFPS1-15,inversion,215.28109960053243,1.2141247447909261e-11,54.46856689453125
SCTXSUS1-10/EDTRVFPS1-15,inversion,220.5070959526082,1.2138469619594571e-11,54.46903610229492
SCTXSUS1-10/EDTRVFPS1-15,inversion,225.85995452306963,1.2136241229951515e-11,54.46941375732422
SCTXSUS1-10/EDTRVFPS1-15,inversion,231.34275492035374,1.213439562390668e-11,54.4697265625
SCTXSUS1-10/EDTRVFPS1-15,inversion,236.95865151107262,1.2132738737230404e-11,54.470001220703125
SCTXSUS1-10/EDTRVFPS1-15,inversion,242.7108752347873,1.2131266317469019e-11,54.470245361328125
SCTXSUS1-10/EDTRVFPS1-15,inversion,248.60273546283207,1.2129796792973934e-11,54.470497131347656
SCTXSUS1-10/EDTRVFPS1-15,inversion,254.63762190226154,1.2128341867952642e-11,54.47073745727539
SCTXSUS1-10/EDTRVFPS1-15,inversion,260.8190065460214,1.2126977218028244e-11,54.4709587097168
SCTXSUS1-10/EDTRVFPS1-15,inversion,267.1504456704529,1.2125679472753073e-11,54.47117233276367
SCTXSUS1-10/EDTRVFPS1-15,inversion,273.63558188129394,1.2124525669474624e-11,54.47135925292969
SCTXSUS1-10/EDTRVFPS1-15,inversion,280.2781462093435,1.2123698234525754e-11,54.471500396728516
SCTXSUS1-10/EDTRVFPS1-15,inversion,287.0819602569974,1.2123339590541584e-11,54.471561431884766
SCTXSUS1-10/EDTRVFPS1-15,inversion,294.0509383968978,1.2123518271968787e-11,54.471527099609375
SCTXSUS1-10/EDTRVFPS1-15,inversion,301.1890900239472,1.2124439563965141e-11,54.47138595581055
SCTXSUS1-10/EDTRVFPS1-15,inversion,308.50052186199866,1.2125951639710082e-11,54.47113800048828
SCTXSUS1-10/EDTRVFPS1-15,inversion,315.98944032653577,1.2128003621824755e-11,54.470802307128906
SCTXSUS1-10/EDTRVFPS1-15,inversion,323.6601539447076,1.2130355674448775e-11,54.470420837402344
SCTXSUS1-10/EDTRVFPS1-15,inversion,331.517075834116,1.2132599531004181e-11,54.47005844116211
SCTXSUS1-10/EDTRVFPS1-15,inversion,339.564726241767,1.2134326234587314e-11,54.46978759765625
SCTXSUS1-10/EDTRVFPS1-15,inversion,347.80773514466546,1.2135113687793911e-11,54.46967315673828
SCTXSUS1-10/EDTRVFPS1-15,inversion,356.2508449135328,1.2134653819663695e-11,54.469764709472656
SCTXSUS1-10/EDTRVFPS1-15,inversion,364.8989130411878,1.2132751582322513e-11,54.4700927734375
SCTXSUS1-10/EDTRVFPS1-15,inversion,373.7569149371648,1.2129418330186064e-11,54.47066879272461
SCTXSUS1-10/EDTRVFPS1-15,inversion,382.8299467901658,1.2124863139594934e-11,54.471439361572266
SCTXSUS1-10/EDTRVFPS1-15,inversion,392.12322850000004,1.2119399988260752e-11,54.47235870361328
SCTXSUS1-09/EDTRVFPS1-14,inversion,25.999874490000003,3.0888319861174916e-17,72.08268737792969
SCTXSUS1-09/EDTRVFPS1-14,inversion,26.63102719913837,3.662613001278088e-18,76.25757598876953
SCTXSUS1-09/EDTRVFPS1-14,inversion,27.27750128001665,3.0902582702280554e-19,81.10248565673828
SCTXSUS1-09/EDTRVFPS1-14,inversion,27.93966866232573,1.7709578742348016e-20,86.72012329101562
SCTXSUS1-09/EDTRVFPS1-14,inversion,28.617910304432016,6.743079875157631e-22,93.14810943603516
SCTXSUS1-09/EDTRVFPS1-14,inversion,29.312616412550657,1.7185380089136187e-23,100.36808013916016
SCTXSUS1-09/EDTRVFPS1-14,inversion,30.02418666523901,3.0489382716207773e-25,108.29961395263672
SCTXSUS1-09/EDTRVFPS1-14,inversion,30.753030443339945,4.0348021536589795e-27,116.80532836914062
SCTXSUS1-09/EDTRVFPS1-14,inversion,31.49956706550686,4.368076374376454e-29,125.7000961303711
SCTXSUS1-09/EDTRVFPS1-14,inversion,32.264226029446355,4.302339550656513e-31,134.77024841308594
SCTXSUS1-09/EDTRVFPS1-14,inversion,33.047447259016906,4.30405607294116e-33,143.7949676513672
SCTXSUS1-09/EDTRVFPS1-14,inversion,33.84968135732603,4.862920494637963e-35,152.5576171875
SCTXSUS1-09/EDTRVFPS1-14,inversion,34.671389865971484,6.840404102396313e-37,160.84474182128906
SCTXSUS1-09/EDTRVFPS1-14,inversion,35.513045530575425,1.3057753676576696e-38,168.50962829589844
SCTXSUS1-09/EDTRVFPS1-14,inversion,36.37513257276471,3.6344370589438454e-40,175.3970947265625
SCTXSUS1-09/EDTRVFPS1-14,inversion,37.25814696875335,1.5536446185182442e-41,181.40940856933594
SCTXSUS1-09/EDTRVFPS1-14,inversion,38.16259673468773,1.046370569903012e-42,186.4954833984375
SCTXSUS1-09/EDTRVFPS1-14,inversion,39.0890022189187,1.1050468128039048e-43,190.58641052246094
SCTXSUS1-09/EDTRVFPS1-14,inversion,40.037896401368506,1.770980243050923e-44,193.89773559570312
SCTXSUS1-09/EDTRVFPS1-14,inversion,41.00982520016499,4.0850023548071005e-45,196.44448852539062
SCTXSUS1-09/EDTRVFPS1-14,inversion,42.00534778571939,1.282509952584225e-45,198.40516662597656
SCTXSUS1-09/EDTRVFPS1-14,inversion,43.02503690242851,4.969540015673501e-46,199.82078552246094
SCTXSUS1-09/EDTRVFPS1-14,inversion,44.06947919818613,2.4459311222893506e-46,201.42074584960938
SCTXSUS1-09/EDTRVFPS1-14,inversion,45.139275561893584,1.5315125112316358e-46,201.7280731201172
SCTXSUS1-09/EDTRVFPS1-14,inversion,46.23504146916326,1.0003161564239e-46,202.4000244140625
SCTXSUS1-09/EDTRVFPS1-14,inversion,47.35740733641428,6.0046086939906e-47,203.49070739746094
SCTXSUS1-09/EDTRVFPS1-14,inversion,48.507018883563966,3.317015650695995e-47,204.48849487304688
SCTXSUS1-09/EDTRVFPS1-14,inversion,49.684537505523565,1.9367126965055724e-47,204.27049255371094
SCTXSUS1-09/EDTRVFPS1-14,inversion,50.890640652712186,1.3936521582225047e-47,204.0938720703125
SCTXSUS1-09/EDTRVFPS1-14,inversion,52.12602222080782,1.2325539582214973e-47,203.95201110839844
SCTXSUS1-09/EDTRVFPS1-14,inversion,53.39139294995974,1.2152942341948396e-47,203.83465576171875
SCTXSUS1-09/EDTRVFPS1-14,inversion,54.68748083369158,1.2533068442465146e-47,203.73281860351562
SCTXSUS1-09/EDTRVFPS1-14,inversion,56.01503153773104,1.3262444643151555e-47,203.64324951171875
SCTXSUS1-09/EDTRVFPS1-14,inversion,57.37480882900634,1.4595473047679015e-47,203.5709686279297
SCTXSUS1-09/EDTRVFPS1-14,inversion,58.76759501505702,1.786849425396973e-47,203.52886962890625
SCTXSUS1-09/EDTRVFPS1-14,inversion,60.19419139411124,2.8152568375993286e-47,203.53414916992188
SCTXSUS1-09/EDTRVFPS1-14,inversion,61.655418716089244,6.108857322291047e-47,203.6029510498047
SCTXSUS1-09/EDTRVFPS1-14,inversion,63.15211765479709,1.501840948680664e-46,201.5667266845703
SCTXSUS1-09/EDTRVFPS1-14,inversion,64.68514929158366,3.3719021920717908e-46,199.91627502441406
SCTXSUS1-09/EDTRVFPS1-14,inversion,66.25539561073822,7.137322089889737e-46,198.80569458007812
SCTXSUS1-09/EDTRVFPS1-14,inversion,67.86376000691381,2.0739933774820763e-45,196.46095275878906
SCTXSUS1-09/EDTRVFPS1-14,inversion,69.5111678048689,1.2550614858395422e-44,193.52444458007812
SCTXSUS1-09/EDTRVFPS1-14,inversion,71.19856679182512,1.4563450069983549e-43,188.9800262451172
SCTXSUS1-09/EDTRVFPS1-14,inversion,72.9269277627487,5.765211445096979e-42,182.1757354736328
SCTXSUS1-09/EDTRVFPS1-14,inversion,74.6972450788689,1.4641622811323287e-39,171.5357666015625
SCTXSUS1-09/EDTRVFPS1-14,inversion,76.51053723975345,5.5995371822861745e-36,155.58441162109375
SCTXSUS1-09/EDTRVFPS1-14,inversion,78.36784746927303,6.441146019982786e-31,132.7316436767578
SCTXSUS1-09/EDTRVFPS1-14,inversion,80.2702443157885,1.5802020706529581e-24,103.73736572265625
SCTXSUS1-09/EDTRVFPS1-14,inversion,82.21882226690872,9.374665028600565e-18,72.89518737792969
SCTXSUS1-09/EDTRVFPS1-14,inversion,84.21470237917173,5.904934215143652e-12,46.420745849609375
SCTXSUS1-09/EDTRVFPS1-14,inversion,86.25903292301103,6.459814807049589e-08,27.967430114746094
SCTXSUS1-09/EDTRVFPS1-14,inversion,88.35299004337921,1.616072578919471e-05,17.01019287109375
SCTXSUS1-09/EDTRVFPS1-14,inversion,90.49777843640787,0.0003158394180025732,11.114696502685547
SCTXSUS1-09/EDTRVFPS1-14,inversion,92.6946320424939,0.0014621379663503123,8.08484172821045
SCTXSUS1-09/EDTRVFPS1-14,inversion,94.94481475621069,0.0032115994674520526,6.5222578048706055
SCTXSUS1-09/EDTRVFPS1-14,inversion,97.24962115345198,0.004846872801525298,5.703071594238281
SCTXSUS1-09/EDTRVFPS1-14,inversion,99.61037723622803,0.006045506639724977,5.2641377449035645
SCTXSUS1-09/EDTRVFPS1-14,inversion,102.0284411955414,0.0068276292617170725,5.023337364196777
SCTXSUS1-09/EDTRVFPS1-14,inversion,104.50520419278187,0.007311752641111282,4.887342929840088
SCTXSUS1-09/EDTRVFPS1-14,inversion,107.04209116009018,0.007606551863898888,4.8082170486450195
SCTXSUS1-09/EDTRVFPS1-14,inversion,109.64056162014997,0.007788070939952829,4.760406017303467
SCTXSUS1-09/EDTRVFPS1-14,inversion,112.30211052588123,0.007903968262426387,4.729987144470215
SCTXSUS1-09/EDTRVFPS1-14,inversion,115.02826912051707,0.007982296588259954,4.709353446960449
SCTXSUS1-09/EDTRVFPS1-14,inversion,117.82060581855892,0.00803887502795496,4.6943678855896
SCTXSUS1-09/EDTRVFPS1-14,inversion,120.68072710811776,0.008082415720340757,4.682786464691162
SCTXSUS1-09/EDTRVFPS1-14,inversion,123.61027847515888,0.008117553267100399,4.673433780670166
SCTXSUS1-09/EDTRVFPS1-14,inversion,126.61094535018354,0.008146848132749157,4.665642738342285
SCTXSUS1-09/EDTRVFPS1-14,inversion,129.68445407789196,0.008171708174002562,4.659046173095703
SCTXSUS1-09/EDTRVFPS1-14,inversion,132.83257291038373,0.008192978155015377,4.653412818908691
SCTXSUS1-09/EDTRVFPS1-14,inversion,136.05711302446983,0.008211221294345547,4.64859676361084
SCTXSUS1-09/EDTRVFPS1-14,inversion,139.35992956367917,0.00822687467437428,4.644474983215332
SCTXSUS1-09/EDTRVFPS1-14,inversion,142.7429227055605,0.008240309938969789,4.640944957733154
SCTXSUS1-09/EDTRVFPS1-14,inversion,146.20803875489352,0.008251796380296232,4.637933254241943
SCTXSUS1-09/EDTRVFPS1-14,inversion,149.75727126343702,0.008261610216443005,4.63536262512207
SCTXSUS1-09/EDTRVFPS1-14,inversion,153.39266217686014,0.008269976150085758,4.633174419403076
SCTXSUS1-09/EDTRVFPS1-14,inversion,157.11630300951524,0.00827706528516629,4.631324768066406
SCTXSUS1-09/EDTRVFPS1-14,inversion,160.93033604772845,0.008283012122914669,4.6297712326049805
SCTXSUS1-09/EDTRVFPS1-14,inversion,164.83695558230113,0.008287948713298481,4.628480911254883
SCTXSUS1-09/EDTRVFPS1-14,inversion,168.8384091709292,0.008291964438443966,4.627431392669678
SCTXSUS1-09/EDTRVFPS1-14,inversion,172.9369989312694,0.008295122171799195,4.626598834991455
SCTXSUS1-09/EDTRVFPS1-14,inversion,177.1350828653942,0.008297444402157508,4.625983238220215
SCTXSUS1-09/EDTRVFPS1-14,inversion,181.4350762163982,0.008298989983646959,4.6255598068237305
SCTXSUS1-09/EDTRVFPS1-14,inversion,185.83945285793735,0.008299815342431011,4.625319480895996
SCTXSUS1-09/EDTRVFPS1-14,inversion,190.3507467174978,0.008299940542338837,4.625252723693848
SCTXSUS1-09/EDTRVFPS1-14,inversion,194.97155323421632,0.008299417754172155,4.625346660614014
SCTXSUS1-09/EDTRVFPS1-14,inversion,199.70453085209004,0.00829836933920641,4.625574588775635
SCTXSUS1-09/EDTRVFPS1-14,inversion,204.5524025494314,0.008296875497401879,4.625912189483643
SCTXSUS1-09/EDTRVFPS1-14,inversion,209.51795740545546,0.008295090237657945,4.626323699951172
SCTXSUS1-09/EDTRVFPS1-14,inversion,214.60405220489196,0.008293142144832477,4.626778602600098
SCTXSUS1-09/EDTRVFPS1-14,inversion,219.81361308155235,0.008291236717129686,4.627222537994385
SCTXSUS1-09/EDTRVFPS1-14,inversion,225.14963720179495,0.008289496973228996,4.627631664276123
SCTXSUS1-09/EDTRVFPS1-14,inversion,230.61519448885355,0.008288089595919078,4.627960205078125
SCTXSUS1-09/EDTRVFPS1-14,inversion,236.21342938902944,0.008287124687429797,4.628185749053955
SCTXSUS1-09/EDTRVFPS1-14,inversion,241.9475626807533,0.008286669171964838,4.62829065322876
SCTXSUS1-09/EDTRVFPS1-14,inversion,247.8208933275651,0.008286702102872622,4.6282782554626465
SCTXSUS1-09/EDTRVFPS1-14,inversion,253.83680037607576,0.008287188062374537,4.628161430358887
SCTXSUS1-09/EDTRVFPS1-14,inversion,259.9987449000001,0.008287981473639962,4.627970218658447
SCTXSUS1-09/EDTRVFPS1-14,inversion,266.3102719913838,0.008288954885475826,4.627735137939453
SCTXSUS1-09/EDTRVFPS1-14,inversion,272.7750128001667,0.008289885159596836,4.627511501312256
SCTXSUS1-09/EDTRVFPS1-14,inversion,279.3966866232572,0.008290573792129902,4.627346038818359
SCTXSUS1-09/EDTRVFPS1-14,inversion,286.1791030443202,0.00829077542329397,4.627297878265381
SCTXSUS1-09/EDTRVFPS1-14,inversion,293.12616412550665,0.00829030003499591,4.6274094581604
SCTXSUS1-09/EDTRVFPS1-14,inversion,300.24186665239006,0.008288953428829696,4.627731800079346
SCTXSUS1-09/EDTRVFPS1-14,inversion,307.53030443339964,0.00828654434762666,4.6283063888549805
SCTXSUS1-09/EDTRVFPS1-14,inversion,314.9956706550687,0.008282940837986716,4.629168510437012
SCTXSUS1-09/EDTRVFPS1-14,inversion,322.64226029446365,0.008278025632349776,4.630346298217773
SCTXSUS1-09/EDTRVFPS1-14,inversion,330.47447259016917,0.008271772685775522,4.631847858428955
SCTXSUS1-09/EDTRVFPS1-14,inversion,338.4968135732602,0.00826419425006962,4.633666515350342
SCTXSUS1-09/EDTRVFPS1-14,inversion,346.713898659715,0.008255392361320257,4.635778903961182
SCTXSUS1-09/EDTRVFPS1-14,inversion,355.1304553057543,0.008245530685485851,4.638152122497559
SCTXSUS1-09/EDTRVFPS1-14,inversion,363.7513257276472,0.008234905958323423,4.640712261199951
SCTXSUS1-09/EDTRVFPS1-14,inversion,372.5814696875336,0.008223859384561168,4.643379211425781
SCTXSUS1-09/EDTRVFPS1-14,inversion,381.62596734687725,0.008212731860416312,4.646067142486572
SCTXSUS1-09/EDTRVFPS1-14,inversion,390.8900221891874,0.008201929755348754,4.648682594299316
SCTXSUS1-09/EDTRVFPS1-14,inversion,400.37896401368516,0.008191768997923432,4.6511430740356445
SCTXSUS1-09/EDTRVFPS1-14,inversion,410.09825200165,0.008182545120163948,4.65338134765625
SCTXSUS1-09/EDTRVFPS1-14,inversion,420.05347785719414,0.008174445935810543,4.655351161956787
SCTXSUS1-09/EDTRVFPS1-14,inversion,430.250369024285,0.00816754249254789,4.657027721405029
SCTXSUS1-09/EDTRVFPS1-14,inversion,440.6947919818614,0.008161868924681934,4.658409118652344
SCTXSUS1-09/EDTRVFPS1-14,inversion,451.3927556189359,0.008157354430575189,4.65950870513916
SCTXSUS1-09/EDTRVFPS1-14,inversion,462.35041469163264,0.008153891499287538,4.66035270690918
SCTXSUS1-09/EDTRVFPS1-14,inversion,473.5740733641431,0.008151339163711411,4.660974025726318
SCTXSUS1-09/EDTRVFPS1-14,inversion,485.0701888356398,0.00814955487055859,4.661409854888916
SCTXSUS1-09/EDTRVFPS1-14,inversion,496.84537505523576,0.00814839116036945,4.6616950035095215
SCTXSUS1-09/EDTRVFPS1-14,inversion,508.906406527122,0.008082333510953686,4.67787504196167
SCTXSUS1-09/EDTRVFPS1-14,inversion,521.2602222080781,0.008065825339084415,4.68194055557251
SCTXSUS1-09/EDTRVFPS1-14,inversion,533.9139294995978,0.008046836289163908,4.6866278648376465
SCTXSUS1-09/EDTRVFPS1-14,inversion,546.874808336916,0.008025212820764984,4.691979885101318
SCTXSUS1-09/EDTRVFPS1-14,inversion,560.1503153773106,0.00800091596943402,4.698011875152588
SCTXSUS1-09/EDTRVFPS1-14,inversion,573.7480882900636,0.007973976907100932,4.704721450805664
SCTXSUS1-09/EDTRVFPS1-14,inversion,587.6759501505697,0.007944529421866686,4.71208381652832
SCTXSUS1-09/EDTRVFPS1-14,inversion,601.9419139411131,0.007912744197609374,4.720063209533691
SCTXSUS1-09/EDTRVFPS1-14,inversion,616.5541871608925,0.007878809805109003,4.728616237640381
SCTXSUS1-09/EDTRVFPS1-14,inversion,631.521176547971,0.007842946077245082,4.737700462341309
SCTXSUS1-09/EDTRVFPS1-14,inversion,646.8514929158367,0.0078053093001669615,4.747278213500977
SCTXSUS1-09/EDTRVFPS1-14,inversion,662.5539561073817,0.007766035641482245,4.757321834564209
SCTXSUS1-09/EDTRVFPS1-14,inversion,678.6376000691382,0.007725236421566454,4.767813682556152
SCTXSUS1-09/EDTRVFPS1-14,inversion,695.1116780486892,0.007683007126916818,4.7787322998046875
SCTXSUS1-09/EDTRVFPS1-14,inversion,711.9856679182514,0.007639412400437754,4.790070056915283
SCTXSUS1-09/EDTRVFPS1-14,inversion,729.2692776274879,0.007594560120253071,4.8018059730529785
SCTXSUS1-09/EDTRVFPS1-14,inversion,746.9724507886885,0.00754859907945765,4.813905715942383
SCTXSUS1-09/EDTRVFPS1-14,inversion,765.1053723975346,0.007501703017973074,4.826327323913574
SCTXSUS1-09/EDTRVFPS1-14,inversion,783.6784746927304,0.007454109298300699,4.839018821716309
SCTXSUS1-09/EDTRVFPS1-14,inversion,802.7024431578845,0.007406018904821554,4.851923942565918
SCTXSUS1-09/EDTRVFPS1-14,inversion,822.1882226690881,0.0073576840374785365,4.864985466003418
SCTXSUS1-09/EDTRVFPS1-14,inversion,842.1470237917174,0.007309204965037166,4.878170013427734
SCTXSUS1-09/EDTRVFPS1-14,inversion,862.5903292301106,0.0072606722218691395,4.891464710235596
SCTXSUS1-09/EDTRVFPS1-14,inversion,883.5299004337922,0.007212015758518051,4.904881000518799
SCTXSUS1-09/EDTRVFPS1-14,inversion,904.9777843640782,0.007163118349909051,4.918460845947266
SCTXSUS1-09/EDTRVFPS1-14,inversion,926.9463204249399,0.007113747153084682,4.9322662353515625
SCTXSUS1-09/EDTRVFPS1-14,inversion,949.4481475621071,0.007063633636907588,4.94638204574585
SCTXSUS1-09/EDTRVFPS1-14,inversion,972.4962115345201,0.007012489683882653,4.9608941078186035
SCTXSUS1-09/EDTRVFPS1-14,inversion,996.1037723622806,0.006960032526213128,4.97589111328125
SCTXSUS1-09/EDTRVFPS1-14,inversion,1020.2844119554134,0.006906035474618116,4.991448402404785
SCTXSUS1-09/EDTRVFPS1-14,inversion,1045.0520419278198,0.006850326919170217,5.007631301879883
SCTXSUS1-09/EDTRVFPS1-14,inversion,1070.420911600902,0.006792772543341993,5.024493217468262
SCTXSUS1-09/EDTRVFPS1-14,inversion,1096.4056162015,0.006733277744635415,5.042078971862793
SCTXSUS1-09/EDTRVFPS1-14,inversion,1123.0211052588127,0.00667175290898696,5.060430526733398
SCTXSUS1-09/EDTRVFPS1-14,inversion,1150.2826912051698,0.0066081291504547016,5.079590320587158
SCTXSUS1-09/EDTRVFPS1-14,inversion,1178.2060581855894,0.006542297567858383,5.0996174812316895
SCTXSUS1-09/EDTRVFPS1-14,inversion,1206.807271081178,0.006474169925484156,5.120560169219971
SCTXSUS1-09/EDTRVFPS1-14,inversion,1236.102784751589,0.0064036228249747034,5.14248514175415
SCTXSUS1-09/EDTRVFPS1-14,inversion,1266.1094535018367,0.006330584166103636,5.165447235107422
SCTXSUS1-09/EDTRVFPS1-14,inversion,1296.8445407789197,0.006255032591070101,5.189488410949707
SCTXSUS1-09/EDTRVFPS1-14,inversion,1328.3257291038376,0.0061770026414008725,5.21462869644165
SCTXSUS1-09/EDTRVFPS1-14,inversion,1360.5711302446985,0.006096631302016355,5.240863800048828
SCTXSUS1-09/EDTRVFPS1-14,inversion,1393.5992956367909,0.0060141425422927984,5.268164157867432
SCTXSUS1-09/EDTRVFPS1-14,inversion,1427.4292270556052,0.00592981793540778,5.296472072601318
SCTXSUS1-09/EDTRVFPS1-14,inversion,1462.0803875489355,0.005843970348885193,5.325711250305176
SCTXSUS1-09/EDTRVFPS1-14,inversion,1497.5727126343704,0.005756945514255083,5.355804443359375
SCTXSUS1-09/EDTRVFPS1-14,inversion,1533.9266217686018,0.005669040256335265,5.3866801261901855
SCTXSUS1-09/EDTRVFPS1-14,inversion,1571.1630300951526,0.005580512045090273,5.418273448944092
SCTXSUS1-09/EDTRVFPS1-14,inversion,1609.3033604772847,0.005491528104973011,5.45054817199707
SCTXSUS1-09/EDTRVFPS1-14,inversion,1648.3695558230115,0.00540220074378486,5.483491897583008
SCTXSUS1-09/EDTRVFPS1-14,inversion,1688.3840917092923,0.00531254869646858,5.517116546630859
SCTXSUS1-09/EDTRVFPS1-14,inversion,1729.3699893126943,0.005222562122317637,5.551455497741699
SCTXSUS1-09/EDTRVFPS1-14,inversion,1771.3508286539422,0.005132181859269515,5.586559772491455
SCTXSUS1-09/EDTRVFPS1-14,inversion,1814.3507621639824,0.005041342334003585,5.62248420715332
SCTXSUS1-09/EDTRVFPS1-14,inversion,1858.394528579374,0.004949978932056788,5.659289360046387
SCTXSUS1-09/EDTRVFPS1-14,inversion,1903.5074671749785,0.004858051445422404,5.697029113769531
SCTXSUS1-09/EDTRVFPS1-14,inversion,1949.7155323421655,0.004765539975587149,5.735750198364258
SCTXSUS1-09/EDTRVFPS1-14,inversion,1997.0453085208992,0.0046724503523539514,5.775498390197754
SCTXSUS1-09/EDTRVFPS1-14,inversion,2045.5240254943146,0.004578789310852051,5.816257476806641
SCTXSUS1-09/EDTRVFPS1-14,inversion,2095.1795740545554,0.004484579721646778,5.85706901550293
SCTXSUS1-09/EDTRVFPS1-14,inversion,2146.04052204892,0.004389825350414706,5.899012565612793
SCTXSUS1-09/EDTRVFPS1-14,inversion,2198.136130815526,0.0042945161836358105,5.942145824432373
SCTXSUS1-09/EDTRVFPS1-14,inversion,2251.496372017948,0.0041986002924881095,5.986550331115723
SCTXSUS1-09/EDTRVFPS1-14,inversion,2306.151944888536,0.004102017905971881,6.0323262214660645
SCTXSUS1-09/EDTRVFPS1-14,inversion,2362.134293890295,0.004004676127201058,6.079589366912842
SCTXSUS1-09/EDTRVFPS1-14,inversion,2419.4756268075334,0.003906470168814455,6.128476142883301
SCTXSUS1-09/EDTRVFPS1-14,inversion,2478.2089332756514,0.003807295867904954,6.17913818359375
SCTXSUS1-09/EDTRVFPS1-14,inversion,2538.368003760758,0.0037070615351681028,6.231730937957764
SCTXSUS1-09/EDTRVFPS1-14,inversion,2599.987449000001,0.0036057204334890925,6.286399841308594
SCTXSUS1-04/EDTRVFPS1-20,inversion,687.6359499999999,2.478854079563608e-28,127.24797821044922
SCTXSUS1-04/EDTRVFPS1-20,inversion,704.3284649161915,4.182040472819495e-28,126.2022476196289
SCTXSUS1-04/EDTRVFPS1-20,inversion,721.4261943273892,7.0521869807640975e-28,125.15760040283203
SCTXSUS1-04/EDTRVFPS1-20,inversion,738.9389749051657,1.1871152354214351e-27,124.11643981933594
SCTXSUS1-04/EDTRVFPS1-20,inversion,756.8768821084756,1.991571177433985e-27,123.08212280273438
SCTXSUS1-04/EDTRVFPS1-20,inversion,775.2502359802683,3.323712528318046e-27,122.05834197998047
SCTXSUS1-04/EDTRVFPS1-20,inversion,794.0696070848211,5.5074062478631844e-27,121.04889678955078
SCTXSUS1-04/EDTRVFPS1-20,inversion,813.3458225891985,9.046300467553957e-27,120.05695343017578
SCTXSUS1-04/EDTRVFPS1-20,inversion,833.0899724923447,1.4713980585484944e-26,119.084716796875
SCTXSUS1-04/EDTRVFPS1-20,inversion,853.3134160053812,2.369295529039562e-26,118.13265991210938
SCTXSUS1-04/EDTRVFPS1-20,inversion,874.0277880867947,3.7793639648921074e-26,117.19939422607422
SCTXSUS1-04/EDTRVFPS1-20,inversion,895.2450061362653,5.981884827836692e-26,116.28175354003906
SCTXSUS1-04/EDTRVFPS1-20,inversion,916.9772768509873,9.415279072220639e-26,115.37530517578125
SCTXSUS1-04/EDTRVFPS1-20,inversion,939.2371032484349,1.4776382373161564e-25,114.4746322631836
SCTXSUS1-04/EDTRVFPS1-20,inversion,962.0372918595963,2.318747880825435e-25,113.57426452636719
SCTXSUS1-04/EDTRVFPS1-20,inversion,985.3909600968357,3.647336962872035e-25,112.66911315917969
SCTXSUS1-04/EDTRVFPS1-20,inversion,1009.3115438006054,5.76311714714596e-25,111.75498962402344
SCTXSUS1-04/EDTRVFPS1-20,inversion,1033.8128049693619,9.161728740503744e-25,110.8287124633789
SCTXSUS1-04/EDTRVFPS1-20,inversion,1058.9088396771183,1.466803973678648e-24,109.88835906982422
SCTXSUS1-04/EDTRVFPS1-20,inversion,1084.6140861832055,2.3666736758748297e-24,108.93247985839844
SCTXSUS1-04/EDTRVFPS1-20,inversion,1110.9433332388965,3.849904734734642e-24,107.96031188964844
SCTXSUS1-04/EDTRVFPS1-20,inversion,1137.9117285956738,6.315793873641502e-24,106.97130584716797
SCTXSUS1-04/EDTRVFPS1-20,inversion,1165.5347877200445,1.0453856045429023e-23,105.96446228027344
SCTXSUS1-04/EDTRVFPS1-20,inversion,1193.8284027198958,1.7467263667858352e-23,104.9388198852539
SCTXSUS1-04/EDTRVFPS1-20,inversion,1222.8088514875542,2.947707308856234e-23,103.8933334350586
SCTXSUS1-04/EDTRVFPS1-20,inversion,1252.4928070647854,5.026258444314428e-23,102.8271255493164
SCTXSUS1-04/EDTRVFPS1-20,inversion,1282.8973472351342,8.660729424421563e-23,101.739990234375
SCTXSUS1-04/EDTRVFPS1-20,inversion,1314.0399643491248,1.5074166460907604e-22,100.63276672363281
SCTXSUS1-04/EDTRVFPS1-20,inversion,1345.9385753879596,2.6481026082704103e-22,99.50704956054688
SCTXSUS1-04/EDTRVFPS1-20,inversion,1378.6115322715275,4.688476112190133e-22,98.36568450927734
SCTXSUS1-04/EDTRVFPS1-20,inversion,1412.0776324166352,8.350588797039445e-22,97.2123794555664
SCTXSUS1-04/EDTRVFPS1-20,inversion,1446.3561295515426,1.4930778170736917e-21,96.05139923095703
SCTXSUS1-04/EDTRVFPS1-20,inversion,1481.4667447930296,2.674426212362658e-21,94.8867416381836
SCTXSUS1-04/EDTRVFPS1-20,inversion,1517.4296779923475,4.789646829891362e-21,93.72238159179688
SCTXSUS1-04/EDTRVFPS1-20,inversion,1554.265619356609,8.563326186686716e-21,92.55872344970703
SCTXSUS1-04/EDTRVFPS1-20,inversion,1591.9957613522886,1.526807119245685e-20,91.40055847167969
SCTXSUS1-04/EDTRVFPS1-20,inversion,1630.6418108976723,2.7134364435158186e-20,90.24895477294922
SCTXSUS1-04/EDTRVFPS1-20,inversion,1670.226001851294,4.8064200051159463e-20,89.10403442382812
SCTXSUS1-04/EDTRVFPS1-20,inversion,1710.7711078035263,8.488891602259212e-20,87.96500396728516
SCTXSUS1-04/EDTRVFPS1-20,inversion,1752.3004551786876,1.495808954034512e-19,86.8306884765625
SCTXSUS1-04/EDTRVFPS1-20,inversion,1794.8379366552153,2.63146050541057e-19,85.69969177246094
SCTXSUS1-04/EDTRVFPS1-20,inversion,1838.4080249116014,4.625326408368809e-19,84.5704574584961
SCTXSUS1-04/EDTRVFPS1-20,inversion,1883.0357867060266,8.127546161572477e-19,83.44188690185547
SCTXSUS1-04/EDTRVFPS1-20,inversion,1928.7468972977765,1.428471319959643e-18,82.31295776367188
SCTXSUS1-04/EDTRVFPS1-20,inversion,1975.5676552187379,2.511868127535176e-18,81.18306732177734
SCTXSUS1-04/EDTRVFPS1-20,inversion,2023.5249974034864,4.420216682695176e-18,80.05175018310547
SCTXSUS1-04/EDTRVFPS1-20,inversion,2072.646514686642,7.785551981825601e-18,78.91867065429688
SCTXSUS1-04/EDTRVFPS1-20,inversion,2122.9604676764466,1.372881232240769e-17,77.7833251953125
SCTXSUS1-04/EDTRVFPS1-20,inversion,2174.4958030136613,2.424454020383617e-17,76.64508819580078
SCTXSUS1-04/EDTRVFPS1-20,inversion,2227.2821700251598,4.28967436079795e-17,75.50312805175781
SCTXSUS1-04/EDTRVFPS1-20,inversion,2281.349937781794,7.609341775181476e-17,74.35604858398438
SCTXSUS1-04/EDTRVFPS1-20,inversion,2336.7302125703295,1.3543363038552089e-16,73.20233917236328
SCTXSUS1-04/EDTRVFPS1-20,inversion,2393.4548557895278,2.420839830671677e-16,72.04009246826172
SCTXSUS1-04/EDTRVFPS1-20,inversion,2451.556502280668,4.3498950167315696e-16,70.86742401123047
SCTXSUS1-04/EDTRVFPS1-20,inversion,2511.0685791030114,7.864854009841738e-16,69.68238067626953
SCTXSUS1-04/EDTRVFPS1-20,inversion,2572.025324765098,1.4319441756599326e-15,68.4834976196289
SCTXSUS1-04/EDTRVFPS1-20,inversion,2634.461808922833,2.626827114266846e-15,67.26957702636719
SCTXSUS1-04/EDTRVFPS1-20,inversion,2698.413952555783,4.856407426765877e-15,66.04017639160156
SCTXSUS1-04/EDTRVFPS1-20,inversion,2763.918548633252,9.047447938495794e-15,64.7955322265625
SCTXSUS1-04/EDTRVFPS1-20,inversion,2831.013283282014,1.697528735951597e-14,63.53676986694336
SCTXSUS1-04/EDTRVFPS1-20,inversion,2899.7367574679142,3.205160787572675e-14,62.26546859741211
SCTXSUS1-04/EDTRVFPS1-20,inversion,2970.128509203789,6.082702716976317e-14,60.98408126831055
SCTXSUS1-04/EDTRVFPS1-20,inversion,3042.2290362964873,1.1586939676249442e-13,59.69526290893555
SCTXSUS1-04/EDTRVFPS1-20,inversion,3116.079819646096,2.2123908279437258e-13,58.401885986328125
SCTXSUS1-04/EDTRVFPS1-20,inversion,3191.7233471107147,4.2279502978631717e-13,57.10690689086914
SCTXSUS1-04/EDTRVFPS1-20,inversion,3269.2031379506216,8.075397802080273e-13,55.81311798095703
SCTXSUS1-04/EDTRVFPS1-20,inversion,3348.5637678657727,1.5396711449093018e-12,54.52302169799805
SCTXSUS1-04/EDTRVFPS1-20,inversion,3429.8508946410907,2.9270192223259316e-12,53.238922119140625
SCTXSUS1-04/EDTRVFPS1-20,inversion,3513.1112844143595,5.54262424652354e-12,51.96281814575195
SCTXSUS1-04/EDTRVFPS1-20,inversion,3598.3928385816853,1.0445749873367963e-11,50.6964225769043
SCTXSUS1-04/EDTRVFPS1-20,inversion,3685.7446213561893,1.9579048022009975e-11,49.4411506652832
SCTXSUS1-04/EDTRVFPS1-20,inversion,3775.216887995628,3.647785051591028e-11,48.196800231933594
SCTXSUS1-04/EDTRVFPS1-20,inversion,3866.861113715245,6.753155475069269e-11,46.962074279785156
SCTXSUS1-04/EDTRVFPS1-20,inversion,3960.7300233025503,1.2420981631591878e-10,45.74024200439453
SCTXSUS1-04/EDTRVFPS1-20,inversion,4056.877621450943,2.270001239499959e-10,44.531150817871094
SCTXSUS1-04/EDTRVFPS1-20,inversion,4155.35922382969,4.1236553101254516e-10,43.33403015136719
SCTXSUS1-04/EDTRVFPS1-20,inversion,4256.231488908201,7.450536298347475e-10,42.147682189941406
SCTXSUS1-04/EDTRVFPS1-20,inversion,4359.552450552748,1.3399879167780166e-09,40.97046661376953
SCTXSUS1-04/EDTRVFPS1-20,inversion,4465.3815514145845,2.4014732338407085e-09,39.80030059814453
SCTXSUS1-04/EDTRVFPS1-20,inversion,4573.779677128448,4.293587388206218e-09,38.63486099243164
SCTXSUS1-04/EDTRVFPS1-20,inversion,4684.8091913413655,7.667138428663447e-09,37.47188186645508
SCTXSUS1-04/EDTRVFPS1-20,inversion,4798.533971591701,1.3690423006749458e-08,36.30906677246094
SCTXSUS1-04/EDTRVFPS1-20,inversion,4915.019446059177,2.4468284980637293e-08,35.144412994384766
SCTXSUS1-04/EDTRVFPS1-20,inversion,5034.332631207091,4.3804815968475864e-08,33.976463317871094
SCTXSUS1-04/EDTRVFPS1-20,inversion,5156.542170338223,7.859175826166658e-08,32.80432891845703
SCTXSUS1-04/EDTRVFPS1-20,inversion,5281.7183730866955,1.4132551094536463e-07,31.627805709838867
SCTXSUS1-04/EDTRVFPS1-20,inversion,5409.933255868595,2.5463504561383454e-07,30.447587966918945
SCTXSUS1-04/EDTRVFPS1-20,inversion,5541.260583314449,4.593834547371988e-07,29.26507568359375
SCTXSUS1-04/EDTRVFPS1-20,inversion,5675.775910707504,8.289518751564909e-07,28.082521438598633
SCTXSUS1-04/EDTRVFPS1-20,inversion,5813.556627452233,1.494117676600952e-06,26.902759552001953
SCTXSUS1-04/EDTRVFPS1-20,inversion,5954.682001598056,2.685623087547346e-06,25.72910499572754
SCTXSUS1-04/EDTRVFPS1-20,inversion,6099.233225443838,4.805444224952169e-06,24.56528091430664
SCTXSUS1-04/EDTRVFPS1-20,inversion,6247.293462249446,8.544105589163096e-06,23.415029525756836
SCTXSUS1-04/EDTRVFPS1-20,inversion,6398.947894081321,1.5067421508301509e-05,22.28219985961914
SCTXSUS1-04/EDTRVFPS1-20,inversion,6554.283770819426,2.6306734718103375e-05,21.170589447021484
SCTXSUS1-04/EDTRVFPS1-20,inversion,6713.390460353839,4.539102431952366e-05,20.08397102355957
SCTXSUS1-04/EDTRVFPS1-20,inversion,6876.359499999994,7.726570010351917e-05,19.02600860595703
SCTXSUS1-04/EDTRVFPS1-20,inversion,7043.284649161917,0.00012952480550756058,18.00044059753418
SCTXSUS1-04/EDTRVFPS1-20,inversion,7214.2619432738875,0.0002134503005215119,17.000198364257812
SCTXSUS1-04/EDTRVFPS1-20,inversion,7389.389749051665,0.00034517534077019616,16.027484893798828
SCTXSUS1-04/EDTRVFPS1-20,inversion,7568.768821084757,0.000546795376251566,15.09743881225586
SCTXSUS1-04/EDTRVFPS1-20,inversion,7752.502359802691,0.0008470910754022497,14.213590621948242
SCTXSUS1-04/EDTRVFPS1-20,inversion,7940.696070848212,0.0012814882983243126,13.379112243652344
SCTXSUS1-04/EDTRVFPS1-20,inversion,8133.458225891987,0.0018908393660237613,12.596597671508789
SCTXSUS1-04/EDTRVFPS1-20,inversion,8330.899724923456,0.002718803781806267,11.867921829223633
SCTXSUS1-04/EDTRVFPS1-20,inversion,8533.134160053814,0.0038079183064113186,11.194110870361328
SCTXSUS1-04/EDTRVFPS1-20,inversion,8740.277880867941,0.005194826943666741,10.575316429138184
SCTXSUS1-04/EDTRVFPS1-20,inversion,8952.450061362655,0.0069054476141347096,10.010826110839844
SCTXSUS1-04/EDTRVFPS1-20,inversion,9169.772768509876,0.008950945977583065,9.499200820922852
SCTXSUS1-04/EDTRVFPS1-20,inversion,9392.371032484343,0.011325218039437122,9.038402557373047
SCTXSUS1-04/EDTRVFPS1-20,inversion,9620.372918595964,0.014004042303718637,8.613576889038086
SCTXSUS1-04/EDTRVFPS1-20,inversion,9853.909600968349,0.016946143967659047,8.219151496887207
SCTXSUS1-04/EDTRVFPS1-20,inversion,10093.115438006065,0.020095117982359426,7.867648601531982
SCTXSUS1-04/EDTRVFPS1-20,inversion,10338.128049693622,0.023382183533378054,7.556436538696289
SCTXSUS1-04/EDTRVFPS1-20,inversion,10589.088396771194,0.02672905584041357,7.283074378967285
SCTXSUS1-04/EDTRVFPS1-20,inversion,10846.140861832057,0.030050260700878344,7.0454535484313965
SCTXSUS1-04/EDTRVFPS1-20,inversion,11109.433332388957,0.033255527515194366,6.841835975646973
SCTXSUS1-04/EDTRVFPS1-20,inversion,11379.11728595675,0.036251727842095634,6.6709089279174805
SCTXSUS1-04/EDTRVFPS1-20,inversion,11655.347877200447,0.03894562589675818,6.531764030456543
SCTXSUS1-04/EDTRVFPS1-20,inversion,11938.28402719895,0.04124748108341808,6.4238386154174805
SCTXSUS1-04/EDTRVFPS1-20,inversion,12228.088514875546,0.043075906062609144,6.346827507019043
SCTXSUS1-04/EDTRVFPS1-20,inversion,12524.928070647846,0.04436396420350557,6.294543266296387
SCTXSUS1-04/EDTRVFPS1-20,inversion,12828.973472351356,0.04506547049552597,6.248561382293701
SCTXSUS1-04/EDTRVFPS1-20,inversion,13140.39964349125,0.04516021565116229,6.232486248016357
SCTXSUS1-04/EDTRVFPS1-20,inversion,13459.385753879611,0.044656797909285825,6.2458624839782715
SCTXSUS1-04/EDTRVFPS1-20,inversion,13786.115322715277,0.04359200045450253,6.287991523742676
SCTXSUS1-04/EDTRVFPS1-20,inversion,14120.776324166343,0.042026532800268704,6.357954025268555
SCTXSUS1-04/EDTRVFPS1-20,inversion,14463.561295515443,0.04003824619758458,6.454676628112793
SCTXSUS1-04/EDTRVFPS1-20,inversion,14814.6674479303,0.03771405143882921,6.577045917510986
SCTXSUS1-04/EDTRVFPS1-20,inversion,15174.296779923465,0.03514243253830131,6.724020004272461
SCTXSUS1-04/EDTRVFPS1-20,inversion,15542.656193566107,0.03240765774480908,6.8947367668151855
SCTXSUS1-04/EDTRVFPS1-20,inversion,15919.957613522889,0.029586238950671754,7.088562488555908
SCTXSUS1-04/EDTRVFPS1-20,inversion,16306.418108976712,0.02674547371145721,7.284005641937256
SCTXSUS1-04/EDTRVFPS1-20,inversion,16702.260018512945,0.023943274904186514,7.491873264312744
SCTXSUS1-04/EDTRVFPS1-20,inversion,17107.711078035252,0.02122881053876941,7.72194766998291
SCTXSUS1-04/EDTRVFPS1-20,inversion,17523.004551786893,0.01864298974996158,7.974088668823242
SCTXSUS1-04/EDTRVFPS1-20,inversion,17948.37936655216,0.016218731325924447,8.248054504394531
SCTXSUS1-04/EDTRVFPS1-20,inversion,18384.080249116036,0.013980974695287939,8.5433988571167
SCTXSUS1-04/EDTRVFPS1-20,inversion,18830.35786706027,0.011946444586153689,8.859426498413086
SCTXSUS1-04/EDTRVFPS1-20,inversion,19287.468972977753,0.010123750651584095,9.195137977600098
SCTXSUS1-04/EDTRVFPS1-20,inversion,19755.6765521874,0.00851369311387103,9.549281120300293
SCTXSUS1-04/EDTRVFPS1-20,inversion,20235.24997403487,0.007110231865536993,9.920368194580078
SCTXSUS1-04/EDTRVFPS1-20,inversion,20726.46514686641,0.005901784826833328,10.298089981079102
SCTXSUS1-04/EDTRVFPS1-20,inversion,21229.60467676447,0.00487273337555021,10.666519165039062
SCTXSUS1-04/EDTRVFPS1-20,inversion,21744.9580301366,0.004005034155730936,11.04703140258789
SCTXSUS1-04/EDTRVFPS1-20,inversion,22272.82170025162,0.0032796455314110873,11.437967300415039
SCTXSUS1-04/EDTRVFPS1-20,inversion,22813.499377817945,0.00267768329046228,11.837740898132324
SCTXSUS1-04/EDTRVFPS1-20,inversion,23367.302125703318,0.002181281859176421,12.244811058044434
SCTXSUS1-04/EDTRVFPS1-20,inversion,23934.5485578953,0.001774110268312571,12.657684326171875
SCTXSUS1-04/EDTRVFPS1-20,inversion,24515.565022806662,0.0014416434183202257,13.074882507324219
SCTXSUS1-04/EDTRVFPS1-20,inversion,25110.68579103014,0.0011712249241141476,13.494876861572266
SCTXSUS1-04/EDTRVFPS1-20,inversion,25720.253247650984,0.0009520099425854118,13.916065216064453
SCTXSUS1-04/EDTRVFPS1-20,inversion,26344.618089228312,0.0007748088246957183,14.336742401123047
SCTXSUS1-04/EDTRVFPS1-20,inversion,26984.139525557857,0.0006319123085996745,14.755066871643066
SCTXSUS1-04/EDTRVFPS1-20,inversion,27639.185486332528,0.0005168993208490967,15.148728370666504
SCTXSUS1-04/EDTRVFPS1-20,inversion,28310.132832820123,0.0004244559282388461,15.531938552856445
SCTXSUS1-04/EDTRVFPS1-20,inversion,28997.36757467915,0.00035021086435895794,15.907696723937988
SCTXSUS1-04/EDTRVFPS1-20,inversion,29701.28509203787,0.00029058619175961856,16.27408218383789
SCTXSUS1-04/EDTRVFPS1-20,inversion,30422.290362964908,0.00024267201907144257,16.629295349121094
SCTXSUS1-04/EDTRVFPS1-20,inversion,31160.79819646094,0.00020411312431887335,16.971725463867188
SCTXSUS1-04/EDTRVFPS1-20,inversion,31917.23347110718,0.00017301360289062118,17.300025939941406
SCTXSUS1-04/EDTRVFPS1-20,inversion,32692.031379506254,0.00014785526122121449,17.613128662109375
SCTXSUS1-04/EDTRVFPS1-20,inversion,33485.63767865771,0.00012742715142559805,17.910297393798828
SCTXSUS1-04/EDTRVFPS1-20,inversion,34298.50894641095,0.00011076736353888722,18.19110107421875
SCTXSUS1-04/EDTRVFPS1-20,inversion,35131.11284414357,9.711383732568862e-05,18.455411911010742
SCTXSUS1-04/EDTRVFPS1-20,inversion,35983.92838581683,8.586425977364968e-05,18.70335578918457
SCTXSUS1-04/EDTRVFPS1-20,inversion,36857.44621356193,7.654381179941323e-05,18.935253143310547
SCTXSUS1-04/EDTRVFPS1-20,inversion,37752.168879956254,6.877796530509373e-05,19.151582717895508
SCTXSUS1-04/EDTRVFPS1-20,inversion,38668.611137152424,6.227216649005462e-05,19.352872848510742
SCTXSUS1-04/EDTRVFPS1-20,inversion,39607.30023302555,5.679437236008062e-05,19.539701461791992
SCTXSUS1-04/EDTRVFPS1-20,inversion,40568.776214509475,5.216194924211715e-05,19.71259307861328
SCTXSUS1-04/EDTRVFPS1-20,inversion,41553.59223829694,4.8230635848959935e-05,19.872028350830078
SCTXSUS1-04/EDTRVFPS1-20,inversion,42562.31488908198,4.4886120216353335e-05,20.01844024658203
SCTXSUS1-04/EDTRVFPS1-20,inversion,43595.52450552754,4.2036984933579915e-05,20.15218734741211
SCTXSUS1-04/EDTRVFPS1-20,inversion,44653.81551414581,3.9609282476652346e-05,20.273630142211914
SCTXSUS1-04/EDTRVFPS1-20,inversion,45737.796771284455,3.754242774456872e-05,20.383136749267578
SCTXSUS1-04/EDTRVFPS1-20,inversion,46848.09191341371,3.578563488611475e-05,20.481143951416016
SCTXSUS1-04/EDTRVFPS1-20,inversion,47985.339715916976,3.42958508783033e-05,20.568161010742188
SCTXSUS1-04/EDTRVFPS1-20,inversion,49150.19446059174,3.303569096003645e-05,20.64481544494629
SCTXSUS1-04/EDTRVFPS1-20,inversion,50343.32631207097,3.1972562958116455e-05,20.711204528808594
SCTXSUS1-04/EDTRVFPS1-20,inversion,51565.421703382286,3.107777025290171e-05,20.766361236572266
SCTXSUS1-04/EDTRVFPS1-20,inversion,52817.18373086692,3.032605264908177e-05,20.813966751098633
SCTXSUS1-04/EDTRVFPS1-20,inversion,54099.33255868601,2.969530626999756e-05,20.854846954345703
SCTXSUS1-04/EDTRVFPS1-20,inversion,55412.60583314455,2.9166225059184534e-05,20.88982391357422
SCTXSUS1-04/EDTRVFPS1-20,inversion,56757.759107075006,2.872221611500593e-05,20.919681549072266
SCTXSUS1-04/EDTRVFPS1-20,inversion,58135.566274522294,2.834904651151051e-05,20.945138931274414
SCTXSUS1-04/EDTRVFPS1-20,inversion,59546.82001598062,2.8034766615399758e-05,20.96685028076172
SCTXSUS1-04/EDTRVFPS1-20,inversion,60992.33225443833,2.77692330413951e-05,20.985382080078125
SCTXSUS1-04/EDTRVFPS1-20,inversion,62472.93462249442,2.7544107475735227e-05,21.001235961914062
SCTXSUS1-04/EDTRVFPS1-20,inversion,63989.47894081328,2.7352411885217104e-05,21.014841079711914
SCTXSUS1-04/EDTRVFPS1-20,inversion,65542.8377081942,2.7188480095963748e-05,21.026554107666016
SCTXSUS1-04/EDTRVFPS1-20,inversion,67133.90460353835,2.704755851435286e-05,21.036678314208984
SCTXSUS1-04/EDTRVFPS1-20,inversion,68763.59500000002,2.6925858394845795e-05,21.045467376708984
EDTRVFPS1-11,inversion,135.37219044999998,0.007618367822594261,9.126959800720215
EDTRVFPS1-11,inversion,138.65838034208483,0.007570145224510135,9.139688491821289
EDTRVFPS1-11,inversion,142.024343221302,0.00752922786651495,9.150551795959473
EDTRVFPS1-11,inversion,145.47201559457423,0.0074945221399461935,9.159818649291992
EDTRVFPS1-11,inversion,149.00338097795898,0.007465098463400122,9.167716026306152
EDTRVFPS1-11,inversion,152.62047103780472,0.007440200832973963,9.174421310424805
EDTRVFPS1-11,inversion,156.32536675961035,0.007419219584514596,9.18009090423584
EDTRVFPS1-11,inversion,160.12019964525837,0.007401692016009043,9.18483829498291
EDTRVFPS1-11,inversion,164.0071529393118,0.007387291924424169,9.188754081726074
EDTRVFPS1-11,inversion,167.9884628850783,0.007375797580418011,9.19188117980957
EDTRVFPS1-11,inversion,172.066420011167,0.007367068834480403,9.19426155090332
EDTRVFPS1-11,inversion,176.24337044927614,0.007361015012086551,9.195915222167969
EDTRVFPS1-11,inversion,180.52171728397016,0.0073575724805449326,9.196857452392578
EDTRVFPS1-11,inversion,184.9039219352238,0.00735664303188861,9.197114944458008
EDTRVFPS1-11,inversion,189.39250557452604,0.007358080217710068,9.196728706359863
EDTRVFPS1-11,inversion,193.99005057536215,0.0073616505927417775,9.195758819580078
EDTRVFPS1-11,inversion,198.6992019989052,0.0073670244158965765,9.194295883178711
EDTRVFPS1-11,inversion,203.5226691157744,0.007373780485592542,9.192460060119629
EDTRVFPS1-11,inversion,208.4632269647324,0.007381390471810588,9.190394401550293
EDTRVFPS1-11,inversion,213.52371794922243,0.007389306271589731,9.188247680664062
EDTRVFPS1-11,inversion,218.70705347266053,0.007396945158754094,9.186175346374512
EDTRVFPS1-11,inversion,224.01621561342495,0.007403773288250202,9.184326171875
EDTRVFPS1-11,inversion,229.45425884050738,0.007409322852610229,9.182823181152344
EDTRVFPS1-11,inversion,235.0243117708099,0.007413271428359095,9.181756973266602
EDTRVFPS1-11,inversion,240.72957896910273,0.007415427689463174,9.181172370910645
EDTRVFPS1-11,inversion,246.57334279167526,0.007415790776335595,9.181077003479004
EDTRVFPS1-11,inversion,252.55896527474223,0.00741453227062234,9.181416511535645
EDTRVFPS1-11,inversion,258.68989006869253,0.00741201788070135,9.182096481323242
EDTRVFPS1-11,inversion,264.96964441928986,0.007408764587643756,9.182978630065918
EDTRVFPS1-11,inversion,271.40184119696994,0.007405430630618403,9.183880805969238
EDTRVFPS1-11,inversion,277.9901809753982,0.007402774787225136,9.184600830078125
EDTRVFPS1-11,inversion,284.73845416048465,0.0074016000002258,9.184918403625488
EDTRVFPS1-11,inversion,291.65054317108286,0.007402683326360817,9.184622764587402
EDTRVFPS1-11,inversion,298.7304246726226,0.007406727097107835,9.183528900146484
EDTRVFPS1-11,inversion,305.98217186496737,0.007414267798540934,9.181489944458008
EDTRVFPS1-11,inversion,313.4099568258099,0.007425630023119392,9.178418159484863
EDTRVFPS1-11,inversion,321.0180529109518,0.00744086167256736,9.174308776855469
EDTRVFPS1-11,inversion,328.8108372128529,0.007459744419867615,9.169225692749023
EDTRVFPS1-11,inversion,336.7927930788617,0.007481773227622807,9.163312911987305
EDTRVFPS1-11,inversion,344.9685126905756,0.007506222931723125,9.156771659851074
EDTRVFPS1-11,inversion,353.342699705818,0.007532193155597991,9.149847030639648
EDTRVFPS1-11,inversion,361.92017196474626,0.007558745475771454,9.142791748046875
EDTRVFPS1-11,inversion,370.7058642616545,0.007584927209096866,9.135858535766602
EDTRVFPS1-11,inversion,379.70483118406077,0.007609881538772145,9.12927532196045
EDTRVFPS1-11,inversion,388.92225002071365,0.0076329704704070555,9.123201370239258
EDTRVFPS1-11,inversion,398.3634237401935,0.0076536984442329105,9.117764472961426
EDTRVFPS1-11,inversion,408.03378404181586,0.007671790513256983,9.113031387329102
EDTRVFPS1-11,inversion,417.93889448059986,0.007687164915646422,9.109017372131348
EDTRVFPS1-11,inversion,428.0844536680944,0.007699882250430377,9.105703353881836
EDTRVFPS1-11,inversion,438.4762985509051,0.007710127907613228,9.10303783416748
EDTRVFPS1-11,inversion,449.1204077688095,0.0077181498938155785,9.100954055786133
EDTRVFPS1-11,inversion,460.0229050943884,0.007724247766867426,9.099370956420898
EDTRVFPS1-11,inversion,471.1900629561576,0.00772871912656138,9.098210334777832
EDTRVFPS1-11,inversion,482.62830604722524,0.007731854946885292,9.097397804260254
EDTRVFPS1-11,inversion,494.3442150215442,0.0077339300498081385,9.0968599319458
EDTRVFPS1-11,inversion,506.3445302799017,0.007822731157677442,9.073979377746582
EDTRVFPS1-11,inversion,518.6361558478047,0.007842048966362649,9.069036483764648
EDTRVFPS1-11,inversion,531.2261633475078,0.007862934525781457,9.06370735168457
EDTRVFPS1-11,inversion,544.1217960664626,0.007885119019195625,9.058062553405762
EDTRVFPS1-11,inversion,557.3304731245257,0.007908189395286272,9.052210807800293
EDTRVFPS1-11,inversion,570.8597937423312,0.007931646873878448,9.046278953552246
EDTRVFPS1-11,inversion,584.7175416132765,0.007954956949035277,9.04040241241455
EDTRVFPS1-11,inversion,598.9116893816388,0.007977607392575123,9.034710884094238
EDTRVFPS1-11,inversion,613.4504032294016,0.007999143373942004,9.029315948486328
EDTRVFPS1-11,inversion,628.3420475744225,0.008019195941464857,9.024307250976562
EDTRVFPS1-11,inversion,643.5951898826547,0.008037484386285574,9.019753456115723
EDTRVFPS1-11,inversion,659.2186055971841,0.008053807331250346,9.015700340270996
EDTRVFPS1-11,inversion,675.2212831869199,0.008068022896737408,9.012181282043457
EDTRVFPS1-11,inversion,691.6124293178453,0.008080031292821546,9.009217262268066
EDTRVFPS1-11,inversion,708.401474149797,0.008089759260848607,9.00682544708252
EDTRVFPS1-11,inversion,725.5980767618297,0.008097149555012726,9.005017280578613
EDTRVFPS1-11,inversion,743.2121307092809,0.008102165417850249,9.003800392150879
EDTRVFPS1-11,inversion,761.253769715733,0.008104795814473483,9.003175735473633
EDTRVFPS1-11,inversion,779.7333735031542,0.008105063905030824,9.003138542175293
EDTRVFPS1-11,inversion,798.6615737635592,0.008103030042179927,9.00367259979248
EDTRVFPS1-11,inversion,818.04926027564,0.008098784836666678,9.004755973815918
EDTRVFPS1-11,inversion,837.9075871698798,0.008092443158957545,9.006361961364746
EDTRVFPS1-11,inversion,858.2479793457438,0.008084115634261452,9.008462905883789
EDTRVFPS1-11,inversion,879.0821390446662,0.008073894079137686,9.011038780212402
EDTRVFPS1-11,inversion,900.4220525825793,0.008061832970604301,9.014077186584473
EDTRVFPS1-11,inversion,922.2799972458885,0.008047932698541373,9.01758098602295
EDTRVFPS1-11,inversion,944.668548354847,0.008032144204511912,9.021565437316895
EDTRVFPS1-11,inversion,967.6005864983885,0.00801436961852088,9.026057243347168
EDTRVFPS1-11,inversion,991.0893049445955,0.00799447807587239,9.03109359741211
EDTRVFPS1-11,inversion,1015.1482172310542,0.007972317768162079,9.036717414855957
EDTRVFPS1-11,inversion,1039.791164939466,0.007947733016043448,9.042972564697266
EDTRVFPS1-11,inversion,1065.0323256589954,0.007920572437083268,9.049903869628906
EDTRVFPS1-11,inversion,1090.8862211429198,0.007890688626540394,9.057557106018066
EDTRVFPS1-11,inversion,1117.367725663293,0.007857935753168056,9.065978050231934
EDTRVFPS1-11,inversion,1144.492074568416,0.007822163334926647,9.075214385986328
EDTRVFPS1-11,inversion,1172.2748730480412,0.007783202005643059,9.085322380065918
EDTRVFPS1-11,inversion,1200.7321051113606,0.0077408696695428336,9.096362113952637
EDTRVFPS1-11,inversion,1229.8801427829244,0.00769497925212578,9.108397483825684
EDTRVFPS1-11,inversion,1259.7357555218034,0.007645337806640049,9.121499061584473
EDTRVFPS1-11,inversion,1290.316119869404,0.0075917883026094925,9.13572883605957
EDTRVFPS1-11,inversion,1321.6388293314699,0.007534227272948703,9.151138305664062
EDTRVFPS1-11,inversion,1353.7219045000002,0.007472620078086045,9.167763710021973
EDTRVFPS1-11,inversion,1386.5838034208487,0.007407014840589906,9.18562126159668
EDTRVFPS1-11,inversion,1420.2434322130189,0.007337554341487939,9.204704284667969
EDTRVFPS1-11,inversion,1454.720155945744,0.007264447716927792,9.22498893737793
EDTRVFPS1-11,inversion,1490.0338097795902,0.007187958022566697,9.245668411254883
EDTRVFPS1-11,inversion,1526.2047103780474,0.007108355801648832,9.267349243164062
EDTRVFPS1-11,inversion,1563.2536675961037,0.007025912513843466,9.290083885192871
EDTRVFPS1-11,inversion,1601.2019964525841,0.006940842158216295,9.313847541809082
EDTRVFPS1-11,inversion,1640.0715293931185,0.006853297336460118,9.338630676269531
EDTRVFPS1-11,inversion,1679.8846288507832,0.006763385097794758,9.3644380569458
EDTRVFPS1-11,inversion,1720.6642001116704,0.006671133916693076,9.391298294067383
EDTRVFPS1-11,inversion,1762.4337044927618,0.006576536931984802,9.4192533493042
EDTRVFPS1-11,inversion,1805.2171728397022,0.006479567779788518,9.44835090637207
EDTRVFPS1-11,inversion,1849.0392193522384,0.006380186924311219,9.47865104675293
EDTRVFPS1-11,inversion,1893.9250557452608,0.006278380361794545,9.510208129882812
EDTRVFPS1-11,inversion,1939.90050575362,0.0061741489609354345,9.543074607849121
EDTRVFPS1-11,inversion,1986.9920199890544,0.006067514827881669,9.577302932739258
EDTRVFPS1-11,inversion,2035.2266911577444,0.0059585294783156785,9.612936973571777
EDTRVFPS1-11,inversion,2084.6322696473244,0.005847237961515256,9.650030136108398
EDTRVFPS1-11,inversion,2135.2371794922246,0.005733690933688193,9.68863582611084
EDTRVFPS1-11,inversion,2187.070534726604,0.005617907409994323,9.728824615478516
EDTRVFPS1-11,inversion,2240.1621561342517,0.005499878275375569,9.770684242248535
EDTRVFPS1-11,inversion,2294.542588405074,0.005379563874502136,9.814318656921387
EDTRVFPS1-11,inversion,2350.2431177081,0.005256871690728563,9.859861373901367
EDTRVFPS1-11,inversion,2407.295789691028,0.005131708259271246,9.907463073730469
EDTRVFPS1-11,inversion,2465.7334279167508,0.005003961650766489,9.957295417785645
EDTRVFPS1-11,inversion,2525.589652747425,0.0048735280854163175,10.009539604187012
EDTRVFPS1-11,inversion,2586.8989006869256,0.004740350509108473,10.064386367797852
EDTRVFPS1-11,inversion,2649.696444192899,0.004604438178685057,10.1220121383667
EDTRVFPS1-11,inversion,2714.0184119697,0.004465886386563377,10.182580947875977
EDTRVFPS1-11,inversion,2779.90180975398,0.00432489814449919,10.24621868133545
EDTRVFPS1-11,inversion,2847.3845416048475,0.004181767401622426,10.313034057617188
EDTRVFPS1-11,inversion,2916.5054317108293,0.004036894353617662,10.383086204528809
EDTRVFPS1-11,inversion,2987.304246726224,0.0038907518413350633,10.456408500671387
EDTRVFPS1-11,inversion,3059.8217186496768,0.0037438769436751586,10.532983779907227
EDTRVFPS1-11,inversion,3134.0995682580997,0.0035968061615916772,10.612798690795898
EDTRVFPS1-11,inversion,3210.1805291095156,0.00345011063592169,10.69580078125
EDTRVFPS1-11,inversion,3288.10837212853,0.0033043135119716293,10.781938552856445
EDTRVFPS1-11,inversion,3367.9279307886145,0.003159917657765537,10.87115478515625
EDTRVFPS1-11,inversion,3449.6851269057597,0.003017376269947975,10.963397026062012
EDTRVFPS1-11,inversion,3533.426997058181,0.00287710022042354,11.058616638183594
EDTRVFPS1-11,inversion,3619.2017196474667,0.0027394518264098186,11.156761169433594
EDTRVFPS1-11,inversion,3707.058642616546,0.0026047416123600635,11.257798194885254
EDTRVFPS1-11,inversion,3797.048311840605,0.002473216908953636,11.361715316772461
EDTRVFPS1-11,inversion,3889.222500207141,0.002345079008537598,11.468511581420898
EDTRVFPS1-11,inversion,3983.6342374019364,0.0022204454900456873,11.578245162963867
EDTRVFPS1-11,inversion,4080.337840418156,0.0020993902470278773,11.690996170043945
EDTRVFPS1-11,inversion,4179.388944805999,0.001981906153285655,11.806926727294922
EDTRVFPS1-11,inversion,4280.844536680941,0.0018679440769018237,11.926265716552734
EDTRVFPS1-11,inversion,4384.762985509055,0.0017574127850880407,12.049297332763672
EDTRVFPS1-11,inversion,4491.204077688096,0.0016501854639930965,12.174281120300293
EDTRVFPS1-11,inversion,4600.22905094389,0.001546135593773579,12.302438735961914
EDTRVFPS1-11,inversion,4711.900629561581,0.0014451491810690983,12.43550968170166
EDTRVFPS1-11,inversion,4826.283060472249,0.0013471339735608065,12.574039459228516
EDTRVFPS1-11,inversion,4943.442150215447,0.001252047935284534,12.718597412109375
EDTRVFPS1-11,inversion,5063.4453027990185,0.0011598928328242113,12.869771957397461
EDTRVFPS1-11,inversion,5186.361558478044,0.0010707337485567324,13.028133392333984
EDTRVFPS1-11,inversion,5312.261633475085,0.0009846879257284103,13.19422721862793
EDTRVFPS1-11,inversion,5441.217960664627,0.0009019229231133419,13.368537902832031
EDTRVFPS1-11,inversion,5573.304731245253,0.0008226398187093652,13.55147933959961
EDTRVFPS1-11,inversion,5708.597937423313,0.000747058462799355,13.743385314941406
EDTRVFPS1-11,inversion,5847.175416132761,0.0006753897675475573,13.944524765014648
EDTRVFPS1-11,inversion,5989.116893816395,0.0006078249910068993,14.155073165893555
EDTRVFPS1-11,inversion,6134.504032294017,0.0005445154059012629,14.375151634216309
EDTRVFPS1-11,inversion,6283.420475744231,0.00048556222532416296,14.60482406616211
EDTRVFPS1-11,inversion,6435.951898826548,0.00043100797995588533,14.844121932983398
EDTRVFPS1-11,inversion,6592.186055971837,0.0003808424875731559,15.093032836914062
EDTRVFPS1-11,inversion,6752.212831869207,0.00033500366574922686,15.351482391357422
EDTRVFPS1-11,inversion,6916.1242931784545,0.00029338421322535994,15.614385604858398
EDTRVFPS1-11,inversion,7084.014741497965,0.0002558404904663809,15.884445190429688
EDTRVFPS1-11,inversion,7255.980767618299,0.0002221963311592915,16.163108825683594
EDTRVFPS1-11,inversion,7432.121307092804,0.00019225021086092918,16.449840545654297
EDTRVFPS1-11,inversion,7612.537697157325,0.00016577654137605086,16.743921279907227
EDTRVFPS1-11,inversion,7797.333735031544,0.0001425302404545984,17.04448699951172
EDTRVFPS1-11,inversion,7986.615737635601,0.00012225137036921078,17.350482940673828
EDTRVFPS1-11,inversion,8180.492602756409,0.0001046698770654289,17.660743713378906
EDTRVFPS1-11,inversion,8379.075871698793,8.95109633659047e-05,17.97407341003418
EDTRVFPS1-11,inversion,8582.479793457449,7.65029062990512e-05,18.289276123046875
EDTRVFPS1-11,inversion,8790.821390446665,6.538268204214372e-05,18.605262756347656
EDTRVFPS1-11,inversion,9004.220525825787,5.590257115390439e-05,18.92052459716797
EDTRVFPS1-11,inversion,9222.799972458895,4.783446927968922e-05,19.22766876220703
EDTRVFPS1-11,inversion,9446.685483548472,4.09722796119393e-05,19.53350067138672
EDTRVFPS1-11,inversion,9676.005864983877,3.5134022175535435e-05,19.837772369384766
EDTRVFPS1-11,inversion,9910.893049445956,3.016098798953348e-05,20.14051628112793
EDTRVFPS1-11,inversion,10151.482172310552,2.591694756928633e-05,20.441993713378906
EDTRVFPS1-11,inversion,10397.911649394653,2.228655207558977e-05,20.742639541625977
EDTRVFPS1-11,inversion,10650.323256589956,1.91729050346535e-05,21.04306411743164
EDTRVFPS1-11,inversion,10908.86221142921,1.649534420305256e-05,21.343990325927734
EDTRVFPS1-11,inversion,11173.677256632933,1.4187327718654234e-05,21.64617156982422
EDTRVFPS1-11,inversion,11444.920745684152,1.219417703477024e-05,21.950315475463867
EDTRVFPS1-11,inversion,11722.748730480425,1.0470998872578571e-05,22.257034301757812
EDTRVFPS1-11,inversion,12007.32105111361,8.9809314205083e-06,22.564008712768555
EDTRVFPS1-11,inversion,12298.801427829236,7.69342453885578e-06,22.86914825439453
EDTRVFPS1-11,inversion,12597.357555218048,6.582749644685187e-06,23.177268981933594
EDTRVFPS1-11,inversion,12903.161198694032,5.62686819294588e-06,23.488021850585938
EDTRVFPS1-11,inversion,13216.38829331469,4.806487594342861e-06,23.80081558227539
EDTRVFPS1-11,inversion,13537.219045000003,4.104388483619547e-06,24.11492919921875
EDTRVFPS1-12,inversion,57.41024650000003,4.6903524675618634e-148,700.6270751953125
EDTRVFPS1-12,inversion,58.80389294335932,8.8912131257351e-148,700.1146240234375
EDTRVFPS1-12,inversion,60.23137046265884,2.4059032404847738e-147,699.5086059570312
EDTRVFPS1-12,inversion,61.693500314756534,1.3570165281351511e-146,697.2640380859375
EDTRVFPS1-12,inversion,63.19112369270259,5.3368007552205786e-145,690.405029296875
EDTRVFPS1-12,inversion,64.72510220969454,1.830811509824959e-141,674.4534912109375
EDTRVFPS1-12,inversion,66.29631839478108,2.9102948642299e-134,641.6182861328125
EDTRVFPS1-12,inversion,67.90567620059886,6.671459358898984e-121,580.455810546875
EDTRVFPS1-12,inversion,69.55410152343514,5.171481482100673e-99,479.9833984375
EDTRVFPS1-12,inversion,71.24254273591428,1.9437305577116808e-69,344.0732421875
EDTRVFPS1-12,inversion,72.97197123261617,4.466690356145333e-39,204.4183807373047
EDTRVFPS1-12,inversion,74.74338198893905,1.2087535145949567e-16,101.18850708007812
EDTRVFPS1-12,inversion,76.55779413352948,6.108721098349434e-05,47.29391098022461
EDTRVFPS1-12,inversion,78.41625153460728,0.49768191896708164,29.245803833007812
EDTRVFPS1-12,inversion,80.31982340052451,0.4837280878534283,29.257863998413086
EDTRVFPS1-12,inversion,82.26960489490266,0.018091283434254816,35.789669036865234
EDTRVFPS1-12,inversion,84.2667177667025,0.00041492775638215655,43.3084716796875
EDTRVFPS1-12,inversion,86.31231099558937,1.6616631491051275e-05,49.716739654541016
EDTRVFPS1-12,inversion,88.40756145296416,1.4877391112076561e-06,54.53132629394531
EDTRVFPS1-12,inversion,90.5536745790416,2.7812290482971123e-07,57.87537384033203
EDTRVFPS1-12,inversion,92.75188507636443,9.233486640451867e-08,60.06252670288086
EDTRVFPS1-12,inversion,95.0034576201532,4.621860765717775e-08,61.447696685791016
EDTRVFPS1-12,inversion,97.30968758589916,3.050581847967375e-08,62.26652145385742
EDTRVFPS1-12,inversion,99.67190179462047,2.4050817624260274e-08,62.7387809753418
EDTRVFPS1-12,inversion,102.09145927620912,2.1157739023970026e-08,62.99515914916992
EDTRVFPS1-12,inversion,104.56975205130894,1.986179595009794e-08,63.12275314331055
EDTRVFPS1-12,inversion,107.1082059321727,1.9347347746988254e-08,63.17674255371094
EDTRVFPS1-12,inversion,109.70828134296137,1.9228830147091498e-08,63.19059371948242
EDTRVFPS1-12,inversion,112.3714741599558,1.9309037350521606e-08,63.18381881713867
EDTRVFPS1-12,inversion,115.09931657216451,1.948400080927418e-08,63.165435791015625
EDTRVFPS1-12,inversion,117.8933779628238,1.9698781336173443e-08,63.14099884033203
EDTRVFPS1-12,inversion,120.75526581229511,1.992494414647719e-08,63.11609649658203
EDTRVFPS1-12,inversion,123.68662662288162,2.014837923591989e-08,63.09205627441406
EDTRVFPS1-12,inversion,126.68914686609432,2.0362107840564337e-08,63.06949234008789
EDTRVFPS1-12,inversion,129.76455395291384,2.0563048633444162e-08,63.048622131347656
EDTRVFPS1-12,inversion,132.91461722760442,2.0749701521772072e-08,63.029510498046875
EDTRVFPS1-12,inversion,136.14114898565416,2.0921262132389728e-08,63.01216125488281
EDTRVFPS1-12,inversion,139.44600551642515,2.1077369770053864e-08,62.99655532836914
EDTRVFPS1-12,inversion,142.8310881711151,2.121800261454139e-08,62.982627868652344
EDTRVFPS1-12,inversion,146.2983444566427,2.134343769690598e-08,62.970306396484375
EDTRVFPS1-12,inversion,149.84976915608817,2.1454181680061286e-08,62.95951843261719
EDTRVFPS1-12,inversion,153.48740547633273,2.1551465747184192e-08,62.95009231567383
EDTRVFPS1-12,inversion,157.2133462235568,2.163667185764414e-08,62.94188690185547
EDTRVFPS1-12,inversion,161.0297350072746,2.171183534389407e-08,62.93468475341797
EDTRVFPS1-12,inversion,164.93876747359536,2.1779400930582217e-08,62.928245544433594
EDTRVFPS1-12,inversion,168.9426925684239,2.1841866817283167e-08,62.92234420776367
EDTRVFPS1-12,inversion,173.04381383132468,2.1902031838308068e-08,62.91667556762695
EDTRVFPS1-12,inversion,177.24449072079503,2.1962652390361832e-08,62.91102600097656
EDTRVFPS1-12,inversion,181.54713997170992,2.2025953968433332e-08,62.90515899658203
EDTRVFPS1-12,inversion,185.95423698571813,2.209391401307128e-08,62.89891815185547
EDTRVFPS1-12,inversion,190.46831725539138,2.2167351690713714e-08,62.89220428466797
EDTRVFPS1-12,inversion,195.0919778229454,2.2246480534122625e-08,62.885032653808594
EDTRVFPS1-12,inversion,199.82787877437013,2.233026589338774e-08,62.877464294433594
EDTRVFPS1-12,inversion,204.67874476983198,2.2416874504367497e-08,62.86968994140625
EDTRVFPS1-12,inversion,209.64736661122612,2.2503336416269572e-08,62.861968994140625
EDTRVFPS1-12,inversion,214.7366028477813,2.2586403602182944e-08,62.85457229614258
EDTRVFPS1-12,inversion,219.9493814206423,2.266236929564776e-08,62.84784698486328
EDTRVFPS1-12,inversion,225.28870134737272,2.2727817181556964e-08,62.84206771850586
EDTRVFPS1-12,inversion,230.75763444735165,2.277985177963783e-08,62.83747863769531
EDTRVFPS1-12,inversion,236.3593271090537,2.2816432406598184e-08,62.83426284790039
EDTRVFPS1-12,inversion,242.09700210023,2.283678634900545e-08,62.83246994018555
EDTRVFPS1-12,inversion,247.97396042203295,2.2841681973178693e-08,62.83203887939453
EDTRVFPS1-12,inversion,253.99358320814804,2.283306966196227e-08,62.83277893066406
EDTRVFPS1-12,inversion,260.1593336700295,2.2814436196728476e-08,62.834415435791016
EDTRVFPS1-12,inversion,266.47475908935706,2.2790445243116456e-08,62.836509704589844
EDTRVFPS1-12,inversion,272.9434928588577,2.2766789819155134e-08,62.83858108520508
EDTRVFPS1-12,inversion,279.5692565726716,2.2749605938021344e-08,62.840091705322266
EDTRVFPS1-12,inversion,286.35586216746043,2.274531461716501e-08,62.8404655456543
EDTRVFPS1-12,inversion,293.30721411549206,2.2760090002381227e-08,62.83916091918945
EDTRVFPS1-12,inversion,300.4273116709638,2.2799294714338823e-08,62.835731506347656
EDTRVFPS1-12,inversion,307.7202511708531,2.2867057877809715e-08,62.82979202270508
EDTRVFPS1-12,inversion,315.19022839162477,2.296586759586727e-08,62.82117462158203
EDTRVFPS1-12,inversion,322.84154096314614,2.309636374017839e-08,62.80984878540039
EDTRVFPS1-12,inversion,330.6785908412007,2.3256992519815678e-08,62.795997619628906
EDTRVFPS1-12,inversion,338.7058868400239,2.3444268539857906e-08,62.77997589111328
EDTRVFPS1-12,inversion,346.92804722631405,2.365270589697105e-08,62.76227951049805
EDTRVFPS1-12,inversion,355.3498023762161,2.3875575123572953e-08,62.74353790283203
EDTRVFPS1-12,inversion,363.97599749680387,2.4105228321750537e-08,62.72439956665039
EDTRVFPS1-12,inversion,372.81159541362473,2.433393104638464e-08,62.70552062988281
EDTRVFPS1-12,inversion,381.86167942591516,2.455443077630969e-08,62.68748092651367
EDTRVFPS1-12,inversion,391.1314562311259,2.4760380417393805e-08,62.67078399658203
EDTRVFPS1-12,inversion,400.62625892044076,2.4947166297414865e-08,62.655757904052734
EDTRVFPS1-12,inversion,410.3515500470137,2.5111653038310723e-08,62.642616271972656
EDTRVFPS1-12,inversion,420.3129247686845,2.525246205172953e-08,62.631431579589844
EDTRVFPS1-12,inversion,430.51611406698856,2.5369560761850877e-08,62.6221809387207
EDTRVFPS1-12,inversion,440.96698804430804,2.546419319682522e-08,62.61473083496094
EDTRVFPS1-12,inversion,451.67155930105724,2.5538392582331878e-08,62.608917236328125
EDTRVFPS1-12,inversion,462.6359863948595,2.5594668719742965e-08,62.60450744628906
EDTRVFPS1-12,inversion,473.8665773836861,2.5635697145950558e-08,62.6013069152832
EDTRVFPS1-12,inversion,485.36979345501214,2.5664276698623665e-08,62.59907913208008
EDTRVFPS1-12,inversion,497.1522526430708,2.5682859958151418e-08,62.597633361816406
EDTRVFPS1-12,inversion,509.2207336363383,2.6666875267573896e-08,62.52241134643555
EDTRVFPS1-12,inversion,521.5821796774574,2.6890598209328155e-08,62.50569152832031
EDTRVFPS1-12,inversion,534.2437025578212,2.7138916352399143e-08,62.48728942871094
EDTRVFPS1-12,inversion,547.2125867091335,2.741059716832438e-08,62.467350006103516
EDTRVFPS1-12,inversion,560.4962933942915,2.770315559869406e-08,62.446102142333984
EDTRVFPS1-12,inversion,574.1024649999999,2.8013064994152675e-08,62.423824310302734
EDTRVFPS1-12,inversion,588.0389294335923,2.833601978768675e-08,62.4008674621582
EDTRVFPS1-12,inversion,602.313704626588,2.8667821296760863e-08,62.37754440307617
EDTRVFPS1-12,inversion,616.9350031475649,2.9004238573616204e-08,62.35416793823242
EDTRVFPS1-12,inversion,631.9112369270255,2.9341789864642393e-08,62.33098602294922
EDTRVFPS1-12,inversion,647.251022096945,2.9677701404816263e-08,62.30815505981445
EDTRVFPS1-12,inversion,662.9631839478097,3.000972938060827e-08,62.28585433959961
EDTRVFPS1-12,inversion,679.0567620059888,3.033637502616946e-08,62.264129638671875
EDTRVFPS1-12,inversion,695.5410152343509,3.0656271797833426e-08,62.24308395385742
EDTRVFPS1-12,inversion,712.4254273591423,3.0968422723913e-08,62.222747802734375
EDTRVFPS1-12,inversion,729.7197123261611,3.1271729137454866e-08,62.20317077636719
EDTRVFPS1-12,inversion,747.4338198893901,3.156481584761082e-08,62.18442916870117
EDTRVFPS1-12,inversion,765.5779413352943,3.184658825492039e-08,62.16656494140625
EDTRVFPS1-12,inversion,784.1625153460724,3.2115779190270077e-08,62.14963150024414
EDTRVFPS1-12,inversion,803.198234005244,3.23713295275421e-08,62.13368606567383
EDTRVFPS1-12,inversion,822.696048949026,3.261272376740944e-08,62.11872100830078
EDTRVFPS1-12,inversion,842.6671776670244,3.283971335606425e-08,62.10475158691406
EDTRVFPS1-12,inversion,863.123109955893,3.305263963367597e-08,62.09171676635742
EDTRVFPS1-12,inversion,884.0756145296409,3.3252337292925715e-08,62.07955551147461
EDTRVFPS1-12,inversion,905.5367457904146,3.3439636016414834e-08,62.06821823120117
EDTRVFPS1-12,inversion,927.5188507636445,3.3615707297671946e-08,62.05759811401367
EDTRVFPS1-12,inversion,950.0345762015314,3.378144416731422e-08,62.04764938354492
EDTRVFPS1-12,inversion,973.096875858991,3.393767300810484e-08,62.038291931152344
EDTRVFPS1-12,inversion,996.719017946204,3.408463908465415e-08,62.0295295715332
EDTRVFPS1-12,inversion,1020.9145927620906,3.422244650482905e-08,62.02132797241211
EDTRVFPS1-12,inversion,1045.6975205130886,3.435078151424233e-08,62.01369857788086
EDTRVFPS1-12,inversion,1071.082059321726,3.4468879888899463e-08,62.00669479370117
EDTRVFPS1-12,inversion,1097.082813429612,3.457620780046045e-08,62.00032424926758
EDTRVFPS1-12,inversion,1123.714741599557,3.4671655312348435e-08,61.994651794433594
EDTRVFPS1-12,inversion,1150.9931657216443,3.475434126777151e-08,61.989723205566406
EDTRVFPS1-12,inversion,1178.9337796282373,3.4823164462109054e-08,61.98560333251953
EDTRVFPS1-12,inversion,1207.5526581229503,3.4877109327886434e-08,61.982322692871094
EDTRVFPS1-12,inversion,1236.8662662288143,3.491474880857051e-08,61.979984283447266
EDTRVFPS1-12,inversion,1266.8914686609435,3.493491140621576e-08,61.978633880615234
EDTRVFPS1-12,inversion,1297.6455395291375,3.493617547075102e-08,61.978355407714844
EDTRVFPS1-12,inversion,1329.1461722760434,3.491691811258788e-08,61.979251861572266
EDTRVFPS1-12,inversion,1361.4114898565406,3.487600021795807e-08,61.981380462646484
EDTRVFPS1-12,inversion,1394.4600551642504,3.481231529540221e-08,61.98481369018555
EDTRVFPS1-12,inversion,1428.3108817111502,3.472503337771083e-08,61.98960876464844
EDTRVFPS1-12,inversion,1462.983444566426,3.46137522453324e-08,61.99579620361328
EDTRVFPS1-12,inversion,1498.4976915608793,3.447838344346452e-08,62.003395080566406
EDTRVFPS1-12,inversion,1534.8740547633263,3.431921362128393e-08,62.01240921020508
EDTRVFPS1-12,inversion,1572.133462235567,3.41365463682337e-08,62.022850036621094
EDTRVFPS1-12,inversion,1610.2973500727448,3.39309016499247e-08,62.03469467163086
EDTRVFPS1-12,inversion,1649.3876747359525,3.370283322264025e-08,62.04794692993164
EDTRVFPS1-12,inversion,1689.4269256842363,3.3452442941081e-08,62.06262969970703
EDTRVFPS1-12,inversion,1730.4381383132459,3.3180021722635604e-08,62.07875061035156
EDTRVFPS1-12,inversion,1772.444907207949,3.288565200917693e-08,62.096343994140625
EDTRVFPS1-12,inversion,1815.471399717098,3.2569193782765445e-08,62.11545181274414
EDTRVFPS1-12,inversion,1859.5423698571801,3.22304856128272e-08,62.13614273071289
EDTRVFPS1-12,inversion,1904.6831725539125,3.186954339618167e-08,62.158443450927734
EDTRVFPS1-12,inversion,1950.9197782294527,3.1486408917913914e-08,62.18241500854492
EDTRVFPS1-12,inversion,1998.2787877437,3.1081061673391314e-08,62.2081184387207
EDTRVFPS1-12,inversion,2046.7874476983166,3.065358518020844e-08,62.235618591308594
EDTRVFPS1-12,inversion,2096.4736661122597,3.0204371048620094e-08,62.26494598388672
EDTRVFPS1-12,inversion,2147.3660284778116,2.9733337156759974e-08,62.296199798583984
EDTRVFPS1-12,inversion,2199.4938142064216,2.924072581611257e-08,62.329429626464844
EDTRVFPS1-12,inversion,2252.887013473726,2.8726365320928792e-08,62.36476135253906
EDTRVFPS1-12,inversion,2307.576344473513,2.818997004678806e-08,62.402313232421875
EDTRVFPS1-12,inversion,2363.5932710905354,2.7631240895098684e-08,62.44221115112305
EDTRVFPS1-12,inversion,2420.9700210022984,2.7049550443675487e-08,62.484642028808594
EDTRVFPS1-12,inversion,2479.7396042203277,2.6444386048449774e-08,62.529788970947266
EDTRVFPS1-12,inversion,2539.9358320814786,2.5815113735098698e-08,62.577877044677734
EDTRVFPS1-12,inversion,2601.5933367002935,2.5161674680285098e-08,62.62908935546875
EDTRVFPS1-12,inversion,2664.747590893569,2.4483951637906783e-08,62.68367385864258
EDTRVFPS1-12,inversion,2729.4349285885755,2.3782634078023683e-08,62.741798400878906
EDTRVFPS1-12,inversion,2795.6925657267116,2.3058909874041723e-08,62.80363464355469
EDTRVFPS1-12,inversion,2863.5586216746024,2.2314533299724777e-08,62.86935043334961
EDTRVFPS1-12,inversion,2933.0721411549184,2.1551971825331782e-08,62.93901443481445
EDTRVFPS1-12,inversion,3004.273116709638,2.077409277812836e-08,63.01271057128906
EDTRVFPS1-12,inversion,3077.2025117085286,1.9984320916374775e-08,63.090457916259766
EDTRVFPS1-12,inversion,3151.902283916243,1.91860672214458e-08,63.17229080200195
EDTRVFPS1-12,inversion,3228.4154096314596,1.8383010473323592e-08,63.25817108154297
EDTRVFPS1-12,inversion,3306.7859084120046,1.7578828547327137e-08,63.34806442260742
EDTRVFPS1-12,inversion,3387.058868400233,1.6776877083396835e-08,63.44197082519531
EDTRVFPS1-12,inversion,3469.280472263138,1.5980495915324072e-08,63.53984069824219
EDTRVFPS1-12,inversion,3553.4980237621585,1.5192719804465517e-08,63.64164352416992
EDTRVFPS1-12,inversion,3639.759974968033,1.4416295756752488e-08,63.747352600097656
EDTRVFPS1-12,inversion,3728.1159541362445,1.3653724428389627e-08,63.85694122314453
EDTRVFPS1-12,inversion,3818.616794259152,1.2907126013760781e-08,63.97040939331055
EDTRVFPS1-12,inversion,3911.3145623112496,1.2178209070106548e-08,64.0877914428711
EDTRVFPS1-12,inversion,4006.2625892044052,1.1468325301264036e-08,64.20914459228516
EDTRVFPS1-12,inversion,4103.515500470137,1.077829699489461e-08,64.33197021484375
EDTRVFPS1-12,inversion,4203.129247686843,1.0108682613615786e-08,64.4582748413086
EDTRVFPS1-12,inversion,4305.161140669883,9.459589451444758e-09,64.58908081054688
EDTRVFPS1-12,inversion,4409.669880443077,8.83092385123544e-09,64.72476196289062
EDTRVFPS1-12,inversion,4516.715593010569,8.222397150290776e-09,64.86576080322266
EDTRVFPS1-12,inversion,4626.359863948588,7.633643669171976e-09,65.01261901855469
EDTRVFPS1-12,inversion,4738.665773836858,7.064406828234743e-09,65.16596221923828
EDTRVFPS1-12,inversion,4853.697934550119,6.514564977218589e-09,65.32644653320312
EDTRVFPS1-12,inversion,4971.522526430696,5.984264592256146e-09,65.49478912353516
EDTRVFPS1-12,inversion,5092.20733636338,5.473872560544242e-09,65.67172241210938
EDTRVFPS1-12,inversion,5215.821796774575,4.98409767404688e-09,65.85796356201172
EDTRVFPS1-12,inversion,5342.437025578199,4.515877082375144e-09,66.05419921875
EDTRVFPS1-12,inversion,5472.12586709133,4.0703722611538214e-09,66.26103973388672
EDTRVFPS1-12,inversion,5604.962933942917,3.648813446352873e-09,66.47901916503906
EDTRVFPS1-12,inversion,5741.024649999996,3.252381680544561e-09,66.70861053466797
EDTRVFPS1-18,inversion,44.968614454999994,1.3074742256705154e-69,329.22760009765625
EDTRVFPS1-18,inversion,46.0602375261186,1.1090570726809337e-70,333.875732421875
EDTRVFPS1-18,inversion,47.17835998895384,2.068753760393394e-71,336.9809265136719
EDTRVFPS1-18,inversion,48.32362512210616,6.683953620759278e-72,338.97540283203125
EDTRVFPS1-18,inversion,49.496691819906346,3.1937024271177627e-72,340.267822265625
EDTRVFPS1-18,inversion,50.698234971491026,2.0457700089100877e-72,340.8907165527344
EDTRVFPS1-18,inversion,51.92894584907994,1.6603471119609246e-72,341.1994934082031
EDTRVFPS1-18,inversion,53.18953250567908,1.6636986940422373e-72,341.1605529785156
EDTRVFPS1-18,inversion,54.48072018243785,2.056485733067772e-72,340.68902587890625
EDTRVFPS1-18,inversion,55.80325172589512,3.2072851297884775e-72,339.75299072265625
EDTRVFPS1-18,inversion,57.15788801535391,6.634899616951605e-72,338.38641357421875
EDTRVFPS1-18,inversion,58.5454084006309,1.9956286932308263e-71,336.27398681640625
EDTRVFPS1-18,inversion,59.96661115043195,1.0185953348802493e-70,333.198486328125
EDTRVFPS1-18,inversion,61.42231391161256,1.1301219506235958e-69,328.5301513671875
EDTRVFPS1-18,inversion,62.91335417958656,4.095585061253583e-68,321.5986328125
EDTRVFPS1-18,inversion,64.44058978015457,9.373770437239352e-66,311.0335693359375
EDTRVFPS1-18,inversion,66.0048993630282,3.8497364107889525e-62,294.7178955078125
EDTRVFPS1-18,inversion,67.60718290733544,1.3136086283913372e-56,269.63580322265625
EDTRVFPS1-18,inversion,69.24836223939683,2.3000507964291896e-48,232.02706909179688
EDTRVFPS1-18,inversion,70.92938156307083,5.271474411414353e-37,180.08384704589844
EDTRVFPS1-18,inversion,72.65120800297382,1.2755607863838124e-23,118.75032806396484
EDTRVFPS1-18,inversion,74.41483216088612,2.0792992669339202e-11,62.73436737060547
EDTRVFPS1-18,inversion,76.22126868566568,0.0012041365341513848,27.109872817993164
EDTRVFPS1-18,inversion,78.07155685699598,0.7245860886238901,14.359114646911621
EDTRVFPS1-18,inversion,79.96676118330515,0.26895293641305773,16.33599853515625
EDTRVFPS1-18,inversion,81.90797201419882,0.005184977026243878,24.214242935180664
EDTRVFPS1-18,inversion,83.89630616776077,6.972477861060975e-05,32.816036224365234
EDTRVFPS1-18,inversion,85.93290757308102,1.8627215898015918e-06,40.03769302368164
EDTRVFPS1-18,inversion,88.01894792838141,1.2484536313602849e-07,45.424129486083984
EDTRVFPS1-18,inversion,90.15562737511773,1.910175430098217e-08,49.16942596435547
EDTRVFPS1-18,inversion,92.34417518844508,5.5340065990998965e-09,51.63492202758789
EDTRVFPS1-18,inversion,94.58585048444513,2.527115825629113e-09,53.20146942138672
EDTRVFPS1-18,inversion,96.88194294452124,1.5681766075251667e-09,54.14664077758789
EDTRVFPS1-18,inversion,99.23377355737821,1.1859046967721945e-09,54.70347213745117
EDTRVFPS1-18,inversion,101.6426953790144,1.0138861469766037e-09,55.017269134521484
EDTRVFPS1-18,inversion,104.11009431116173,9.328440403311947e-10,55.184844970703125
EDTRVFPS1-18,inversion,106.63738989862365,8.953977473549132e-10,55.26779556274414
EDTRVFPS1-18,inversion,109.22603614596784,8.798670260442372e-10,55.3010139465332
EDTRVFPS1-18,inversion,111.87752235404503,8.75422872711653e-10,55.308837890625
EDTRVFPS1-18,inversion,114.59337397681352,8.764110023210567e-10,55.30474853515625
EDTRVFPS1-18,inversion,117.3751534989643,8.798643445589662e-10,55.29537582397461
EDTRVFPS1-18,inversion,120.22446133484995,8.842457025253769e-10,55.284175872802734
EDTRVFPS1-18,inversion,123.14293674923613,8.887849894769269e-10,55.27287292480469
EDTRVFPS1-18,inversion,126.13225880040328,8.931315872011239e-10,55.262203216552734
EDTRVFPS1-18,inversion,129.19414730614338,8.971299417534309e-10,55.25249481201172
EDTRVFPS1-18,inversion,132.33036383320606,9.007294614085445e-10,55.24382781982422
EDTRVFPS1-18,inversion,135.5427127107637,9.039384263172696e-10,55.23616409301758
EDTRVFPS1-18,inversion,138.83304206847907,9.067641667172366e-10,55.22944259643555
EDTRVFPS1-18,inversion,142.20324489977136,9.092388004624869e-10,55.22357940673828
EDTRVFPS1-18,inversion,145.65526015089412,9.113960677356198e-10,55.21849822998047
EDTRVFPS1-18,inversion,149.1910738364505,9.132672268292626e-10,55.21409606933594
EDTRVFPS1-18,inversion,152.81272018198771,9.148764030101079e-10,55.210330963134766
EDTRVFPS1-18,inversion,156.52228279432882,9.162634007408938e-10,55.207088470458984
EDTRVFPS1-18,inversion,160.32189586031336,9.174500081303262e-10,55.20431900024414
EDTRVFPS1-18,inversion,164.21374537463907,9.184724559746315e-10,55.201942443847656
EDTRVFPS1-18,inversion,168.2000703975089,9.193506283661029e-10,55.19990539550781
EDTRVFPS1-18,inversion,172.2831643428077,9.201185532842288e-10,55.1981315612793
EDTRVFPS1-18,inversion,176.46537629755065,9.207936504555317e-10,55.19656753540039
EDTRVFPS1-18,inversion,180.7491123733597,9.214031691561642e-10,55.19517135620117
EDTRVFPS1-18,inversion,185.1368370907492,9.219587972298557e-10,55.19390106201172
EDTRVFPS1-18,inversion,189.63107479701512,9.224737934666765e-10,55.19272232055664
EDTRVFPS1-18,inversion,194.2344111185418,9.229568377698639e-10,55.19163513183594
EDTRVFPS1-18,inversion,198.94949444836763,9.234101511577788e-10,55.190616607666016
EDTRVFPS1-18,inversion,203.77903746985766,9.238361869511799e-10,55.18965148925781
EDTRVFPS1-18,inversion,208.7258187173661,9.242255647118875e-10,55.188777923583984
EDTRVFPS1-18,inversion,213.7926841747843,9.245738274551559e-10,55.1879997253418
EDTRVFPS1-18,inversion,218.98254891289207,9.248792885727936e-10,55.187313079833984
EDTRVFPS1-18,inversion,224.29839876645792,9.251345778628269e-10,55.186737060546875
EDTRVFPS1-18,inversion,229.7432920520504,9.253345406121812e-10,55.18629455566406
EDTRVFPS1-18,inversion,235.32036132754956,9.254808931173804e-10,55.18596267700195
EDTRVFPS1-18,inversion,241.03281519437215,9.255762892422975e-10,55.18574523925781
EDTRVFPS1-18,inversion,246.883940143444,9.256228871969364e-10,55.18565368652344
EDTRVFPS1-18,inversion,252.87710244598594,9.256263581788795e-10,55.18563461303711
EDTRVFPS1-18,inversion,259.01575009019786,9.255949873120717e-10,55.185707092285156
EDTRVFPS1-18,inversion,265.3034147649564,9.255444989939113e-10,55.185821533203125
EDTRVFPS1-18,inversion,271.74371389166816,9.254896049141869e-10,55.185943603515625
EDTRVFPS1-18,inversion,278.34035270544456,9.254436518268482e-10,55.18602752685547
EDTRVFPS1-18,inversion,285.09712638679974,9.254296550042292e-10,55.18606948852539
EDTRVFPS1-18,inversion,292.0179222450952,9.254626223571862e-10,55.18599319458008
EDTRVFPS1-18,inversion,299.1067219549872,9.255591615908257e-10,55.18577575683594
EDTRVFPS1-18,inversion,306.36760384716695,9.257260138201979e-10,55.18540954589844
EDTRVFPS1-18,inversion,313.804745254705,9.259664006750374e-10,55.184879302978516
EDTRVFPS1-18,inversion,321.4224249163569,9.262721272095001e-10,55.1842041015625
EDTRVFPS1-18,inversion,329.2250254382097,9.266219652840923e-10,55.18342590332031
EDTRVFPS1-18,inversion,337.2170358150827,9.269950898374295e-10,55.182594299316406
EDTRVFPS1-18,inversion,345.40305401313816,9.273612238117631e-10,55.18177795410156
EDTRVFPS1-18,inversion,353.78778961518526,9.276956865783384e-10,55.18102264404297
EDTRVFPS1-18,inversion,362.3760665301978,9.279773579664669e-10,55.180381774902344
EDTRVFPS1-18,inversion,371.17282576860936,9.281949274307598e-10,55.17988204956055
EDTRVFPS1-18,inversion,380.1831282849733,9.283340522578358e-10,55.17954635620117
EDTRVFPS1-18,inversion,389.41215788963734,9.284073499117949e-10,55.17935562133789
EDTRVFPS1-18,inversion,398.86522423109193,9.284237319686711e-10,55.17928695678711
EDTRVFPS1-18,inversion,408.5477658507199,9.283959495942774e-10,55.1793212890625
EDTRVFPS1-18,inversion,418.4653533117011,9.283414659044349e-10,55.179412841796875
EDTRVFPS1-18,inversion,428.6236924038689,9.282734038298241e-10,55.17953872680664
EDTRVFPS1-18,inversion,439.0286274263681,9.282019560721621e-10,55.17967224121094
EDTRVFPS1-18,inversion,449.6861445500002,9.281380470737458e-10,55.1797981262207
EDTRVFPS1-18,inversion,460.60237526118584,9.280830223512711e-10,55.179908752441406
EDTRVFPS1-18,inversion,471.7835998895385,9.280391619348546e-10,55.17999267578125
EDTRVFPS1-18,inversion,483.23625122106165,9.280054183437293e-10,55.180057525634766
EDTRVFPS1-18,inversion,494.96691819906334,9.279854713137365e-10,55.18009948730469
EDTRVFPS1-18,inversion,506.9823497149106,9.262774253042892e-10,55.18360137939453
EDTRVFPS1-18,inversion,519.2894584907996,9.256896774276889e-10,55.1848258972168
EDTRVFPS1-18,inversion,531.895325056791,9.249476967410448e-10,55.18637466430664
EDTRVFPS1-18,inversion,544.8072018243786,9.24023502414605e-10,55.18832015991211
EDTRVFPS1-18,inversion,558.0325172589509,9.2288743487885e-10,55.190711975097656
EDTRVFPS1-18,inversion,571.5788801535397,9.215264898271143e-10,55.19359588623047
EDTRVFPS1-18,inversion,585.4540840063091,9.199162233243288e-10,55.19701385498047
EDTRVFPS1-18,inversion,599.6661115043197,9.180590145757303e-10,55.20096969604492
EDTRVFPS1-18,inversion,614.2231391161257,9.159473604012217e-10,55.20549011230469
EDTRVFPS1-18,inversion,629.1335417958658,9.135859121777635e-10,55.2105598449707
EDTRVFPS1-18,inversion,644.4058978015457,9.109795860977027e-10,55.2161750793457
EDTRVFPS1-18,inversion,660.0489936302822,9.081316111751467e-10,55.22233963012695
EDTRVFPS1-18,inversion,676.0718290733546,9.050451334213729e-10,55.22904586791992
EDTRVFPS1-18,inversion,692.4836223939684,9.017308671403785e-10,55.23628234863281
EDTRVFPS1-18,inversion,709.2938156307084,8.981886643629913e-10,55.24405288696289
EDTRVFPS1-18,inversion,726.5120800297383,8.944259315290892e-10,55.252342224121094
EDTRVFPS1-18,inversion,744.1483216088615,8.904554432093036e-10,55.261131286621094
EDTRVFPS1-18,inversion,762.2126868566563,8.862944371941759e-10,55.27039337158203
EDTRVFPS1-18,inversion,780.7155685699607,8.819644561989489e-10,55.28007888793945
EDTRVFPS1-18,inversion,799.6676118330516,8.774903562726242e-10,55.29014205932617
EDTRVFPS1-18,inversion,819.0797201419883,8.728953454004148e-10,55.300537109375
EDTRVFPS1-18,inversion,838.9630616776079,8.681986247805984e-10,55.31121826171875
EDTRVFPS1-18,inversion,859.3290757308097,8.634175415405869e-10,55.32216262817383
EDTRVFPS1-18,inversion,880.1894792838151,8.585487054491413e-10,55.333370208740234
EDTRVFPS1-18,inversion,901.5562737511775,8.535824791470921e-10,55.344871520996094
EDTRVFPS1-18,inversion,923.4417518844509,8.485089421365113e-10,55.35669708251953
EDTRVFPS1-18,inversion,945.8585048444515,8.432894400037697e-10,55.368934631347656
EDTRVFPS1-18,inversion,968.8194294452118,8.379055277039243e-10,55.38164520263672
EDTRVFPS1-18,inversion,992.3377355737833,8.323233009932659e-10,55.39491653442383
EDTRVFPS1-18,inversion,1016.4269537901441,8.265116618083932e-10,55.40882873535156
EDTRVFPS1-18,inversion,1041.1009431116177,8.204520197882699e-10,55.42344665527344
EDTRVFPS1-18,inversion,1066.3738989862368,8.141276815404953e-10,55.438819885253906
EDTRVFPS1-18,inversion,1092.2603614596785,8.075228906665253e-10,55.455013275146484
EDTRVFPS1-18,inversion,1118.7752235404505,8.006273032868453e-10,55.47206115722656
EDTRVFPS1-18,inversion,1145.9337397681356,7.934268436381431e-10,55.490028381347656
EDTRVFPS1-18,inversion,1173.751534989642,7.859080237195299e-10,55.50897216796875
EDTRVFPS1-18,inversion,1202.2446133485007,7.780565254894508e-10,55.528953552246094
EDTRVFPS1-18,inversion,1231.4293674923615,7.698576631575242e-10,55.55004119873047
EDTRVFPS1-18,inversion,1261.322588004033,7.612958585010387e-10,55.57231140136719
EDTRVFPS1-18,inversion,1291.941473061434,7.523669999775986e-10,55.59580993652344
EDTRVFPS1-18,inversion,1323.3036383320598,7.430721913963082e-10,55.62059020996094
EDTRVFPS1-18,inversion,1355.4271271076386,7.334189875857928e-10,55.64665222167969
EDTRVFPS1-18,inversion,1388.330420684791,7.234326727479386e-10,55.67399215698242
EDTRVFPS1-18,inversion,1422.0324489977138,7.131489066892239e-10,55.70254898071289
EDTRVFPS1-18,inversion,1456.5526015089415,7.026077237209085e-10,55.732269287109375
EDTRVFPS1-18,inversion,1491.9107383645041,6.918451653318965e-10,55.763084411621094
EDTRVFPS1-18,inversion,1528.1272018198788,6.809078363833688e-10,55.79490661621094
EDTRVFPS1-18,inversion,1565.2228279432884,6.698272589917391e-10,55.82768630981445
EDTRVFPS1-18,inversion,1603.218958603134,6.586342424891481e-10,55.861366271972656
EDTRVFPS1-18,inversion,1642.1374537463912,6.473410837387369e-10,55.89594650268555
EDTRVFPS1-18,inversion,1682.0007039750878,6.35957964730863e-10,55.931427001953125
EDTRVFPS1-18,inversion,1722.8316434280791,6.244874861512341e-10,55.96785354614258
EDTRVFPS1-18,inversion,1764.6537629755069,6.129263155608985e-10,56.00525665283203
EDTRVFPS1-18,inversion,1807.4911237335975,6.012681216201049e-10,56.0437126159668
EDTRVFPS1-18,inversion,1851.368370907494,5.895081702954242e-10,56.08328628540039
EDTRVFPS1-18,inversion,1896.3107479701498,5.776413932769843e-10,56.12404251098633
EDTRVFPS1-18,inversion,1942.3441111854183,5.656679399303594e-10,56.166038513183594
EDTRVFPS1-18,inversion,1989.4949444836768,5.535927525629573e-10,56.209327697753906
EDTRVFPS1-18,inversion,2037.7903746985753,5.414185094398003e-10,56.25395202636719
EDTRVFPS1-18,inversion,2087.2581871736634,5.291484682672969e-10,56.29997253417969
EDTRVFPS1-18,inversion,2137.9268417478434,5.167907755626277e-10,56.347434997558594
EDTRVFPS1-18,inversion,2189.825489128921,5.043454772315177e-10,56.396427154541016
EDTRVFPS1-18,inversion,2242.9839876645797,4.918082216625591e-10,56.44703674316406
EDTRVFPS1-18,inversion,2297.432920520502,4.791782143885516e-10,56.49937057495117
EDTRVFPS1-18,inversion,2353.2036132754984,4.664421849576116e-10,56.55358123779297
EDTRVFPS1-18,inversion,2410.328151943722,4.5359375651549457e-10,56.60982131958008
EDTRVFPS1-18,inversion,2468.8394014344385,4.4062014535392897e-10,56.66828536987305
EDTRVFPS1-18,inversion,2528.7710244598597,4.2751536818431166e-10,56.72914505004883
EDTRVFPS1-18,inversion,2590.157500901977,4.142722488352877e-10,56.79220199584961
EDTRVFPS1-18,inversion,2653.0341476495673,4.008955324294873e-10,56.856719970703125
EDTRVFPS1-18,inversion,2717.437138916682,3.8739812853127203e-10,56.92409133911133
EDTRVFPS1-18,inversion,2783.4035270544437,3.7379740556366327e-10,56.99443435668945
EDTRVFPS1-18,inversion,2850.971263867998,3.6012677455118207e-10,57.06782913208008
EDTRVFPS1-18,inversion,2920.1792224509495,3.4642308830587294e-10,57.14430618286133
EDTRVFPS1-18,inversion,2991.0672195498755,3.327287842409128e-10,57.223873138427734
EDTRVFPS1-18,inversion,3063.6760384716704,3.190922583581159e-10,57.30649948120117
EDTRVFPS1-18,inversion,3138.0474525470477,3.0555984332530513e-10,57.392127990722656
EDTRVFPS1-18,inversion,3214.224249163572,2.9217859101209823e-10,57.480690002441406
EDTRVFPS1-18,inversion,3292.250254382098,2.789894114925017e-10,57.572113037109375
EDTRVFPS1-18,inversion,3372.1703581508305,2.6603210952810897e-10,57.66632080078125
EDTRVFPS1-18,inversion,3454.0305401313826,2.533405642414082e-10,57.76324462890625
EDTRVFPS1-18,inversion,3537.87789615185,2.409417087765133e-10,57.862823486328125
EDTRVFPS1-18,inversion,3623.760665301982,2.2886161462136653e-10,57.964996337890625
EDTRVFPS1-18,inversion,3711.728257686091,2.1711860125800245e-10,58.06971740722656
EDTRVFPS1-18,inversion,3801.831282849737,2.0572765324885243e-10,58.176971435546875
EDTRVFPS1-18,inversion,3894.1215788963746,1.9469595766321953e-10,58.28675079345703
EDTRVFPS1-18,inversion,3988.652242310917,1.8402840401256215e-10,58.39910888671875
EDTRVFPS1-18,inversion,4085.477658507203,1.7372335372502415e-10,58.514129638671875
EDTRVFPS1-18,inversion,4184.653533117012,1.637732834774427e-10,58.6319580078125
EDTRVFPS1-18,inversion,4286.236924038687,1.541678500041402e-10,58.752838134765625
EDTRVFPS1-18,inversion,4390.286274263685,1.4489429030485153e-10,58.87704849243164
EDTRVFPS1-18,inversion,4496.861445499999,1.359351480360164e-10,59.00496292114258
