SampleID,sigma_model,tau2,posterior_density,chi2_sigma_min_at_tau2
EDTRPAS1-41,marginalised,10.000000000000002,1.937074764e-314,1681.594482421875
EDTRPAS1-41,marginalised,10.29386850802772,2.0245495636e-314,1680.808349609375
EDTRPAS1-41,marginalised,10.596372886056479,2.1094111564e-314,1680.10595703125
EDTRPAS1-41,marginalised,10.907766915109555,2.192991297e-314,1679.462890625
EDTRPAS1-41,marginalised,11.228311834035289,2.2778459403e-314,1678.8565673828125
EDTRPAS1-41,marginalised,11.55827655866908,2.367516115e-314,1678.2596435546875
EDTRPAS1-41,marginalised,11.89793790743586,2.466218442e-314,1677.64892578125
EDTRPAS1-41,marginalised,12.24758083358232,2.5785353323e-314,1677.0076904296875
EDTRPAS1-41,marginalised,12.60749866423369,2.709148779e-314,1676.3231201171875
EDTRPAS1-41,marginalised,12.977993346475667,2.8625698036e-314,1675.593505859375
EDTRPAS1-41,marginalised,13.359375700667911,3.0427926465e-314,1674.82275390625
EDTRPAS1-41,marginalised,13.751965681201613,3.2527854075e-314,1674.023193359375
EDTRPAS1-41,marginalised,14.15609264491992,3.4937613863e-314,1673.2154541015625
EDTRPAS1-41,marginalised,14.572095627426394,3.764211619e-314,1672.4197998046875
EDTRPAS1-41,marginalised,15.000323627513296,4.0589196403e-314,1671.6636962890625
EDTRPAS1-41,marginalised,15.44113589994832,4.368307219e-314,1670.9700927734375
EDTRPAS1-41,marginalised,15.894902256865421,4.6787471563e-314,1670.35595703125
EDTRPAS1-41,marginalised,16.362003378012563,4.9744029795e-314,1669.8365478515625
EDTRPAS1-41,marginalised,16.842831130116664,5.240543959e-314,1669.414306640625
EDTRPAS1-41,marginalised,17.337788895633683,5.4675283704e-314,1669.082763671875
EDTRPAS1-41,marginalised,17.84729191115962,5.6539651516e-314,1668.8297119140625
EDTRPAS1-41,marginalised,18.371767615786382,5.8075769686e-314,1668.6328125
EDTRPAS1-41,marginalised,18.91165600969469,5.9438503764e-314,1668.4661865234375
EDTRPAS1-41,marginalised,19.467410023284927,6.083183805e-314,1668.3016357421875
EDTRPAS1-41,marginalised,20.039495897155582,6.2479662115e-314,1668.116455078125
EDTRPAS1-41,marginalised,20.628393573248047,6.4604928934e-314,1667.8880615234375
EDTRPAS1-41,marginalised,21.234597097485942,6.7416751143e-314,1667.6038818359375
EDTRPAS1-41,marginalised,21.85861503424673,7.1101441065e-314,1667.260986328125
EDTRPAS1-41,marginalised,22.50097089301336,7.580548392e-314,1666.8634033203125
EDTRPAS1-41,marginalised,23.16220356756385,8.160004934e-314,1666.4273681640625
EDTRPAS1-41,marginalised,23.842867788067274,8.8414223555e-314,1665.9775390625
EDTRPAS1-41,marginalised,24.54353458646542,9.5933571997e-314,1665.5447998046875
EDTRPAS1-41,marginalised,25.264791775530544,1.03482633023e-313,1632.35498046875
EDTRPAS1-41,marginalised,26.007244442001152,1.09966078723e-313,1536.8282470703125
EDTRPAS1-41,marginalised,26.771515454209453,1.1398315396e-313,1483.3743896484375
EDTRPAS1-41,marginalised,27.5582459846264,1.14206781344e-313,1480.294921875
EDTRPAS1-41,marginalised,28.368096047762698,1.0993247369e-313,1536.57763671875
EDTRPAS1-41,marginalised,29.201745053876998,1.01467250257e-313,1663.42578125
EDTRPAS1-41,marginalised,30.059892378955855,9.003975351e-314,1665.8896484375
EDTRPAS1-41,marginalised,30.943257951443606,7.727426093e-314,1666.7626953125
EDTRPAS1-41,marginalised,31.852582856214354,6.460607637e-314,1667.9097900390625
EDTRPAS1-41,marginalised,32.78862995629285,5.296704418e-314,1669.3709716796875
EDTRPAS1-41,marginalised,33.75218453284572,4.278388761e-314,1671.2059326171875
EDTRPAS1-41,marginalised,34.74405494398007,3.4139065915e-314,1673.51123046875
EDTRPAS1-41,marginalised,35.76507330290212,2.6944456887e-314,1676.4307861328125
EDTRPAS1-41,marginalised,36.81609617600469,2.1055356086e-314,1680.16552734375
EDTRPAS1-41,marginalised,37.89800530146943,1.6319760635e-314,1684.9686279296875
EDTRPAS1-41,marginalised,39.011708328986366,1.258668086e-314,1691.13525390625
EDTRPAS1-41,marginalised,40.158139581211515,9.70321993e-315,1698.961181640625
EDTRPAS1-41,marginalised,41.33826083760145,7.516788223e-315,1708.692138671875
EDTRPAS1-41,marginalised,42.553062141282105,5.883636054e-315,1720.43701171875
EDTRPAS1-41,marginalised,43.803562629629035,4.677771006e-315,1734.0867919921875
EDTRPAS1-41,marginalised,45.090811389255805,3.795894356e-315,1749.23046875
EDTRPAS1-41,marginalised,46.415888336127786,3.157784894e-315,1765.1134033203125
EDTRPAS1-41,marginalised,47.779905121539684,2.70381844e-315,1780.6434326171875
EDTRPAS1-41,marginalised,49.184006064716954,2.391500273e-315,1794.4820556640625
EDTRPAS1-41,marginalised,50.629369112823404,2.192149157e-315,1805.2044677734375
EDTRPAS1-41,marginalised,52.117206829180404,2.08842795e-315,1811.518798828125
EDTRPAS1-41,marginalised,53.64876741052672,2.072979777e-315,1812.4940185546875
EDTRPAS1-41,marginalised,55.22533573417245,2.148587547e-315,1807.744873046875
EDTRPAS1-41,marginalised,56.84823443592554,2.330254833e-315,1797.51904296875
EDTRPAS1-41,marginalised,58.51882501969507,2.65091622e-315,1782.66552734375
EDTRPAS1-41,marginalised,60.238508999702354,3.174353657e-315,1764.4898681640625
EDTRPAS1-41,marginalised,62.00872907625803,4.025466627e-315,1744.5257568359375
EDTRPAS1-41,marginalised,63.83097034609151,5.46940273e-315,1724.29736328125
EDTRPAS1-41,marginalised,65.70676154824824,8.158274456e-315,1705.117919921875
EDTRPAS1-41,marginalised,67.6376763465999,1.4149068507e-314,1687.9473876953125
EDTRPAS1-41,marginalised,69.6253346500436,3.3761834927e-314,1673.353515625
EDTRPAS1-41,marginalised,71.67140397149747,2.357707195e-313,800.3064575195312
EDTRPAS1-41,marginalised,73.77760082683305,2.7214942361420096e-05,40.06852722167969
EDTRPAS1-41,marginalised,75.94569217491764,0.0040640867720694385,9.632843017578125
EDTRPAS1-41,marginalised,78.17749689997515,0.012670557023313173,5.116847515106201
EDTRPAS1-41,marginalised,80.47488733750887,0.015188062864068538,4.438076019287109
EDTRPAS1-41,marginalised,82.8397908450661,0.01421280153350449,4.339351177215576
EDTRPAS1-41,marginalised,85.27419141916288,0.012956862397286918,4.419672012329102
EDTRPAS1-41,marginalised,87.7801313597248,0.012059298456187419,4.652509689331055
EDTRPAS1-41,marginalised,90.35971298344073,0.011545971658858593,4.677257537841797
EDTRPAS1-41,marginalised,93.01510038746638,0.011219790303583558,4.621119022369385
EDTRPAS1-41,marginalised,95.74852126495767,0.011080647018044686,4.652834415435791
EDTRPAS1-41,marginalised,98.562268773957,0.011035936848042547,4.743678569793701
EDTRPAS1-41,marginalised,101.45870346119995,0.011033321301720713,4.79222297668457
EDTRPAS1-41,marginalised,104.44025524245689,0.011048715165620273,4.722280502319336
EDTRPAS1-41,marginalised,107.50942544107036,0.011070602029556204,4.6758246421813965
EDTRPAS1-41,marginalised,110.6687888863988,0.011093310295594294,4.643514156341553
EDTRPAS1-41,marginalised,113.92099607392683,0.011114279027285831,4.62058687210083
EDTRPAS1-41,marginalised,117.26877538885445,0.011132503598321969,4.604289531707764
EDTRPAS1-41,marginalised,120.71493539503047,0.011147781312081459,4.592811584472656
EDTRPAS1-41,marginalised,124.26236719115045,0.011160274868873497,4.584874153137207
EDTRPAS1-41,marginalised,127.91404683619601,0.011170339015807312,4.579514026641846
EDTRPAS1-41,marginalised,131.67303784615004,0.011178368988926164,4.576013565063477
EDTRPAS1-41,marginalised,135.54249376408256,0.011184711562539296,4.573827266693115
EDTRPAS1-41,marginalised,139.52566080576327,0.011189705288204552,4.572546005249023
EDTRPAS1-41,marginalised,143.62588058302035,0.011193668707659343,4.57187032699585
EDTRPAS1-41,marginalised,147.8465929071303,0.011196812237076274,4.5715861320495605
EDTRPAS1-41,marginalised,152.19133867459024,0.011199301461817714,4.5715436935424805
EDTRPAS1-41,marginalised,156.66376283769452,0.011201287688412793,4.571645736694336
EDTRPAS1-41,marginalised,161.26761746240663,0.011202798916228544,4.571832180023193
EDTRPAS1-41,marginalised,166.00676487609283,0.011203887126774194,4.572074890136719
EDTRPAS1-41,marginalised,170.88518090775736,0.011204505065794115,4.5723652839660645
EDTRPAS1-41,marginalised,175.9069582234983,0.011204617407863882,4.57270622253418
EDTRPAS1-41,marginalised,181.0763097599816,0.011204207468491188,4.573108673095703
EDTRPAS1-41,marginalised,186.39757225881465,0.011203247142158243,4.57357931137085
EDTRPAS1-41,marginalised,191.8752099047833,0.01120173400559731,4.574123382568359
EDTRPAS1-41,marginalised,197.51381807100566,0.011199745026603886,4.574732303619385
EDTRPAS1-41,marginalised,203.31812717414408,0.011197411174450929,4.575385093688965
EDTRPAS1-41,marginalised,209.2930066429096,0.01119486622785571,4.576050758361816
EDTRPAS1-41,marginalised,215.44346900318828,0.01119235648016834,4.576688766479492
EDTRPAS1-41,marginalised,221.77467408321655,0.011190079549290237,4.577255725860596
EDTRPAS1-41,marginalised,228.29193334233335,0.011188235711727125,4.577709197998047
EDTRPAS1-41,marginalised,235.0007143269408,0.011187004717676132,4.5780205726623535
EDTRPAS1-41,marginalised,241.90664525741136,0.011186436548593753,4.578176498413086
EDTRPAS1-41,marginalised,249.01551974978992,0.011186497419731434,4.578182697296143
EDTRPAS1-41,marginalised,256.3333016762516,0.011187103622233328,4.578067302703857
EDTRPAS1-41,marginalised,263.8661301683935,0.011188004620539,4.577878475189209
EDTRPAS1-41,marginalised,271.6203247675568,0.011188957992400312,4.5776777267456055
EDTRPAS1-41,marginalised,279.60239072650137,0.011189611905391392,4.577539443969727
EDTRPAS1-41,marginalised,287.81902446687934,0.011189657129667947,4.5775346755981445
EDTRPAS1-41,marginalised,296.2771191970868,0.011188750822687393,4.577734470367432
EDTRPAS1-41,marginalised,304.9837706952066,0.011186661674588332,4.578197479248047
EDTRPAS1-41,marginalised,313.94628326189337,0.01118318976003784,4.5789666175842285
EDTRPAS1-41,marginalised,323.1721758481953,0.01117823814890312,4.580060005187988
EDTRPAS1-41,marginalised,332.6691883634533,0.011171867766904497,4.581472873687744
EDTRPAS1-41,marginalised,342.4452881685692,0.011164166091204419,4.583170413970947
EDTRPAS1-41,marginalised,352.50867676009113,0.011155479592213286,4.585092067718506
EDTRPAS1-41,marginalised,362.86779665072237,0.011146170929895415,4.587155342102051
EDTRPAS1-41,marginalised,373.5313384520277,0.011136672551305984,4.589261531829834
EDTRPAS1-41,marginalised,384.508248165277,0.011127435622878368,4.591311931610107
EDTRPAS1-41,marginalised,395.8077346865451,0.011118863697253109,4.593216896057129
EDTRPAS1-41,marginalised,407.43927753236164,0.011111259551909822,4.594908237457275
EDTRPAS1-41,marginalised,419.4126347923942,0.01110480895516477,4.596344470977783
EDTRPAS1-41,marginalised,431.73785131583566,0.011099576664666294,4.597509860992432
EDTRPAS1-41,marginalised,444.4252671383633,0.011095520729408677,4.598413944244385
EDTRPAS1-41,marginalised,457.4855261567403,0.011092522657522627,4.599082946777344
EDTRPAS1-41,marginalised,470.929585058336,0.011090424288064483,4.599550724029541
EDTRPAS1-41,marginalised,484.76872251305645,0.011089045620286599,4.59985876083374
EDTRPAS1-41,marginalised,499.01454863539783,0.01108822171983814,4.600042343139648
EDTRPAS1-41,marginalised,513.6790147245588,0.011044073855895103,4.609921455383301
EDTRPAS1-41,marginalised,528.7744232907841,0.011031524171264214,4.6127400398254395
EDTRPAS1-41,marginalised,544.313438376352,0.011017018930736889,4.616003036499023
EDTRPAS1-41,marginalised,560.3090961798615,0.011000564989864025,4.619711399078369
EDTRPAS1-41,marginalised,576.774815992735,0.010982279280350959,4.623841285705566
EDTRPAS1-41,marginalised,593.7244114571095,0.010962357351868563,4.628352165222168
EDTRPAS1-41,marginalised,611.1721021545629,0.010941020320139239,4.633195400238037
EDTRPAS1-41,marginalised,629.1325255353954,0.010918484265264006,4.6383256912231445
EDTRPAS1-41,marginalised,647.620749198475,0.010894935955446704,4.643701553344727
EDTRPAS1-41,marginalised,666.6522835319498,0.010870501532064782,4.649296760559082
EDTRPAS1-41,marginalised,686.2430947254303,0.010845266473742213,4.655093669891357
EDTRPAS1-41,marginalised,706.4096181645588,0.01081929425555142,4.6610798835754395
EDTRPAS1-41,marginalised,727.1687722192036,0.010792657191228048,4.667239665985107
EDTRPAS1-41,marginalised,748.5379724368439,0.01076546015686797,4.673551082611084
EDTRPAS1-41,marginalised,770.5351461530547,0.010737846222050313,4.679981708526611
EDTRPAS1-41,marginalised,793.1787475313464,0.01070998610772776,4.686492919921875
EDTRPAS1-41,marginalised,816.4877730449793,0.010682041753733195,4.693048000335693
EDTRPAS1-41,marginalised,840.4817774137395,0.010654136130638425,4.6996169090271
EDTRPAS1-41,marginalised,865.1808900090454,0.01062630370827903,4.706192970275879
EDTRPAS1-41,marginalised,890.6058317411504,0.010598485772469059,4.712790012359619
EDTRPAS1-41,marginalised,916.7779324426059,0.010570536579217684,4.719441890716553
EDTRPAS1-41,marginalised,943.7191487625702,0.010542235033325085,4.726202964782715
EDTRPAS1-41,marginalised,971.4520825869745,0.010513333096752772,4.733133316040039
EDTRPAS1-41,marginalised,999.9999999999998,0.010483602394733848,4.74029016494751
EDTRPAS1-35,marginalised,49.99999999999999,3.40069748e-315,1339.636962890625
EDTRPAS1-35,marginalised,51.46934254013858,3.18858874e-315,1346.40380859375
EDTRPAS1-35,marginalised,52.98186443028238,3.113098143e-315,1348.9844970703125
EDTRPAS1-35,marginalised,54.53883457554776,3.172206893e-315,1346.867431640625
EDTRPAS1-35,marginalised,56.14155917017645,3.38073776e-315,1340.054443359375
EDTRPAS1-35,marginalised,57.791382793345406,3.776297316e-315,1329.07275390625
EDTRPAS1-35,marginalised,59.48968953717931,4.43331327e-315,1314.88330078125
EDTRPAS1-35,marginalised,61.23790416791161,5.494839034e-315,1298.7166748046875
EDTRPAS1-35,marginalised,63.037493321168455,7.251154585e-315,1281.8677978515625
EDTRPAS1-35,marginalised,64.88996673237834,1.036382075e-314,1265.508544921875
EDTRPAS1-35,marginalised,66.79687850333957,1.666919807e-314,1250.5574951171875
EDTRPAS1-35,marginalised,68.75982840600807,3.337194531e-314,1237.6043701171875
EDTRPAS1-35,marginalised,70.78046322459961,1.1894806917e-313,1226.921630859375
EDTRPAS1-35,marginalised,72.86047813713198,5.001567587982285e-14,189.8072967529297
EDTRPAS1-35,marginalised,75.00161813756648,0.000339820293008101,22.55870819091797
EDTRPAS1-35,marginalised,77.2056794997416,0.016301777419454308,4.604641914367676
EDTRPAS1-35,marginalised,79.47451128432712,0.03235843978840585,2.835599899291992
EDTRPAS1-35,marginalised,81.81001689006284,0.020403318790037994,3.5348143577575684
EDTRPAS1-35,marginalised,84.21415565058334,0.012918191702180662,4.48486328125
EDTRPAS1-35,marginalised,86.68894447816842,0.009619954311954108,5.101592540740967
EDTRPAS1-35,marginalised,89.23645955579812,0.00804483804792015,5.51331901550293
EDTRPAS1-35,marginalised,91.85883807893192,0.007281096909289045,5.796072006225586
EDTRPAS1-35,marginalised,94.55828004847345,0.006889134131334469,5.890283584594727
EDTRPAS1-35,marginalised,97.33705011642465,0.006688494785581554,6.015835762023926
EDTRPAS1-35,marginalised,100.19747948577792,0.006589446452057674,6.122110843658447
EDTRPAS1-35,marginalised,103.14196786624025,0.006543325127957513,6.151163101196289
EDTRPAS1-35,marginalised,106.17298548742973,0.006523900043929986,6.107994079589844
EDTRPAS1-35,marginalised,109.29307517123365,0.00651738303016188,6.075315952301025
EDTRPAS1-35,marginalised,112.50485446506681,0.006516768948101179,6.050133228302002
EDTRPAS1-35,marginalised,115.81101783781926,0.006518689868360887,6.030663013458252
EDTRPAS1-35,marginalised,119.21433894033639,0.006521552459878233,6.015635013580322
EDTRPAS1-35,marginalised,122.7176729323271,0.00652469844808809,6.004050254821777
EDTRPAS1-35,marginalised,126.32395887765273,0.006527806153811723,5.995128631591797
EDTRPAS1-35,marginalised,130.03622221000577,0.006530743120027912,5.988245010375977
EDTRPAS1-35,marginalised,133.8575772710473,0.006533454456093677,5.982928276062012
EDTRPAS1-35,marginalised,137.79122992313202,0.006535913138592485,5.9788103103637695
EDTRPAS1-35,marginalised,141.8404802388135,0.006538092653565703,5.97561502456665
EDTRPAS1-35,marginalised,146.008725269385,0.0065399936779508856,5.973129749298096
EDTRPAS1-35,marginalised,150.29946189477928,0.0065416345698956005,5.971194267272949
EDTRPAS1-35,marginalised,154.71628975721805,0.0065430196538275335,5.9696879386901855
EDTRPAS1-35,marginalised,159.2629142810718,0.006544210187445531,5.968499660491943
EDTRPAS1-35,marginalised,163.94314978146426,0.006545243461135159,5.967548847198486
EDTRPAS1-35,marginalised,168.76092266422862,0.006546180504657256,5.966758728027344
EDTRPAS1-35,marginalised,173.72027471990037,0.006547119603222189,5.966069221496582
EDTRPAS1-35,marginalised,178.8253665145106,0.006548091732953406,5.965428352355957
EDTRPAS1-35,marginalised,184.0804808800235,0.006549143062916502,5.964795112609863
EDTRPAS1-35,marginalised,189.49002650734718,0.006550318885730267,5.964144706726074
EDTRPAS1-35,marginalised,195.05854164493184,0.006551615175920517,5.963465690612793
EDTRPAS1-35,marginalised,200.7906979060577,0.006552994060490614,5.962769985198975
EDTRPAS1-35,marginalised,206.6913041880074,0.006554406473295029,5.962075710296631
EDTRPAS1-35,marginalised,212.76531070641065,0.006555778830938262,5.961413383483887
EDTRPAS1-35,marginalised,219.0178131481453,0.00655701578120113,5.960819721221924
EDTRPAS1-35,marginalised,225.45405694627917,0.006558040475328175,5.960331916809082
EDTRPAS1-35,marginalised,232.07944168063906,0.006558792518244289,5.959972858428955
EDTRPAS1-35,marginalised,238.89952560769854,0.006559238755171774,5.959758281707764
EDTRPAS1-35,marginalised,245.9200303235849,0.006559372864329612,5.959689140319824
EDTRPAS1-35,marginalised,253.14684556411717,0.006559234095397696,5.959743976593018
EDTRPAS1-35,marginalised,260.58603414590215,0.006558913487057897,5.9598870277404785
EDTRPAS1-35,marginalised,268.24383705263375,0.0065585058591281315,5.960068702697754
EDTRPAS1-35,marginalised,276.1266786708625,0.00655815690465178,5.960224628448486
EDTRPAS1-35,marginalised,284.241172179628,0.006558010606890222,5.960288047790527
EDTRPAS1-35,marginalised,292.5941250984757,0.006558227912089889,5.960191249847412
EDTRPAS1-35,marginalised,301.19254499851206,0.006558909751103671,5.95987606048584
EDTRPAS1-35,marginalised,310.04364538129045,0.006560174882307298,5.959305286407471
EDTRPAS1-35,marginalised,319.1548517304579,0.006562014521420821,5.958462715148926
EDTRPAS1-35,marginalised,328.53380774124156,0.006564427280618699,5.957365036010742
EDTRPAS1-35,marginalised,338.18838173299986,0.006567307841051679,5.956052303314209
EDTRPAS1-35,marginalised,348.12667325021835,0.006570525221914692,5.954587936401367
EDTRPAS1-35,marginalised,358.3570198574877,0.006573903171202063,5.953052997589111
EDTRPAS1-35,marginalised,368.8880041341656,0.006577263849825221,5.951526165008545
EDTRPAS1-35,marginalised,379.72846087458856,0.006580452235467203,5.950078964233398
EDTRPAS1-35,marginalised,390.8874844998762,0.006583343001427179,5.948767185211182
EDTRPAS1-35,marginalised,402.3744366875448,0.006585855635283708,5.947628021240234
EDTRPAS1-35,marginalised,414.19895422533097,0.006587953016574316,5.94667911529541
EDTRPAS1-35,marginalised,426.3709570958148,0.006589639026323347,5.945912837982178
EDTRPAS1-35,marginalised,438.9006567986245,0.0065909400310150785,5.945323467254639
EDTRPAS1-35,marginalised,451.79856491720415,0.006591904603928713,5.944886684417725
EDTRPAS1-35,marginalised,465.0755019373324,0.0065925872311447175,5.944577217102051
EDTRPAS1-35,marginalised,478.7426063247889,0.0065930446134611085,5.944370269775391
EDTRPAS1-35,marginalised,492.8113438697855,0.006593328643339765,5.944241523742676
EDTRPAS1-35,marginalised,507.2935173060003,0.006603217729513038,5.939767360687256
EDTRPAS1-35,marginalised,522.2012762122849,0.006605826960554321,5.9385881423950195
EDTRPAS1-35,marginalised,537.5471272053524,0.006608695945421909,5.937291622161865
EDTRPAS1-35,marginalised,553.3439444319946,0.006611769782003959,5.935903549194336
EDTRPAS1-35,marginalised,569.6049803696347,0.006614967799456241,5.934459686279297
EDTRPAS1-35,marginalised,586.3438769442729,0.006618198512214067,5.933001518249512
EDTRPAS1-35,marginalised,603.5746769751529,0.006621373561870189,5.931569576263428
EDTRPAS1-35,marginalised,621.3118359557528,0.00662441784864715,5.930196285247803
EDTRPAS1-35,marginalised,639.5702341809807,0.006627274176381046,5.928908348083496
EDTRPAS1-35,marginalised,658.365189230751,0.006629903936962349,5.927721977233887
EDTRPAS1-35,marginalised,677.7124688204135,0.006632281173867116,5.926649570465088
EDTRPAS1-35,marginalised,697.6283040288171,0.006634391359079354,5.925697326660156
EDTRPAS1-35,marginalised,718.1294029151026,0.0066362216550037295,5.924870491027832
EDTRPAS1-35,marginalised,739.2329645356522,0.006637763339175728,5.924172878265381
EDTRPAS1-35,marginalised,760.9566933729519,0.00663900976614822,5.92360782623291
EDTRPAS1-35,marginalised,783.3188141884733,0.0066399574294706025,5.923176288604736
EDTRPAS1-35,marginalised,806.338087312034,0.00664061173084918,5.922876358032227
EDTRPAS1-35,marginalised,830.033824380465,0.00664098207991067,5.922703266143799
EDTRPAS1-35,marginalised,854.4259045387877,0.006641083495136918,5.9226508140563965
EDTRPAS1-35,marginalised,879.5347911174923,0.006640930800979585,5.922712326049805
EDTRPAS1-35,marginalised,905.381548799909,0.006640534846707942,5.922882080078125
EDTRPAS1-35,marginalised,931.9878612940743,0.006639900510076334,5.923159122467041
EDTRPAS1-35,marginalised,959.3760495239175,0.006639023062495018,5.923544406890869
EDTRPAS1-35,marginalised,987.5690903550293,0.006637890469043862,5.924044132232666
EDTRPAS1-35,marginalised,1016.5906358707215,0.006636484340775061,5.924666404724121
EDTRPAS1-35,marginalised,1046.465033214549,0.006634783916135681,5.92542028427124
EDTRPAS1-35,marginalised,1077.2173450159426,0.006632766225327621,5.926316261291504
EDTRPAS1-35,marginalised,1108.8733704160838,0.00663040647313653,5.927365779876709
EDTRPAS1-35,marginalised,1141.4596667116678,0.006627680134725997,5.928579807281494
EDTRPAS1-35,marginalised,1175.0035716347052,0.006624557740761819,5.929972171783447
EDTRPAS1-35,marginalised,1209.533226287058,0.006621005714289587,5.931558132171631
EDTRPAS1-35,marginalised,1245.0775987489508,0.006616988332983833,5.933353900909424
EDTRPAS1-35,marginalised,1281.6665083812595,0.006612467731961371,5.935377597808838
EDTRPAS1-35,marginalised,1319.330650841969,0.006607411161443637,5.937644004821777
EDTRPAS1-35,marginalised,1358.1016238377854,0.006601792928761215,5.9401655197143555
EDTRPAS1-35,marginalised,1398.0119536325083,0.00659560265381631,5.942947864532471
EDTRPAS1-35,marginalised,1439.0951223343982,0.0065888413198418715,5.9459919929504395
EDTRPAS1-35,marginalised,1481.3855959854354,0.006581522829297511,5.949292182922363
EDTRPAS1-35,marginalised,1524.9188534760344,0.006573669033664299,5.952840328216553
EDTRPAS1-35,marginalised,1569.7314163094684,0.006565301352318342,5.956627368927002
EDTRPAS1-35,marginalised,1615.8608792409782,0.006556436461479314,5.960647106170654
EDTRPAS1-35,marginalised,1663.345941817268,0.00654708139767972,5.964897155761719
EDTRPAS1-35,marginalised,1712.226440842848,0.006537231651309127,5.969382286071777
EDTRPAS1-35,marginalised,1762.5433838004574,0.006526871564973395,5.974109649658203
EDTRPAS1-35,marginalised,1814.3389832536138,0.006515979284003675,5.979091644287109
EDTRPAS1-35,marginalised,1867.6566922601403,0.006504530284561379,5.984340190887451
EDTRPAS1-35,marginalised,1922.541240826387,0.006492498132368137,5.989870548248291
EDTRPAS1-35,marginalised,1979.0386734327274,0.006479859247175984,5.995694637298584
EDTRPAS1-35,marginalised,2037.1963876618101,0.00646658915839888,6.001826763153076
EDTRPAS1-35,marginalised,2097.063173961973,0.00645266466469548,6.008280277252197
EDTRPAS1-35,marginalised,2158.6892565791804,0.006438055241406225,6.015071392059326
EDTRPAS1-35,marginalised,2222.126335691819,0.00642272097113293,6.022222518920898
EDTRPAS1-35,marginalised,2287.427630783704,0.006406611939836591,6.029759883880615
EDTRPAS1-35,marginalised,2354.6479252916824,0.006389665752323458,6.037716865539551
EDTRPAS1-35,marginalised,2423.8436125652847,0.006371804226683721,6.046135425567627
EDTRPAS1-35,marginalised,2495.072743176992,0.006352941737512934,6.055059909820557
EDTRPAS1-35,marginalised,2568.395073622796,0.00633299015614723,6.064540386199951
EDTRPAS1-35,marginalised,2643.8721164539234,0.006311861570302848,6.0746235847473145
EDTRPAS1-35,marginalised,2721.5671918817625,0.006289484372193208,6.085351467132568
EDTRPAS1-35,marginalised,2801.5454808993104,0.006265805047815693,6.096761226654053
EDTRPAS1-35,marginalised,2883.8740799636776,0.006240789643684171,6.108877658843994
EDTRPAS1-35,marginalised,2968.6220572855505,0.006214437733952461,6.121713638305664
EDTRPAS1-35,marginalised,3055.860510772818,0.006186763409972356,6.135272026062012
EDTRPAS1-35,marginalised,3145.6626276769803,0.0061578017732830045,6.149548530578613
EDTRPAS1-35,marginalised,3238.1037459923787,0.006127597817192574,6.164535045623779
EDTRPAS1-35,marginalised,3333.2614176597526,0.006096200462742969,6.180219650268555
EDTRPAS1-35,marginalised,3431.215473627155,0.00606366441340549,6.196586608886719
EDTRPAS1-35,marginalised,3532.0480908227973,0.00603003790210239,6.213626861572266
EDTRPAS1-35,marginalised,3635.8438610960216,0.00599536916313138,6.231330394744873
EDTRPAS1-35,marginalised,3742.689862184224,0.005959699380242536,6.249687194824219
EDTRPAS1-35,marginalised,3852.6757307652774,0.005923060908734941,6.2686967849731445
EDTRPAS1-35,marginalised,3965.893737656736,0.005885468367168065,6.288366317749023
EDTRPAS1-35,marginalised,4082.438865224901,0.005846910672124235,6.308714389801025
EDTRPAS1-35,marginalised,4202.408887068701,0.005807346186748469,6.329782485961914
EDTRPAS1-35,marginalised,4325.904450045231,0.005766689565279925,6.3516316413879395
EDTRPAS1-35,marginalised,4453.029158705756,0.00572482797252995,6.374345302581787
EDTRPAS1-35,marginalised,4583.889662213034,0.005681598592853534,6.3980326652526855
EDTRPAS1-35,marginalised,4718.595743812856,0.005636817967110978,6.422826290130615
EDTRPAS1-35,marginalised,4857.260412934877,0.0055902794307516055,6.448870658874512
EDTRPAS1-35,marginalised,5000.000000000004,0.005541772137657992,6.4763264656066895
EDTRPAS1-29,marginalised,575.0000000000001,1.6023364118036604e-17,243.7801971435547
EDTRPAS1-29,marginalised,591.8974392115938,2.0867440550900375e-17,241.7367706298828
EDTRPAS1-29,marginalised,609.2914409482476,2.7491283811491912e-17,239.60499572753906
EDTRPAS1-29,marginalised,627.1965976187995,3.6502162527825386e-17,237.41339111328125
EDTRPAS1-29,marginalised,645.6279304570292,4.870321742676176e-17,235.18472290039062
EDTRPAS1-29,marginalised,664.6009021234721,6.517004539592934e-17,232.93455505371094
EDTRPAS1-29,marginalised,684.131429677562,8.734242801987614e-17,230.67286682128906
EDTRPAS1-29,marginalised,704.2358979309834,1.17140902872146e-16,228.4065399169922
EDTRPAS1-29,marginalised,724.9311731934372,1.570821593674952e-16,226.14212036132812
EDTRPAS1-29,marginalised,746.2346174223509,2.1038396435963223e-16,223.8879852294922
EDTRPAS1-29,marginalised,768.1641027884049,2.8102626159731188e-16,221.65509033203125
EDTRPAS1-29,marginalised,790.7380266690927,3.738377337932778e-16,219.4549102783203
EDTRPAS1-29,marginalised,813.9753270828954,4.945228363499808e-16,217.29872131347656
EDTRPAS1-29,marginalised,837.8954985770177,6.499903345178219e-16,215.192626953125
EDTRPAS1-29,marginalised,862.5186085820145,8.487738164860609e-16,213.1375732421875
EDTRPAS1-29,marginalised,887.8653142470284,1.1021081865936568e-15,211.1267547607422
EDTRPAS1-29,marginalised,913.9568797697618,1.4252160117432426e-15,209.14810180664062
EDTRPAS1-29,marginalised,940.8151942357225,1.839432900076483e-15,207.18527221679688
EDTRPAS1-29,marginalised,968.4627899817083,2.3747381796539286e-15,205.22088623046875
EDTRPAS1-29,marginalised,996.9228614989368,3.0727225825939438e-15,203.23995971679688
EDTRPAS1-29,marginalised,1026.2192848916782,3.990897674289818e-15,201.2307586669922
EDTRPAS1-29,marginalised,1056.376637907717,5.208207760694183e-15,199.1857452392578
EDTRPAS1-29,marginalised,1087.4202205574445,6.832831997614012e-15,197.1010284423828
EDTRPAS1-29,marginalised,1119.3760763388832,9.014927512971827e-15,194.97390747070312
EDTRPAS1-29,marginalised,1152.271014086446,1.1964801524945554e-14,192.80213928222656
EDTRPAS1-29,marginalised,1186.1326304617628,1.598146065644774e-14,190.58253479003906
EDTRPAS1-29,marginalised,1220.9893331054416,2.1493363897053742e-14,188.3114776611328
EDTRPAS1-29,marginalised,1256.870364469187,2.9117652212684227e-14,185.98577880859375
EDTRPAS1-29,marginalised,1293.8058263482683,3.9741027475430067e-14,183.60438537597656
EDTRPAS1-29,marginalised,1331.8267051349214,5.462684821538316e-14,181.17001342773438
EDTRPAS1-29,marginalised,1370.9648978138684,7.555990653028723e-14,178.68922424316406
EDTRPAS1-29,marginalised,1411.2532387217616,1.050265129238133e-13,176.17263793945312
EDTRPAS1-29,marginalised,1452.7255270930063,1.4645450394682996e-13,173.6331329345703
EDTRPAS1-29,marginalised,1495.4165554150663,2.0452987325088531e-13,171.08392333984375
EDTRPAS1-29,marginalised,1539.3621386170435,2.8563143671362456e-13,168.5365447998047
EDTRPAS1-29,marginalised,1584.5991441160181,3.9844866601031215e-13,165.99948120117188
EDTRPAS1-29,marginalised,1631.1655227463552,5.548531065991044e-13,163.4776153564453
EDTRPAS1-29,marginalised,1679.1003405979275,7.712457802999573e-13,160.97149658203125
EDTRPAS1-29,marginalised,1728.4438117899617,1.0703505112696596e-12,158.479248046875
EDTRPAS1-29,marginalised,1779.2373322080073,1.4838955624648164e-12,155.9969482421875
EDTRPAS1-29,marginalised,1831.5235142323254,2.056234626372314e-12,153.5203094482422
EDTRPAS1-29,marginalised,1885.3462224868388,2.849483566211682e-12,151.0453338623047
EDTRPAS1-29,marginalised,1940.7506106386288,3.950612436568494e-12,148.56893920898438
EDTRPAS1-29,marginalised,1997.783159278854,5.481574987376572e-12,146.0887908935547
EDTRPAS1-29,marginalised,2056.4917149168714,7.613461902976091e-12,143.60336303710938
EDTRPAS1-29,marginalised,2116.9255301202697,1.0587873235900646e-11,141.11077880859375
EDTRPAS1-29,marginalised,2179.135304834492,1.4748107356797323e-11,138.6085205078125
EDTRPAS1-29,marginalised,2243.1732289167157,2.0585481068812476e-11,136.09329223632812
EDTRPAS1-29,marginalised,2309.093025919663,2.8812249556788413e-11,133.56015014648438
EDTRPAS1-29,marginalised,2376.9499981620847,4.046848158139735e-11,131.00352478027344
EDTRPAS1-29,marginalised,2446.8010731237223,5.709038281176725e-11,128.41697692871094
EDTRPAS1-29,marginalised,2518.704851203671,8.096188937562265e-11,125.79444885253906
EDTRPAS1-29,marginalised,2592.7216548822103,1.1549950004115107e-10,123.1308822631836
EDTRPAS1-29,marginalised,2668.913579327349,1.6583017264762918e-10,120.42312622070312
EDTRPAS1-29,marginalised,2747.344544488533,2.3964609586317907e-10,117.67089080810547
EDTRPAS1-29,marginalised,2828.080348721226,3.4849807701243974e-10,114.87629699707031
EDTRPAS1-29,marginalised,2911.188723987347,5.096517555905975e-10,112.04460144042969
EDTRPAS1-29,marginalised,2996.7393926778745,7.488478374320939e-10,109.18305206298828
EDTRPAS1-29,marginalised,3084.804126105288,1.1042609230431487e-09,106.3004379272461
EDTRPAS1-29,marginalised,3175.4568047149182,1.6323209406859882e-09,103.4057846069336
EDTRPAS1-29,marginalised,3268.7734800657217,2.4159990226348967e-09,100.50798034667969
EDTRPAS1-29,marginalised,3364.83243863247,3.576806106974487e-09,97.61508178710938
EDTRPAS1-29,marginalised,3463.7142674828883,5.29190313898253e-09,94.73405456542969
EDTRPAS1-29,marginalised,3565.5019218848397,7.818135118113633e-09,91.87106323242188
EDTRPAS1-29,marginalised,3670.280794900265,1.1526613777785443e-08,89.03095245361328
EDTRPAS1-29,marginalised,3778.1387890242772,1.695101581833898e-08,86.21761322021484
EDTRPAS1-29,marginalised,3889.166389929498,2.4857834156502744e-08,83.43340301513672
EDTRPAS1-29,marginalised,4003.45674237751,3.6347767635789744e-08,80.67911529541016
EDTRPAS1-29,marginalised,4121.105728361109,5.300663215081638e-08,77.95356750488281
EDTRPAS1-29,marginalised,4242.212047542904,7.713295418735796e-08,75.2535400390625
EDTRPAS1-29,marginalised,4366.877300057768,1.1208654788157605e-07,72.57379150390625
EDTRPAS1-29,marginalised,4495.206071748576,1.628239105556047e-07,69.90756225585938
EDTRPAS1-29,marginalised,4627.306021906765,2.367328008274665e-07,67.24700164794922
EDTRPAS1-29,marginalised,4763.287973591306,3.449250828479443e-07,64.5841293334961
EDTRPAS1-29,marginalised,4903.26600660187,5.042577865496613e-07,61.911441802978516
EDTRPAS1-29,marginalised,5047.357553184181,7.404640822258609e-07,59.222991943359375
EDTRPAS1-29,marginalised,5195.6834965478465,1.0930007386376912e-06,56.5151252746582
EDTRPAS1-29,marginalised,5348.368272279322,1.6225247934072735e-06,53.78700637817383
EDTRPAS1-29,marginalised,5505.539972735071,2.422300313820725e-06,51.04100799560547
EDTRPAS1-29,marginalised,5667.330454502532,3.635514283258619e-06,48.28262710571289
EDTRPAS1-29,marginalised,5833.875449019002,5.4813557749794086e-06,45.52005386352539
EDTRPAS1-29,marginalised,6005.314676441277,8.294010833242708e-06,42.763526916503906
EDTRPAS1-29,marginalised,6181.791962861551,1.2580265558649725e-05,40.024681091308594
EDTRPAS1-29,marginalised,6363.455360967937,1.910517779401814e-05,37.315452575683594
EDTRPAS1-29,marginalised,6550.457274250799,2.9015695211870516e-05,34.648033142089844
EDTRPAS1-29,marginalised,6742.954584859138,4.402049541724207e-05,32.03425979614258
EDTRPAS1-29,marginalised,6941.108785214258,6.663986535437931e-05,29.486196517944336
EDTRPAS1-29,marginalised,7145.086113491157,0.00010055102015285049,27.01600456237793
EDTRPAS1-29,marginalised,7355.057693081278,0.00015104414781859683,24.636146545410156
EDTRPAS1-29,marginalised,7571.199676153635,0.00022560139225798577,22.35934829711914
EDTRPAS1-29,marginalised,7793.693391434755,0.0003346194809751861,20.19784927368164
EDTRPAS1-29,marginalised,8022.725496331395,0.0004922774201167737,18.162687301635742
EDTRPAS1-29,marginalised,8258.488133523679,0.0007175867333611263,16.262758255004883
EDTRPAS1-29,marginalised,8501.179092159999,0.0010356821114222228,14.504045486450195
EDTRPAS1-29,marginalised,8751.001973788947,0.0014795101142389862,12.889081954956055
EDTRPAS1-29,marginalised,9008.166363167442,0.002092117596767476,11.416927337646484
EDTRPAS1-29,marginalised,9272.88800408839,0.0029298267205082563,10.083581924438477
EDTRPAS1-29,marginalised,9545.388980375346,0.004066752695476001,8.882590293884277
EDTRPAS1-29,marginalised,9825.897902196059,0.005601000925485501,7.805885314941406
EDTRPAS1-29,marginalised,10114.650097851161,0.00766276699848007,6.8446526527404785
EDTRPAS1-29,marginalised,10411.887811198952,0.010423826023974911,5.990097999572754
EDTRPAS1-29,marginalised,10717.860404881852,0.01410561606708963,5.234102249145508
EDTRPAS1-29,marginalised,11032.82456952505,0.018977896789299214,4.56972599029541
EDTRPAS1-29,marginalised,11357.044539082835,0.02533003500925788,3.9915812015533447
EDTRPAS1-29,marginalised,11690.792312513295,0.033387381843860184,3.495932102203369
EDTRPAS1-29,marginalised,12034.347881967313,0.043147306116223666,3.0805788040161133
EDTRPAS1-29,marginalised,12387.999467683338,0.05415181997738747,2.74450421333313
EDTRPAS1-29,marginalised,12752.043759784963,0.06530690459489212,2.487318515777588
EDTRPAS1-29,marginalised,13126.786167184178,0.07494214756416413,2.3086225986480713
EDTRPAS1-29,marginalised,13512.541073799108,0.08124283377907913,2.2074642181396484
EDTRPAS1-29,marginalised,13909.632102301166,0.0829262712148994,2.18202543258667
EDTRPAS1-29,marginalised,14318.392385612933,0.07977234441578143,2.229619264602661
EDTRPAS1-29,marginalised,14739.164846384481,0.07266142360597573,2.346999168395996
EDTRPAS1-29,marginalised,15172.30248468264,0.06313284364092277,2.530834674835205
EDTRPAS1-29,marginalised,15618.16867413453,0.05278707081344103,2.778200149536133
EDTRPAS1-29,marginalised,16077.137466773844,0.04285861368267669,3.0869054794311523
EDTRPAS1-29,marginalised,16549.593906845577,0.03407286243545296,3.455571413040161
EDTRPAS1-29,marginalised,17035.93435383251,0.02671314609953828,3.8834309577941895
EDTRPAS1-29,marginalised,17536.566814974394,0.020770193393220057,4.369942665100098
EDTRPAS1-29,marginalised,18051.911287558883,0.0160842091644984,4.914311408996582
EDTRPAS1-29,marginalised,18582.400111271247,0.012443411945552537,5.515048980712891
EDTRPAS1-29,marginalised,19128.478330898582,0.009638466278236512,6.169732093811035
EDTRPAS1-29,marginalised,19690.60406969275,0.007486611531137033,6.874876022338867
EDTRPAS1-29,marginalised,20269.248913705258,0.0058378870133200655,7.6260986328125
EDTRPAS1-29,marginalised,20864.898307416555,0.0045736305385644035,8.418351173400879
EDTRPAS1-29,marginalised,21478.05196099161,0.0036018689144424244,9.24626636505127
EDTRPAS1-29,marginalised,22109.224269503447,0.0028522985684795023,10.104416847229004
EDTRPAS1-29,marginalised,22758.944744476365,0.0022715942407867335,10.987565994262695
EDTRPAS1-29,marginalised,23427.758458110813,0.0018195484967637621,11.890702247619629
EDTRPAS1-29,marginalised,24116.22650056269,0.0014659096428270098,12.808999061584473
EDTRPAS1-29,marginalised,24824.926450660572,0.001187930424216981,13.737618446350098
EDTRPAS1-29,marginalised,25554.452860455916,0.0009684563633496981,14.671537399291992
EDTRPAS1-29,marginalised,26305.417754012593,0.000794497627068008,15.605339050292969
EDTRPAS1-29,marginalised,27078.451140854344,0.0006561461582823155,16.533164978027344
EDTRPAS1-29,marginalised,27874.20154450077,0.0005457919840348418,17.448699951171875
EDTRPAS1-29,marginalised,28693.336546535404,0.00045753665459436746,18.34538459777832
EDTRPAS1-29,marginalised,29536.543346662154,0.0003867753506009821,19.216676712036133
EDTRPAS1-29,marginalised,30404.529339220113,0.00032988956037354014,20.056407928466797
EDTRPAS1-29,marginalised,31298.02270664027,0.0002840218564675376,20.859155654907227
EDTRPAS1-29,marginalised,32217.773030342065,0.00024691147761346337,21.62051010131836
EDTRPAS1-29,marginalised,33164.551919582285,0.00021676665744502354,22.337297439575195
EDTRPAS1-29,marginalised,34139.15365878383,0.00019216829984233295,23.007633209228516
EDTRPAS1-29,marginalised,35142.395873887406,0.00017199285255226348,23.630895614624023
EDTRPAS1-29,marginalised,36175.12021828527,0.00015535281333044817,24.20754051208496
EDTRPAS1-29,marginalised,37238.19307891235,0.00014155012370657344,24.738798141479492
EDTRPAS1-29,marginalised,38332.50630308715,0.00013003585484202353,25.22644805908203
EDTRPAS1-29,marginalised,39458.97794671228,0.00012038175140680268,25.672433853149414
EDTRPAS1-29,marginalised,40618.55304446217,0.00011225385950425187,26.078672409057617
EDTRPAS1-29,marginalised,41812.20440260424,0.00010539285388309604,26.446853637695312
EDTRPAS1-29,marginalised,43040.93341511857,9.959649890939252e-05,26.778413772583008
EDTRPAS1-29,marginalised,44305.77090380069,9.470507126033399e-05,27.07462501525879
EDTRPAS1-29,marginalised,45607.77798305246,9.058978637213448e-05,27.33673667907715
EDTRPAS1-29,marginalised,46948.046950086355,8.714325797073396e-05,27.566190719604492
EDTRPAS1-29,marginalised,48327.70220129006,8.427288836098262e-05,27.764772415161133
EDTRPAS1-29,marginalised,49747.90117552015,8.189669369852651e-05,27.93467903137207
EDTRPAS1-29,marginalised,51209.83532511619,7.994089728272639e-05,28.07849884033203
EDTRPAS1-29,marginalised,52714.73111544989,7.833894139640986e-05,28.199108123779297
EDTRPAS1-29,marginalised,54263.85105384784,7.70315073741149e-05,28.299497604370117
EDTRPAS1-29,marginalised,55858.49474875109,7.596649320306991e-05,28.382617950439453
EDTRPAS1-29,marginalised,57500.00000000004,7.509911523714727e-05,28.451231002807617
EDTRPAS1-46,marginalised,1175.0000000000002,1.661015081806e-312,320.872314453125
EDTRPAS1-46,marginalised,1209.5295496932567,1.677040497294e-312,317.8299560546875
EDTRPAS1-46,marginalised,1245.0738141116362,8.891467809604616e-22,314.711181640625
EDTRPAS1-46,marginalised,1281.6626125253727,9.028741140815937e-22,311.51312255859375
EDTRPAS1-46,marginalised,1319.3266404991464,1.3629336907002242e-21,308.2367248535156
EDTRPAS1-46,marginalised,1358.0974956436166,2.7631461698205685e-21,304.8896179199219
EDTRPAS1-46,marginalised,1398.0077041237134,3.758020460019043e-21,301.48370361328125
EDTRPAS1-46,marginalised,1439.0907479459224,5.255986153123752e-21,298.03558349609375
EDTRPAS1-46,marginalised,1481.3810930474583,8.257060840995938e-21,294.5633850097656
EDTRPAS1-46,marginalised,1524.9142182108908,1.384862643926568e-20,291.0834045410156
EDTRPAS1-46,marginalised,1569.7266448284795,2.2031082559245203e-20,287.6089782714844
EDTRPAS1-46,marginalised,1615.8559675411893,3.37170905865689e-20,284.14776611328125
EDTRPAS1-46,marginalised,1663.3408857780905,5.29653524223582e-20,280.7027587890625
EDTRPAS1-46,marginalised,1712.2212362226012,8.253431142181438e-20,277.2721862792969
EDTRPAS1-46,marginalised,1762.538026232812,1.2779553924795172e-19,273.8511657714844
EDTRPAS1-46,marginalised,1814.3334682439274,1.983187803483465e-19,270.4335632324219
EDTRPAS1-46,marginalised,1867.651015181687,3.073615544639293e-19,267.0138244628906
EDTRPAS1-46,marginalised,1922.5353969164762,4.776798174769126e-19,263.5868835449219
EDTRPAS1-46,marginalised,1979.032657788708,7.45362136069355e-19,260.1491394042969
EDTRPAS1-46,marginalised,2037.1901952369574,1.1605323058980998e-18,256.6977233886719
EDTRPAS1-46,marginalised,2097.056799561255,1.817024835716605e-18,253.23040771484375
EDTRPAS1-46,marginalised,2158.6826948548996,2.8476830864166015e-18,249.74392700195312
EDTRPAS1-46,marginalised,2222.119581139126,4.479957588252309e-18,246.2334442138672
EDTRPAS1-46,marginalised,2287.4206777359786,7.075171803840409e-18,242.69277954101562
EDTRPAS1-46,marginalised,2354.6407679157805,1.1233283148313906e-17,239.11399841308594
EDTRPAS1-46,marginalised,2423.8362448566454,1.794607418238357e-17,235.4878387451172
EDTRPAS1-46,marginalised,2495.065158954598,2.889314803207508e-17,231.8047637939453
EDTRPAS1-46,marginalised,2568.3872665239905,4.6917804130989706e-17,228.05667114257812
EDTRPAS1-46,marginalised,2643.8640799290692,7.691903743784506e-17,224.23703002929688
EDTRPAS1-46,marginalised,2721.558919188752,1.2736063099043003e-16,220.34320068359375
EDTRPAS1-46,marginalised,2801.5369650979046,2.129597087913797e-16,216.37608337402344
EDTRPAS1-46,marginalised,2883.8653139096864,3.593613263905157e-16,212.3411407470703
EDTRPAS1-46,marginalised,2968.6130336248384,6.113384402103874e-16,208.24668884277344
EDTRPAS1-46,marginalised,3055.8512219351323,1.0469785255346353e-15,204.1038055419922
EDTRPAS1-46,marginalised,3145.6530658696074,1.8022816337210295e-15,199.92465209960938
EDTRPAS1-46,marginalised,3238.093903193599,3.1135052969166204e-15,195.72174072265625
EDTRPAS1-46,marginalised,3333.251285612114,5.390112069595168e-15,191.506103515625
EDTRPAS1-46,marginalised,3431.2050438305437,9.33872156936627e-15,187.2882537841797
EDTRPAS1-46,marginalised,3532.0373545273096,1.617492826312194e-14,183.07676696777344
EDTRPAS1-46,marginalised,3635.83280929462,2.7980568295106405e-14,178.8789825439453
EDTRPAS1-46,marginalised,3742.678485605183,4.8307388104743204e-14,174.70057678222656
EDTRPAS1-46,marginalised,3852.664019864406,8.319258638310122e-14,170.5457763671875
EDTRPAS1-46,marginalised,3965.8816826093675,1.4288887161738518e-13,166.41595458984375
EDTRPAS1-46,marginalised,4082.426455917654,2.448096862642499e-13,162.30995178222656
EDTRPAS1-46,marginalised,4202.396113090994,4.1862785893307137e-13,158.22354125976562
EDTRPAS1-46,marginalised,4325.891300680547,7.152216331035014e-13,154.14906311035156
EDTRPAS1-46,marginalised,4453.015622922654,1.2225726344772211e-12,150.07618713378906
EDTRPAS1-46,marginalised,4583.875728655893,2.09442321985448e-12,145.9923553466797
EDTRPAS1-46,marginalised,4718.58140079235,3.6025749884331867e-12,141.8839874267578
EDTRPAS1-46,marginalised,4857.2456484181685,6.233544707892282e-12,137.73731994628906
EDTRPAS1-46,marginalised,4999.9848016006445,1.0868673516740527e-11,133.5400390625
EDTRPAS1-46,marginalised,5146.918608981408,1.9121598979726843e-11,129.28269958496094
EDTRPAS1-46,marginalised,5298.1703382375545,3.3976157302867793e-11,124.95934295654297
EDTRPAS1-46,marginalised,5453.866879495012,6.099131512384352e-11,120.5685043334961
EDTRPAS1-46,marginalised,5614.138851780909,1.105793250059422e-10,116.1136703491211
EDTRPAS1-46,marginalised,5779.120712604239,2.0230623946561395e-10,111.60269165039062
EDTRPAS1-46,marginalised,5948.9508707567475,3.729849480209391e-10,107.04696655273438
EDTRPAS1-46,marginalised,6123.771802428694,6.918098582582882e-10,102.46054077148438
EDTRPAS1-46,marginalised,6303.730170736886,1.2884977964162123e-09,97.85880279541016
EDTRPAS1-46,marginalised,6488.976948765261,2.4051224101149597e-09,93.25774383544922
EDTRPAS1-46,marginalised,6679.667546221251,4.490492154267036e-09,88.67346954345703
EDTRPAS1-46,marginalised,6875.96193981417,8.369091949962333e-09,84.12242889404297
EDTRPAS1-46,marginalised,7078.024807465025,1.553656473815963e-08,79.62207794189453
EDTRPAS1-46,marginalised,7286.025666460317,2.866210966311083e-08,75.1910171508789
EDTRPAS1-46,marginalised,7500.139015665752,5.2408985239710875e-08,70.84968566894531
EDTRPAS1-46,marginalised,7720.544481919167,9.471957732043405e-08,66.61943054199219
EDTRPAS1-46,marginalised,7947.426970725488,1.687187295368488e-07,62.52186584472656
EDTRPAS1-46,marginalised,8180.976821380122,2.9539093927509064e-07,58.576988220214844
EDTRPAS1-46,marginalised,8421.389966650951,5.071188211918446e-07,54.801849365234375
EDTRPAS1-46,marginalised,8668.868097152881,8.52164646728414e-07,51.20879364013672
EDTRPAS1-46,marginalised,8923.618830552821,1.40012817381953e-06,47.804771423339844
EDTRPAS1-46,marginalised,9185.85588574708,2.248584506684195e-06,44.590965270996094
EDTRPAS1-46,marginalised,9455.799262157292,3.5313022450765916e-06,41.56330108642578
EDTRPAS1-46,marginalised,9733.675424295267,5.429052819165677e-06,38.71308135986328
EDTRPAS1-46,marginalised,10019.717491751637,8.184070565323375e-06,36.02851867675781
EDTRPAS1-46,marginalised,10314.165434767663,1.2120763507578813e-05,33.49559020996094
EDTRPAS1-46,marginalised,10617.266275554284,1.7674567673116207e-05,31.099538803100586
EDTRPAS1-46,marginalised,10929.274295527297,2.543182019936755e-05,28.82613182067871
EDTRPAS1-46,marginalised,11250.451248632526,3.618418825937259e-05,26.662504196166992
EDTRPAS1-46,marginalised,11581.066580939945,5.099720327752979e-05,24.59842872619629
EDTRPAS1-46,marginalised,11921.397656690993,7.129370204851021e-05,22.626920700073242
EDTRPAS1-46,marginalised,12271.729990988682,9.895077310663434e-05,20.744367599487305
EDTRPAS1-46,marginalised,12632.357489325766,0.00013640101613721827,18.950456619262695
EDTRPAS1-46,marginalised,13003.582694151857,0.00018674370783012108,17.247175216674805
EDTRPAS1-46,marginalised,13385.717038686402,0.00025386442920297255,15.63764762878418
EDTRPAS1-46,marginalised,13779.081108190398,0.0003425849047357346,14.124847412109375
EDTRPAS1-46,marginalised,14184.004908916078,0.00045889512173693517,12.710319519042969
EDTRPAS1-46,marginalised,14600.828144960175,0.0006103223028732667,11.393550872802734
EDTRPAS1-46,marginalised,15029.90050325303,0.0008065305841713428,10.17186450958252
EDTRPAS1-46,marginalised,15471.581946922628,0.001060263968757096,9.04079818725586
EDTRPAS1-46,marginalised,15926.2430172797,0.0013887360017007216,7.994967937469482
EDTRPAS1-46,marginalised,16394.26514467718,0.0018156339768916317,7.028984069824219
EDTRPAS1-46,marginalised,16876.04096850489,0.002373965314244628,6.138237476348877
EDTRPAS1-46,marginalised,17371.974666587805,0.0031100430009782564,5.319377422332764
EDTRPAS1-46,marginalised,17882.48229426435,0.004088884941454795,4.5704026222229
EDTRPAS1-46,marginalised,18407.992133429103,0.005400767018007567,3.8904106616973877
EDTRPAS1-46,marginalised,18948.94505183278,0.007166804765775744,3.279160261154175
EDTRPAS1-46,marginalised,19505.794872940907,0.009537962036506666,2.7364885807037354
EDTRPAS1-46,marginalised,20079.00875666149,0.01267675534256995,2.261868476867676
EDTRPAS1-46,marginalised,20669.067591261046,0.016710414631399197,1.8541017770767212
EDTRPAS1-46,marginalised,21276.466396797838,0.021655043301672342,1.511187195777893
EDTRPAS1-46,marginalised,21901.71474041072,0.02733340311339323,1.2303802967071533
EDTRPAS1-46,marginalised,22545.337163812033,0.033332251349415885,1.0083286762237549
EDTRPAS1-46,marginalised,23207.873623343163,0.039040654756103764,0.8412957191467285
EDTRPAS1-46,marginalised,23889.87994296193,0.0437782338781587,0.7253137826919556
EDTRPAS1-46,marginalised,24591.928280541877,0.04696858183125402,0.6563199162483215
EDTRPAS1-46,marginalised,25314.607607874623,0.04828830761256328,0.6302049160003662
EDTRPAS1-46,marginalised,26058.52420477794,0.04773254720522826,0.6428020000457764
EDTRPAS1-46,marginalised,26824.302167724163,0.04558004590425438,0.6898456811904907
EDTRPAS1-46,marginalised,27612.58393341554,0.04228593644029333,0.7669286727905273
EDTRPAS1-46,marginalised,28424.030817745832,0.03835283182474409,0.8694926500320435
EDTRPAS1-46,marginalised,29259.32357060031,0.03422606497073838,0.9928722977638245
EDTRPAS1-46,marginalised,30119.162946959565,0.030236295136699055,1.1323878765106201
EDTRPAS1-46,marginalised,31004.27029478623,0.026587777718228765,1.2834845781326294
EDTRPAS1-46,marginalised,31915.38816018792,0.023377015344915004,1.441888689994812
EDTRPAS1-46,marginalised,32853.28091036391,0.020623818775148028,1.6037533283233643
EDTRPAS1-46,marginalised,33818.73537485832,0.018301844783235512,1.7657643556594849
EDTRPAS1-46,marginalised,34812.56150565769,0.01636217157151488,1.92520272731781
EDTRPAS1-46,marginalised,35835.59305668677,0.01474881100971928,2.0799560546875
EDTRPAS1-46,marginalised,36888.688283272466,0.013407694402564424,2.228464126586914
EDTRPAS1-46,marginalised,37972.73066216294,0.012290955046822384,2.3696236610412598
EDTRPAS1-46,marginalised,39088.62963270576,0.011358268656803472,2.5026865005493164
EDTRPAS1-46,marginalised,40237.32135980688,0.010576813480791876,2.6271352767944336
EDTRPAS1-46,marginalised,41419.76951931071,0.009920324847657938,2.742605209350586
EDTRPAS1-46,marginalised,42636.96610645988,0.00936809186544502,2.8488025665283203
EDTRPAS1-46,marginalised,43889.93226811325,0.008903720133382607,2.945498466491699
EDTRPAS1-46,marginalised,45179.71915942004,0.008514037396680994,3.0325570106506348
EDTRPAS1-46,marginalised,46507.408825669045,0.008188256443127801,3.1099674701690674
EDTRPAS1-46,marginalised,47874.11511005249,0.007917210637199398,3.177910089492798
EDTRPAS1-46,marginalised,49280.984588106316,0.007692964281545415,3.236760139465332
EDTRPAS1-46,marginalised,50729.19752961068,0.007508438718438425,3.2871103286743164
EDTRPAS1-46,marginalised,52219.968888757685,0.007357348323293067,3.329710006713867
EDTRPAS1-46,marginalised,53754.549323416984,0.007234083135249797,3.365427017211914
EDTRPAS1-46,marginalised,55334.22624435447,0.007133766347953627,3.39516019821167
EDTRPAS1-46,marginalised,56960.324895284124,0.007052135151257072,3.419811248779297
EDTRPAS1-46,marginalised,58634.209464659245,0.006985660388080869,3.4401965141296387
EDTRPAS1-46,marginalised,60357.28423013564,0.006931368307793198,3.4570577144622803
EDTRPAS1-46,marginalised,62130.994736667126,0.006886837629166178,3.4710323810577393
EDTRPAS1-46,marginalised,63956.82900922135,0.006850123889712154,3.482653856277466
EDTRPAS1-46,marginalised,65836.31880113372,0.006819658487843287,3.4923670291900635
EDTRPAS1-46,marginalised,67771.04087914634,0.006794216007724658,3.5005276203155518
EDTRPAS1-46,marginalised,69762.61834621035,0.006772810485222223,3.507427930831909
EDTRPAS1-46,marginalised,71812.72200316114,0.006754679661304947,3.5132977962493896
EDTRPAS1-46,marginalised,73923.07175040896,0.006739211946065384,3.5183234214782715
EDTRPAS1-46,marginalised,76095.4380308208,0.006725928420793533,3.522653102874756
EDTRPAS1-46,marginalised,78331.6433150041,0.006714431542518657,3.5264105796813965
EDTRPAS1-46,marginalised,80633.56363023804,0.00670442717506689,3.5296878814697266
EDTRPAS1-46,marginalised,83003.13013433565,0.006695666109595882,3.5325639247894287
EDTRPAS1-46,marginalised,85442.3307357564,0.006687954394834511,3.535099983215332
EDTRPAS1-46,marginalised,87953.21176132915,0.00668112718385206,3.537348508834839
EDTRPAS1-46,marginalised,90537.87967298391,0.006675049746628172,3.539353132247925
EDTRPAS1-46,marginalised,93198.50283493318,0.006669617302097129,3.541146993637085
EDTRPAS1-46,marginalised,95937.31333278507,0.006664736489401328,3.5427606105804443
EDTRPAS1-46,marginalised,98756.60884611437,0.006660324928329906,3.5442209243774414
EDTRPAS1-46,marginalised,101658.75457606281,0.00665633551377463,3.5455422401428223
EDTRPAS1-46,marginalised,104646.18522958516,0.006652707362615433,3.5467453002929688
EDTRPAS1-46,marginalised,107721.40706200618,0.006649398543304707,3.5478429794311523
EDTRPAS1-46,marginalised,110886.99997960198,0.0066463609926567845,3.548851728439331
EDTRPAS1-46,marginalised,114145.6197039695,0.00664357095996797,3.549778938293457
EDTRPAS1-46,marginalised,117499.99999999996,0.0066409991237113795,3.5506339073181152
EDTRPAS1-30,marginalised,149.99999999999997,0.005014580531018116,10.951361656188965
EDTRPAS1-30,marginalised,154.4080276204157,0.005018299189389961,10.941047668457031
EDTRPAS1-30,marginalised,158.9455932908471,0.005021585060937589,10.932579040527344
EDTRPAS1-30,marginalised,163.61650372664326,0.005024635762729581,10.925483703613281
EDTRPAS1-30,marginalised,168.42467751052925,0.0050277124896494834,10.919297218322754
EDTRPAS1-30,marginalised,173.3741483800361,0.005031132288234719,10.91356372833252
EDTRPAS1-30,marginalised,178.46906861153784,0.0050351860599774185,10.907889366149902
EDTRPAS1-30,marginalised,183.7137125037347,0.005040123850892883,10.901938438415527
EDTRPAS1-30,marginalised,189.11247996350525,0.005046066729897421,10.89553165435791
EDTRPAS1-30,marginalised,194.66990019713492,0.005052994016538346,10.888596534729004
EDTRPAS1-30,marginalised,200.39063551001857,0.005060723450811703,10.881240844726562
EDTRPAS1-30,marginalised,206.2794852180241,0.005068868349270773,10.873729705810547
EDTRPAS1-30,marginalised,212.34138967379872,0.005076958199849105,10.866442680358887
EDTRPAS1-30,marginalised,218.58143441139583,0.0050844236384820895,10.85980224609375
EDTRPAS1-30,marginalised,225.00485441269933,0.005090713340993358,10.85424518585205
EDTRPAS1-30,marginalised,231.6170384992247,0.005095389825947674,10.850118637084961
EDTRPAS1-30,marginalised,238.42353385298122,0.005098172642299371,10.847625732421875
EDTRPAS1-30,marginalised,245.43005067018836,0.005099038165019301,10.84677505493164
EDTRPAS1-30,marginalised,252.64246695174987,0.005098200900800705,10.847380638122559
EDTRPAS1-30,marginalised,260.0668334345051,0.005096130354366118,10.849038124084473
EDTRPAS1-30,marginalised,267.70937866739416,0.005093519439885219,10.85116195678711
EDTRPAS1-30,marginalised,275.5765142367956,0.005091233536974278,10.85303783416748
EDTRPAS1-30,marginalised,283.6748401454202,0.005090194861727806,10.853874206542969
EDTRPAS1-30,marginalised,292.01115034927375,0.005091333586271935,10.852909088134766
EDTRPAS1-30,marginalised,300.59243845733357,0.005095444694102738,10.849461555480957
EDTRPAS1-30,marginalised,309.4259035987206,0.005103150666832306,10.843034744262695
EDTRPAS1-30,marginalised,318.518956462289,0.005114731158047872,10.83339786529541
EDTRPAS1-30,marginalised,327.8792255137008,0.005130166967760813,10.820602416992188
EDTRPAS1-30,marginalised,337.51456339520024,0.0051490186990958645,10.805036544799805
EDTRPAS1-30,marginalised,347.4330535134576,0.005170562115393648,10.787331581115723
EDTRPAS1-30,marginalised,357.643016821009,0.005193789896099223,10.76834487915039
EDTRPAS1-30,marginalised,368.1530187969811,0.005217566774850442,10.749011039733887
EDTRPAS1-30,marginalised,378.97187663295796,0.005240757113500792,10.730260848999023
EDTRPAS1-30,marginalised,390.1086666300171,0.005262369868584923,10.712870597839355
EDTRPAS1-30,marginalised,401.5727318131416,0.005281642147241208,10.697439193725586
EDTRPAS1-30,marginalised,413.3736897693958,0.005298111661170519,10.684304237365723
EDTRPAS1-30,marginalised,425.5214407164403,0.0053116033850750515,10.673580169677734
EDTRPAS1-30,marginalised,438.0261758081548,0.0053221995578835845,10.665179252624512
EDTRPAS1-30,marginalised,450.89838568433765,0.005330164045404064,10.658882141113281
EDTRPAS1-30,marginalised,464.14886927165384,0.005335866052850282,10.654376983642578
EDTRPAS1-30,marginalised,477.7887428432151,0.005339727756631685,10.651330947875977
EDTRPAS1-30,marginalised,491.8294493443925,0.005342150032977778,10.649418830871582
EDTRPAS1-30,marginalised,506.28276799268554,0.005426814744290425,10.583311080932617
EDTRPAS1-30,marginalised,521.1608241597008,0.0054510577002070335,10.56460952758789
EDTRPAS1-30,marginalised,536.4760995435315,0.00547877652550402,10.543346405029297
EDTRPAS1-30,marginalised,552.2414426400701,0.005509867535126091,10.51965045928955
EDTRPAS1-30,marginalised,568.4700795220413,0.005543989298100774,10.493824005126953
EDTRPAS1-30,marginalised,585.1756249347952,0.005580633947128432,10.466302871704102
EDTRPAS1-30,marginalised,602.3720937181727,0.0056192235639144494,10.437554359436035
EDTRPAS1-30,marginalised,620.0739125640218,0.005659204057560287,10.408016204833984
EDTRPAS1-30,marginalised,638.2959321192316,0.005700110532796202,10.37805461883545
EDTRPAS1-30,marginalised,657.0534394444355,0.005741606395934829,10.347920417785645
EDTRPAS1-30,marginalised,676.3621708388371,0.005783458597011335,10.317792892456055
EDTRPAS1-30,marginalised,696.2383250419168,0.005825525879260315,10.287772178649902
EDTRPAS1-30,marginalised,716.6985768230952,0.005867672567114706,10.257953643798828
EDTRPAS1-30,marginalised,737.7600909707543,0.005909759398011685,10.228435516357422
EDTRPAS1-30,marginalised,759.4405366923511,0.005951587476376706,10.199344635009766
EDTRPAS1-30,marginalised,781.758102437706,0.005992929202670074,10.170830726623535
EDTRPAS1-30,marginalised,804.7315111579009,0.006033561451860677,10.14303970336914
EDTRPAS1-30,marginalised,828.380036012587,0.006073308980125026,10.116067886352539
EDTRPAS1-30,marginalised,852.7235165388835,0.006112110569673729,10.089942932128906
EDTRPAS1-30,marginalised,877.7823752954265,0.0061500206868855736,10.064605712890625
EDTRPAS1-30,marginalised,903.5776349955357,0.006187223919990719,10.039926528930664
EDTRPAS1-30,marginalised,930.1309361438708,0.006223998226084221,10.015705108642578
EDTRPAS1-30,marginalised,957.464555191373,0.006260656480782277,9.991731643676758
EDTRPAS1-30,marginalised,985.601423223724,0.006297493529376342,9.967809677124023
EDTRPAS1-30,marginalised,1014.5651451989991,0.006334743971478619,9.943787574768066
EDTRPAS1-30,marginalised,1044.3800197506544,0.0063725647306083965,9.919572830200195
EDTRPAS1-30,marginalised,1075.0710595724627,0.0064110523753923825,9.895105361938477
EDTRPAS1-30,marginalised,1106.6640124024962,0.00645023624354768,9.870377540588379
EDTRPAS1-30,marginalised,1139.185382623765,0.006490147377610468,9.84537410736084
EDTRPAS1-30,marginalised,1172.6624534996279,0.006530817054691506,9.820083618164062
EDTRPAS1-30,marginalised,1207.1233100626337,0.0065722898886449626,9.794487953186035
EDTRPAS1-30,marginalised,1242.596862675992,0.006614605948870869,9.768570899963379
EDTRPAS1-30,marginalised,1279.1128712874436,0.006657775550771675,9.742334365844727
EDTRPAS1-30,marginalised,1316.7019703958726,0.006701746680747023,9.715818405151367
EDTRPAS1-30,marginalised,1355.3956947516117,0.006746394014816553,9.689107894897461
EDTRPAS1-30,marginalised,1395.2265058119963,0.006791513417760832,9.662327766418457
EDTRPAS1-30,marginalised,1436.2278189743658,0.0068368494661206715,9.635631561279297
EDTRPAS1-30,marginalised,1478.4340316093555,0.006882133461784437,9.609174728393555
EDTRPAS1-30,marginalised,1521.880551918,0.006927099781443537,9.583108901977539
EDTRPAS1-30,marginalised,1566.603828636854,0.006971556045254587,9.557536125183105
EDTRPAS1-30,marginalised,1612.6413816160562,0.007015364162766363,9.532523155212402
EDTRPAS1-30,marginalised,1660.0318332959828,0.007058457447733337,9.508097648620605
EDTRPAS1-30,marginalised,1708.8149411089032,0.007100834126163002,9.48425006866455
EDTRPAS1-30,marginalised,1759.0316308328177,0.007142519661355739,9.460954666137695
EDTRPAS1-30,marginalised,1810.7240309254578,0.007183563169039468,9.43817138671875
EDTRPAS1-30,marginalised,1863.9355078672575,0.007223998110330586,9.415876388549805
EDTRPAS1-30,marginalised,1918.710702542941,0.007263846662182252,9.394043922424316
EDTRPAS1-30,marginalised,1975.0955676922515,0.007303111400039786,9.37266731262207
EDTRPAS1-30,marginalised,2033.1374064612394,0.007341779927525172,9.351743698120117
EDTRPAS1-30,marginalised,2092.8849120864497,0.00737983236432367,9.331276893615723
EDTRPAS1-30,marginalised,2154.388208745306,0.007417254056898961,9.311264991760254
EDTRPAS1-30,marginalised,2217.698893606955,0.0074540325278587794,9.291707038879395
EDTRPAS1-30,marginalised,2282.8700801188543,0.007490170963194219,9.27259349822998
EDTRPAS1-30,marginalised,2349.9564425654185,0.007525674331694704,9.253914833068848
EDTRPAS1-30,marginalised,2419.014261936101,0.007560550950559372,9.235657691955566
EDTRPAS1-30,marginalised,2490.101473141394,0.007594790916505771,9.217819213867188
EDTRPAS1-30,marginalised,2563.277713616362,0.007628357858812783,9.200411796569824
EDTRPAS1-30,marginalised,2638.6043733524752,0.007661175723830775,9.183466911315918
EDTRPAS1-30,marginalised,2716.1446463997254,0.007693123287429524,9.167037010192871
EDTRPAS1-30,marginalised,2795.963583882221,0.007724037237004391,9.151196479797363
EDTRPAS1-30,marginalised,2878.1281485717504,0.007753712426466293,9.136038780212402
EDTRPAS1-30,marginalised,2962.707271065086,0.007781914373155976,9.121672630310059
EDTRPAS1-30,marginalised,3049.7719076121625,0.0078083999000911584,9.108206748962402
EDTRPAS1-30,marginalised,3139.3950996436456,0.00783293062397474,9.095748901367188
EDTRPAS1-30,marginalised,3231.652035047826,0.007855291082485874,9.084393501281738
EDTRPAS1-30,marginalised,3326.6201112482495,0.007875278218445199,9.074230194091797
EDTRPAS1-30,marginalised,3424.3790001350017,0.007892722346313332,9.06533145904541
EDTRPAS1-30,marginalised,3525.0107149041132,0.007907480861659828,9.057754516601562
EDTRPAS1-30,marginalised,3628.599678861172,0.007919434217712283,9.051551818847656
EDTRPAS1-30,marginalised,3735.2327962468503,0.007928483556555692,9.046761512756348
EDTRPAS1-30,marginalised,3844.9995251437763,0.007934546264020355,9.04341983795166
EDTRPAS1-30,marginalised,3957.9919525259043,0.007937555119711347,9.041555404663086
EDTRPAS1-30,marginalised,4074.3048715133536,0.007937449748426808,9.041194915771484
EDTRPAS1-30,marginalised,4194.035860897522,0.007934162194777146,9.042369842529297
EDTRPAS1-30,marginalised,4317.285367003192,0.00792760739671283,9.045124053955078
EDTRPAS1-30,marginalised,4444.1567879563045,0.007917662758563851,9.049521446228027
EDTRPAS1-30,marginalised,4574.756560428101,0.007904169702997612,9.055644035339355
EDTRPAS1-30,marginalised,4709.194248928402,0.007886906690036175,9.063610076904297
EDTRPAS1-30,marginalised,4847.582637722931,0.007865603074976427,9.073565483093262
EDTRPAS1-30,marginalised,4990.037825451802,0.007839928575593548,9.08569049835205
EDTRPAS1-30,marginalised,5136.679322528541,0.007809510355790914,9.100194931030273
EDTRPAS1-30,marginalised,5287.630151401369,0.007773942946213827,9.11731243133545
EDTRPAS1-30,marginalised,5443.0169497608385,0.0077328222005293955,9.137289047241211
EDTRPAS1-30,marginalised,5602.970076780417,0.007685759034445932,9.16037654876709
EDTRPAS1-30,marginalised,5767.623722479158,0.0076324078077289565,9.186821937561035
EDTRPAS1-30,marginalised,5937.116020298179,0.007572490164522254,9.216852188110352
EDTRPAS1-30,marginalised,6111.589162985427,0.00750579595223013,9.250683784484863
EDTRPAS1-30,marginalised,6291.189521885916,0.007432204547930673,9.28850269317627
EDTRPAS1-30,marginalised,6476.067769737538,0.007351666634908814,9.330477714538574
EDTRPAS1-30,marginalised,6666.379007075453,0.0072642193010283955,9.376752853393555
EDTRPAS1-30,marginalised,6862.282892351108,0.007169999259288433,9.427436828613281
EDTRPAS1-30,marginalised,7063.943775875043,0.0070692571564428515,9.482593536376953
EDTRPAS1-30,marginalised,7271.53083769585,0.006962381531961003,9.542224884033203
EDTRPAS1-30,marginalised,7485.218229530971,0.006849928524553055,9.606240272521973
EDTRPAS1-30,marginalised,7705.185220868384,0.006732636353089838,9.674445152282715
EDTRPAS1-30,marginalised,7931.616349361765,0.006611395465873184,9.746536254882812
EDTRPAS1-30,marginalised,8164.701575645284,0.006487214537817089,9.822113990783691
EDTRPAS1-30,marginalised,8404.636442697925,0.0063611587839891995,9.900702476501465
EDTRPAS1-30,marginalised,8651.622239891027,0.0062342683388092275,9.981792449951172
EDTRPAS1-30,marginalised,8905.866171856645,0.006107476459164494,10.064888000488281
EDTRPAS1-30,marginalised,9167.581532318449,0.005981547745097118,10.149553298950195
EDTRPAS1-30,marginalised,9436.987883030935,0.00585704324939009,10.235447883605957
EDTRPAS1-30,marginalised,9714.31123797713,0.0057343059780721895,10.322348594665527
EDTRPAS1-30,marginalised,9999.784252979252,0.005613465130872181,10.410161018371582
EDTRPAS1-30,marginalised,10293.646420881458,0.005494464309895951,10.498927116394043
EDTRPAS1-30,marginalised,10596.144272468386,0.00537710692514133,10.588793754577637
EDTRPAS1-30,marginalised,10907.531583288059,0.005261110178446103,10.67999267578125
EDTRPAS1-30,marginalised,11228.069586552665,0.005146154646993155,10.772818565368652
EDTRPAS1-30,marginalised,11558.027192295825,0.005031961812494727,10.867549896240234
EDTRPAS1-30,marginalised,11897.681212970201,0.0049183452579858325,10.9644193649292
EDTRPAS1-30,marginalised,12247.316595674696,0.004805270579712901,11.063549995422363
EDTRPAS1-30,marginalised,12607.226661206098,0.004692865031176481,11.1649169921875
EDTRPAS1-30,marginalised,12977.713350135686,0.0045814202046463035,11.268342971801758
EDTRPAS1-30,marginalised,13359.087476117262,0.004471323241564675,11.373527526855469
EDTRPAS1-30,marginalised,13751.668986639093,0.004363007976669456,11.480081558227539
EDTRPAS1-30,marginalised,14155.787231438559,0.004256858879585919,11.587618827819824
EDTRPAS1-30,marginalised,14571.781238804624,0.004153149273865833,11.695823669433594
EDTRPAS1-30,marginalised,15000.000000000004,0.004051994063349074,11.804509162902832
EDTRPAS1-34,marginalised,149.99999999999997,0.008508515310779417,0.24493077397346497
EDTRPAS1-34,marginalised,154.4080276204157,0.008531408562661788,0.23590609431266785
EDTRPAS1-34,marginalised,158.9455932908471,0.008550543863892465,0.22858040034770966
EDTRPAS1-34,marginalised,163.61650372664326,0.008566645998198662,0.22263085842132568
EDTRPAS1-34,marginalised,168.42467751052925,0.00858043813445045,0.217778742313385
EDTRPAS1-34,marginalised,173.3741483800361,0.008592641820936069,0.21378663182258606
EDTRPAS1-34,marginalised,178.46906861153784,0.008604024160787406,0.21044635772705078
EDTRPAS1-34,marginalised,183.7137125037347,0.008615050885010717,0.20760074257850647
EDTRPAS1-34,marginalised,189.11247996350525,0.00862612234757832,0.2051258385181427
EDTRPAS1-34,marginalised,194.66990019713492,0.008637452113956678,0.2029256373643875
EDTRPAS1-34,marginalised,200.39063551001857,0.008648860776190119,0.20096151530742645
EDTRPAS1-34,marginalised,206.2794852180241,0.00866012903188146,0.1992020457983017
EDTRPAS1-34,marginalised,212.34138967379872,0.008670816800528286,0.19765383005142212
EDTRPAS1-34,marginalised,218.58143441139583,0.00868038374035736,0.1963353008031845
EDTRPAS1-34,marginalised,225.00485441269933,0.008688304193871243,0.19526787102222443
EDTRPAS1-34,marginalised,231.6170384992247,0.008694170249330866,0.19447261095046997
EDTRPAS1-34,marginalised,238.42353385298122,0.008697772970400927,0.1939515620470047
EDTRPAS1-34,marginalised,245.43005067018836,0.008699144158554228,0.1936900019645691
EDTRPAS1-34,marginalised,252.64246695174987,0.008698518689068426,0.19365257024765015
EDTRPAS1-34,marginalised,260.0668334345051,0.008696453398465425,0.19377925992012024
EDTRPAS1-34,marginalised,267.70937866739416,0.008693771647839339,0.1939851939678192
EDTRPAS1-34,marginalised,275.5765142367956,0.008691380004475738,0.19417622685432434
EDTRPAS1-34,marginalised,283.6748401454202,0.008690309660071328,0.1942524015903473
EDTRPAS1-34,marginalised,292.01115034927375,0.008691622898781177,0.19410403072834015
EDTRPAS1-34,marginalised,300.59243845733357,0.008696189666937039,0.19365301728248596
EDTRPAS1-34,marginalised,309.4259035987206,0.008704629802630091,0.1928352266550064
EDTRPAS1-34,marginalised,318.518956462289,0.008717193557857833,0.1916235387325287
EDTRPAS1-34,marginalised,327.8792255137008,0.008733665083192373,0.1900443732738495
EDTRPAS1-34,marginalised,337.51456339520024,0.008753430491139684,0.18815380334854126
EDTRPAS1-34,marginalised,347.4330535134576,0.008775493326186911,0.18605275452136993
EDTRPAS1-34,marginalised,357.643016821009,0.00879868573411363,0.18384949862957
EDTRPAS1-34,marginalised,368.1530187969811,0.00882178803169926,0.181655615568161
EDTRPAS1-34,marginalised,378.97187663295796,0.00884367397086609,0.1795855164527893
EDTRPAS1-34,marginalised,390.1086666300171,0.008863494598857715,0.1777145117521286
EDTRPAS1-34,marginalised,401.5727318131416,0.008880703562176047,0.17609253525733948
EDTRPAS1-34,marginalised,413.3736897693958,0.008895054160351978,0.1747417449951172
EDTRPAS1-34,marginalised,425.5214407164403,0.008906569243737244,0.1736590415239334
EDTRPAS1-34,marginalised,438.0261758081548,0.008915456371962161,0.17282415926456451
EDTRPAS1-34,marginalised,450.89838568433765,0.008922046984690417,0.17220526933670044
EDTRPAS1-34,marginalised,464.14886927165384,0.008926720604861164,0.17176659405231476
EDTRPAS1-34,marginalised,477.7887428432151,0.00892986124603251,0.17147177457809448
EDTRPAS1-34,marginalised,491.8294493443925,0.008931821200306797,0.17128795385360718
EDTRPAS1-34,marginalised,506.28276799268554,0.008995759582793889,0.16530054807662964
EDTRPAS1-34,marginalised,521.1608241597008,0.00901241579441426,0.16374333202838898
EDTRPAS1-34,marginalised,536.4760995435315,0.009030543004909146,0.1620490401983261
EDTRPAS1-34,marginalised,552.2414426400701,0.009049708412955416,0.16025756299495697
EDTRPAS1-34,marginalised,568.4700795220413,0.009069301302011713,0.15842479467391968
EDTRPAS1-34,marginalised,585.1756249347952,0.00908864896042896,0.15661200881004333
EDTRPAS1-34,marginalised,602.3720937181727,0.009107103136472686,0.15487807989120483
EDTRPAS1-34,marginalised,620.0739125640218,0.00912412305431566,0.15327157080173492
EDTRPAS1-34,marginalised,638.2959321192316,0.0091392989952699,0.15182892978191376
EDTRPAS1-34,marginalised,657.0534394444355,0.009152352420178148,0.15057453513145447
EDTRPAS1-34,marginalised,676.3621708388371,0.009163100938066316,0.14952410757541656
EDTRPAS1-34,marginalised,696.2383250419168,0.009171427148287817,0.148687481880188
EDTRPAS1-34,marginalised,716.6985768230952,0.009177249288568038,0.14807145297527313
EDTRPAS1-34,marginalised,737.7600909707543,0.009180514458057424,0.14768047630786896
EDTRPAS1-34,marginalised,759.4405366923511,0.009181206555848764,0.1475161761045456
EDTRPAS1-34,marginalised,781.758102437706,0.009179359628846213,0.14757603406906128
EDTRPAS1-34,marginalised,804.7315111579009,0.009175062500609059,0.14785292744636536
EDTRPAS1-34,marginalised,828.380036012587,0.0091684498334692,0.148335799574852
EDTRPAS1-34,marginalised,852.7235165388835,0.009159670735400303,0.14901214838027954
EDTRPAS1-34,marginalised,877.7823752954265,0.009148848575332956,0.1498716175556183
EDTRPAS1-34,marginalised,903.5776349955357,0.009136050034412153,0.15090852975845337
EDTRPAS1-34,marginalised,930.1309361438708,0.009121250462055681,0.15212532877922058
EDTRPAS1-34,marginalised,957.464555191373,0.009104350602447398,0.15353094041347504
EDTRPAS1-34,marginalised,985.601423223724,0.009085180930507815,0.15514105558395386
EDTRPAS1-34,marginalised,1014.5651451989991,0.00906354190190864,0.1569741815328598
EDTRPAS1-34,marginalised,1044.3800197506544,0.009039222362889884,0.15905070304870605
EDTRPAS1-34,marginalised,1075.0710595724627,0.009012016007528803,0.16139107942581177
EDTRPAS1-34,marginalised,1106.6640124024962,0.008981730351021249,0.1640155017375946
EDTRPAS1-34,marginalised,1139.185382623765,0.00894816336972815,0.16694557666778564
EDTRPAS1-34,marginalised,1172.6624534996279,0.008911098676269776,0.17020449042320251
EDTRPAS1-34,marginalised,1207.1233100626337,0.008870275175221739,0.17382103204727173
EDTRPAS1-34,marginalised,1242.596862675992,0.00882541825087015,0.17782588303089142
EDTRPAS1-34,marginalised,1279.1128712874436,0.008776269001572452,0.1822499930858612
EDTRPAS1-34,marginalised,1316.7019703958726,0.008722616835565382,0.18712100386619568
EDTRPAS1-34,marginalised,1355.3956947516117,0.008664360645979379,0.19245804846286774
EDTRPAS1-34,marginalised,1395.2265058119963,0.008601529070964673,0.1982700675725937
EDTRPAS1-34,marginalised,1436.2278189743658,0.008534294629161205,0.20455269515514374
EDTRPAS1-34,marginalised,1478.4340316093555,0.008462926265257638,0.2112937569618225
EDTRPAS1-34,marginalised,1521.880551918,0.008387778107089234,0.21847140789031982
EDTRPAS1-34,marginalised,1566.603828636854,0.008309163958742012,0.22606921195983887
EDTRPAS1-34,marginalised,1612.6413816160562,0.008227366785155303,0.23407168686389923
EDTRPAS1-34,marginalised,1660.0318332959828,0.008142567533054146,0.24247416853904724
EDTRPAS1-34,marginalised,1708.8149411089032,0.008054829408879015,0.25128382444381714
EDTRPAS1-34,marginalised,1759.0316308328177,0.007964155964628667,0.26051396131515503
EDTRPAS1-34,marginalised,1810.7240309254578,0.007870479553967932,0.2701870799064636
EDTRPAS1-34,marginalised,1863.9355078672575,0.007773715101580045,0.28032881021499634
EDTRPAS1-34,marginalised,1918.710702542941,0.007673808486073266,0.29096391797065735
EDTRPAS1-34,marginalised,1975.0955676922515,0.007570722004964037,0.30211615562438965
EDTRPAS1-34,marginalised,2033.1374064612394,0.007464438666475906,0.31380969285964966
EDTRPAS1-34,marginalised,2092.8849120864497,0.007354954355532754,0.32606977224349976
EDTRPAS1-34,marginalised,2154.388208745306,0.007242230559416356,0.3389270305633545
EDTRPAS1-34,marginalised,2217.698893606955,0.00712619423855486,0.3524184823036194
EDTRPAS1-34,marginalised,2282.8700801188543,0.007006719138732387,0.366591215133667
EDTRPAS1-34,marginalised,2349.9564425654185,0.006883591539052436,0.3815078139305115
EDTRPAS1-34,marginalised,2419.014261936101,0.006756562275012947,0.3972407281398773
EDTRPAS1-34,marginalised,2490.101473141394,0.006625352574005785,0.41387253999710083
EDTRPAS1-34,marginalised,2563.277713616362,0.006489728931098,0.4314904808998108
EDTRPAS1-34,marginalised,2638.6043733524752,0.0063495235420351495,0.4501798748970032
EDTRPAS1-34,marginalised,2716.1446463997254,0.006204709993571992,0.47001779079437256
EDTRPAS1-34,marginalised,2795.963583882221,0.006055409746253275,0.4910699725151062
EDTRPAS1-34,marginalised,2878.1281485717504,0.005901967333267222,0.5133755207061768
EDTRPAS1-34,marginalised,2962.707271065086,0.005744853252828392,0.5369606018066406
EDTRPAS1-34,marginalised,3049.7719076121625,0.005584700945052559,0.5618273615837097
EDTRPAS1-34,marginalised,3139.3950996436456,0.005422212662442805,0.5879656076431274
EDTRPAS1-34,marginalised,3231.652035047826,0.005258122051455177,0.6153557896614075
EDTRPAS1-34,marginalised,3326.6201112482495,0.005093144752184045,0.6439744234085083
EDTRPAS1-34,marginalised,3424.3790001350017,0.004927966399454773,0.6737959384918213
EDTRPAS1-34,marginalised,3525.0107149041132,0.004763209428132578,0.704797625541687
EDTRPAS1-34,marginalised,3628.599678861172,0.004599443508689857,0.7369579076766968
EDTRPAS1-34,marginalised,3735.2327962468503,0.004437160611740832,0.7702617049217224
EDTRPAS1-34,marginalised,3844.9995251437763,0.004276769338962142,0.8047025203704834
EDTRPAS1-34,marginalised,3957.9919525259043,0.0041185653462264766,0.840292751789093
EDTRPAS1-34,marginalised,4074.3048715133536,0.003962735158638858,0.8770642876625061
EDTRPAS1-34,marginalised,4194.035860897522,0.003809327384155815,0.9150850176811218
EDTRPAS1-34,marginalised,4317.285367003192,0.003658257365193988,0.9544644951820374
EDTRPAS1-34,marginalised,4444.1567879563045,0.00350935610783728,0.9953468441963196
EDTRPAS1-34,marginalised,4574.756560428101,0.0033623662622715806,1.0379266738891602
EDTRPAS1-34,marginalised,4709.194248928402,0.003217008914819636,1.0824371576309204
EDTRPAS1-34,marginalised,4847.582637722931,0.0030730506839460226,1.1291347742080688
EDTRPAS1-34,marginalised,4990.037825451802,0.002930321863741928,1.1782982349395752
EDTRPAS1-34,marginalised,5136.679322528541,0.0027887576086700894,1.2302188873291016
EDTRPAS1-34,marginalised,5287.630151401369,0.0026484731860790334,1.2851603031158447
EDTRPAS1-34,marginalised,5443.0169497608385,0.0025097169461444266,1.3433732986450195
EDTRPAS1-34,marginalised,5602.970076780417,0.002372895463019586,1.405063509941101
EDTRPAS1-34,marginalised,5767.623722479158,0.0022385311467973588,1.4703888893127441
EDTRPAS1-34,marginalised,5937.116020298179,0.0021072092898262946,1.539463996887207
EDTRPAS1-34,marginalised,6111.589162985427,0.0019795313218315836,1.6123610734939575
EDTRPAS1-34,marginalised,6291.189521885916,0.0018560613865831292,1.6891182661056519
EDTRPAS1-34,marginalised,6476.067769737538,0.0017372962770488593,1.7697466611862183
EDTRPAS1-34,marginalised,6666.379007075453,0.0016236503364885767,1.8542331457138062
EDTRPAS1-34,marginalised,6862.282892351108,0.001515453357336014,1.9425327777862549
EDTRPAS1-34,marginalised,7063.943775875043,0.0014129670108360018,2.0345499515533447
EDTRPAS1-34,marginalised,7271.53083769585,0.0013163954516380789,2.130115509033203
EDTRPAS1-34,marginalised,7485.218229530971,0.0012258930890281868,2.2289600372314453
EDTRPAS1-34,marginalised,7705.185220868384,0.0011415523742200398,2.330713987350464
EDTRPAS1-34,marginalised,7931.616349361765,0.0010633960946031516,2.434901237487793
EDTRPAS1-34,marginalised,8164.701575645284,0.0009913628354529917,2.5409648418426514
EDTRPAS1-34,marginalised,8404.636442697925,0.0009252980767815915,2.648301601409912
EDTRPAS1-34,marginalised,8651.622239891027,0.0008649468316787219,2.75632905960083
EDTRPAS1-34,marginalised,8905.866171856645,0.0008099710070380143,2.864518880844116
EDTRPAS1-34,marginalised,9167.581532318449,0.0007599646959755508,2.9724504947662354
EDTRPAS1-34,marginalised,9436.987883030935,0.0007144769626304232,3.079841136932373
EDTRPAS1-34,marginalised,9714.31123797713,0.0006730390031636697,3.1865572929382324
EDTRPAS1-34,marginalised,9999.784252979252,0.0006351832921596458,3.2926197052001953
EDTRPAS1-34,marginalised,10293.646420881458,0.0006004621519822693,3.398186445236206
EDTRPAS1-34,marginalised,10596.144272468386,0.000568461826744492,3.503532886505127
EDTRPAS1-34,marginalised,10907.531583288059,0.0005388143170334891,3.609003782272339
EDTRPAS1-34,marginalised,11228.069586552665,0.0005112018349619423,3.714986562728882
EDTRPAS1-34,marginalised,11558.027192295825,0.00048536461874758877,3.8218445777893066
EDTRPAS1-34,marginalised,11897.681212970201,0.00046110302583643464,3.9298455715179443
EDTRPAS1-34,marginalised,12247.316595674696,0.0004382708233571823,4.03914737701416
EDTRPAS1-34,marginalised,12607.226661206098,0.0004167726581289829,4.1497297286987305
EDTRPAS1-34,marginalised,12977.713350135686,0.0003965468540082648,4.261415481567383
EDTRPAS1-34,marginalised,13359.087476117262,0.00037755392007144637,4.373887062072754
EDTRPAS1-34,marginalised,13751.668986639093,0.0003597578171166674,4.486765384674072
EDTRPAS1-34,marginalised,14155.787231438559,0.00034311583011458786,4.599669933319092
EDTRPAS1-34,marginalised,14571.781238804624,0.00032756933120441784,4.712306976318359
EDTRPAS1-34,marginalised,15000.000000000004,0.00031304215547886565,4.824533462524414
EDTRPAS1-43,marginalised,49.99999999999999,4.1625446e-316,2928.6748046875
EDTRPAS1-43,marginalised,51.46934254013858,3.899591e-316,2939.31396484375
EDTRPAS1-43,marginalised,52.98186443028238,3.8021008e-316,2943.6044921875
EDTRPAS1-43,marginalised,54.53883457554776,3.8665238e-316,2940.734619140625
EDTRPAS1-43,marginalised,56.14155917017645,4.1101895e-316,2930.665771484375
EDTRPAS1-43,marginalised,57.791382793345406,4.5784719e-316,2914.151123046875
EDTRPAS1-43,marginalised,59.48968953717931,5.3631058e-316,2892.61572265625
EDTRPAS1-43,marginalised,61.23790416791161,6.64373997e-316,2867.909912109375
EDTRPAS1-43,marginalised,63.037493321168455,8.79482037e-316,2842.010986328125
EDTRPAS1-43,marginalised,64.88996673237834,1.27013926e-315,2816.736572265625
EDTRPAS1-43,marginalised,66.79687850333957,2.09488049e-315,2793.53076171875
EDTRPAS1-43,marginalised,68.75982840600807,4.447721877e-315,2773.34375
EDTRPAS1-43,marginalised,70.78046322459961,1.8565844824e-314,2080.054443359375
EDTRPAS1-43,marginalised,72.86047813713198,1.295740537629476e-07,61.3201904296875
EDTRPAS1-43,marginalised,75.00161813756648,0.0004900659898324179,14.594106674194336
EDTRPAS1-43,marginalised,77.2056794997416,0.0023672868501369865,7.120918273925781
EDTRPAS1-43,marginalised,79.47451128432712,0.004261858462968464,4.875175952911377
EDTRPAS1-43,marginalised,81.81001689006284,0.005368761057393218,4.1075215339660645
EDTRPAS1-43,marginalised,84.21415565058334,0.005932940814879817,3.7832884788513184
EDTRPAS1-43,marginalised,86.68894447816842,0.006171809162701381,3.628164291381836
EDTRPAS1-43,marginalised,89.23645955579812,0.00617863796160474,3.5709590911865234
EDTRPAS1-43,marginalised,91.85883807893192,0.006332650764081235,3.54061222076416
EDTRPAS1-43,marginalised,94.55828004847345,0.006365020110930781,3.532855987548828
EDTRPAS1-43,marginalised,97.33705011642465,0.0063450799203585324,3.6822316646575928
EDTRPAS1-43,marginalised,100.19747948577792,0.006332116725637299,3.5515079498291016
EDTRPAS1-43,marginalised,103.14196786624025,0.006331567721016064,3.481283187866211
EDTRPAS1-43,marginalised,106.17298548742973,0.006339084121650235,3.4452908039093018
EDTRPAS1-43,marginalised,109.29307517123365,0.006351117619122958,3.427372932434082
EDTRPAS1-43,marginalised,112.50485446506681,0.006365652646253868,3.4198901653289795
EDTRPAS1-43,marginalised,115.81101783781926,0.006381512311912344,3.4187490940093994
EDTRPAS1-43,marginalised,119.21433894033639,0.006397990920493671,3.4214744567871094
EDTRPAS1-43,marginalised,122.7176729323271,0.006414546851988992,3.426440715789795
EDTRPAS1-43,marginalised,126.32395887765273,0.006430765156375734,3.4325461387634277
EDTRPAS1-43,marginalised,130.03622221000577,0.00644631501402328,3.4390499591827393
EDTRPAS1-43,marginalised,133.8575772710473,0.006460895319553886,3.4454734325408936
EDTRPAS1-43,marginalised,137.79122992313202,0.006474275661316712,3.4515380859375
EDTRPAS1-43,marginalised,141.8404802388135,0.0064863101840602405,3.4570889472961426
EDTRPAS1-43,marginalised,146.008725269385,0.0064968754997464006,3.462066888809204
EDTRPAS1-43,marginalised,150.29946189477928,0.006506013774016002,3.4664509296417236
EDTRPAS1-43,marginalised,154.71628975721805,0.006513827114875281,3.470248222351074
EDTRPAS1-43,marginalised,159.2629142810718,0.006520518608946126,3.4734630584716797
EDTRPAS1-43,marginalised,163.94314978146426,0.006526361328677227,3.476097822189331
EDTRPAS1-43,marginalised,168.76092266422862,0.006531721522647896,3.478142738342285
EDTRPAS1-43,marginalised,173.72027471990037,0.0065369481987727525,3.4795801639556885
EDTRPAS1-43,marginalised,178.8253665145106,0.006542396665714655,3.4803969860076904
EDTRPAS1-43,marginalised,184.0804808800235,0.006548368110525319,3.4805920124053955
EDTRPAS1-43,marginalised,189.49002650734718,0.006555006618948118,3.480191230773926
EDTRPAS1-43,marginalised,195.05854164493184,0.0065623612914026555,3.4792606830596924
EDTRPAS1-43,marginalised,200.7906979060577,0.006570232238675842,3.4779040813446045
EDTRPAS1-43,marginalised,206.6913041880074,0.006578341626897294,3.4762675762176514
EDTRPAS1-43,marginalised,212.76531070641065,0.006586232398022312,3.4745256900787354
EDTRPAS1-43,marginalised,219.0178131481453,0.006593394347637688,3.4728615283966064
EDTRPAS1-43,marginalised,225.45405694627917,0.00659936608915495,3.4714462757110596
EDTRPAS1-43,marginalised,232.07944168063906,0.00660377030154368,3.4704086780548096
EDTRPAS1-43,marginalised,238.89952560769854,0.006606375270041724,3.469843864440918
EDTRPAS1-43,marginalised,245.9200303235849,0.006607182799053162,3.4697623252868652
EDTRPAS1-43,marginalised,253.14684556411717,0.006606394556372257,3.470109701156616
EDTRPAS1-43,marginalised,260.58603414590215,0.0066044860216226894,3.47076416015625
EDTRPAS1-43,marginalised,268.24383705263375,0.0066021221450575625,3.4715309143066406
EDTRPAS1-43,marginalised,276.1266786708625,0.006600086952531132,3.472181797027588
EDTRPAS1-43,marginalised,284.241172179628,0.006599249880767687,3.472465991973877
EDTRPAS1-43,marginalised,292.5941250984757,0.006600452747953056,3.4721267223358154
EDTRPAS1-43,marginalised,301.19254499851206,0.0066044600097762635,3.4709513187408447
EDTRPAS1-43,marginalised,310.04364538129045,0.006611790498780228,3.468784809112549
EDTRPAS1-43,marginalised,319.1548517304579,0.00662267869197301,3.4655678272247314
EDTRPAS1-43,marginalised,328.53380774124156,0.006637034610877845,3.4613289833068848
EDTRPAS1-43,marginalised,338.18838173299986,0.006654414697279692,3.4562158584594727
EDTRPAS1-43,marginalised,348.12667325021835,0.0066740770144182015,3.4504482746124268
EDTRPAS1-43,marginalised,358.3570198574877,0.006695073738015929,3.4443166255950928
EDTRPAS1-43,marginalised,368.8880041341656,0.006716359745326617,3.438136577606201
EDTRPAS1-43,marginalised,379.72846087458856,0.006736915039542141,3.4321892261505127
EDTRPAS1-43,marginalised,390.8874844998762,0.006755891901305922,3.4267234802246094
EDTRPAS1-43,marginalised,402.3744366875448,0.00677266369729435,3.421912670135498
EDTRPAS1-43,marginalised,414.19895422533097,0.0067868822087658225,3.4178473949432373
EDTRPAS1-43,marginalised,426.3709570958148,0.0067984450494204506,3.414551258087158
EDTRPAS1-43,marginalised,438.9006567986245,0.006807470131674368,3.411984443664551
EDTRPAS1-43,marginalised,451.79856491720415,0.0068142119503472225,3.4100699424743652
EDTRPAS1-43,marginalised,465.0755019373324,0.006819015762205383,3.4087073802948
EDTRPAS1-43,marginalised,478.7426063247889,0.006822247653472992,3.407792091369629
EDTRPAS1-43,marginalised,492.8113438697855,0.006824264092430957,3.4072208404541016
EDTRPAS1-43,marginalised,507.2935173060003,0.006897110416163651,3.386763334274292
EDTRPAS1-43,marginalised,522.2012762122849,0.0069174358481762545,3.3811137676239014
EDTRPAS1-43,marginalised,537.5471272053524,0.006940438015209826,3.374751329421997
EDTRPAS1-43,marginalised,553.3439444319946,0.006965926335814496,3.3677380084991455
EDTRPAS1-43,marginalised,569.6049803696347,0.006993517538210117,3.3601906299591064
EDTRPAS1-43,marginalised,586.3438769442729,0.007022705649275699,3.352255344390869
EDTRPAS1-43,marginalised,603.5746769751529,0.007052949483082836,3.344087839126587
EDTRPAS1-43,marginalised,621.3118359557528,0.007083750740323896,3.3358256816864014
EDTRPAS1-43,marginalised,639.5702341809807,0.007114701114502882,3.3275790214538574
EDTRPAS1-43,marginalised,658.365189230751,0.007145510751776915,3.319427490234375
EDTRPAS1-43,marginalised,677.7124688204135,0.007175983352595906,3.3114185333251953
EDTRPAS1-43,marginalised,697.6283040288171,0.00720598695926336,3.3035874366760254
EDTRPAS1-43,marginalised,718.1294029151026,0.007235411889448617,3.2959585189819336
EDTRPAS1-43,marginalised,739.2329645356522,0.007264137316546872,3.2885594367980957
EDTRPAS1-43,marginalised,760.9566933729519,0.007292021853371329,3.281423807144165
EDTRPAS1-43,marginalised,783.3188141884733,0.0073189144672173604,3.274585723876953
EDTRPAS1-43,marginalised,806.338087312034,0.0073446848367398464,3.268073797225952
EDTRPAS1-43,marginalised,830.033824380465,0.007369251313735679,3.2619025707244873
EDTRPAS1-43,marginalised,854.4259045387877,0.007392606347438234,3.2560698986053467
EDTRPAS1-43,marginalised,879.5347911174923,0.00741481936631284,3.2505528926849365
EDTRPAS1-43,marginalised,905.381548799909,0.007436030281095936,3.245314598083496
EDTRPAS1-43,marginalised,931.9878612940743,0.00745641019405499,3.2403085231781006
EDTRPAS1-43,marginalised,959.3760495239175,0.007476129961981971,3.2354910373687744
EDTRPAS1-43,marginalised,987.5690903550293,0.007495331594448462,3.2308244705200195
EDTRPAS1-43,marginalised,1016.5906358707215,0.00751410279090597,3.226287364959717
EDTRPAS1-43,marginalised,1046.465033214549,0.007532479522496581,3.2218706607818604
EDTRPAS1-43,marginalised,1077.2173450159426,0.007550447836284835,3.2175769805908203
EDTRPAS1-43,marginalised,1108.8733704160838,0.007567965934340376,3.2134158611297607
EDTRPAS1-43,marginalised,1141.4596667116678,0.007584975885722845,3.2094011306762695
EDTRPAS1-43,marginalised,1175.0035716347052,0.007601421827151691,3.20554518699646
EDTRPAS1-43,marginalised,1209.533226287058,0.007617240452883188,3.2018630504608154
EDTRPAS1-43,marginalised,1245.0775987489508,0.007632355162512565,3.1983728408813477
EDTRPAS1-43,marginalised,1281.6665083812595,0.007646666753765317,3.1950974464416504
EDTRPAS1-43,marginalised,1319.330650841969,0.007660052278469645,3.1920652389526367
EDTRPAS1-43,marginalised,1358.1016238377854,0.007672362205288179,3.1893110275268555
EDTRPAS1-43,marginalised,1398.0119536325083,0.0076834348532642165,3.186870813369751
EDTRPAS1-43,marginalised,1439.0951223343982,0.007693119931668258,3.184778928756714
EDTRPAS1-43,marginalised,1481.3855959854354,0.007701285264414432,3.1830639839172363
EDTRPAS1-43,marginalised,1524.9188534760344,0.007707833152508529,3.1817467212677
EDTRPAS1-43,marginalised,1569.7314163094684,0.007712702807212806,3.1808395385742188
EDTRPAS1-43,marginalised,1615.8608792409782,0.007715860579183059,3.1803486347198486
EDTRPAS1-43,marginalised,1663.345941817268,0.007717293568878233,3.18027663230896
EDTRPAS1-43,marginalised,1712.226440842848,0.007716991816979103,3.1806256771087646
EDTRPAS1-43,marginalised,1762.5433838004574,0.0077149398672732685,3.181399345397949
EDTRPAS1-43,marginalised,1814.3389832536138,0.007711114370349647,3.182605028152466
EDTRPAS1-43,marginalised,1867.6566922601403,0.007705480554498424,3.1842525005340576
EDTRPAS1-43,marginalised,1922.541240826387,0.007697991622404233,3.186354637145996
EDTRPAS1-43,marginalised,1979.0386734327274,0.007688597525055157,3.1889259815216064
EDTRPAS1-43,marginalised,2037.1963876618101,0.007677242921931265,3.1919829845428467
EDTRPAS1-43,marginalised,2097.063173961973,0.007663868315198404,3.1955432891845703
EDTRPAS1-43,marginalised,2158.6892565791804,0.007648403077854559,3.1996281147003174
EDTRPAS1-43,marginalised,2222.126335691819,0.007630763150551698,3.20426344871521
EDTRPAS1-43,marginalised,2287.427630783704,0.00761084426380385,3.2094812393188477
EDTRPAS1-43,marginalised,2354.6479252916824,0.007588517131340828,3.215319871902466
EDTRPAS1-43,marginalised,2423.8436125652847,0.007563618077412527,3.221829891204834
EDTRPAS1-43,marginalised,2495.072743176992,0.007535965137926808,3.2290663719177246
EDTRPAS1-43,marginalised,2568.395073622796,0.007505350003122793,3.2370941638946533
EDTRPAS1-43,marginalised,2643.8721164539234,0.007471567233466603,3.2459795475006104
EDTRPAS1-43,marginalised,2721.5671918817625,0.0074344232799744055,3.255788803100586
EDTRPAS1-43,marginalised,2801.5454808993104,0.007393753355472431,3.266582489013672
EDTRPAS1-43,marginalised,2883.8740799636776,0.007349443734462193,3.2784135341644287
EDTRPAS1-43,marginalised,2968.6220572855505,0.007301434331236786,3.2913222312927246
EDTRPAS1-43,marginalised,3055.860510772818,0.007249722174615645,3.3053383827209473
EDTRPAS1-43,marginalised,3145.6626276769803,0.007194360778050964,3.3204774856567383
EDTRPAS1-43,marginalised,3238.1037459923787,0.007135438311432993,3.3367505073547363
EDTRPAS1-43,marginalised,3333.2614176597526,0.007073074252990534,3.3541605472564697
EDTRPAS1-43,marginalised,3431.215473627155,0.007007409068109089,3.372709274291992
EDTRPAS1-43,marginalised,3532.0480908227973,0.006938594578972177,3.392393112182617
EDTRPAS1-43,marginalised,3635.8438610960216,0.006866791139118614,3.413210391998291
EDTRPAS1-43,marginalised,3742.689862184224,0.0067921520252950405,3.4351603984832764
EDTRPAS1-43,marginalised,3852.6757307652774,0.006714823784492228,3.458249092102051
EDTRPAS1-43,marginalised,3965.893737656736,0.006634918203623785,3.4824883937835693
EDTRPAS1-43,marginalised,4082.438865224901,0.0065524986810235235,3.507913112640381
EDTRPAS1-43,marginalised,4202.408887068701,0.006467559414967996,3.5345778465270996
EDTRPAS1-43,marginalised,4325.904450045231,0.006380016318514162,3.562570810317993
EDTRPAS1-43,marginalised,4453.029158705756,0.006289705040057417,3.5920114517211914
EDTRPAS1-43,marginalised,4583.889662213034,0.0061963839250854845,3.623054265975952
EDTRPAS1-43,marginalised,4718.595743812856,0.006099754490258801,3.655890703201294
EDTRPAS1-43,marginalised,4857.260412934877,0.005999488813226994,3.6907382011413574
EDTRPAS1-43,marginalised,5000.000000000004,0.005895259271253472,3.727835178375244
EDTRPAS1-04/EDTRETN1-01,marginalised,249.9999999999999,0.007129308881853619,40.540409088134766
EDTRPAS1-04/EDTRETN1-01,marginalised,257.3467127006928,0.0071289352524891185,40.54084396362305
EDTRPAS1-04/EDTRETN1-01,marginalised,264.9093221514118,0.007128423223051582,40.541385650634766
EDTRPAS1-04/EDTRETN1-01,marginalised,272.6941728777387,0.007127908434440391,40.541900634765625
EDTRPAS1-04/EDTRETN1-01,marginalised,280.70779585088206,0.007127578986740611,40.5422477722168
EDTRPAS1-04/EDTRETN1-01,marginalised,288.9569139667268,0.007127607295906767,40.54224395751953
EDTRPAS1-04/EDTRETN1-01,marginalised,297.4484476858963,0.007128163525634156,40.541751861572266
EDTRPAS1-04/EDTRETN1-01,marginalised,306.1895208395578,0.007129372386538154,40.5406608581543
EDTRPAS1-04/EDTRETN1-01,marginalised,315.187466605842,0.007131295121496587,40.53890609741211
EDTRPAS1-04/EDTRETN1-01,marginalised,324.4498336618915,0.00713395940336288,40.53648376464844
EDTRPAS1-04/EDTRETN1-01,marginalised,333.9843925166976,0.007137260165034733,40.53346252441406
EDTRPAS1-04/EDTRETN1-01,marginalised,343.7991420300401,0.00714107823655262,40.52997970581055
EDTRPAS1-04/EDTRETN1-01,marginalised,353.9023161229978,0.00714522243521505,40.52619934082031
EDTRPAS1-04/EDTRETN1-01,marginalised,364.30239068565965,0.007149477968130987,40.52233123779297
EDTRPAS1-04/EDTRETN1-01,marginalised,375.0080906878322,0.007153622674166679,40.518550872802734
EDTRPAS1-04/EDTRETN1-01,marginalised,386.02839749870776,0.007157490279796694,40.51503372192383
EDTRPAS1-04/EDTRETN1-01,marginalised,397.3725564216353,0.007160943068274734,40.511898040771484
EDTRPAS1-04/EDTRETN1-01,marginalised,409.0500844503139,0.007163896866948153,40.50921630859375
EDTRPAS1-04/EDTRETN1-01,marginalised,421.0707782529164,0.007166327112351277,40.50701141357422
EDTRPAS1-04/EDTRETN1-01,marginalised,433.4447223908418,0.007168245423487035,40.505271911621094
EDTRPAS1-04/EDTRETN1-01,marginalised,446.18229777899023,0.0071697013721331825,40.50395202636719
EDTRPAS1-04/EDTRETN1-01,marginalised,459.29419039465927,0.007170756884239322,40.50299835205078
EDTRPAS1-04/EDTRETN1-01,marginalised,472.79140024236693,0.0071714832094733815,40.50233840942383
EDTRPAS1-04/EDTRETN1-01,marginalised,486.6852505821228,0.007171952511411031,40.501914978027344
EDTRPAS1-04/EDTRETN1-01,marginalised,500.9873974288892,0.0071840398706424745,40.49099349975586
EDTRPAS1-04/EDTRETN1-01,marginalised,515.7098393312009,0.007187488011673162,40.487884521484375
EDTRPAS1-04/EDTRETN1-01,marginalised,530.8649274371483,0.007191369187597093,40.48439407348633
EDTRPAS1-04/EDTRETN1-01,marginalised,546.4653758561678,0.007195649302276762,40.48054504394531
EDTRPAS1-04/EDTRETN1-01,marginalised,562.5242723253336,0.007200252230628216,40.476417541503906
EDTRPAS1-04/EDTRETN1-01,marginalised,579.055089189096,0.007205079458270463,40.47209548950195
EDTRPAS1-04/EDTRETN1-01,marginalised,596.0716947016815,0.007210019193921507,40.467681884765625
EDTRPAS1-04/EDTRETN1-01,marginalised,613.5883646616351,0.007214970675872465,40.4632682800293
EDTRPAS1-04/EDTRETN1-01,marginalised,631.6197943882631,0.00721984775715694,40.45893478393555
EDTRPAS1-04/EDTRETN1-01,marginalised,650.1811110500283,0.007224592876312093,40.45472717285156
EDTRPAS1-04/EDTRETN1-01,marginalised,669.2878863552359,0.007229160672190515,40.45069122314453
EDTRPAS1-04/EDTRETN1-01,marginalised,688.9561496156596,0.007233528885144273,40.446842193603516
EDTRPAS1-04/EDTRETN1-01,marginalised,709.202401194067,0.007237679034284178,40.44320297241211
EDTRPAS1-04/EDTRETN1-01,marginalised,730.0436263469245,0.007241590305866641,40.43978500366211
EDTRPAS1-04/EDTRETN1-01,marginalised,751.4973094738959,0.007245251325042377,40.43659973144531
EDTRPAS1-04/EDTRETN1-01,marginalised,773.5814487860896,0.0072486424229554775,40.43366622924805
EDTRPAS1-04/EDTRETN1-01,marginalised,796.3145714053584,0.007251752761225788,40.43098831176758
EDTRPAS1-04/EDTRETN1-01,marginalised,819.7157489073207,0.007254575409715648,40.4285774230957
EDTRPAS1-04/EDTRETN1-01,marginalised,843.8046133211424,0.007257115277111979,40.426422119140625
EDTRPAS1-04/EDTRETN1-01,marginalised,868.6013735995012,0.0072593878651184855,40.42451095581055
EDTRPAS1-04/EDTRETN1-01,marginalised,894.1268325725523,0.007261409715133173,40.422828674316406
EDTRPAS1-04/EDTRETN1-01,marginalised,920.4024044001167,0.007263203465236259,40.421356201171875
EDTRPAS1-04/EDTRETN1-01,marginalised,947.4501325367352,0.00726478907136492,40.42007827758789
EDTRPAS1-04/EDTRETN1-01,marginalised,975.2927082246584,0.007266175168345463,40.418983459472656
EDTRPAS1-04/EDTRETN1-01,marginalised,1003.9534895302876,0.007267368131770476,40.418067932128906
EDTRPAS1-04/EDTRETN1-01,marginalised,1033.4565209400362,0.007268361261679454,40.41734313964844
EDTRPAS1-04/EDTRETN1-01,marginalised,1063.8265535320525,0.007269142220556991,40.41681671142578
EDTRPAS1-04/EDTRETN1-01,marginalised,1095.0890657407256,0.007269697870829547,40.41650390625
EDTRPAS1-04/EDTRETN1-01,marginalised,1127.270284731395,0.007270008362687517,40.41642379760742
EDTRPAS1-04/EDTRETN1-01,marginalised,1160.3972084031943,0.0072700519065853,40.41659164428711
EDTRPAS1-04/EDTRETN1-01,marginalised,1194.4976280384917,0.007269810263709957,40.417030334472656
EDTRPAS1-04/EDTRETN1-01,marginalised,1229.6001516179235,0.0072692543952645175,40.417762756347656
EDTRPAS1-04/EDTRETN1-01,marginalised,1265.734227820585,0.007268357465237935,40.418819427490234
EDTRPAS1-04/EDTRETN1-01,marginalised,1302.9301707295099,0.0072670897438934555,40.420223236083984
EDTRPAS1-04/EDTRETN1-01,marginalised,1341.2191852631677,0.007265418905592767,40.42200469970703
EDTRPAS1-04/EDTRETN1-01,marginalised,1380.6333933543115,0.007263323220086699,40.42418670654297
EDTRPAS1-04/EDTRETN1-01,marginalised,1421.205860898139,0.007260785910233339,40.426780700683594
EDTRPAS1-04/EDTRETN1-01,marginalised,1462.9706254923772,0.007257797566629758,40.42979431152344
EDTRPAS1-04/EDTRETN1-01,marginalised,1505.9627249925593,0.007254356875794882,40.433231353759766
EDTRPAS1-04/EDTRETN1-01,marginalised,1550.218226906451,0.007250468142987885,40.43708419799805
EDTRPAS1-04/EDTRETN1-01,marginalised,1595.7742586522882,0.007246139774604136,40.441349029541016
EDTRPAS1-04/EDTRETN1-01,marginalised,1642.6690387062065,0.007241374489643764,40.44601821899414
EDTRPAS1-04/EDTRETN1-01,marginalised,1690.941908664998,0.007236171298052182,40.45109939575195
EDTRPAS1-04/EDTRETN1-01,marginalised,1740.6333662510904,0.007230521834218142,40.45659255981445
EDTRPAS1-04/EDTRETN1-01,marginalised,1791.7850992874373,0.007224415216590011,40.462520599365234
EDTRPAS1-04/EDTRETN1-01,marginalised,1844.4400206708267,0.007217830413119361,40.46889877319336
EDTRPAS1-04/EDTRETN1-01,marginalised,1898.6423043729412,0.007210750731299283,40.47574234008789
EDTRPAS1-04/EDTRETN1-01,marginalised,1954.4374224993794,0.007203154752203281,40.48307800292969
EDTRPAS1-04/EDTRETN1-01,marginalised,2011.8721834377225,0.0071950242062965315,40.49092102050781
EDTRPAS1-04/EDTRETN1-01,marginalised,2070.994771126653,0.007186339109868617,40.49929428100586
EDTRPAS1-04/EDTRETN1-01,marginalised,2131.8547854790722,0.0071770748031990735,40.50822067260742
EDTRPAS1-04/EDTRETN1-01,marginalised,2194.5032839931205,0.0071672013589435925,40.517730712890625
EDTRPAS1-04/EDTRETN1-01,marginalised,2258.9928245860187,0.007156682612813788,40.52786636352539
EDTRPAS1-04/EDTRETN1-01,marginalised,2325.37750968666,0.007145472644846179,40.53866958618164
EDTRPAS1-04/EDTRETN1-01,marginalised,2393.7130316239427,0.007133513642200912,40.55019760131836
EDTRPAS1-04/EDTRETN1-01,marginalised,2464.0567193489255,0.0071207356823264996,40.56252670288086
EDTRPAS1-04/EDTRETN1-01,marginalised,2536.4675865299996,0.0071070672452941625,40.57572555541992
EDTRPAS1-04/EDTRETN1-01,marginalised,2611.006381061423,0.0070924310296568704,40.58987045288086
EDTRPAS1-04/EDTRETN1-01,marginalised,2687.7356360267595,0.007076753400195448,40.60459518432617
EDTRPAS1-04/EDTRETN1-01,marginalised,2766.719722159971,0.007059970971159569,40.6195068359375
EDTRPAS1-04/EDTRETN1-01,marginalised,2848.0249018481713,0.007042043133832321,40.635498046875
EDTRPAS1-04/EDTRETN1-01,marginalised,2931.719384721362,0.007022931651797996,40.652610778808594
EDTRPAS1-04/EDTRETN1-01,marginalised,3017.8733848757624,0.00700263118601166,40.670860290527344
EDTRPAS1-04/EDTRETN1-01,marginalised,3106.559179778762,0.00698114311738585,40.69026184082031
EDTRPAS1-04/EDTRETN1-01,marginalised,3197.851170904901,0.006958484030354904,40.71080780029297
EDTRPAS1-04/EDTRETN1-01,marginalised,3291.825946153752,0.006934675468270965,40.73249053955078
EDTRPAS1-04/EDTRETN1-01,marginalised,3388.562344102065,0.006909745229868487,40.75529479980469
EDTRPAS1-04/EDTRETN1-01,marginalised,3488.1415201440827,0.006883718425400198,40.77921676635742
EDTRPAS1-04/EDTRETN1-01,marginalised,3590.6470145755097,0.006856625788407902,40.804237365722656
EDTRPAS1-04/EDTRETN1-01,marginalised,3696.1648226782577,0.0068284870510225025,40.830352783203125
EDTRPAS1-04/EDTRETN1-01,marginalised,3804.783466864757,0.006799323815792698,40.8575553894043
EDTRPAS1-04/EDTRETN1-01,marginalised,3916.5940709423635,0.006769144804172107,40.8858528137207
EDTRPAS1-04/EDTRETN1-01,marginalised,4031.690436560167,0.006737940914533286,40.91526412963867
EDTRPAS1-04/EDTRETN1-01,marginalised,4150.169121902322,0.0067056776814506825,40.94584274291992
EDTRPAS1-04/EDTRETN1-01,marginalised,4272.1295226939355,0.006672289346474911,40.97766876220703
EDTRPAS1-04/EDTRETN1-01,marginalised,4397.673955587458,0.0066376782601295405,41.01084899902344
EDTRPAS1-04/EDTRETN1-01,marginalised,4526.907743999542,0.006601706654925104,41.0455436706543
EDTRPAS1-04/EDTRETN1-01,marginalised,4659.939306470367,0.0065642100141779965,41.08193588256836
EDTRPAS1-04/EDTRETN1-01,marginalised,4796.880247619583,0.0065249927214338765,41.12024688720703
EDTRPAS1-04/EDTRETN1-01,marginalised,4937.8454517751425,0.006483846258781088,41.16072082519531
EDTRPAS1-04/EDTRETN1-01,marginalised,5082.953179353603,0.0064405550389596096,41.20360565185547
EDTRPAS1-04/EDTRETN1-01,marginalised,5232.325166072742,0.0063949211309947815,41.24916076660156
EDTRPAS1-04/EDTRETN1-01,marginalised,5386.086725079708,0.006346766376868104,41.2976188659668
EDTRPAS1-04/EDTRETN1-01,marginalised,5544.366852080415,0.006295952994489372,41.349185943603516
EDTRPAS1-04/EDTRETN1-01,marginalised,5707.298333558335,0.006242387967691266,41.40403747558594
EDTRPAS1-04/EDTRETN1-01,marginalised,5875.017858173521,0.006186025957661275,41.46230697631836
EDTRPAS1-04/EDTRETN1-01,marginalised,6047.666131435285,0.006126864738168018,41.524085998535156
EDTRPAS1-04/EDTRETN1-01,marginalised,6225.387993744749,0.006064941128884237,41.589439392089844
EDTRPAS1-04/EDTRETN1-01,marginalised,6408.332541906292,0.00600032426104841,41.65840148925781
EDTRPAS1-04/EDTRETN1-01,marginalised,6596.653254209839,0.00593310399743687,41.73099136352539
EDTRPAS1-04/EDTRETN1-01,marginalised,6790.508119188922,0.005863397292029896,41.80718994140625
EDTRPAS1-04/EDTRETN1-01,marginalised,6990.059768162536,0.005791365075284771,41.8869514465332
EDTRPAS1-04/EDTRETN1-01,marginalised,7195.4756116719855,0.0057172152078639685,41.97016525268555
EDTRPAS1-04/EDTRETN1-01,marginalised,7406.927979927172,0.005641226078634634,42.056636810302734
EDTRPAS1-04/EDTRETN1-01,marginalised,7624.5942673801665,0.0055637459825693385,42.146080017089844
EDTRPAS1-04/EDTRETN1-01,marginalised,7848.657081547336,0.005485199811065762,42.23810577392578
EDTRPAS1-04/EDTRETN1-01,marginalised,8079.304396204884,0.005406060089128945,42.332237243652344
EDTRPAS1-04/EDTRETN1-01,marginalised,8316.729709086334,0.005326822628400047,42.427947998046875
EDTRPAS1-04/EDTRETN1-01,marginalised,8561.132204214233,0.005247967728876625,42.52469253540039
EDTRPAS1-04/EDTRETN1-01,marginalised,8812.716919002281,0.005169914816251093,42.621971130371094
EDTRPAS1-04/EDTRETN1-01,marginalised,9071.694916268063,0.005093002216921059,42.71934127807617
EDTRPAS1-04/EDTRETN1-01,marginalised,9338.283461300694,0.005017453636710323,42.816497802734375
EDTRPAS1-04/EDTRETN1-01,marginalised,9612.706204131928,0.0049433821633357656,42.91324996948242
EDTRPAS1-04/EDTRETN1-01,marginalised,9895.19336716363,0.004870785186567041,43.00955581665039
EDTRPAS1-04/EDTRETN1-01,marginalised,10185.981938309043,0.004799562812150808,43.10551071166992
EDTRPAS1-04/EDTRETN1-01,marginalised,10485.315869809858,0.004729538095158379,43.20130920410156
EDTRPAS1-04/EDTRETN1-01,marginalised,10793.446282895895,0.004660480687167043,43.297245025634766
EDTRPAS1-04/EDTRETN1-01,marginalised,11110.631678459085,0.004592139622790263,43.39365768432617
EDTRPAS1-04/EDTRETN1-01,marginalised,11437.138153918511,0.004524281246752349,43.49087905883789
EDTRPAS1-04/EDTRETN1-01,marginalised,11773.239626458402,0.004456717580923308,43.58919906616211
EDTRPAS1-04/EDTRETN1-01,marginalised,12119.218062826414,0.004389345910564163,43.68879699707031
EDTRPAS1-04/EDTRETN1-01,marginalised,12475.363715884949,0.004322161809342951,43.78971481323242
EDTRPAS1-04/EDTRETN1-01,marginalised,12841.975368113972,0.004255262905836331,43.89183807373047
EDTRPAS1-04/EDTRETN1-01,marginalised,13219.360582269606,0.004188827250195834,43.99491882324219
EDTRPAS1-04/EDTRETN1-01,marginalised,13607.835959408803,0.00412308096334525,44.09861755371094
EDTRPAS1-04/EDTRETN1-01,marginalised,14007.727404496542,0.004058248023211707,44.202571868896484
EDTRPAS1-04/EDTRETN1-01,marginalised,14419.370399818377,0.0039945044539185445,44.30647659301758
EDTRPAS1-04/EDTRETN1-01,marginalised,14843.110286427742,0.003931947319951018,44.41012954711914
EDTRPAS1-04/EDTRETN1-01,marginalised,15279.302553864078,0.003870579386430013,44.51349639892578
EDTRPAS1-04/EDTRETN1-01,marginalised,15728.31313838489,0.0038103166537331694,44.616661071777344
EDTRPAS1-04/EDTRETN1-01,marginalised,16190.51872996188,0.0037510221856631794,44.7198371887207
EDTRPAS1-04/EDTRETN1-01,marginalised,16666.30708829875,0.003692543683046638,44.823265075683594
EDTRPAS1-04/EDTRETN1-01,marginalised,17156.07736813576,0.003634750117736859,44.92715835571289
EDTRPAS1-04/EDTRETN1-01,marginalised,17660.240454113973,0.003577568217640637,45.03165817260742
EDTRPAS1-04/EDTRETN1-01,marginalised,18179.219305480095,0.003520995759851019,45.136756896972656
EDTRPAS1-04/EDTRETN1-01,marginalised,18713.449310921103,0.003465099348917422,45.242332458496094
EDTRPAS1-04/EDTRETN1-01,marginalised,19263.378653826374,0.0034100059250212907,45.3481330871582
EDTRPAS1-04/EDTRETN1-01,marginalised,19829.468688283665,0.003355878127820971,45.45381164550781
EDTRPAS1-04/EDTRETN1-01,marginalised,20412.19432612449,0.003302885402854488,45.55900192260742
EDTRPAS1-04/EDTRETN1-01,marginalised,21012.04443534349,0.0032511879022440074,45.66331481933594
EDTRPAS1-04/EDTRETN1-01,marginalised,21629.52225022614,0.0032009201023662304,45.76640319824219
EDTRPAS1-04/EDTRETN1-01,marginalised,22265.145793528765,0.003152180240128169,45.86796951293945
EDTRPAS1-04/EDTRETN1-01,marginalised,22919.448311065153,0.003105036198144049,45.967769622802734
EDTRPAS1-04/EDTRETN1-01,marginalised,23592.97871906426,0.003059530635610527,46.06559753417969
EDTRPAS1-04/EDTRETN1-01,marginalised,24286.302064674368,0.003015688412560438,46.161277770996094
EDTRPAS1-04/EDTRETN1-01,marginalised,25000.0,0.0029735378369705524,46.254638671875
EDTRPAS1-05/EDTRETN1-03,marginalised,725.0,0.003171533460990748,2.175795078277588
EDTRPAS1-05/EDTRETN1-03,marginalised,746.3054668320094,0.0032468117546325705,2.1352760791778564
EDTRPAS1-05/EDTRETN1-03,marginalised,768.2370342390946,0.003323647602295583,2.095338821411133
EDTRPAS1-05/EDTRETN1-03,marginalised,790.8131013454425,0.0034016156298248856,2.0561957359313965
EDTRPAS1-05/EDTRETN1-03,marginalised,814.0526079675582,0.0034802991699688993,2.0180246829986572
EDTRPAS1-05/EDTRETN1-03,marginalised,837.975050503508,0.0035593710445076285,1.9809352159500122
EDTRPAS1-05/EDTRETN1-03,marginalised,862.6004982890996,0.003638724466504552,1.9449225664138794
EDTRPAS1-05/EDTRETN1-03,marginalised,887.9496104347179,0.0037185047850013552,1.9098727703094482
EDTRPAS1-05/EDTRETN1-03,marginalised,914.0436531569422,0.003799157674015298,1.8755519390106201
EDTRPAS1-05/EDTRETN1-03,marginalised,940.9045176194857,0.0038813214883496243,1.841678500175476
EDTRPAS1-05/EDTRETN1-03,marginalised,968.5547382984233,0.003965755216821571,1.8079545497894287
EDTRPAS1-05/EDTRETN1-03,marginalised,997.0175118871166,0.004053206792604591,1.7741223573684692
EDTRPAS1-05/EDTRETN1-03,marginalised,1026.316716756694,0.004144320361651358,1.7399969100952148
EDTRPAS1-05/EDTRETN1-03,marginalised,1056.4769329884134,0.004239632667888807,1.7054588794708252
EDTRPAS1-05/EDTRETN1-03,marginalised,1087.5234629947136,0.004339550519505486,1.67045259475708
EDTRPAS1-05/EDTRETN1-03,marginalised,1119.482352746253,0.004444428593855196,1.634955644607544
EDTRPAS1-05/EDTRETN1-03,marginalised,1152.3804136227427,0.004554667638556928,1.59893798828125
EDTRPAS1-05/EDTRETN1-03,marginalised,1186.2452449059106,0.0046707019638068895,1.5623728036880493
EDTRPAS1-05/EDTRETN1-03,marginalised,1221.105256933458,0.004793050676703941,1.5252225399017334
EDTRPAS1-05/EDTRETN1-03,marginalised,1256.9896949334416,0.0049222509201317585,1.4874545335769653
EDTRPAS1-05/EDTRETN1-03,marginalised,1293.9286635590722,0.005058734175718826,1.449082851409912
EDTRPAS1-05/EDTRETN1-03,marginalised,1331.9531521445124,0.005202764556215875,1.4101766347885132
EDTRPAS1-05/EDTRETN1-03,marginalised,1371.0950607028644,0.00535435114893473,1.3708677291870117
EDTRPAS1-05/EDTRETN1-03,marginalised,1411.3872266881567,0.005513195033872659,1.3313534259796143
EDTRPAS1-05/EDTRETN1-03,marginalised,1452.8634525437792,0.005678815937305686,1.2918486595153809
EDTRPAS1-05/EDTRETN1-03,marginalised,1495.558534060483,0.00585055526712609,1.2525825500488281
EDTRPAS1-05/EDTRETN1-03,marginalised,1539.5082895677303,0.006027811154223658,1.2137351036071777
EDTRPAS1-05/EDTRETN1-03,marginalised,1584.7495899828873,0.006210022247605156,1.1754529476165771
EDTRPAS1-05/EDTRETN1-03,marginalised,1631.320389743468,0.006396914392597016,1.13779878616333
EDTRPAS1-05/EDTRETN1-03,marginalised,1679.2597586483787,0.006588394599902795,1.100792646408081
EDTRPAS1-05/EDTRETN1-03,marginalised,1728.607914634877,0.006784613722578176,1.0644021034240723
EDTRPAS1-05/EDTRETN1-03,marginalised,1779.4062575187422,0.006985852053836875,1.0285781621932983
EDTRPAS1-05/EDTRETN1-03,marginalised,1831.6974037259638,0.007192468149019751,0.9932612776756287
EDTRPAS1-05/EDTRETN1-03,marginalised,1885.525222045083,0.007404807265794063,0.9584037661552429
EDTRPAS1-05/EDTRETN1-03,marginalised,1940.9348704301847,0.007623151484213016,0.9239747524261475
EDTRPAS1-05/EDTRETN1-03,marginalised,1997.9728338854136,0.007847707492735683,0.8899564146995544
EDTRPAS1-05/EDTRETN1-03,marginalised,2056.686963462795,0.00807866243163108,0.8563366532325745
EDTRPAS1-05/EDTRETN1-03,marginalised,2117.1265164060815,0.008316161933035433,0.8231114745140076
EDTRPAS1-05/EDTRETN1-03,marginalised,2179.3421974742987,0.008560436993917389,0.7902631759643555
EDTRPAS1-05/EDTRETN1-03,marginalised,2243.3862014796605,0.008811765629241042,0.7577730417251587
EDTRPAS1-05/EDTRETN1-03,marginalised,2309.31225707554,0.009070606186817588,0.7256015539169312
EDTRPAS1-05/EDTRETN1-03,marginalised,2377.175671831231,0.009337487023413298,0.6937063336372375
EDTRPAS1-05/EDTRETN1-03,marginalised,2447.0333786313136,0.009613016716736799,0.6620433330535889
EDTRPAS1-05/EDTRETN1-03,marginalised,2518.9439834385544,0.009897742647505751,0.6305814385414124
EDTRPAS1-05/EDTRETN1-03,marginalised,2592.9678144604027,0.010192082796130921,0.5993098020553589
EDTRPAS1-05/EDTRETN1-03,marginalised,2669.1669727603394,0.010496174424813756,0.5682467222213745
EDTRPAS1-05/EDTRETN1-03,marginalised,2747.6053843565332,0.010809739401458985,0.5374507308006287
EDTRPAS1-05/EDTRETN1-03,marginalised,2828.3488538515107,0.01113205082121445,0.5070126056671143
EDTRPAS1-05/EDTRETN1-03,marginalised,2911.4651196378327,0.011461862300581873,0.4770563244819641
EDTRPAS1-05/EDTRETN1-03,marginalised,2997.023910726103,0.011797492638917101,0.4477244019508362
EDTRPAS1-05/EDTRETN1-03,marginalised,3085.0970052429507,0.012136830878185125,0.4191740155220032
EDTRPAS1-05/EDTRETN1-03,marginalised,3175.7582906481025,0.012477583115288546,0.39155077934265137
EDTRPAS1-05/EDTRETN1-03,marginalised,3269.0838257210435,0.012817269281143469,0.3649929165840149
EDTRPAS1-05/EDTRETN1-03,marginalised,3365.151904369262,0.013153329525364845,0.3396240472793579
EDTRPAS1-05/EDTRETN1-03,marginalised,3464.0431213116244,0.01348322694921693,0.31554752588272095
EDTRPAS1-05/EDTRETN1-03,marginalised,3565.8404396919764,0.013804478163678337,0.29284876585006714
EDTRPAS1-05/EDTRETN1-03,marginalised,3670.629260679694,0.014114633069404772,0.2716006636619568
EDTRPAS1-05/EDTRETN1-03,marginalised,3778.4974951155764,0.014411371247887644,0.2518603801727295
EDTRPAS1-05/EDTRETN1-03,marginalised,3889.5356372631845,0.01469252806995657,0.2336699664592743
EDTRPAS1-05/EDTRETN1-03,marginalised,4003.836840727501,0.014956122695518223,0.2170591950416565
EDTRPAS1-05/EDTRETN1-03,marginalised,4121.496996604601,0.015200321100582932,0.20205041766166687
EDTRPAS1-05/EDTRETN1-03,marginalised,4242.614813927891,0.015423468514107839,0.18865874409675598
EDTRPAS1-05/EDTRETN1-03,marginalised,4367.29190247842,0.015623952242155573,0.176902174949646
EDTRPAS1-05/EDTRETN1-03,marginalised,4495.632858028705,0.015800083814078065,0.16680973768234253
EDTRPAS1-05/EDTRETN1-03,marginalised,4627.745350091633,0.015949965395017585,0.15842968225479126
EDTRPAS1-05/EDTRETN1-03,marginalised,4763.740212247996,0.016071344755809874,0.1518387347459793
EDTRPAS1-05/EDTRETN1-03,marginalised,4903.7315351284915,0.016161515126243677,0.14714793860912323
EDTRPAS1-05/EDTRETN1-03,marginalised,5047.8367621281595,0.016217274100432076,0.14450697600841522
EDTRPAS1-05/EDTRETN1-03,marginalised,5196.176787933566,0.01623496824376992,0.14410406351089478
EDTRPAS1-05/EDTRETN1-03,marginalised,5348.876059945394,0.016210635823645344,0.14616252481937408
EDTRPAS1-05/EDTRETN1-03,marginalised,5506.062682681527,0.01614024776031093,0.1509334295988083
EDTRPAS1-05/EDTRETN1-03,marginalised,5667.868525248197,0.016020028284202827,0.15868526697158813
EDTRPAS1-05/EDTRETN1-03,marginalised,5834.429331969392,0.01584680964378302,0.16969244182109833
EDTRPAS1-05/EDTRETN1-03,marginalised,6005.884836267291,0.015618361354194562,0.18422487378120422
EDTRPAS1-05/EDTRETN1-03,marginalised,6182.378877889307,0.015333645946848207,0.20254045724868774
EDTRPAS1-05/EDTRETN1-03,marginalised,6364.0595235800465,0.014993009106617335,0.22487808763980865
EDTRPAS1-05/EDTRETN1-03,marginalised,6551.079191299451,0.014598249876529946,0.25145500898361206
EDTRPAS1-05/EDTRETN1-03,marginalised,6743.59477809131,0.014152610770242637,0.2824646830558777
EDTRPAS1-05/EDTRETN1-03,marginalised,6941.76779170943,0.013660853976924056,0.318062424659729
EDTRPAS1-05/EDTRETN1-03,marginalised,7145.764486111881,0.01312917566349136,0.3583553433418274
EDTRPAS1-05/EDTRETN1-03,marginalised,7355.7560009369945,0.012565134052340835,0.4033828377723694
EDTRPAS1-05/EDTRETN1-03,marginalised,7571.9185050781225,0.011977497986403447,0.45309048891067505
EDTRPAS1-05/EDTRETN1-03,marginalised,7794.433344477598,0.011375791037790664,0.507324755191803
EDTRPAS1-05/EDTRETN1-03,marginalised,8023.48719426391,0.010769843368098019,0.565817654132843
EDTRPAS1-05/EDTRETN1-03,marginalised,8259.272215359693,0.010169069887337337,0.6282060742378235
EDTRPAS1-05/EDTRETN1-03,marginalised,8501.986215691946,0.009581895792789112,0.6940539479255676
EDTRPAS1-05/EDTRETN1-03,marginalised,8751.832816139706,0.009015190115182472,0.7628934979438782
EDTRPAS1-05/EDTRETN1-03,marginalised,9009.021621358404,0.00847404456180954,0.8342636823654175
EDTRPAS1-05/EDTRETN1-03,marginalised,9273.768395624207,0.007961631193986168,0.9077589511871338
EDTRPAS1-05/EDTRETN1-03,marginalised,9546.295243845876,0.00747939147996629,0.9830653071403503
EDTRPAS1-05/EDTRETN1-03,marginalised,9826.830797895984,0.007027345835938129,1.0599735975265503
EDTRPAS1-05/EDTRETN1-03,marginalised,10115.610408417833,0.006604441601777087,1.1383928060531616
EDTRPAS1-05/EDTRETN1-03,marginalised,10412.876342268974,0.00620888837586342,1.2183575630187988
EDTRPAS1-05/EDTRETN1-03,marginalised,10718.877985766941,0.005838553754010039,1.2999988794326782
EDTRPAS1-05/EDTRETN1-03,marginalised,11033.87205390779,0.005491214282350032,1.3835278749465942
EDTRPAS1-05/EDTRETN1-03,marginalised,11358.122805732848,0.005164811878785617,1.4691933393478394
EDTRPAS1-05/EDTRETN1-03,marginalised,11691.902266024477,0.0048576382571741804,1.5572266578674316
EDTRPAS1-05/EDTRETN1-03,marginalised,12035.490453516728,0.004568406205330916,1.6478010416030884
EDTRPAS1-05/EDTRETN1-03,marginalised,12389.175615812406,0.004296272207845591,1.7409759759902954
EDTRPAS1-05/EDTRETN1-03,marginalised,12753.254471203622,0.004040763201047353,1.8366683721542358
EDTRPAS1-05/EDTRETN1-03,marginalised,13128.032457598663,0.003801606623905299,1.9346567392349243
EDTRPAS1-05/EDTRETN1-03,marginalised,13513.82398876406,0.00357857678894779,2.0346055030822754
EDTRPAS1-05/EDTRETN1-03,marginalised,13910.952718096785,0.0033713177326537987,2.136134147644043
EDTRPAS1-05/EDTRETN1-03,marginalised,14319.751810147905,0.0031792459141631252,2.2388720512390137
EDTRPAS1-05/EDTRETN1-03,marginalised,14740.564220125441,0.003001507613479041,2.3425450325012207
EDTRPAS1-05/EDTRETN1-03,marginalised,15173.742981610942,0.0028370018194629827,2.447019100189209
EDTRPAS1-05/EDTRETN1-03,marginalised,15619.651502731147,0.002684491447632952,2.5523104667663574
EDTRPAS1-05/EDTRETN1-03,marginalised,16078.663871033195,0.0025427044419099568,2.6585638523101807
EDTRPAS1-05/EDTRETN1-03,marginalised,16551.165167319163,0.0024104568933764853,2.765988826751709
EDTRPAS1-05/EDTRETN1-03,marginalised,17037.5517887032,0.002286729748766531,2.874800682067871
EDTRPAS1-05/EDTRETN1-03,marginalised,17538.231781162318,0.0021707173882850343,2.985142469406128
EDTRPAS1-05/EDTRETN1-03,marginalised,18053.625181859763,0.0020618261985528076,3.0970351696014404
EDTRPAS1-05/EDTRETN1-03,marginalised,18584.164371528237,0.0019596358120999927,3.2103641033172607
EDTRPAS1-05/EDTRETN1-03,marginalised,19130.294437208522,0.001863855601652512,3.324861764907837
EDTRPAS1-05/EDTRETN1-03,marginalised,19692.473545647863,0.0017742560755332005,3.4401626586914062
EDTRPAS1-05/EDTRETN1-03,marginalised,20271.173327671342,0.0016906269224869774,3.5558254718780518
EDTRPAS1-05/EDTRETN1-03,marginalised,20866.879273848746,0.0016127419890854782,3.6713874340057373
EDTRPAS1-05/EDTRETN1-03,marginalised,21480.091141788787,0.001540337139080908,3.786414861679077
EDTRPAS1-05/EDTRETN1-03,marginalised,22111.32337540247,0.001473118505466916,3.9005088806152344
EDTRPAS1-05/EDTRETN1-03,marginalised,22761.105536487263,0.001410767800015991,4.013327121734619
EDTRPAS1-05/EDTRETN1-03,marginalised,23429.982748994153,0.0013529553080963677,4.12459135055542
EDTRPAS1-05/EDTRETN1-03,marginalised,24118.516156350357,0.0012993639701818099,4.234038352966309
EDTRPAS1-05/EDTRETN1-03,marginalised,24827.283392221263,0.0012497008223290235,4.3414154052734375
EDTRPAS1-05/EDTRETN1-03,marginalised,25556.8790651066,0.0012037047026148611,4.446459770202637
EDTRPAS1-05/EDTRETN1-03,marginalised,26307.915257177367,0.0011611535397635798,4.548859596252441
EDTRPAS1-05/EDTRETN1-03,marginalised,27081.022037771996,0.0011218608621183664,4.648261070251465
EDTRPAS1-05/EDTRETN1-03,marginalised,27876.847991982573,0.0010856670860488742,4.744278430938721
EDTRPAS1-05/EDTRETN1-03,marginalised,28696.06076477451,0.0010524319996967281,4.8365020751953125
EDTRPAS1-05/EDTRETN1-03,marginalised,29539.34762109621,0.0010220228537053773,4.924539089202881
EDTRPAS1-05/EDTRETN1-03,marginalised,30407.41602244857,0.0009943087453739188,5.008022308349609
EDTRPAS1-05/EDTRETN1-03,marginalised,31300.994220398075,0.0009691501257417158,5.086662292480469
EDTRPAS1-05/EDTRETN1-03,marginalised,32220.83186753133,0.0009463973202557463,5.16026496887207
EDTRPAS1-05/EDTRETN1-03,marginalised,33167.700646363664,0.0009258896285474363,5.228734493255615
EDTRPAS1-05/EDTRETN1-03,marginalised,34142.39491672935,0.0009074583878612962,5.292085647583008
EDTRPAS1-05/EDTRETN1-03,marginalised,35145.732382196584,0.0008909299866854868,5.350254058837891
EDTRPAS1-05/EDTRETN1-03,marginalised,36178.55477606633,0.0008761314627145207,5.401150703430176
EDTRPAS1-05/EDTRETN1-03,marginalised,37241.728567530496,0.0008628956206495803,5.4476823806762695
EDTRPAS1-05/EDTRETN1-03,marginalised,38336.14568858183,0.0008510679290258861,5.490105628967285
EDTRPAS1-05/EDTRETN1-03,marginalised,39462.72428228551,0.0008405078088220098,5.528665542602539
EDTRPAS1-05/EDTRETN1-03,marginalised,40622.409473039945,0.0008310959587890761,5.563601493835449
EDTRPAS1-05/EDTRETN1-03,marginalised,41816.17415947327,0.000822730411962224,5.5951128005981445
EDTRPAS1-05/EDTRETN1-03,marginalised,43045.01983064043,0.0008153263523650633,5.623364448547363
EDTRPAS1-05/EDTRETN1-03,marginalised,44309.977406205806,0.0008088135802652668,5.648510932922363
EDTRPAS1-05/EDTRETN1-03,marginalised,45612.10810131615,0.0008031281128883266,5.670686721801758
EDTRPAS1-05/EDTRETN1-03,marginalised,46952.504316889426,0.0007982101571593523,5.690042495727539
EDTRPAS1-05/EDTRETN1-03,marginalised,48332.29055606635,0.0007939974616345362,5.706752777099609
EDTRPAS1-05/EDTRETN1-03,marginalised,49752.62436759368,0.0007904246618662622,5.721019744873047
EDTRPAS1-05/EDTRETN1-03,marginalised,51214.6973169305,0.0007874231233432477,5.733070373535156
EDTRPAS1-05/EDTRETN1-03,marginalised,52719.73598589224,0.0007849215891051242,5.743166923522949
EDTRPAS1-05/EDTRETN1-03,marginalised,54269.00300167117,0.0007828502985792037,5.751554489135742
EDTRPAS1-05/EDTRETN1-03,marginalised,55863.79809609645,0.0007811427915174533,5.758496284484863
EDTRPAS1-05/EDTRETN1-03,marginalised,57505.459196022595,0.0007797383322042982,5.764218330383301
EDTRPAS1-05/EDTRETN1-03,marginalised,59195.363545760985,0.0007785830912304815,5.768939018249512
EDTRPAS1-05/EDTRETN1-03,marginalised,60934.92886249609,0.0007776314049188704,5.772830009460449
EDTRPAS1-05/EDTRETN1-03,marginalised,62725.614525655765,0.0007768455776359128,5.776052474975586
EDTRPAS1-05/EDTRETN1-03,marginalised,64568.92280123338,0.0007761926031767255,5.778729438781738
EDTRPAS1-05/EDTRETN1-03,marginalised,66466.40010208891,0.0007756472694862134,5.780972480773926
EDTRPAS1-05/EDTRETN1-03,marginalised,68419.63828528632,0.0007751896149652932,5.7828521728515625
EDTRPAS1-05/EDTRETN1-03,marginalised,70430.27598755564,0.000774802009396183,5.784446716308594
EDTRPAS1-05/EDTRETN1-03,marginalised,72499.99999999996,0.0007744723555487665,5.785802841186523
EDTRPAS1-44,marginalised,10.000000000000002,4.5494462e-316,3303.34228515625
EDTRPAS1-44,marginalised,10.29386850802772,4.77151664e-316,3302.214599609375
EDTRPAS1-44,marginalised,10.596372886056479,4.98792574e-316,3301.2060546875
EDTRPAS1-44,marginalised,10.907766915109555,5.20191496e-316,3300.282470703125
EDTRPAS1-44,marginalised,11.228311834035289,5.41991496e-316,3299.410888671875
EDTRPAS1-44,marginalised,11.55827655866908,5.6509779e-316,3298.552734375
EDTRPAS1-44,marginalised,11.89793790743586,5.9060531e-316,3297.677734375
EDTRPAS1-44,marginalised,12.24758083358232,6.1972326e-316,3296.756103515625
EDTRPAS1-44,marginalised,12.60749866423369,6.5370267e-316,3295.77490234375
EDTRPAS1-44,marginalised,12.977993346475667,6.93761693e-316,3294.728271484375
EDTRPAS1-44,marginalised,13.359375700667911,7.41015436e-316,3293.62548828125
EDTRPAS1-44,marginalised,13.751965681201613,7.9633177e-316,3292.480712890625
EDTRPAS1-44,marginalised,14.15609264491992,8.60119244e-316,3291.321044921875
EDTRPAS1-44,marginalised,14.572095627426394,9.32071634e-316,3290.181640625
EDTRPAS1-44,marginalised,15.000323627513296,1.010869947e-315,3289.097412109375
EDTRPAS1-44,marginalised,15.44113589994832,1.094000923e-315,3288.099365234375
EDTRPAS1-44,marginalised,15.894902256865421,1.177793637e-315,3287.21826171875
EDTRPAS1-44,marginalised,16.362003378012563,1.257934093e-315,3286.468505859375
EDTRPAS1-44,marginalised,16.842831130116664,1.330358514e-315,3285.856689453125
EDTRPAS1-44,marginalised,17.337788895633683,1.392343763e-315,3285.377197265625
EDTRPAS1-44,marginalised,17.84729191115962,1.44342901e-315,3285.008056640625
EDTRPAS1-44,marginalised,18.371767615786382,1.48563607e-315,3284.71875
EDTRPAS1-44,marginalised,18.91165600969469,1.523144495e-315,3240.0078125
EDTRPAS1-44,marginalised,19.467410023284927,1.56149092e-315,3161.0625
EDTRPAS1-44,marginalised,20.039495897155582,1.606798287e-315,3073.049072265625
EDTRPAS1-44,marginalised,20.628393573248047,1.66517908e-315,2967.216552734375
EDTRPAS1-44,marginalised,21.234597097485942,1.742402964e-315,2838.842041015625
EDTRPAS1-44,marginalised,21.85861503424673,1.84365256e-315,2687.82861328125
EDTRPAS1-44,marginalised,22.50097089301336,1.973004334e-315,2518.677978515625
EDTRPAS1-44,marginalised,23.16220356756385,2.132466674e-315,2339.760009765625
EDTRPAS1-44,marginalised,23.842867788067274,2.320103647e-315,2162.0634765625
EDTRPAS1-44,marginalised,24.54353458646542,2.52717524e-315,1997.7044677734375
EDTRPAS1-44,marginalised,25.264791775530544,2.734943678e-315,1858.628662109375
EDTRPAS1-44,marginalised,26.007244442001152,2.91310122e-315,1755.7623291015625
EDTRPAS1-44,marginalised,26.771515454209453,3.02307738e-315,1698.8759765625
EDTRPAS1-44,marginalised,27.5582459846264,3.02849004e-315,1697.209716796875
EDTRPAS1-44,marginalised,28.368096047762698,2.91017942e-315,1760.654052734375
EDTRPAS1-44,marginalised,29.201745053876998,2.67674363e-315,1901.3521728515625
EDTRPAS1-44,marginalised,30.059892378955855,2.362126227e-315,2135.65087890625
EDTRPAS1-44,marginalised,30.943257951443606,2.01126786e-315,2486.734619140625
EDTRPAS1-44,marginalised,31.852582856214354,1.66412747e-315,2988.696044921875
EDTRPAS1-44,marginalised,32.78862995629285,1.346831004e-315,3285.57666015625
EDTRPAS1-44,marginalised,33.75218453284572,1.071448813e-315,3288.1865234375
EDTRPAS1-44,marginalised,34.74405494398007,8.4031865e-316,3291.4658203125
EDTRPAS1-44,marginalised,35.76507330290212,6.5084659e-316,3295.62255859375
EDTRPAS1-44,marginalised,36.81609617600469,4.9866785e-316,3300.942626953125
EDTRPAS1-44,marginalised,37.89800530146943,3.7898595e-316,3307.7841796875
EDTRPAS1-44,marginalised,39.011708328986366,2.8693571e-316,3316.56689453125
EDTRPAS1-44,marginalised,40.158139581211515,2.17633254e-316,3327.711669921875
EDTRPAS1-44,marginalised,41.33826083760145,1.66361285e-316,3341.5615234375
EDTRPAS1-44,marginalised,42.553062141282105,1.28909627e-316,3358.267822265625
EDTRPAS1-44,marginalised,43.803562629629035,1.0177241e-316,3377.66845703125
EDTRPAS1-44,marginalised,45.090811389255805,8.2222765e-317,3399.17236328125
EDTRPAS1-44,marginalised,46.415888336127786,6.8240387e-317,3421.70458984375
EDTRPAS1-44,marginalised,47.779905121539684,5.8374073e-317,3443.714111328125
EDTRPAS1-44,marginalised,49.184006064716954,5.1626737e-317,3463.312744140625
EDTRPAS1-44,marginalised,50.629369112823404,4.733142e-317,3478.491455078125
EDTRPAS1-44,marginalised,52.117206829180404,4.5096e-317,3487.434814453125
EDTRPAS1-44,marginalised,53.64876741052672,4.47487e-317,3488.8330078125
EDTRPAS1-44,marginalised,55.22533573417245,4.63545e-317,3482.141845703125
EDTRPAS1-44,marginalised,56.84823443592554,5.023455e-317,3467.7041015625
EDTRPAS1-44,marginalised,58.51882501969507,5.7102877e-317,3446.69921875
EDTRPAS1-44,marginalised,60.238508999702354,6.8378557e-317,3420.954833984375
EDTRPAS1-44,marginalised,62.00872907625803,8.6887793e-317,3392.631591796875
EDTRPAS1-44,marginalised,63.83097034609151,1.18728876e-316,3363.88818359375
EDTRPAS1-44,marginalised,65.70676154824824,1.79305504e-316,3336.5859375
EDTRPAS1-44,marginalised,67.6376763465999,3.18460857e-316,3312.109375
EDTRPAS1-44,marginalised,69.6253346500436,7.86144296e-316,3291.276611328125
EDTRPAS1-44,marginalised,71.67140397149747,4.765181594e-315,1314.506591796875
EDTRPAS1-44,marginalised,73.77760082683305,5.252189140752422e-15,181.41514587402344
EDTRPAS1-44,marginalised,75.94569217491764,5.683917824366112e-07,42.92243576049805
EDTRPAS1-44,marginalised,78.17749689997515,8.23297277448656e-05,12.556130409240723
EDTRPAS1-44,marginalised,80.47488733750887,0.000868647354336785,4.123665809631348
EDTRPAS1-44,marginalised,82.8397908450661,0.003985274334401239,1.3891801834106445
EDTRPAS1-44,marginalised,85.27419141916288,0.009042078258324655,0.646203875541687
EDTRPAS1-44,marginalised,87.7801313597248,0.010900938129251395,0.3381415009498596
EDTRPAS1-44,marginalised,90.35971298344073,0.012990968830161306,0.24683760106563568
EDTRPAS1-44,marginalised,93.01510038746638,0.011679610822070925,0.26106026768684387
EDTRPAS1-44,marginalised,95.74852126495767,0.011370714040683173,0.2145988941192627
EDTRPAS1-44,marginalised,98.562268773957,0.011642332421774043,0.31293901801109314
EDTRPAS1-44,marginalised,101.45870346119995,0.011971451985548769,0.44040682911872864
EDTRPAS1-44,marginalised,104.44025524245689,0.012226993833143492,0.366032212972641
EDTRPAS1-44,marginalised,107.50942544107036,0.01240143311470082,0.31031158566474915
EDTRPAS1-44,marginalised,110.6687888863988,0.012510708806218861,0.27635014057159424
EDTRPAS1-44,marginalised,113.92099607392683,0.01257066164039826,0.25588783621788025
EDTRPAS1-44,marginalised,117.26877538885445,0.012594402162172851,0.2442885935306549
EDTRPAS1-44,marginalised,120.71493539503047,0.012592312834756578,0.2386583834886551
EDTRPAS1-44,marginalised,124.26236719115045,0.01257286951723177,0.23703382909297943
EDTRPAS1-44,marginalised,127.91404683619601,0.012542552101461891,0.23802299797534943
EDTRPAS1-44,marginalised,131.67303784615004,0.012506469561627948,0.24062205851078033
EDTRPAS1-44,marginalised,135.54249376408256,0.01246833516937898,0.2441098541021347
EDTRPAS1-44,marginalised,139.52566080576327,0.012430726068341055,0.2479824274778366
EDTRPAS1-44,marginalised,143.62588058302035,0.012395409047796237,0.25189411640167236
EDTRPAS1-44,marginalised,147.8465929071303,0.012363289093901298,0.2556253671646118
EDTRPAS1-44,marginalised,152.19133867459024,0.012334877056062296,0.25904759764671326
EDTRPAS1-44,marginalised,156.66376283769452,0.012310092362706564,0.2621053159236908
EDTRPAS1-44,marginalised,161.26761746240663,0.012288718291804123,0.2647877633571625
EDTRPAS1-44,marginalised,166.00676487609283,0.012270141484189782,0.267122358083725
EDTRPAS1-44,marginalised,170.88518090775736,0.012253569258148512,0.2691645622253418
EDTRPAS1-44,marginalised,175.9069582234983,0.01223835144937169,0.27097591757774353
EDTRPAS1-44,marginalised,181.0763097599816,0.0122237169853527,0.27261707186698914
EDTRPAS1-44,marginalised,186.39757225881465,0.012209071018904753,0.27414727210998535
EDTRPAS1-44,marginalised,191.8752099047833,0.012194100192544221,0.2756049633026123
EDTRPAS1-44,marginalised,197.51381807100566,0.012178637202041754,0.27701523900032043
EDTRPAS1-44,marginalised,203.31812717414408,0.012162993977472569,0.2783753275871277
EDTRPAS1-44,marginalised,209.2930066429096,0.012147566046520696,0.2796623706817627
EDTRPAS1-44,marginalised,215.44346900318828,0.012133163805483493,0.2808360755443573
EDTRPAS1-44,marginalised,221.77467408321655,0.012120532920422344,0.2818487882614136
EDTRPAS1-44,marginalised,228.29193334233335,0.012110429634324729,0.28265631198883057
EDTRPAS1-44,marginalised,235.0007143269408,0.012103439605202408,0.28321945667266846
EDTRPAS1-44,marginalised,241.90664525741136,0.012099837035281972,0.28352949023246765
EDTRPAS1-44,marginalised,249.01551974978992,0.012099355788537651,0.2836024761199951
EDTRPAS1-44,marginalised,256.3333016762516,0.012101499032848132,0.2834812104701996
EDTRPAS1-44,marginalised,263.8661301683935,0.012105193585800816,0.2832421660423279
EDTRPAS1-44,marginalised,271.6203247675568,0.012109168513221264,0.2829779088497162
EDTRPAS1-44,marginalised,279.60239072650137,0.012111925995093425,0.2827955186367035
EDTRPAS1-44,marginalised,287.81902446687934,0.012111927069896307,0.2828023135662079
EDTRPAS1-44,marginalised,296.2771191970868,0.01210778435098291,0.28310078382492065
EDTRPAS1-44,marginalised,304.9837706952066,0.012098251245863618,0.28377869725227356
EDTRPAS1-44,marginalised,313.94628326189337,0.012082472022803242,0.2848973870277405
EDTRPAS1-44,marginalised,323.1721758481953,0.012060011664196051,0.2864900529384613
EDTRPAS1-44,marginalised,332.6691883634533,0.012030976602669795,0.2885536551475525
EDTRPAS1-44,marginalised,342.4452881685692,0.011996038281515171,0.29104429483413696
EDTRPAS1-44,marginalised,352.50867676009113,0.011956466891539475,0.2938738763332367
EDTRPAS1-44,marginalised,362.86779665072237,0.011913980615258,0.29692426323890686
EDTRPAS1-44,marginalised,373.5313384520277,0.011870560935944026,0.30005648732185364
EDTRPAS1-44,marginalised,384.508248165277,0.011828309308855794,0.30311617255210876
EDTRPAS1-44,marginalised,395.8077346865451,0.011789058409170402,0.3059701919555664
EDTRPAS1-44,marginalised,407.43927753236164,0.011754226251154614,0.3085123300552368
EDTRPAS1-44,marginalised,419.4126347923942,0.01172467501099697,0.3106759786605835
EDTRPAS1-44,marginalised,431.73785131583566,0.011700694689992746,0.3124367296695709
EDTRPAS1-44,marginalised,444.4252671383633,0.011682111249322004,0.3138040006160736
EDTRPAS1-44,marginalised,457.4855261567403,0.011668370907151294,0.3148166835308075
EDTRPAS1-44,marginalised,470.929585058336,0.011658751583000383,0.31552639603614807
EDTRPAS1-44,marginalised,484.76872251305645,0.011652434145680398,0.31599292159080505
EDTRPAS1-44,marginalised,499.01454863539783,0.011648650755556496,0.3162726163864136
EDTRPAS1-44,marginalised,513.6790147245588,0.011446508529976786,0.33136749267578125
EDTRPAS1-44,marginalised,528.7744232907841,0.011389167903853647,0.33570724725723267
EDTRPAS1-44,marginalised,544.313438376352,0.011322974610491837,0.34074974060058594
EDTRPAS1-44,marginalised,560.3090961798615,0.011248032966066837,0.3465014398097992
EDTRPAS1-44,marginalised,576.774815992735,0.011164968854023509,0.3529300391674042
EDTRPAS1-44,marginalised,593.7244114571095,0.011074723800385471,0.3599799871444702
EDTRPAS1-44,marginalised,611.1721021545629,0.010978430627818636,0.367578387260437
EDTRPAS1-44,marginalised,629.1325255353954,0.010877162660353263,0.3756565451622009
EDTRPAS1-44,marginalised,647.620749198475,0.010771855175217856,0.3841528296470642
EDTRPAS1-44,marginalised,666.6522835319498,0.010663153861386056,0.39302873611450195
EDTRPAS1-44,marginalised,686.2430947254303,0.01055156368236225,0.4022541642189026
EDTRPAS1-44,marginalised,706.4096181645588,0.01043744411152859,0.4118109941482544
EDTRPAS1-44,marginalised,727.1687722192036,0.010321209254622661,0.42167535424232483
EDTRPAS1-44,marginalised,748.5379724368439,0.010203384048697167,0.43181249499320984
EDTRPAS1-44,marginalised,770.5351461530547,0.010084684998837481,0.44216880202293396
EDTRPAS1-44,marginalised,793.1787475313464,0.009965870234257662,0.45268404483795166
EDTRPAS1-44,marginalised,816.4877730449793,0.00984768943391525,0.46329477429389954
EDTRPAS1-44,marginalised,840.4817774137395,0.009730668488290142,0.47395455837249756
EDTRPAS1-44,marginalised,865.1808900090454,0.00961497569220437,0.4846472442150116
EDTRPAS1-44,marginalised,890.6058317411504,0.009500370337277898,0.4953944683074951
EDTRPAS1-44,marginalised,916.7779324426059,0.009386247041398291,0.5062543749809265
EDTRPAS1-44,marginalised,943.7191487625702,0.00927174709942499,0.5173128247261047
EDTRPAS1-44,marginalised,971.4520825869745,0.009155942409718485,0.5286680459976196
EDTRPAS1-44,marginalised,999.9999999999998,0.0090380136977904,0.5404126048088074
SCTXSUS1-13/EDTRVFPS1-08,marginalised,92.82107890000002,0.005912102376372987,28.57923126220703
SCTXSUS1-13/EDTRVFPS1-08,marginalised,95.54879809698662,0.004984632153534536,29.60090446472168
SCTXSUS1-13/EDTRVFPS1-08,marginalised,98.35667637104692,0.0045339017377344516,30.172800064086914
SCTXSUS1-13/EDTRVFPS1-08,marginalised,101.24706934501937,0.004306124923399161,30.484477996826172
SCTXSUS1-13/EDTRVFPS1-08,marginalised,104.22240186607932,0.004188039166625508,30.64841651916504
SCTXSUS1-13/EDTRVFPS1-08,marginalised,107.28517004002431,0.004125024964803686,30.736961364746094
SCTXSUS1-13/EDTRVFPS1-08,marginalised,110.4379433253405,0.004089941710361493,30.785961151123047
SCTXSUS1-13/EDTRVFPS1-08,marginalised,113.68336668880723,0.004069324975956847,30.814193725585938
SCTXSUS1-13/EDTRVFPS1-08,marginalised,117.02416282444798,0.004056608524890376,30.83104705810547
SCTXSUS1-13/EDTRVFPS1-08,marginalised,120.4631344376893,0.004048617970486879,30.84109878540039
SCTXSUS1-13/EDTRVFPS1-08,marginalised,124.0031665966439,0.004043773486213291,30.846654891967773
SCTXSUS1-13/EDTRVFPS1-08,marginalised,127.64722915249071,0.004041188757410651,30.849010467529297
SCTXSUS1-13/EDTRVFPS1-08,marginalised,131.39837923098216,0.004040268955764936,30.849016189575195
SCTXSUS1-13/EDTRVFPS1-08,marginalised,135.25976379716906,0.0040405378701214665,30.84739875793457
SCTXSUS1-13/EDTRVFPS1-08,marginalised,139.23462229549457,0.00404158262324189,30.84475326538086
SCTXSUS1-13/EDTRVFPS1-08,marginalised,143.32628936747255,0.00404306300905909,30.841590881347656
SCTXSUS1-13/EDTRVFPS1-08,marginalised,147.53819764922935,0.004044709378654815,30.83831214904785
SCTXSUS1-13/EDTRVFPS1-08,marginalised,151.87388065125708,0.004046362407598113,30.835134506225586
SCTXSUS1-13/EDTRVFPS1-08,marginalised,156.3369757227935,0.004047970890576911,30.832141876220703
SCTXSUS1-13/EDTRVFPS1-08,marginalised,160.9312271033158,0.004049589224943301,30.829221725463867
SCTXSUS1-13/EDTRVFPS1-08,marginalised,165.6604890637079,0.004051373443536043,30.826107025146484
SCTXSUS1-13/EDTRVFPS1-08,marginalised,170.52872913973727,0.00405356417921533,30.82242774963379
SCTXSUS1-13/EDTRVFPS1-08,marginalised,175.540031460553,0.004056426595454441,30.81775665283203
SCTXSUS1-13/EDTRVFPS1-08,marginalised,180.6986001749981,0.004060223396151178,30.81167221069336
SCTXSUS1-13/EDTRVFPS1-08,marginalised,186.00876297861046,0.004065141488997676,30.803897857666016
SCTXSUS1-13/EDTRVFPS1-08,marginalised,191.474974744271,0.00407125452986071,30.7943058013916
SCTXSUS1-13/EDTRVFPS1-08,marginalised,197.10182125954537,0.004078472068961247,30.783039093017578
SCTXSUS1-13/EDTRVFPS1-08,marginalised,202.89402307385419,0.0040865211470628915,30.77052116394043
SCTXSUS1-13/EDTRVFPS1-08,marginalised,208.85643945869964,0.004094970655381161,30.757442474365234
SCTXSUS1-13/EDTRVFPS1-08,marginalised,214.99407248427056,0.0041032553291910434,30.744651794433594
SCTXSUS1-13/EDTRVFPS1-08,marginalised,221.31207121584612,0.004110769057181672,30.733076095581055
SCTXSUS1-13/EDTRVFPS1-08,marginalised,227.81573603351856,0.004116941738898536,30.723581314086914
SCTXSUS1-13/EDTRVFPS1-08,marginalised,234.51052307885917,0.004121331039354517,30.716846466064453
SCTXSUS1-13/EDTRVFPS1-08,marginalised,241.40204883225755,0.004123705898298584,30.713199615478516
SCTXSUS1-13/EDTRVFPS1-08,marginalised,248.4960948247745,0.004124092414883813,30.712596893310547
SCTXSUS1-13/EDTRVFPS1-08,marginalised,255.79861248846154,0.004122798018991431,30.71456527709961
SCTXSUS1-13/EDTRVFPS1-08,marginalised,263.31572814921594,0.004120395655679902,30.71824073791504
SCTXSUS1-13/EDTRVFPS1-08,marginalised,271.05374816636015,0.0041176829710603815,30.722383499145508
SCTXSUS1-13/EDTRVFPS1-08,marginalised,279.019164223257,0.0041155991549610095,30.725574493408203
SCTXSUS1-13/EDTRVFPS1-08,marginalised,287.2186587733999,0.004115147583489756,30.726266860961914
SCTXSUS1-13/EDTRVFPS1-08,marginalised,295.659110646546,0.00411728414554682,30.72299575805664
SCTXSUS1-13/EDTRVFPS1-08,marginalised,304.3476008195962,0.004122817705432889,30.714521408081055
SCTXSUS1-13/EDTRVFPS1-08,marginalised,313.2914183570632,0.004132307072953241,30.70001220703125
SCTXSUS1-13/EDTRVFPS1-08,marginalised,322.4980665261109,0.004145979582174664,30.679180145263672
SCTXSUS1-13/EDTRVFPS1-08,marginalised,331.97526909129607,0.004163681973254355,30.65230941772461
SCTXSUS1-13/EDTRVFPS1-08,marginalised,341.73097679429196,0.0041848810328821906,30.62029457092285
SCTXSUS1-13/EDTRVFPS1-08,marginalised,351.7733740240312,0.0042086984526510905,30.58452033996582
SCTXSUS1-13/EDTRVFPS1-08,marginalised,362.11088568286306,0.004234018692414746,30.546722412109375
SCTXSUS1-13/EDTRVFPS1-08,marginalised,372.75218425448486,0.00425960578180406,30.508752822875977
SCTXSUS1-13/EDTRVFPS1-08,marginalised,383.70619707957866,0.004284272802698363,30.47238540649414
SCTXSUS1-13/EDTRVFPS1-08,marginalised,394.9821138452551,0.004306995729990716,30.439067840576172
SCTXSUS1-13/EDTRVFPS1-08,marginalised,406.589394294589,0.004327035941440276,30.409835815429688
SCTXSUS1-13/EDTRVFPS1-08,marginalised,418.5377761627134,0.0043439684268482106,30.385242462158203
SCTXSUS1-13/EDTRVFPS1-08,marginalised,430.8372833461309,0.004357678789060808,30.36540985107422
SCTXSUS1-13/EDTRVFPS1-08,marginalised,443.49823431209506,0.004368316065915489,30.350065231323242
SCTXSUS1-13/EDTRVFPS1-08,marginalised,456.5312507551173,0.004376199203852084,30.33871078491211
SCTXSUS1-13/EDTRVFPS1-08,marginalised,469.94726650786066,0.004381748864689966,30.330738067626953
SCTXSUS1-13/EDTRVFPS1-08,marginalised,483.75753671389754,0.004385414437273636,30.325477600097656
SCTXSUS1-13/EDTRVFPS1-08,marginalised,497.9736472700252,0.004387627886636673,30.322294235229492
SCTXSUS1-13/EDTRVFPS1-08,marginalised,512.6075245460614,0.004490431464602912,30.176593780517578
SCTXSUS1-13/EDTRVFPS1-08,marginalised,527.6714453902747,0.004518943154943479,30.136796951293945
SCTXSUS1-13/EDTRVFPS1-08,marginalised,543.1780474288415,0.004551455856918261,30.091732025146484
SCTXSUS1-13/EDTRVFPS1-08,marginalised,559.1403396679738,0.004587802195790653,30.04174041748047
SCTXSUS1-13/EDTRVFPS1-08,marginalised,575.5717134076075,0.004627570463823307,29.987503051757812
SCTXSUS1-13/EDTRVFPS1-08,marginalised,592.4859534758126,0.004670197157423661,29.929899215698242
SCTXSUS1-13/EDTRVFPS1-08,marginalised,609.8972497933441,0.004715066115389344,29.869842529296875
SCTXSUS1-13/EDTRVFPS1-08,marginalised,627.820209278042,0.004761610629105891,29.808170318603516
SCTXSUS1-13/EDTRVFPS1-08,marginalised,646.2698680990607,0.004809373537817111,29.74551773071289
SCTXSUS1-13/EDTRVFPS1-08,marginalised,665.2617042912146,0.0048580261902442705,29.682344436645508
SCTXSUS1-13/EDTRVFPS1-08,marginalised,684.8116507400182,0.004907363142921448,29.618942260742188
SCTXSUS1-13/EDTRVFPS1-08,marginalised,704.9361085483149,0.004957231907471546,29.555517196655273
SCTXSUS1-13/EDTRVFPS1-08,marginalised,725.6519607957106,0.005007488196553178,29.49225425720215
SCTXSUS1-13/EDTRVFPS1-08,marginalised,746.9765867023528,0.005057940002640001,29.42938995361328
SCTXSUS1-13/EDTRVFPS1-08,marginalised,768.9278762089385,0.005108336158674168,29.367229461669922
SCTXSUS1-13/EDTRVFPS1-08,marginalised,791.5242449851827,0.005158388131616814,29.306108474731445
SCTXSUS1-13/EDTRVFPS1-08,marginalised,814.7846498793388,0.0052078327922251,29.246313095092773
SCTXSUS1-13/EDTRVFPS1-08,marginalised,838.7286048217314,0.005256488009757018,29.188034057617188
SCTXSUS1-13/EDTRVFPS1-08,marginalised,863.3761971956445,0.0053043104648439355,29.131275177001953
SCTXSUS1-13/EDTRVFPS1-08,marginalised,888.7481046892973,0.005351432663546876,29.07585334777832
SCTXSUS1-13/EDTRVFPS1-08,marginalised,914.8656126430477,0.0053981211201568945,29.02143096923828
SCTXSUS1-13/EDTRVFPS1-08,marginalised,941.7506319063752,0.00544476064859957,28.967533111572266
SCTXSUS1-13/EDTRVFPS1-08,marginalised,969.4257172196238,0.005491756289888233,28.913692474365234
SCTXSUS1-13/EDTRVFPS1-08,marginalised,997.9140861359268,0.005539487838070857,28.859474182128906
SCTXSUS1-13/EDTRVFPS1-08,marginalised,1027.2396384991875,0.005588255789257503,28.8045654296875
SCTXSUS1-13/EDTRVFPS1-08,marginalised,1057.4269764944563,0.005638267741451949,28.74875259399414
SCTXSUS1-13/EDTRVFPS1-08,marginalised,1088.5014252875249,0.005689648243460747,28.69192123413086
SCTXSUS1-13/EDTRVFPS1-08,marginalised,1120.4890542710536,0.005742492062515562,28.634004592895508
SCTXSUS1-13/EDTRVFPS1-08,marginalised,1153.4166989350558,0.005796878664268249,28.5749568939209
SCTXSUS1-13/EDTRVFPS1-08,marginalised,1187.3119833800856,0.005852908115763952,28.51468849182129
SCTXSUS1-13/EDTRVFPS1-08,marginalised,1222.203343492019,0.005910692481607643,28.452966690063477
SCTXSUS1-13/EDTRVFPS1-08,marginalised,1258.1200507978676,0.005970332405135356,28.389719009399414
SCTXSUS1-13/EDTRVFPS1-08,marginalised,1295.0922370226401,0.006031865948390047,28.32512664794922
SCTXSUS1-13/EDTRVFPS1-08,marginalised,1333.1509193678523,0.006095245020203336,28.259296417236328
SCTXSUS1-13/EDTRVFPS1-08,marginalised,1372.3280265328933,0.006160309031069277,28.192426681518555
SCTXSUS1-13/EDTRVFPS1-08,marginalised,1412.6564255010774,0.0062267892659107725,28.124835968017578
SCTXSUS1-13/EDTRVFPS1-08,marginalised,1454.1699491128543,0.006294352877194285,28.05687713623047
SCTXSUS1-13/EDTRVFPS1-08,marginalised,1496.9034244493077,0.006362657485602295,27.988916397094727
SCTXSUS1-13/EDTRVFPS1-08,marginalised,1540.8927020497576,0.006431387498434353,27.921266555786133
SCTXSUS1-13/EDTRVFPS1-08,marginalised,1586.1746859879736,0.006500311406934122,27.854143142700195
SCTXSUS1-13/EDTRVFPS1-08,marginalised,1632.7873648322352,0.0065693072650083425,27.787654876708984
SCTXSUS1-13/EDTRVFPS1-08,marginalised,1680.7698435152108,0.006638345201134236,27.72182273864746
SCTXSUS1-13/EDTRVFPS1-08,marginalised,1730.1623761403903,0.006707484139723861,27.65656852722168
SCTXSUS1-13/EDTRVFPS1-08,marginalised,1781.0063997525967,0.006776827036849657,27.591787338256836
SCTXSUS1-13/EDTRVFPS1-08,marginalised,1833.3445691009078,0.006846495394737977,27.527362823486328
SCTXSUS1-13/EDTRVFPS1-08,marginalised,1887.220792423148,0.006916596451803144,27.46318244934082
SCTXSUS1-13/EDTRVFPS1-08,marginalised,1942.6802682819755,0.006987197665010015,27.399188995361328
SCTXSUS1-13/EDTRVFPS1-08,marginalised,1999.7695234834662,0.007058357370725315,27.3353271484375
SCTXSUS1-13/EDTRVFPS1-08,marginalised,2058.5364521100046,0.007130098791929922,27.271574020385742
SCTXSUS1-13/EDTRVFPS1-08,marginalised,2119.0303557002285,0.007202449892630728,27.20791244506836
SCTXSUS1-13/EDTRVFPS1-08,marginalised,2181.301984609735,0.007275464398691392,27.1442928314209
SCTXSUS1-13/EDTRVFPS1-08,marginalised,2245.403580587251,0.007349216154093518,27.08065414428711
SCTXSUS1-13/EDTRVFPS1-08,marginalised,2311.388920601978,0.007423822787120923,27.01689910888672
SCTXSUS1-13/EDTRVFPS1-08,marginalised,2379.3133619588875,0.007499446604959713,26.95290756225586
SCTXSUS1-13/EDTRVFPS1-08,marginalised,2449.2338887398146,0.007576261612406998,26.888534545898438
SCTXSUS1-13/EDTRVFPS1-08,marginalised,2521.2091596093037,0.007654444886523511,26.823654174804688
SCTXSUS1-13/EDTRVFPS1-08,marginalised,2595.299557025324,0.007734138733617082,26.758159637451172
SCTXSUS1-13/EDTRVFPS1-08,marginalised,2671.5672378961262,0.007815433767356604,26.692005157470703
SCTXSUS1-13/EDTRVFPS1-08,marginalised,2750.0761857257526,0.007898334447266005,26.62520980834961
SCTXSUS1-13/EDTRVFPS1-08,marginalised,2830.8922642919306,0.007982745450609322,26.55786895751953
SCTXSUS1-13/EDTRVFPS1-08,marginalised,2914.083272901398,0.008068489541944415,26.49013900756836
SCTXSUS1-13/EDTRVFPS1-08,marginalised,2999.7190032690037,0.008155308025002066,26.42197036743164
SCTXSUS1-13/EDTRVFPS1-08,marginalised,3087.871298068309,0.008242893957443377,26.353513717651367
SCTXSUS1-13/EDTRVFPS1-08,marginalised,3178.614111202803,0.008330913390569242,26.28531837463379
SCTXSUS1-13/EDTRVFPS1-08,marginalised,3272.0235698483043,0.008419040002787079,26.21762466430664
SCTXSUS1-13/EDTRVFPS1-08,marginalised,3368.1780383185887,0.008506963617819989,26.150644302368164
SCTXSUS1-13/EDTRVFPS1-08,marginalised,3467.1581838078296,0.00859440212709473,26.084566116333008
SCTXSUS1-13/EDTRVFPS1-08,marginalised,3569.0470440649988,0.008681112438602964,26.01955223083496
SCTXSUS1-13/EDTRVFPS1-08,marginalised,3673.9300970570102,0.0087668604984774,25.955726623535156
SCTXSUS1-13/EDTRVFPS1-08,marginalised,3781.895332679037,0.008851473738472377,25.893186569213867
SCTXSUS1-13/EDTRVFPS1-08,marginalised,3893.0333265721742,0.008934814503441302,25.832000732421875
SCTXSUS1-13/EDTRVFPS1-08,marginalised,4007.4373161103686,0.009016788171616196,25.77219009399414
SCTXSUS1-13/EDTRVFPS1-08,marginalised,4125.203278620364,0.009097365642136295,25.713741302490234
SCTXSUS1-13/EDTRVFPS1-08,marginalised,4246.430011900285,0.009176576587191137,25.656593322753906
SCTXSUS1-13/EDTRVFPS1-08,marginalised,4371.219217104411,0.009254503337703833,25.60066032409668
SCTXSUS1-13/EDTRVFPS1-08,marginalised,4499.675584063666,0.009331249058944514,25.54581642150879
SCTXSUS1-13/EDTRVFPS1-08,marginalised,4631.90687911342,0.009406942670206109,25.491945266723633
SCTXSUS1-13/EDTRVFPS1-08,marginalised,4768.024035502257,0.00948170053232933,25.438934326171875
SCTXSUS1-13/EDTRVFPS1-08,marginalised,4908.1412464575915,0.009555578244958843,25.386703491210938
SCTXSUS1-13/EDTRVFPS1-08,marginalised,5052.37606098617,0.009628573533104576,25.335220336914062
SCTXSUS1-13/EDTRVFPS1-08,marginalised,5200.849482489866,0.009700593231126863,25.284517288208008
SCTXSUS1-13/EDTRVFPS1-08,marginalised,5353.6860702794675,0.009771420177412097,25.234695434570312
SCTXSUS1-13/EDTRVFPS1-08,marginalised,5511.014044071648,0.009840744208402702,25.18593406677246
SCTXSUS1-13/EDTRVFPS1-08,marginalised,5672.965391556761,0.009908133441473767,25.138473510742188
SCTXSUS1-13/EDTRVFPS1-08,marginalised,5839.675979127725,0.009973079107560708,25.092607498168945
SCTXSUS1-13/EDTRVFPS1-08,marginalised,6011.285665862882,0.010035030164248669,25.048675537109375
SCTXSUS1-13/EDTRVFPS1-08,marginalised,6187.938420858434,0.010093383437998303,25.00701904296875
SCTXSUS1-13/EDTRVFPS1-08,marginalised,6369.78244400894,0.01014756639604053,24.967987060546875
SCTXSUS1-13/EDTRVFPS1-08,marginalised,6556.970290337144,0.0101970042902044,24.92900848388672
SCTXSUS1-13/EDTRVFPS1-08,marginalised,6749.658997977488,0.010241162594740187,24.892560958862305
SCTXSUS1-13/EDTRVFPS1-08,marginalised,6948.010219920638,0.0102795502387384,24.8594913482666
SCTXSUS1-13/EDTRVFPS1-08,marginalised,7152.190359629579,0.010311720023824395,24.83008575439453
SCTXSUS1-13/EDTRVFPS1-08,marginalised,7362.370710641035,0.01033728944963672,24.804601669311523
SCTXSUS1-13/EDTRVFPS1-08,marginalised,7578.727600269339,0.010355968129322508,24.783262252807617
SCTXSUS1-13/EDTRVFPS1-08,marginalised,7801.442537533301,0.010367588570361127,24.766231536865234
SCTXSUS1-13/EDTRVFPS1-08,marginalised,8030.702365430189,0.010372128027957972,24.753599166870117
SCTXSUS1-13/EDTRVFPS1-08,marginalised,8266.699417684551,0.010369727549886847,24.745370864868164
SCTXSUS1-13/EDTRVFPS1-08,marginalised,8509.631680103406,0.01036067216218278,24.7414608001709
SCTXSUS1-13/EDTRVFPS1-08,marginalised,8759.702956673145,0.010345377556915362,24.740283966064453
SCTXSUS1-13/EDTRVFPS1-08,marginalised,9017.123040537495,0.010324349515224531,24.739578247070312
SCTXSUS1-13/EDTRVFPS1-08,marginalised,9282.107890000007,0.010298121822591084,24.74251365661621
SCTXSUS1-14/EDTRVFPS1-07,marginalised,25.050809435,1.8068326659399132e-09,128.7514190673828
SCTXSUS1-14/EDTRVFPS1-07,marginalised,25.786973834355013,5.11116437982136e-10,138.18006896972656
SCTXSUS1-14/EDTRVFPS1-07,marginalised,26.54477178708018,1.1621341816195761e-10,149.10684204101562
SCTXSUS1-14/EDTRVFPS1-07,marginalised,27.324839035180727,2.0190625914790903e-11,162.05511474609375
SCTXSUS1-14/EDTRVFPS1-07,marginalised,28.127830003117335,2.5581646708992593e-12,177.43040466308594
SCTXSUS1-14/EDTRVFPS1-07,marginalised,28.954418346824667,2.3012190548482453e-13,195.45162963867188
SCTXSUS1-14/EDTRVFPS1-07,marginalised,29.80529751886384,1.4780289794080674e-14,216.08258056640625
SCTXSUS1-14/EDTRVFPS1-07,marginalised,30.68118135018291,7.082220181863518e-16,238.98883056640625
SCTXSUS1-14/EDTRVFPS1-07,marginalised,31.582804648973514,2.743290466371758e-17,263.5421142578125
SCTXSUS1-14/EDTRVFPS1-07,marginalised,32.510923817125985,9.561788031368316e-19,288.8896179199219
SCTXSUS1-14/EDTRVFPS1-07,marginalised,33.46631748480014,3.237907916064408e-20,314.0648193359375
SCTXSUS1-14/EDTRVFPS1-07,marginalised,34.44978716364415,7.19238472527e-312,338.08203125
SCTXSUS1-14/EDTRVFPS1-07,marginalised,35.4621579192094,5.49141049179e-312,360.0270690917969
SCTXSUS1-14/EDTRVFPS1-07,marginalised,36.50427906312554,4.156262073144e-312,379.156494140625
SCTXSUS1-14/EDTRVFPS1-07,marginalised,37.577024865616345,3.122225468273e-312,394.9706726074219
SCTXSUS1-14/EDTRVFPS1-07,marginalised,38.68129528895425,2.334172811583e-312,407.3590087890625
SCTXSUS1-14/EDTRVFPS1-07,marginalised,39.81801674246871,1.743664946364e-312,416.5142822265625
SCTXSUS1-14/EDTRVFPS1-07,marginalised,40.9881428597419,1.307912534976e-312,422.9867248535156
SCTXSUS1-14/EDTRVFPS1-07,marginalised,42.19265529864382,9.90155377157e-313,427.5714416503906
SCTXSUS1-14/EDTRVFPS1-07,marginalised,43.43256456487784,7.60249513213e-313,430.5737609863281
SCTXSUS1-14/EDTRVFPS1-07,marginalised,44.70891085972765,5.94637256994e-313,432.4681091308594
SCTXSUS1-14/EDTRVFPS1-07,marginalised,46.02276495271689,4.7564616047e-313,434.07958984375
SCTXSUS1-14/EDTRVFPS1-07,marginalised,47.37522907991341,3.90434313654e-313,436.03326416015625
SCTXSUS1-14/EDTRVFPS1-07,marginalised,48.76743786863195,3.299032257e-313,435.92706298828125
SCTXSUS1-14/EDTRVFPS1-07,marginalised,50.200559289310874,2.87753593215e-313,435.863525390625
SCTXSUS1-14/EDTRVFPS1-07,marginalised,51.67579563536155,2.5975259206e-313,435.81475830078125
SCTXSUS1-14/EDTRVFPS1-07,marginalised,53.19438453181244,2.4320860165e-313,435.7410888671875
SCTXSUS1-14/EDTRVFPS1-07,marginalised,54.757599973594075,2.36628880303e-313,435.60662841796875
SCTXSUS1-14/EDTRVFPS1-07,marginalised,56.36675339433594,2.39541601597e-313,435.39727783203125
SCTXSUS1-14/EDTRVFPS1-07,marginalised,58.02319476657191,2.5247576472e-313,435.12921142578125
SCTXSUS1-14/EDTRVFPS1-07,marginalised,59.72831373427732,2.77123119676e-313,434.84735107421875
SCTXSUS1-14/EDTRVFPS1-07,marginalised,61.48354077868766,3.16754912356e-313,434.60882568359375
SCTXSUS1-14/EDTRVFPS1-07,marginalised,63.290348418377086,3.77052987044e-313,433.05877685546875
SCTXSUS1-14/EDTRVFPS1-07,marginalised,65.15025244460337,4.6770139043e-313,429.6499938964844
SCTXSUS1-14/EDTRVFPS1-07,marginalised,67.06481319295584,6.05503763315e-313,426.93304443359375
SCTXSUS1-14/EDTRVFPS1-07,marginalised,69.03563685237299,8.2081311419e-313,421.035888671875
SCTXSUS1-14/EDTRVFPS1-07,marginalised,71.064376812628,1.17171647169e-312,411.2961120605469
SCTXSUS1-14/EDTRVFPS1-07,marginalised,73.15273505141263,1.777924142616e-312,394.7301025390625
SCTXSUS1-14/EDTRVFPS1-07,marginalised,75.30246356218319,2.908942581173e-312,365.9218444824219
SCTXSUS1-14/EDTRVFPS1-07,marginalised,77.5153658239662,1.0440312442102349e-20,318.25927734375
SCTXSUS1-14/EDTRVFPS1-07,marginalised,79.79329831435737,9.892537825078006e-17,249.52027893066406
SCTXSUS1-14/EDTRVFPS1-07,marginalised,82.13817206698245,3.0944392518039507e-12,171.3527374267578
SCTXSUS1-14/EDTRVFPS1-07,marginalised,84.55195427472724,2.2265222841620323e-08,105.32463073730469
SCTXSUS1-14/EDTRVFPS1-07,marginalised,87.03666994008142,8.303198799798638e-06,62.837364196777344
SCTXSUS1-14/EDTRVFPS1-07,marginalised,89.59440357398068,0.00024108411535344126,40.02992630004883
SCTXSUS1-14/EDTRVFPS1-07,marginalised,92.22730094457256,0.0014374584354072595,28.763202667236328
SCTXSUS1-14/EDTRVFPS1-07,marginalised,94.93757087737303,0.0036228483530616126,23.315616607666016
SCTXSUS1-14/EDTRVFPS1-07,marginalised,97.72748710832396,0.005825415505601908,20.630653381347656
SCTXSUS1-14/EDTRVFPS1-07,marginalised,100.59939019130597,0.007426034423158054,19.311643600463867
SCTXSUS1-14/EDTRVFPS1-07,marginalised,103.55568946170769,0.008400448183950922,18.648080825805664
SCTXSUS1-14/EDTRVFPS1-07,marginalised,106.59886505769705,0.008941490312371802,18.31196403503418
SCTXSUS1-14/EDTRVFPS1-07,marginalised,109.73147000089239,0.009231484427233257,18.140565872192383
SCTXSUS1-14/EDTRVFPS1-07,marginalised,112.95613233817743,0.009389077477176624,18.04964256286621
SCTXSUS1-14/EDTRVFPS1-07,marginalised,116.27555734645757,0.0094801211313207,17.997756958007812
SCTXSUS1-14/EDTRVFPS1-07,marginalised,119.69252980220705,0.009537940277559807,17.963579177856445
SCTXSUS1-14/EDTRVFPS1-07,marginalised,123.20991631771079,0.00957848146818436,17.938140869140625
SCTXSUS1-14/EDTRVFPS1-07,marginalised,126.83066774596135,0.009609222427900728,17.918630599975586
SCTXSUS1-14/EDTRVFPS1-07,marginalised,130.55782165622782,0.009633585871099665,17.903087615966797
SCTXSUS1-14/EDTRVFPS1-07,marginalised,134.39450488237426,0.009653300672291443,17.890453338623047
SCTXSUS1-14/EDTRVFPS1-07,marginalised,138.34393614606495,0.009669451450331261,17.880111694335938
SCTXSUS1-14/EDTRVFPS1-07,marginalised,142.40942875705753,0.00968267810955648,17.871627807617188
SCTXSUS1-14/EDTRVFPS1-07,marginalised,146.59439339284913,0.009693529769571153,17.86466407775879
SCTXSUS1-14/EDTRVFPS1-07,marginalised,150.9023409600076,0.009702421575185633,17.858959197998047
SCTXSUS1-14/EDTRVFPS1-07,marginalised,155.3368855395883,0.009709669134930092,17.854297637939453
SCTXSUS1-14/EDTRVFPS1-07,marginalised,159.9017474191074,0.009715524591032596,17.850528717041016
SCTXSUS1-14/EDTRVFPS1-07,marginalised,164.6007562136152,0.009720102263478794,17.847558975219727
SCTXSUS1-14/EDTRVFPS1-07,marginalised,169.4378540784881,0.00972352423683616,17.845317840576172
SCTXSUS1-14/EDTRVFPS1-07,marginalised,174.41709901663444,0.009725787021409237,17.84377098083496
SCTXSUS1-14/EDTRVFPS1-07,marginalised,179.5426682828885,0.009726920000438937,17.842905044555664
SCTXSUS1-14/EDTRVFPS1-07,marginalised,184.81886188844928,0.00972692274316291,17.842687606811523
SCTXSUS1-14/EDTRVFPS1-07,marginalised,190.2501062083032,0.009725847727175248,17.843107223510742
SCTXSUS1-14/EDTRVFPS1-07,marginalised,195.84095769465807,0.009723781210200226,17.84408950805664
SCTXSUS1-14/EDTRVFPS1-07,marginalised,201.5961066995029,0.009720910187024933,17.84554100036621
SCTXSUS1-14/EDTRVFPS1-07,marginalised,207.52038140950083,0.009717486416046396,17.847299575805664
SCTXSUS1-14/EDTRVFPS1-07,marginalised,213.6187518965161,0.009713851946621058,17.84919548034668
SCTXSUS1-14/EDTRVFPS1-07,marginalised,219.89633428717332,0.009710341712675262,17.851051330566406
SCTXSUS1-14/EDTRVFPS1-07,marginalised,226.3583950549469,0.009707323172380568,17.85264015197754
SCTXSUS1-14/EDTRVFPS1-07,marginalised,233.01035543838145,0.009705069691005716,17.853836059570312
SCTXSUS1-14/EDTRVFPS1-07,marginalised,239.85779598914996,0.009703803686892623,17.8544979095459
SCTXSUS1-14/EDTRVFPS1-07,marginalised,246.90646125376475,0.009703533919219208,17.854631423950195
SCTXSUS1-14/EDTRVFPS1-07,marginalised,254.16226459286946,0.009704190016278645,17.85426139831543
SCTXSUS1-14/EDTRVFPS1-07,marginalised,261.6312931421547,0.009705464433398784,17.85356330871582
SCTXSUS1-14/EDTRVFPS1-07,marginalised,269.3198129190594,0.00970698160187712,17.85273551940918
SCTXSUS1-14/EDTRVFPS1-07,marginalised,277.23427407954216,0.009708237609049514,17.8520565032959
SCTXSUS1-14/EDTRVFPS1-07,marginalised,285.3813163293324,0.009708758108286572,17.851776123046875
SCTXSUS1-14/EDTRVFPS1-07,marginalised,293.7677744942011,0.009707992782034124,17.852184295654297
SCTXSUS1-14/EDTRVFPS1-07,marginalised,302.4006842539244,0.009705510406700982,17.8535213470459
SCTXSUS1-14/EDTRVFPS1-07,marginalised,311.28728804475054,0.009700950136864108,17.85599136352539
SCTXSUS1-14/EDTRVFPS1-07,marginalised,320.43504113532106,0.009694090778336785,17.859691619873047
SCTXSUS1-14/EDTRVFPS1-07,marginalised,329.8516178811447,0.00968491276810533,17.864662170410156
SCTXSUS1-14/EDTRVFPS1-07,marginalised,339.5449181628708,0.009673520709017952,17.87083625793457
SCTXSUS1-14/EDTRVFPS1-07,marginalised,349.52307401376237,0.009660298701054261,17.878007888793945
SCTXSUS1-14/EDTRVFPS1-07,marginalised,359.79445644193095,0.009645771214245999,17.885900497436523
SCTXSUS1-14/EDTRVFPS1-07,marginalised,370.3676824530543,0.009630588876243703,17.894166946411133
SCTXSUS1-14/EDTRVFPS1-07,marginalised,381.2516222794705,0.009615494687360516,17.90239906311035
SCTXSUS1-14/EDTRVFPS1-07,marginalised,392.45540682171196,0.00960119605467548,17.91020393371582
SCTXSUS1-14/EDTRVFPS1-07,marginalised,403.98843530872267,0.009588219303404883,17.917306900024414
SCTXSUS1-14/EDTRVFPS1-07,marginalised,415.86038318318526,0.009577012416152102,17.923442840576172
SCTXSUS1-14/EDTRVFPS1-07,marginalised,428.08121021857295,0.009567739834473543,17.928524017333984
SCTXSUS1-14/EDTRVFPS1-07,marginalised,440.6611688747361,0.00956038845905822,17.93256378173828
SCTXSUS1-14/EDTRVFPS1-07,marginalised,453.61081289903296,0.009554857863096637,17.93560218811035
SCTXSUS1-14/EDTRVFPS1-07,marginalised,466.94100618022077,0.009550910869281322,17.937767028808594
SCTXSUS1-14/EDTRVFPS1-07,marginalised,480.662931862535,0.009548242174356592,17.939233779907227
SCTXSUS1-14/EDTRVFPS1-07,marginalised,494.7881017276021,0.009546585108919117,17.940147399902344
SCTXSUS1-14/EDTRVFPS1-07,marginalised,509.3283658520578,0.00948000270120113,17.976903915405273
SCTXSUS1-14/EDTRVFPS1-07,marginalised,524.2959225489717,0.009460358538815068,17.98780059814453
SCTXSUS1-14/EDTRVFPS1-07,marginalised,539.7033286014199,0.009437462047718894,18.000537872314453
SCTXSUS1-14/EDTRVFPS1-07,marginalised,555.563509796789,0.009411251650312815,18.01515769958496
SCTXSUS1-14/EDTRVFPS1-07,marginalised,571.8897717706515,0.009381833589105746,18.031620025634766
SCTXSUS1-14/EDTRVFPS1-07,marginalised,588.6958111693067,0.009349468467090468,18.0497989654541
SCTXSUS1-14/EDTRVFPS1-07,marginalised,605.9957271403557,0.009314533986211711,18.069496154785156
SCTXSUS1-14/EDTRVFPS1-07,marginalised,623.8040331609466,0.00927738754566188,18.090532302856445
SCTXSUS1-14/EDTRVFPS1-07,marginalised,642.1356692136145,0.009238331989448366,18.112749099731445
SCTXSUS1-14/EDTRVFPS1-07,marginalised,661.0060143199329,0.009197653563113762,18.136001586914062
SCTXSUS1-14/EDTRVFPS1-07,marginalised,680.4308994424875,0.009155518901777848,18.160205841064453
SCTXSUS1-14/EDTRVFPS1-07,marginalised,700.4266207659996,0.009112038920275088,18.185317993164062
SCTXSUS1-14/EDTRVFPS1-07,marginalised,721.0099533687396,0.009067344816884126,18.211267471313477
SCTXSUS1-14/EDTRVFPS1-07,marginalised,742.1981652957,0.009021612339897204,18.23796844482422
SCTXSUS1-14/EDTRVFPS1-07,marginalised,764.0090320453356,0.008975074562576214,18.26529312133789
SCTXSUS1-14/EDTRVFPS1-07,marginalised,786.460851482022,0.008928007835656575,18.293087005615234
SCTXSUS1-14/EDTRVFPS1-07,marginalised,809.5724591867449,0.008880710897385074,18.321189880371094
SCTXSUS1-14/EDTRVFPS1-07,marginalised,833.3632442588987,0.008833419957100085,18.34945297241211
SCTXSUS1-14/EDTRVFPS1-07,marginalised,857.8531655824487,0.008786299030329403,18.37778663635254
SCTXSUS1-14/EDTRVFPS1-07,marginalised,883.0627685701055,0.00873928652848687,18.406219482421875
SCTXSUS1-14/EDTRVFPS1-07,marginalised,909.0132023995577,0.008692166363489264,18.434894561767578
SCTXSUS1-14/EDTRVFPS1-07,marginalised,935.7262377562232,0.00864462001129298,18.46400260925293
SCTXSUS1-14/EDTRVFPS1-07,marginalised,963.2242850974042,0.008596241235214722,18.493804931640625
SCTXSUS1-14/EDTRVFPS1-07,marginalised,991.530413453168,0.008546636624023263,18.524553298950195
SCTXSUS1-14/EDTRVFPS1-07,marginalised,1020.6683697797267,0.00849541805989946,18.556522369384766
SCTXSUS1-14/EDTRVFPS1-07,marginalised,1050.6625988815517,0.00844237270850503,18.589853286743164
SCTXSUS1-14/EDTRVFPS1-07,marginalised,1081.538263918936,0.008387287444786262,18.62471580505371
SCTXSUS1-14/EDTRVFPS1-07,marginalised,1113.3212675182106,0.008330044328690294,18.66121482849121
SCTXSUS1-14/EDTRVFPS1-07,marginalised,1146.0382735023209,0.00827050370913371,18.699485778808594
SCTXSUS1-14/EDTRVFPS1-07,marginalised,1179.7167292599997,0.008208551820449475,18.739627838134766
SCTXSUS1-14/EDTRVFPS1-07,marginalised,1214.384888772297,0.008144011890506538,18.781808853149414
SCTXSUS1-14/EDTRVFPS1-07,marginalised,1250.071836315789,0.008076707786927387,18.826204299926758
SCTXSUS1-14/EDTRVFPS1-07,marginalised,1286.807510862348,0.008006565835591855,18.872909545898438
SCTXSUS1-14/EDTRVFPS1-07,marginalised,1324.6227311959456,0.007933559574051736,18.922006607055664
SCTXSUS1-14/EDTRVFPS1-07,marginalised,1363.5492217675608,0.007857833838851452,18.973474502563477
SCTXSUS1-14/EDTRVFPS1-07,marginalised,1403.6196393098794,0.007779615790072963,19.027223587036133
SCTXSUS1-14/EDTRVFPS1-07,marginalised,1444.8676002341192,0.007699288754419529,19.083049774169922
SCTXSUS1-14/EDTRVFPS1-07,marginalised,1487.3277088319578,0.007617255010372269,19.1407413482666
SCTXSUS1-14/EDTRVFPS1-07,marginalised,1531.035586306231,0.00753391313154703,19.2000732421875
SCTXSUS1-14/EDTRVFPS1-07,marginalised,1576.027900654746,0.0074495819087306535,19.260860443115234
SCTXSUS1-14/EDTRVFPS1-07,marginalised,1622.3423974322925,0.007364490345342131,19.322973251342773
SCTXSUS1-14/EDTRVFPS1-07,marginalised,1670.0179314166462,0.007278684977807197,19.386432647705078
SCTXSUS1-14/EDTRVFPS1-07,marginalised,1719.0944992051404,0.007192156409363257,19.451274871826172
SCTXSUS1-14/EDTRVFPS1-07,marginalised,1769.6132727691474,0.007104806915970566,19.517620086669922
SCTXSUS1-14/EDTRVFPS1-07,marginalised,1821.616633994619,0.007016491182877295,19.58563232421875
SCTXSUS1-14/EDTRVFPS1-07,marginalised,1875.1482102376658,0.006927089309348227,19.65546989440918
SCTXSUS1-14/EDTRVFPS1-07,marginalised,1930.2529109250045,0.006836493387743287,19.727264404296875
SCTXSUS1-14/EDTRVFPS1-07,marginalised,1986.9769652299733,0.00674464814914131,19.801149368286133
SCTXSUS1-14/EDTRVFPS1-07,marginalised,2045.3679608557304,0.006651537031342231,19.877197265625
SCTXSUS1-14/EDTRVFPS1-07,marginalised,2105.474883958167,0.006557107427097283,19.955549240112305
SCTXSUS1-14/EDTRVFPS1-07,marginalised,2167.348160242029,0.006461303806695733,20.036338806152344
SCTXSUS1-14/EDTRVFPS1-07,marginalised,2231.0396972647227,0.006364064931882358,20.119720458984375
SCTXSUS1-14/EDTRVFPS1-07,marginalised,2296.602927983302,0.006265223156948026,20.205936431884766
SCTXSUS1-14/EDTRVFPS1-07,marginalised,2364.092855581156,0.006164585818259201,20.295286178588867
SCTXSUS1-14/EDTRVFPS1-07,marginalised,2433.5660996120178,0.006061903633754257,20.38814353942871
SCTXSUS1-14/EDTRVFPS1-07,marginalised,2505.080943499999,0.005956923337430974,20.484909057617188
SCTXSUS1-10/EDTRVFPS1-15,marginalised,3.9212322850000003,2.41210306618e-312,1021.7368774414062
SCTXSUS1-10/EDTRVFPS1-15,marginalised,4.036464953122307,2.432472931887e-312,1021.6858520507812
SCTXSUS1-10/EDTRVFPS1-15,marginalised,4.155083946470329,2.45389359997e-312,1021.6329345703125
SCTXSUS1-10/EDTRVFPS1-15,marginalised,4.277188778478244,2.476460886737e-312,1021.5783081054688
SCTXSUS1-10/EDTRVFPS1-15,marginalised,4.402881886966673,2.50026807915e-312,1021.5213623046875
SCTXSUS1-10/EDTRVFPS1-15,marginalised,4.532268720081189,2.525391654306e-312,1021.4625244140625
SCTXSUS1-10/EDTRVFPS1-15,marginalised,4.665457824756284,2.551868926987e-312,1021.401611328125
SCTXSUS1-10/EDTRVFPS1-15,marginalised,4.8025609377790195,2.579692002644e-312,1021.3389282226562
SCTXSUS1-10/EDTRVFPS1-15,marginalised,4.943693079528751,2.60878807231e-312,1021.2745361328125
SCTXSUS1-10/EDTRVFPS1-15,marginalised,5.088972650471558,2.639024093576e-312,1021.208984375
SCTXSUS1-10/EDTRVFPS1-15,marginalised,5.23852153049035,2.670216348943e-312,1021.1425170898438
SCTXSUS1-10/EDTRVFPS1-15,marginalised,5.392465181133978,2.70215536246e-312,1021.0759887695312
SCTXSUS1-10/EDTRVFPS1-15,marginalised,5.550932750871103,2.73463966439e-312,1021.0091552734375
SCTXSUS1-10/EDTRVFPS1-15,marginalised,5.714057183437171,2.767516146915e-312,1020.943115234375
SCTXSUS1-10/EDTRVFPS1-15,marginalised,5.8819753293653445,2.80072150003e-312,1020.877197265625
SCTXSUS1-10/EDTRVFPS1-15,marginalised,6.054828060794987,2.834304608304e-312,1020.811767578125
SCTXSUS1-10/EDTRVFPS1-15,marginalised,6.232760389654005,2.868446766803e-312,1020.7465209960938
SCTXSUS1-10/EDTRVFPS1-15,marginalised,6.415921589314192,2.903462494327e-312,1020.6806030273438
SCTXSUS1-10/EDTRVFPS1-15,marginalised,6.604465319821649,2.939799683107e-312,1020.6135864257812
SCTXSUS1-10/EDTRVFPS1-15,marginalised,6.798549756807328,2.978016111554e-312,1020.5445556640625
SCTXSUS1-10/EDTRVFPS1-15,marginalised,6.998337724185845,3.01877216582e-312,1020.4728393554688
SCTXSUS1-10/EDTRVFPS1-15,marginalised,7.203996830753903,3.062817757433e-312,1020.3973388671875
SCTXSUS1-10/EDTRVFPS1-15,marginalised,7.415699610802907,3.110968845584e-312,1020.3175048828125
SCTXSUS1-10/EDTRVFPS1-15,marginalised,7.633623668863744,3.16409422249e-312,1020.2321166992188
SCTXSUS1-10/EDTRVFPS1-15,marginalised,7.85795182870515,3.223076108e-312,1020.1409301757812
SCTXSUS1-10/EDTRVFPS1-15,marginalised,8.088872286710675,3.288774460585e-312,1020.04345703125
SCTXSUS1-10/EDTRVFPS1-15,marginalised,8.326578769762916,3.36197318688e-312,1019.9393310546875
SCTXSUS1-10/EDTRVFPS1-15,marginalised,8.571270697767464,3.44333230242e-312,1019.8287353515625
SCTXSUS1-10/EDTRVFPS1-15,marginalised,8.823153350952925,3.533345364906e-312,1019.7120971679688
SCTXSUS1-10/EDTRVFPS1-15,marginalised,9.082438042087354,3.632310601195e-312,1019.5897216796875
SCTXSUS1-10/EDTRVFPS1-15,marginalised,9.349342293755592,3.740343691063e-312,1019.4623413085938
SCTXSUS1-10/EDTRVFPS1-15,marginalised,9.62409002084623,3.85739016064e-312,1019.3314208984375
SCTXSUS1-10/EDTRVFPS1-15,marginalised,9.906911718401282,3.983278875863e-312,1019.1975708007812
SCTXSUS1-10/EDTRVFPS1-15,marginalised,10.198044654986171,4.117790369263e-312,1019.0621337890625
SCTXSUS1-10/EDTRVFPS1-15,marginalised,10.497733071742253,4.260734513615e-312,1018.9257202148438
SCTXSUS1-10/EDTRVFPS1-15,marginalised,10.806228387288865,4.412044997583e-312,1018.7891235351562
SCTXSUS1-10/EDTRVFPS1-15,marginalised,11.123789408646799,4.571860162234e-312,1018.653076171875
SCTXSUS1-10/EDTRVFPS1-15,marginalised,11.450682548360152,4.74062935217e-312,1018.517822265625
SCTXSUS1-10/EDTRVFPS1-15,marginalised,11.787182047998714,4.91917845553e-312,1018.3828125
SCTXSUS1-10/EDTRVFPS1-15,marginalised,12.133570208228361,5.10877912799e-312,1018.2487182617188
SCTXSUS1-10/EDTRVFPS1-15,marginalised,12.490137625642523,5.31117170273e-312,1018.114013671875
SCTXSUS1-10/EDTRVFPS1-15,marginalised,12.857183436553363,5.528569134905e-312,1017.9788208007812
SCTXSUS1-10/EDTRVFPS1-15,marginalised,13.235015567947224,5.76361630304e-312,1017.8421020507812
SCTXSUS1-10/EDTRVFPS1-15,marginalised,13.62395099581485,6.01935331274e-312,1017.70361328125
SCTXSUS1-10/EDTRVFPS1-15,marginalised,14.024316011073134,6.29915418466e-312,1014.751953125
SCTXSUS1-10/EDTRVFPS1-15,marginalised,14.436446493301462,6.606708650875e-312,967.861572265625
SCTXSUS1-10/EDTRVFPS1-15,marginalised,14.860688192522307,6.946043641764e-312,921.3052978515625
SCTXSUS1-10/EDTRVFPS1-15,marginalised,15.29739701926247,7.321601933734e-312,875.1594848632812
SCTXSUS1-10/EDTRVFPS1-15,marginalised,15.746939343138301,7.73841063275e-312,829.5184326171875
SCTXSUS1-10/EDTRVFPS1-15,marginalised,16.2096923002154,8.20234370823e-312,784.4760131835938
SCTXSUS1-10/EDTRVFPS1-15,marginalised,16.68604410940067,8.720488554577e-312,740.1097412109375
SCTXSUS1-10/EDTRVFPS1-15,marginalised,17.176394398132093,9.30166894931e-312,696.4713134765625
SCTXSUS1-10/EDTRVFPS1-15,marginalised,17.681154537639564,9.9570781904e-312,653.5869140625
SCTXSUS1-10/EDTRVFPS1-15,marginalised,18.200747988057927,1.0701200264616e-311,611.45654296875
SCTXSUS1-10/EDTRVFPS1-15,marginalised,18.73561065368183,1.1552944484594e-311,570.0626831054688
SCTXSUS1-10/EDTRVFPS1-15,marginalised,19.286191248660398,1.253725541115e-311,529.3770751953125
SCTXSUS1-10/EDTRVFPS1-15,marginalised,19.8529516734385,1.368726411626e-311,489.3713684082031
SCTXSUS1-10/EDTRVFPS1-15,marginalised,20.436367402260476,1.5047335533873e-311,450.0299377441406
SCTXSUS1-10/EDTRVFPS1-15,marginalised,21.03692788206133,1.6677187200327e-311,411.3658752441406
SCTXSUS1-10/EDTRVFPS1-15,marginalised,21.655136943080134,1.865786003156e-311,373.4364318847656
SCTXSUS1-10/EDTRVFPS1-15,marginalised,22.29151322154002,2.110040944942e-311,336.35333251953125
SCTXSUS1-10/EDTRVFPS1-15,marginalised,22.946590594749427,9.686986605457357e-20,300.2908935546875
SCTXSUS1-10/EDTRVFPS1-15,marginalised,23.62091862898961,8.42043169894552e-18,265.47991943359375
SCTXSUS1-10/EDTRVFPS1-15,marginalised,24.315063040564137,6.191466622838627e-16,232.19613647460938
SCTXSUS1-10/EDTRVFPS1-15,marginalised,25.029606170397184,3.700777336046202e-14,200.7396240234375
SCTXSUS1-10/EDTRVFPS1-15,marginalised,25.76514747257878,1.7336115436632218e-12,171.41448974609375
SCTXSUS1-10/EDTRVFPS1-15,marginalised,26.522304017266862,6.14470973295001e-11,144.5135955810547
SCTXSUS1-10/EDTRVFPS1-15,marginalised,27.301711008368034,1.5939349879153187e-09,120.31269073486328
SCTXSUS1-10/EDTRVFPS1-15,marginalised,28.104022316431333,2.9267641137411792e-08,99.08063507080078
SCTXSUS1-10/EDTRVFPS1-15,marginalised,28.929911027202067,3.662769083545017e-07,81.10541534423828
SCTXSUS1-10/EDTRVFPS1-15,marginalised,29.78007000629591,2.970850191058361e-06,66.73796081542969
SCTXSUS1-10/EDTRVFPS1-15,marginalised,30.655212480467025,1.449141331837125e-05,56.45996856689453
SCTXSUS1-10/EDTRVFPS1-15,marginalised,31.556072635957772,3.7922293012628084e-05,50.99378204345703
SCTXSUS1-10/EDTRVFPS1-15,marginalised,32.48340623443209,4.514567413540856e-05,51.49528121948242
SCTXSUS1-10/EDTRVFPS1-15,marginalised,33.437991247009165,1.9632290922644788e-05,59.91455078125
SCTXSUS1-10/EDTRVFPS1-15,marginalised,34.42062850692941,2.3374806371273065e-06,79.38477325439453
SCTXSUS1-10/EDTRVFPS1-15,marginalised,35.432142381400176,5.2431714877147084e-08,109.87654113769531
SCTXSUS1-10/EDTRVFPS1-15,marginalised,36.47338146318494,1.5249879910076296e-10,154.03396606445312
SCTXSUS1-10/EDTRVFPS1-15,marginalised,37.545219282516136,4.180307820369005e-14,216.33480834960938
SCTXSUS1-10/EDTRVFPS1-15,marginalised,38.64855503992879,8.298636003283722e-19,299.5313415527344
SCTXSUS1-10/EDTRVFPS1-15,marginalised,39.78431436062988,2.381929661129e-311,401.3047180175781
SCTXSUS1-10/EDTRVFPS1-15,marginalised,40.95345007103628,1.4375789032236e-311,512.2503662109375
SCTXSUS1-10/EDTRVFPS1-15,marginalised,42.15694299813258,9.036617071975e-312,618.827880859375
SCTXSUS1-10/EDTRVFPS1-15,marginalised,43.39580279231965,5.9726970523e-312,709.9415283203125
SCTXSUS1-10/EDTRVFPS1-15,marginalised,44.671068774444045,4.16446884356e-312,780.8280029296875
SCTXSUS1-10/EDTRVFPS1-15,marginalised,45.98381080771899,3.061770721387e-312,832.5035400390625
SCTXSUS1-10/EDTRVFPS1-15,marginalised,47.335130195268306,2.36871416249e-312,868.6976928710938
SCTXSUS1-10/EDTRVFPS1-15,marginalised,48.72616060404643,1.92392839227e-312,893.1382446289062
SCTXSUS1-10/EDTRVFPS1-15,marginalised,50.158069015909426,1.63758484735e-312,909.145751953125
SCTXSUS1-10/EDTRVFPS1-15,marginalised,51.63205670663508,1.458972536934e-312,918.9844360351562
SCTXSUS1-10/EDTRVFPS1-15,marginalised,53.14936025371321,1.359909023864e-312,923.6754150390625
SCTXSUS1-10/EDTRVFPS1-15,marginalised,54.71125257375182,1.326410158934e-312,924.2777709960938
SCTXSUS1-10/EDTRVFPS1-15,marginalised,56.31904399036942,1.355033837853e-312,920.5189208984375
SCTXSUS1-10/EDTRVFPS1-15,marginalised,57.974083333469146,1.452467005294e-312,912.0831298828125
SCTXSUS1-10/EDTRVFPS1-15,marginalised,59.67775907081725,1.638524707136e-312,897.3541259765625
SCTXSUS1-10/EDTRVFPS1-15,marginalised,61.43150047287511,1.95476736247e-312,874.0498657226562
SCTXSUS1-10/EDTRVFPS1-15,marginalised,63.23677881186189,2.485432190694e-312,837.39599609375
SCTXSUS1-10/EDTRVFPS1-15,marginalised,65.09510859605395,3.410346345507e-312,781.0319213867188
SCTXSUS1-10/EDTRVFPS1-15,marginalised,67.0080488403564,5.153445713004e-312,695.5143432617188
SCTXSUS1-10/EDTRVFPS1-15,marginalised,68.97720437421279,8.86552010711e-312,571.4699096679688
SCTXSUS1-10/EDTRVFPS1-15,marginalised,71.00422718795008,1.8328512262586e-311,410.2732849121094
SCTXSUS1-10/EDTRVFPS1-15,marginalised,73.09081781868846,1.7262530382730924e-15,238.2855224609375
SCTXSUS1-10/EDTRVFPS1-15,marginalised,75.23872677697882,1.218657072768926e-07,101.52106475830078
SCTXSUS1-10/EDTRVFPS1-15,marginalised,77.4497560153644,0.005666136540146494,27.21780776977539
SCTXSUS1-10/EDTRVFPS1-15,marginalised,79.72576044009898,0.7545421942637637,4.795251846313477
SCTXSUS1-10/EDTRVFPS1-15,marginalised,82.06864946728969,0.21377592807841295,8.832820892333984
SCTXSUS1-10/EDTRVFPS1-15,marginalised,84.4803886247699,0.017550525488623635,20.812686920166016
SCTXSUS1-10/EDTRVFPS1-15,marginalised,86.96300120104618,0.0025729259785103186,32.268898010253906
SCTXSUS1-10/EDTRVFPS1-15,marginalised,89.51856994270257,0.0006918510553680382,40.74866485595703
SCTXSUS1-10/EDTRVFPS1-15,marginalised,92.14923880168625,0.0003017641288487816,46.264183044433594
SCTXSUS1-10/EDTRVFPS1-15,marginalised,94.85721473394038,0.00018396953968162838,49.62290954589844
SCTXSUS1-10/EDTRVFPS1-15,marginalised,97.64476955089316,0.00013856372445578564,51.57002258300781
SCTXSUS1-10/EDTRVFPS1-15,marginalised,100.51424182535628,0.00011825541059031602,52.65006637573242
SCTXSUS1-10/EDTRVFPS1-15,marginalised,103.46803885343174,0.00010826239193094113,53.25178909301758
SCTXSUS1-10/EDTRVFPS1-15,marginalised,106.50863867407291,0.00010294494464366293,53.59501647949219
SCTXSUS1-10/EDTRVFPS1-15,marginalised,109.63859214799422,9.986397148641627e-05,53.80179214477539
SCTXSUS1-10/EDTRVFPS1-15,marginalised,112.86052509767325,9.789478633582277e-05,53.93708419799805
SCTXSUS1-10/EDTRVFPS1-15,marginalised,116.17714051024105,9.650653511868865e-05,54.033958435058594
SCTXSUS1-10/EDTRVFPS1-15,marginalised,119.59122080510814,9.544736600656033e-05,54.1087532043457
SCTXSUS1-10/EDTRVFPS1-15,marginalised,123.10563016822917,9.459634755489738e-05,54.169456481933594
SCTXSUS1-10/EDTRVFPS1-15,marginalised,126.7233169549641,9.389328052797568e-05,54.22002410888672
SCTXSUS1-10/EDTRVFPS1-15,marginalised,130.447316163552,9.330521763277374e-05,54.262630462646484
SCTXSUS1-10/EDTRVFPS1-15,marginalised,134.28075198127226,9.281146182208133e-05,54.29863357543945
SCTXSUS1-10/EDTRVFPS1-15,marginalised,138.2268404054299,9.239695761987842e-05,54.329017639160156
SCTXSUS1-10/EDTRVFPS1-15,marginalised,142.2888919413628,9.204995254859896e-05,54.35457229614258
SCTXSUS1-10/EDTRVFPS1-15,marginalised,146.47031437973533,9.176046477472549e-05,54.3759651184082
SCTXSUS1-10/EDTRVFPS1-15,marginalised,150.77461565544766,9.151986425582401e-05,54.39380645751953
SCTXSUS1-10/EDTRVFPS1-15,marginalised,155.20540679055955,9.132101363168725e-05,54.40858459472656
SCTXSUS1-10/EDTRVFPS1-15,marginalised,159.7664049236972,9.11573781461613e-05,54.42078399658203
SCTXSUS1-10/EDTRVFPS1-15,marginalised,164.4614364284851,9.102371510177279e-05,54.430755615234375
SCTXSUS1-10/EDTRVFPS1-15,marginalised,169.2944401236185,9.09155865127201e-05,54.43883514404297
SCTXSUS1-10/EDTRVFPS1-15,marginalised,174.26947057727003,9.08289842860688e-05,54.445308685302734
SCTXSUS1-10/EDTRVFPS1-15,marginalised,179.3907015086023,9.076054640417923e-05,54.4504280090332
SCTXSUS1-10/EDTRVFPS1-15,marginalised,184.66242928924012,9.07075393928328e-05,54.45438766479492
SCTXSUS1-10/EDTRVFPS1-15,marginalised,190.0890765476404,9.066718705654116e-05,54.457393646240234
SCTXSUS1-10/EDTRVFPS1-15,marginalised,195.67519587938253,9.063726848190337e-05,54.459625244140625
SCTXSUS1-10/EDTRVFPS1-15,marginalised,201.42547366649308,9.061548342928271e-05,54.461238861083984
SCTXSUS1-10/EDTRVFPS1-15,marginalised,207.3447340090079,9.059993578516712e-05,54.46237564086914
SCTXSUS1-10/EDTRVFPS1-15,marginalised,213.437942772071,9.058884577744638e-05,54.46318054199219
SCTXSUS1-10/EDTRVFPS1-15,marginalised,219.71021175196438,9.058075283787868e-05,54.463768005371094
SCTXSUS1-10/EDTRVFPS1-15,marginalised,226.1668029645647,9.057473353026233e-05,54.46420669555664
SCTXSUS1-10/EDTRVFPS1-15,marginalised,232.81313305982422,9.056984508421675e-05,54.46455764770508
SCTXSUS1-10/EDTRVFPS1-15,marginalised,239.65477786597913,9.056554848185607e-05,54.46487045288086
SCTXSUS1-10/EDTRVFPS1-15,marginalised,246.69747706729802,9.056169611412338e-05,54.46516036987305
SCTXSUS1-10/EDTRVFPS1-15,marginalised,253.9471390192949,9.055792810080474e-05,54.4654426574707
SCTXSUS1-10/EDTRVFPS1-15,marginalised,261.4098457054456,9.055426263753938e-05,54.46573257446289
SCTXSUS1-10/EDTRVFPS1-15,marginalised,269.0918578395671,9.055103455467003e-05,54.46598434448242
SCTXSUS1-10/EDTRVFPS1-15,marginalised,276.99962011813915,9.054844193329271e-05,54.466182708740234
SCTXSUS1-10/EDTRVFPS1-15,marginalised,285.1397666269753,9.054690570327052e-05,54.46630096435547
SCTXSUS1-10/EDTRVFPS1-15,marginalised,293.5191264067794,9.054720094990636e-05,54.46626281738281
SCTXSUS1-10/EDTRVFPS1-15,marginalised,302.1447291822553,9.054938325576048e-05,54.46609115600586
SCTXSUS1-10/EDTRVFPS1-15,marginalised,311.02381125957805,9.055354290104362e-05,54.46575927734375
SCTXSUS1-10/EDTRVFPS1-15,marginalised,320.16382159717267,9.055910474097719e-05,54.465309143066406
SCTXSUS1-10/EDTRVFPS1-15,marginalised,329.572428054894,9.056485825744026e-05,54.4648323059082
SCTXSUS1-10/EDTRVFPS1-15,marginalised,339.25752382685033,9.056924184871198e-05,54.464447021484375
SCTXSUS1-10/EDTRVFPS1-15,marginalised,349.22723406326776,9.057058240743018e-05,54.46429443359375
SCTXSUS1-10/EDTRVFPS1-15,marginalised,359.4899226869496,9.056782821791146e-05,54.46445083618164
SCTXSUS1-10/EDTRVFPS1-15,marginalised,370.0541994100509,9.056059073875396e-05,54.464935302734375
SCTXSUS1-10/EDTRVFPS1-15,marginalised,380.9289269570532,9.054904503845048e-05,54.46575927734375
SCTXSUS1-10/EDTRVFPS1-15,marginalised,392.12322850000004,9.053458411487571e-05,54.46680450439453
SCTXSUS1-09/EDTRVFPS1-14,marginalised,25.999874490000003,1.4862984446141605e-07,72.08305358886719
SCTXSUS1-09/EDTRVFPS1-14,marginalised,26.76392892252842,6.90326158414723e-08,77.20394134521484
SCTXSUS1-09/EDTRVFPS1-14,marginalised,27.55043650867075,2.789081084773331e-08,83.33772277832031
SCTXSUS1-09/EDTRVFPS1-14,marginalised,28.36005707590229,9.637863968710065e-09,90.62610626220703
SCTXSUS1-09/EDTRVFPS1-14,marginalised,29.19346984194992,2.8429079007232166e-09,99.08503723144531
SCTXSUS1-09/EDTRVFPS1-14,marginalised,30.051373984610514,7.269576913015817e-10,108.61109161376953
SCTXSUS1-09/EDTRVFPS1-14,marginalised,30.934489228314558,1.6634901398075428e-10,118.95851135253906
SCTXSUS1-09/EDTRVFPS1-14,marginalised,31.843556447926986,3.558049619406952e-11,129.80262756347656
SCTXSUS1-09/EDTRVFPS1-14,marginalised,32.779338290291854,7.469489596399925e-12,140.75221252441406
SCTXSUS1-09/EDTRVFPS1-14,marginalised,33.742619814042236,1.6145832758613859e-12,151.4115447998047
SCTXSUS1-09/EDTRVFPS1-14,marginalised,34.734209148212145,3.7519376401676807e-13,161.44898986816406
SCTXSUS1-09/EDTRVFPS1-14,marginalised,35.75493817020292,9.722879023457537e-14,170.544677734375
SCTXSUS1-09/EDTRVFPS1-14,marginalised,36.805663203673,2.8904456394915054e-14,178.45497131347656
SCTXSUS1-09/EDTRVFPS1-14,marginalised,37.8872657369364,1.0022981027408247e-14,185.03375244140625
SCTXSUS1-09/EDTRVFPS1-14,marginalised,39.000653162472716,4.06253874851202e-15,190.2508087158203
SCTXSUS1-09/EDTRVFPS1-14,marginalised,40.14675953816894,1.9026440322591787e-15,194.1970977783203
SCTXSUS1-09/EDTRVFPS1-14,marginalised,41.326546370931865,1.0094436998954612e-15,197.2588348388672
SCTXSUS1-09/EDTRVFPS1-14,marginalised,42.54100342332826,5.937531729385851e-16,199.3428192138672
SCTXSUS1-09/EDTRVFPS1-14,marginalised,43.79114954392981,3.79637564265802e-16,200.9256134033203
SCTXSUS1-09/EDTRVFPS1-14,marginalised,45.07803352205914,2.584456086315136e-16,201.6973419189453
SCTXSUS1-09/EDTRVFPS1-14,marginalised,46.40273496765423,1.822986424093365e-16,202.5491180419922
SCTXSUS1-09/EDTRVFPS1-14,marginalised,47.76636521698924,1.3214122660852048e-16,204.01483154296875
SCTXSUS1-09/EDTRVFPS1-14,marginalised,49.17006826501161,1.0015467190037053e-16,204.35986328125
SCTXSUS1-09/EDTRVFPS1-14,marginalised,50.6150217250776,8.045444441062558e-17,204.13050842285156
SCTXSUS1-09/EDTRVFPS1-14,marginalised,52.1024378168915,6.902294291766809e-17,203.95443725585938
SCTXSUS1-09/EDTRVFPS1-14,marginalised,53.63356438347718,6.362722644956822e-17,203.81446838378906
SCTXSUS1-09/EDTRVFPS1-14,marginalised,55.20968593803527,6.321161658402506e-17,203.69581604003906
SCTXSUS1-09/EDTRVFPS1-14,marginalised,56.83212474156419,6.786776588962334e-17,203.59686279296875
SCTXSUS1-09/EDTRVFPS1-14,marginalised,58.502241912149046,7.911274196899769e-17,203.53370666503906
SCTXSUS1-09/EDTRVFPS1-14,marginalised,60.221438566849024,1.0039545562544296e-16,203.53485107421875
SCTXSUS1-09/EDTRVFPS1-14,marginalised,61.991156997141296,1.3862251841060646e-16,203.19834899902344
SCTXSUS1-09/EDTRVFPS1-14,marginalised,63.81288187890748,2.0808176746356535e-16,200.8038330078125
SCTXSUS1-09/EDTRVFPS1-14,marginalised,65.68814151797783,3.359612572384169e-16,199.1323699951172
SCTXSUS1-09/EDTRVFPS1-14,marginalised,67.61850913227799,5.916024895833157e-16,196.91482543945312
SCTXSUS1-09/EDTRVFPS1-14,marginalised,69.6056041716541,1.2492488255035251e-15,193.28836059570312
SCTXSUS1-09/EDTRVFPS1-14,marginalised,71.65109367648328,3.6111282455611226e-15,187.55189514160156
SCTXSUS1-09/EDTRVFPS1-14,marginalised,73.75669367620951,1.7640553339851425e-14,177.69581604003906
SCTXSUS1-09/EDTRVFPS1-14,marginalised,75.924170628978,2.044060453685217e-13,161.41696166992188
SCTXSUS1-09/EDTRVFPS1-14,marginalised,78.15534290357597,8.193237975150559e-12,135.67449951171875
SCTXSUS1-09/EDTRVFPS1-14,marginalised,80.45208230492281,1.1258376434594099e-09,100.80826568603516
SCTXSUS1-09/EDTRVFPS1-14,marginalised,82.81631564438989,2.130668445921421e-07,64.18000793457031
SCTXSUS1-09/EDTRVFPS1-14,marginalised,85.25002635626682,1.5180016488182083e-05,35.96942901611328
SCTXSUS1-09/EDTRVFPS1-14,marginalised,87.75525616173077,0.0002511696641681681,19.48837661743164
SCTXSUS1-09/EDTRVFPS1-14,marginalised,90.33410678171457,0.0013169228888486226,11.439363479614258
SCTXSUS1-09/EDTRVFPS1-14,marginalised,92.98874170011045,0.003340336516275461,7.808122158050537
SCTXSUS1-09/EDTRVFPS1-14,marginalised,95.72138797878908,0.005511437869856494,6.181216239929199
SCTXSUS1-09/EDTRVFPS1-14,marginalised,98.53433812595597,0.0071525361504495,5.438210964202881
SCTXSUS1-09/EDTRVFPS1-14,marginalised,101.42995201941329,0.008176843344145562,5.0729660987854
SCTXSUS1-09/EDTRVFPS1-14,marginalised,104.41065888634007,0.008759745182365455,4.892045021057129
SCTXSUS1-09/EDTRVFPS1-14,marginalised,107.47895934125204,0.009081156096043262,4.79894495010376
SCTXSUS1-09/EDTRVFPS1-14,marginalised,110.63742748385057,0.009261230346265725,4.7484660148620605
SCTXSUS1-09/EDTRVFPS1-14,marginalised,113.88871305852096,0.009368269527456377,4.7189226150512695
SCTXSUS1-09/EDTRVFPS1-14,marginalised,117.23554367729139,0.009437936596259237,4.699864864349365
SCTXSUS1-09/EDTRVFPS1-14,marginalised,120.68072710811776,0.009487776556528233,4.686321258544922
SCTXSUS1-09/EDTRVFPS1-14,marginalised,124.22715363041402,0.009526179226818777,4.675962924957275
SCTXSUS1-09/EDTRVFPS1-14,marginalised,127.877798459804,0.009557123311627159,4.667675018310547
SCTXSUS1-09/EDTRVFPS1-14,marginalised,131.63572424412916,0.009582612950642194,4.660892486572266
SCTXSUS1-09/EDTRVFPS1-14,marginalised,135.50408363280619,0.009603790994826797,4.655290126800537
SCTXSUS1-09/EDTRVFPS1-14,marginalised,139.48612192168974,0.009621395310137138,4.650656223297119
SCTXSUS1-09/EDTRVFPS1-14,marginalised,143.58517977565967,0.009636012808549062,4.646824359893799
SCTXSUS1-09/EDTRVFPS1-14,marginalised,147.8046960312161,0.009648116748458503,4.643665313720703
SCTXSUS1-09/EDTRVFPS1-14,marginalised,152.14821058143448,0.009658112289935161,4.641066074371338
SCTXSUS1-09/EDTRVFPS1-14,marginalised,156.61936734569977,0.009666311667182374,4.638936519622803
SCTXSUS1-09/EDTRVFPS1-14,marginalised,161.22191732671234,0.00967297839059395,4.637207984924316
SCTXSUS1-09/EDTRVFPS1-14,marginalised,165.95972175732922,0.009678270290688146,4.63584041595459
SCTXSUS1-09/EDTRVFPS1-14,marginalised,170.83675533988136,0.009682356198157513,4.634786128997803
SCTXSUS1-09/EDTRVFPS1-14,marginalised,175.85710958068407,0.00968529897572768,4.63402795791626
SCTXSUS1-09/EDTRVFPS1-14,marginalised,181.02499622253828,0.009687171853301523,4.633545875549316
SCTXSUS1-09/EDTRVFPS1-14,marginalised,186.34475077810234,0.009688032862839662,4.633325576782227
SCTXSUS1-09/EDTRVFPS1-14,marginalised,191.8208361670981,0.009687983087305766,4.633341312408447
SCTXSUS1-09/EDTRVFPS1-14,marginalised,197.45784646040352,0.009687101573339225,4.633570194244385
SCTXSUS1-09/EDTRVFPS1-14,marginalised,203.260510734172,0.009685544191817429,4.633973598480225
SCTXSUS1-09/EDTRVFPS1-14,marginalised,209.23369703721227,0.009683533141514341,4.634494781494141
SCTXSUS1-09/EDTRVFPS1-14,marginalised,215.38241647495713,0.009681314183229315,4.635067462921143
SCTXSUS1-09/EDTRVFPS1-14,marginalised,221.71182741344714,0.009679162470314445,4.635625839233398
SCTXSUS1-09/EDTRVFPS1-14,marginalised,228.22723980685595,0.009677345118881953,4.636097431182861
SCTXSUS1-09/EDTRVFPS1-14,marginalised,234.93411965218843,0.009676065249012772,4.63642692565918
SCTXSUS1-09/EDTRVFPS1-14,marginalised,241.83809357488778,0.009675471295258253,4.636580944061279
SCTXSUS1-09/EDTRVFPS1-14,marginalised,248.94495354919974,0.009675557612353806,4.636559963226318
SCTXSUS1-09/EDTRVFPS1-14,marginalised,256.260661757253,0.009676221734886598,4.636386394500732
SCTXSUS1-09/EDTRVFPS1-14,marginalised,263.79135559093294,0.009677245522021219,4.6361236572265625
SCTXSUS1-09/EDTRVFPS1-14,marginalised,271.5433528007446,0.009678335096901436,4.635842800140381
SCTXSUS1-09/EDTRVFPS1-14,marginalised,279.52315679598445,0.0096791289402334,4.635635852813721
SCTXSUS1-09/EDTRVFPS1-14,marginalised,287.73746210066776,0.009679280081866078,4.635598182678223
SCTXSUS1-09/EDTRVFPS1-14,marginalised,296.19315996978827,0.009678441038018916,4.635815620422363
SCTXSUS1-09/EDTRVFPS1-14,marginalised,304.8973441706219,0.009676277675289035,4.636372089385986
SCTXSUS1-09/EDTRVFPS1-14,marginalised,313.8573169339253,0.00967254341512518,4.637341022491455
SCTXSUS1-09/EDTRVFPS1-14,marginalised,323.08059508002077,0.009667025996530989,4.63877010345459
SCTXSUS1-09/EDTRVFPS1-14,marginalised,332.57491632490803,0.009659678612435023,4.640675067901611
SCTXSUS1-09/EDTRVFPS1-14,marginalised,342.34824577169235,0.009650538953485664,4.6430253982543945
SCTXSUS1-09/EDTRVFPS1-14,marginalised,352.4087825927757,0.009639842977587913,4.645712375640869
SCTXSUS1-09/EDTRVFPS1-14,marginalised,362.764966908416,0.009627929478658736,4.648712635040283
SCTXSUS1-09/EDTRVFPS1-14,marginalised,373.425486867426,0.009615391774269197,4.651876449584961
SCTXSUS1-09/EDTRVFPS1-14,marginalised,384.3992859359514,0.009602821940991293,4.655056953430176
SCTXSUS1-09/EDTRVFPS1-14,marginalised,395.6955704004432,0.009590829795219333,4.658094882965088
SCTXSUS1-09/EDTRVFPS1-14,marginalised,407.32381709111866,0.00957992846573543,4.660864353179932
SCTXSUS1-09/EDTRVFPS1-14,marginalised,419.2937813323908,0.009570502915553782,4.6632609367370605
SCTXSUS1-09/EDTRVFPS1-14,marginalised,431.6155051269357,0.009562723007221115,4.665243148803711
SCTXSUS1-09/EDTRVFPS1-14,marginalised,444.29932558026394,0.009556605653719954,4.666802883148193
SCTXSUS1-09/EDTRVFPS1-14,marginalised,457.3558835728632,0.009552025963717813,4.667973041534424
SCTXSUS1-09/EDTRVFPS1-14,marginalised,470.79613268718873,0.009548784307887168,4.66879940032959
SCTXSUS1-09/EDTRVFPS1-14,marginalised,484.63134839698904,0.009546642104452704,4.669346809387207
SCTXSUS1-09/EDTRVFPS1-14,marginalised,498.8731375266774,0.009545365156121813,4.669673442840576
SCTXSUS1-09/EDTRVFPS1-14,marginalised,513.5334479886844,0.009477931228524488,4.687006950378418
SCTXSUS1-09/EDTRVFPS1-14,marginalised,528.6245788069608,0.009457921707828445,4.69218635559082
SCTXSUS1-09/EDTRVFPS1-14,marginalised,544.159190435039,0.009434377514100789,4.698300361633301
SCTXSUS1-09/EDTRVFPS1-14,marginalised,560.1503153773106,0.009407207637430299,4.705386161804199
SCTXSUS1-09/EDTRVFPS1-14,marginalised,576.611369122429,0.009376447413992094,4.713442325592041
SCTXSUS1-09/EDTRVFPS1-14,marginalised,593.5561613980118,0.0093423075965422,4.722432613372803
SCTXSUS1-09/EDTRVFPS1-14,marginalised,610.9989077560809,0.009305103455520432,4.73228120803833
SCTXSUS1-09/EDTRVFPS1-14,marginalised,628.9542414989654,0.009265179499472389,4.742916107177734
SCTXSUS1-09/EDTRVFPS1-14,marginalised,647.4372259556659,0.00922283166779729,4.754270553588867
SCTXSUS1-09/EDTRVFPS1-14,marginalised,666.4633671189854,0.009178290726064374,4.766293525695801
SCTXSUS1-09/EDTRVFPS1-14,marginalised,686.0486266540238,0.009131731034013914,4.778950214385986
SCTXSUS1-09/EDTRVFPS1-14,marginalised,706.209435288952,0.009083275483802502,4.7922234535217285
SCTXSUS1-09/EDTRVFPS1-14,marginalised,726.9627065992981,0.00903309378476248,4.806076526641846
SCTXSUS1-09/EDTRVFPS1-14,marginalised,748.3258511973107,0.008981403654872782,4.820460796356201
SCTXSUS1-09/EDTRVFPS1-14,marginalised,770.3167913383032,0.008928513515080073,4.835300445556641
SCTXSUS1-09/EDTRVFPS1-14,marginalised,792.9539759562317,0.008874776495782173,4.850508689880371
SCTXSUS1-09/EDTRVFPS1-14,marginalised,816.2563961411221,0.008820574509852906,4.865982532501221
SCTXSUS1-09/EDTRVFPS1-14,marginalised,840.2436010713293,0.00876617741458377,4.881647109985352
SCTXSUS1-09/EDTRVFPS1-14,marginalised,864.935714413996,0.008711703567461551,4.897472858428955
SCTXSUS1-09/EDTRVFPS1-14,marginalised,890.3534512074689,0.008657106698824153,4.913477897644043
SCTXSUS1-09/EDTRVFPS1-14,marginalised,916.5181352398356,0.008602106008402631,4.929744720458984
SCTXSUS1-09/EDTRVFPS1-14,marginalised,943.4517169381631,0.008546300148691422,4.946401119232178
SCTXSUS1-09/EDTRVFPS1-14,marginalised,971.1767917834437,0.008489233053429536,4.963591575622559
SCTXSUS1-09/EDTRVFPS1-14,marginalised,999.7166192666982,0.008430440552099903,4.981474876403809
SCTXSUS1-09/EDTRVFPS1-14,marginalised,1029.09514240214,0.008369569328430708,5.000177383422852
SCTXSUS1-09/EDTRVFPS1-14,marginalised,1059.3370078137687,0.008306342360946597,5.019809246063232
SCTXSUS1-09/EDTRVFPS1-14,marginalised,1090.4675864122464,0.008240560000119608,5.040456771850586
SCTXSUS1-09/EDTRVFPS1-14,marginalised,1122.5129946794016,0.00817211349017253,5.062188625335693
SCTXSUS1-09/EDTRVFPS1-14,marginalised,1155.5001165782176,0.008100864334119688,5.085084915161133
SCTXSUS1-09/EDTRVFPS1-14,marginalised,1189.456626106687,0.008026641688480664,5.109239101409912
SCTXSUS1-09/EDTRVFPS1-14,marginalised,1224.4110105144523,0.007949271498211518,5.1347551345825195
SCTXSUS1-09/EDTRVFPS1-14,marginalised,1260.3925942017115,0.007868611143305695,5.161726951599121
SCTXSUS1-09/EDTRVFPS1-14,marginalised,1297.4315633204355,0.007784588789279352,5.190237045288086
SCTXSUS1-09/EDTRVFPS1-14,marginalised,1335.55899109854,0.007697255374831829,5.220332622528076
SCTXSUS1-09/EDTRVFPS1-14,marginalised,1374.806863908253,0.007606845492803119,5.251996040344238
SCTXSUS1-09/EDTRVFPS1-14,marginalised,1415.208108100551,0.00751374586720613,5.285153865814209
SCTXSUS1-09/EDTRVFPS1-14,marginalised,1456.7966176281748,0.0074184463175084505,5.319694519042969
SCTXSUS1-09/EDTRVFPS1-14,marginalised,1499.6072824803964,0.007321465740901288,5.35548210144043
SCTXSUS1-09/EDTRVFPS1-14,marginalised,1543.6760179533976,0.007223305287389569,5.392386436462402
SCTXSUS1-09/EDTRVFPS1-14,marginalised,1589.0397947808108,0.007124324220937172,5.430310249328613
SCTXSUS1-09/EDTRVFPS1-14,marginalised,1635.7366701497015,0.007024771073004877,5.4691996574401855
SCTXSUS1-09/EDTRVFPS1-14,marginalised,1683.805819628013,0.006924710855274089,5.509064674377441
SCTXSUS1-09/EDTRVFPS1-14,marginalised,1733.2875700302602,0.006824122220288717,5.549952507019043
SCTXSUS1-09/EDTRVFPS1-14,marginalised,1784.2234332490382,0.0067229040094493615,5.591944217681885
SCTXSUS1-09/EDTRVFPS1-14,marginalised,1836.6561410807367,0.0066209232310589835,5.635146141052246
SCTXSUS1-09/EDTRVFPS1-14,marginalised,1890.6296810746705,0.006518082454004703,5.679656028747559
SCTXSUS1-09/EDTRVFPS1-14,marginalised,1946.1893334357037,0.006414310803640994,5.725555419921875
SCTXSUS1-09/EDTRVFPS1-14,marginalised,2003.3817090113243,0.006309578548094049,5.772929668426514
SCTXSUS1-09/EDTRVFPS1-14,marginalised,2062.254788395042,0.006203887003310741,5.821848392486572
SCTXSUS1-09/EDTRVFPS1-14,marginalised,2122.857962178908,0.006097228806124605,5.872385501861572
SCTXSUS1-09/EDTRVFPS1-14,marginalised,2185.242072388936,0.005989569790799806,5.9246392250061035
SCTXSUS1-09/EDTRVFPS1-14,marginalised,2249.459455138169,0.005880834160646746,5.978740692138672
SCTXSUS1-09/EDTRVFPS1-14,marginalised,2315.5639845331984,0.005770876033838702,6.03485631942749
SCTXSUS1-09/EDTRVFPS1-14,marginalised,2383.611117870947,0.005659499231529971,6.093205451965332
SCTXSUS1-09/EDTRVFPS1-14,marginalised,2453.6579421636484,0.0055464761768755574,6.154036521911621
SCTXSUS1-09/EDTRVFPS1-14,marginalised,2525.763222031047,0.0054315921505505484,6.217625141143799
SCTXSUS1-09/EDTRVFPS1-14,marginalised,2599.987449000001,0.0053146818086995595,6.284234523773193
SCTXSUS1-04/EDTRVFPS1-20,marginalised,687.6359499999999,4.968443263563717e-10,127.26029968261719
SCTXSUS1-04/EDTRVFPS1-20,marginalised,707.843405069272,5.876012892565858e-10,125.998779296875
SCTXSUS1-04/EDTRVFPS1-20,marginalised,728.6446936057686,6.948154310251204e-10,124.73942565917969
SCTXSUS1-04/EDTRVFPS1-20,marginalised,750.0572665049925,8.209056584992338e-10,123.48712921142578
SCTXSUS1-04/EDTRVFPS1-20,marginalised,772.0990874893095,9.68269433115639e-10,122.2481460571289
SCTXSUS1-04/EDTRVFPS1-20,marginalised,794.7886481783139,1.1391908472847471e-09,121.02898406982422
SCTXSUS1-04/EDTRVFPS1-20,marginalised,818.1449836020666,1.3358381868586253e-09,119.8355712890625
SCTXSUS1-04/EDTRVFPS1-20,marginalised,842.1876881702167,1.5605526209344195e-09,118.67106628417969
SCTXSUS1-04/EDTRVFPS1-20,marginalised,866.936932110406,1.8162778014267523e-09,117.53524780273438
SCTXSUS1-04/EDTRVFPS1-20,marginalised,892.4134783897471,2.107183529438351e-09,116.42393493652344
SCTXSUS1-04/EDTRVFPS1-20,marginalised,918.638700133569,2.4393000475883848e-09,115.32984161376953
SCTXSUS1-04/EDTRVFPS1-20,marginalised,945.6345985560463,2.8210728587059255e-09,114.2435302734375
SCTXSUS1-04/EDTRVFPS1-20,marginalised,973.4238214177517,3.263671435232391e-09,113.15547943115234
SCTXSUS1-04/EDTRVFPS1-20,marginalised,1002.0296820256191,3.781180211693286e-09,112.05342102050781
SCTXSUS1-04/EDTRVFPS1-20,marginalised,1031.4761787912546,4.390833555914184e-09,110.93475341796875
SCTXSUS1-04/EDTRVFPS1-20,marginalised,1061.7880153640062,5.113247788563979e-09,109.79578399658203
SCTXSUS1-04/EDTRVFPS1-20,marginalised,1092.9906213556794,5.973328726826264e-09,108.63408660888672
SCTXSUS1-04/EDTRVFPS1-20,marginalised,1125.1101736742874,7.0014604626773706e-09,107.44840240478516
SCTXSUS1-04/EDTRVFPS1-20,marginalised,1158.173618484734,8.235507071338432e-09,106.23735046386719
SCTXSUS1-04/EDTRVFPS1-20,marginalised,1192.2086938148511,9.723662512478698e-09,104.99931335449219
SCTXSUS1-04/EDTRVFPS1-20,marginalised,1227.2439528257555,1.152700502504195e-08,103.73242950439453
SCTXSUS1-04/EDTRVFPS1-20,marginalised,1263.3087877660498,1.3722730987538033e-08,102.43531036376953
SCTXSUS1-04/EDTRVFPS1-20,marginalised,1300.433454629961,1.6405954016729817e-08,101.10799407958984
SCTXSUS1-04/EDTRVFPS1-20,marginalised,1338.6490985401047,1.96917454787593e-08,99.7525863647461
SCTXSUS1-04/EDTRVFPS1-20,marginalised,1377.9877798761675,2.371637281108204e-08,98.37333679199219
SCTXSUS1-04/EDTRVFPS1-20,marginalised,1418.4825011714308,2.8636318175550074e-08,96.97679138183594
SCTXSUS1-04/EDTRVFPS1-20,marginalised,1460.1672347996982,3.463171885917886e-08,95.57014465332031
SCTXSUS1-04/EDTRVFPS1-20,marginalised,1503.0769514758524,4.190780580911749e-08,94.16069030761719
SCTXSUS1-04/EDTRVFPS1-20,marginalised,1547.2476495939582,5.070088770445637e-08,92.75459289550781
SCTXSUS1-04/EDTRVFPS1-20,marginalised,1592.716385427515,6.129052595863541e-08,91.35604095458984
SCTXSUS1-04/EDTRVFPS1-20,marginalised,1639.5213042172031,7.401388667051444e-08,89.96707916259766
SCTXSUS1-04/EDTRVFPS1-20,marginalised,1687.7016721721998,8.928524911524911e-08,88.58750915527344
SCTXSUS1-04/EDTRVFPS1-20,marginalised,1737.2979094119123,1.0761865311498424e-07,87.21591186523438
SCTXSUS1-04/EDTRVFPS1-20,marginalised,1788.3516238757675,1.2965255825504338e-07,85.84971618652344
SCTXSUS1-04/EDTRVFPS1-20,marginalised,1840.9056462294989,1.5617346430391107e-07,84.48657989501953
SCTXSUS1-04/EDTRVFPS1-20,marginalised,1895.0040657972252,1.8814955256194208e-07,83.1241455078125
SCTXSUS1-04/EDTRVFPS1-20,marginalised,1950.6922675494538,2.2675892566070096e-07,81.76091766357422
SCTXSUS1-04/EDTRVFPS1-20,marginalised,2008.01697017805,2.734336264814958e-07,80.39596557617188
SCTXSUS1-04/EDTRVFPS1-20,marginalised,2067.026265290106,3.2992567590323895e-07,79.02845001220703
SCTXSUS1-04/EDTRVFPS1-20,marginalised,2127.7696577535967,3.983846726783938e-07,77.65779113769531
SCTXSUS1-04/EDTRVFPS1-20,marginalised,2190.298107228666,4.814843760699223e-07,76.28279113769531
SCTXSUS1-04/EDTRVFPS1-20,marginalised,2254.664070919388,5.826026029464536e-07,74.9016342163086
SCTXSUS1-04/EDTRVFPS1-20,marginalised,2320.921547581866,7.060321825845351e-07,73.51194763183594
SCTXSUS1-04/EDTRVFPS1-20,marginalised,2389.126122825592,8.573041427475961e-07,72.110595703125
SCTXSUS1-04/EDTRVFPS1-20,marginalised,2459.3350157460723,1.0435650972235934e-06,70.69416046142578
SCTXSUS1-04/EDTRVFPS1-20,marginalised,2531.607126927834,1.274055717897772e-06,69.25936889648438
SCTXSUS1-04/EDTRVFPS1-20,marginalised,2606.0030878580956,1.5606647764093599e-06,67.8037109375
SCTXSUS1-04/EDTRVFPS1-20,marginalised,2682.585311792544,1.9186380274026283e-06,66.32557678222656
SCTXSUS1-04/EDTRVFPS1-20,marginalised,2761.418046115898,2.367329282346738e-06,64.82508850097656
SCTXSUS1-04/EDTRVFPS1-20,marginalised,2842.567426241187,2.9310844407246745e-06,63.303733825683594
SCTXSUS1-04/EDTRVFPS1-20,marginalised,2926.1015310929556,3.6402552606915025e-06,61.76471710205078
SCTXSUS1-04/EDTRVFPS1-20,marginalised,3012.0904402209458,4.532393762843471e-06,60.212337493896484
SCTXSUS1-04/EDTRVFPS1-20,marginalised,3100.6062925921738,5.653713965682471e-06,58.651512145996094
SCTXSUS1-04/EDTRVFPS1-20,marginalised,3191.7233471107147,7.060877445469203e-06,57.087303161621094
SCTXSUS1-04/EDTRVFPS1-20,marginalised,3285.51804491598,8.822918329507923e-06,55.52473068237305
SCTXSUS1-04/EDTRVFPS1-20,marginalised,3382.0690735117405,1.1023921705227342e-05,53.96820831298828
SCTXSUS1-04/EDTRVFPS1-20,marginalised,3481.457432779698,1.3766114167153152e-05,52.42156982421875
SCTXSUS1-04/EDTRVFPS1-20,marginalised,3583.7665029329955,1.7172945442299937e-05,50.888084411621094
SCTXSUS1-04/EDTRVFPS1-20,marginalised,3689.082114466658,2.1393715726930688e-05,49.370384216308594
SCTXSUS1-04/EDTRVFPS1-20,marginalised,3797.492620163663,2.6608835356714418e-05,47.87041091918945
SCTXSUS1-04/EDTRVFPS1-20,marginalised,3909.088969217039,3.303690187266744e-05,46.38938522338867
SCTXSUS1-04/EDTRVFPS1-20,marginalised,4023.9647835301807,4.094561854113922e-05,44.927513122558594
SCTXSUS1-04/EDTRVFPS1-20,marginalised,4142.216436259389,5.066591809907907e-05,43.483951568603516
SCTXSUS1-04/EDTRVFPS1-20,marginalised,4263.943132664533,6.261336662371663e-05,42.056724548339844
SCTXSUS1-04/EDTRVFPS1-20,marginalised,4389.246993335648,7.731512759104251e-05,40.643035888671875
SCTXSUS1-04/EDTRVFPS1-20,marginalised,4518.233139865317,9.544974843914521e-05,39.2391242980957
SCTXSUS1-04/EDTRVFPS1-20,marginalised,4651.009783038678,0.00011789437227511306,37.840980529785156
SCTXSUS1-04/EDTRVFPS1-20,marginalised,4787.688313615066,0.0001457886556424046,36.44381332397461
SCTXSUS1-04/EDTRVFPS1-20,marginalised,4928.383395777446,0.0001806144292422521,35.035282135009766
SCTXSUS1-04/EDTRVFPS1-20,marginalised,5073.213063328015,0.00022429375242969844,33.62158203125
SCTXSUS1-04/EDTRVFPS1-20,marginalised,5222.298818710708,0.00027930533778476396,32.20133972167969
SCTXSUS1-04/EDTRVFPS1-20,marginalised,5375.7657349436495,0.0003488191268440724,30.77496337890625
SCTXSUS1-04/EDTRVFPS1-20,marginalised,5533.742560547091,0.0004368606128704336,29.344383239746094
SCTXSUS1-04/EDTRVFPS1-20,marginalised,5696.361827554836,0.0005484804184074344,27.913330078125
SCTXSUS1-04/EDTRVFPS1-20,marginalised,5863.7599626997935,0.0006899572386904815,26.486770629882812
SCTXSUS1-04/EDTRVFPS1-20,marginalised,6036.077401866918,0.0008690054712983866,25.07077407836914
SCTXSUS1-04/EDTRVFPS1-20,marginalised,6213.458707909563,0.001095008546264112,23.671913146972656
SCTXSUS1-04/EDTRVFPS1-20,marginalised,6396.052691928084,0.0013792652576931819,22.296876907348633
SCTXSUS1-04/EDTRVFPS1-20,marginalised,6584.01253811244,0.001735154723706866,20.952415466308594
SCTXSUS1-04/EDTRVFPS1-20,marginalised,6777.495932253529,0.002178277656152286,19.645050048828125
SCTXSUS1-04/EDTRVFPS1-20,marginalised,6976.665194031055,0.0027263172933725253,18.381351470947266
SCTXSUS1-04/EDTRVFPS1-20,marginalised,7181.687413188935,0.003398615469087407,17.167865753173828
SCTXSUS1-04/EDTRVFPS1-20,marginalised,7392.7345897124615,0.004215207415982492,16.011234283447266
SCTXSUS1-04/EDTRVFPS1-20,marginalised,7609.983778124831,0.0051953839691524055,14.917949676513672
SCTXSUS1-04/EDTRVFPS1-20,marginalised,7833.617236024098,0.006355665488727451,13.865640640258789
SCTXSUS1-04/EDTRVFPS1-20,marginalised,8063.822576985159,0.007707540406162875,12.884773254394531
SCTXSUS1-04/EDTRVFPS1-20,marginalised,8300.792927955043,0.009255176346936856,11.981351852416992
SCTXSUS1-04/EDTRVFPS1-20,marginalised,8544.72709127356,0.010993824093246719,11.157596588134766
SCTXSUS1-04/EDTRVFPS1-20,marginalised,8795.829711455217,0.012908876319005856,10.413888931274414
SCTXSUS1-04/EDTRVFPS1-20,marginalised,9054.311446872338,0.014976248813636591,9.748799324035645
SCTXSUS1-04/EDTRVFPS1-20,marginalised,9320.389146483403,0.017163433825173716,9.159423828125
SCTXSUS1-04/EDTRVFPS1-20,marginalised,9594.286031754884,0.01943140142850423,8.641745567321777
SCTXSUS1-04/EDTRVFPS1-20,marginalised,9876.23188392918,0.02173644156151964,8.191146850585938
SCTXSUS1-04/EDTRVFPS1-20,marginalised,10166.463236795784,0.024031915944815494,7.795436382293701
SCTXSUS1-04/EDTRVFPS1-20,marginalised,10465.223575127364,0.026269178473279392,7.431125164031982
SCTXSUS1-04/EDTRVFPS1-20,marginalised,10772.76353894728,0.028398190188052647,7.12033748626709
SCTXSUS1-04/EDTRVFPS1-20,marginalised,11089.341133799862,0.03036735877633724,6.859737873077393
SCTXSUS1-04/EDTRVFPS1-20,marginalised,11415.221947199878,0.032123735843519144,6.646860599517822
SCTXSUS1-04/EDTRVFPS1-20,marginalised,11750.679371442766,0.03361409098829534,6.480085849761963
SCTXSUS1-04/EDTRVFPS1-20,marginalised,12095.99483296256,0.03478750595342044,6.358526706695557
SCTXSUS1-04/EDTRVFPS1-20,marginalised,12451.458028429928,0.03560002850343838,6.281761646270752
SCTXSUS1-04/EDTRVFPS1-20,marginalised,12817.367167788372,0.03602061090876151,6.2494964599609375
SCTXSUS1-04/EDTRVFPS1-20,marginalised,13194.029224432512,0.03603669195550156,6.261190891265869
SCTXSUS1-04/EDTRVFPS1-20,marginalised,13581.76019273832,0.0356575016099934,6.278541088104248
SCTXSUS1-04/EDTRVFPS1-20,marginalised,13980.885353161344,0.03491342255343767,6.337279319763184
SCTXSUS1-04/EDTRVFPS1-20,marginalised,14391.739545125352,0.033851411258526955,6.435670375823975
SCTXSUS1-04/EDTRVFPS1-20,marginalised,14814.6674479303,0.032527896574093516,6.571784019470215
SCTXSUS1-04/EDTRVFPS1-20,marginalised,15250.023869915305,0.031001426535206888,6.743780136108398
SCTXSUS1-04/EDTRVFPS1-20,marginalised,15698.174046119213,0.029327114115433678,6.950180530548096
SCTXSUS1-04/EDTRVFPS1-20,marginalised,16159.49394468846,0.027553742287490086,7.18998384475708
SCTXSUS1-04/EDTRVFPS1-20,marginalised,16634.370582289313,0.02572320248504238,7.462657928466797
SCTXSUS1-04/EDTRVFPS1-20,marginalised,17123.202348789062,0.023871492836510137,7.7583746910095215
SCTXSUS1-04/EDTRVFPS1-20,marginalised,17626.399341478595,0.02203001238800954,8.05778694152832
SCTXSUS1-04/EDTRVFPS1-20,marginalised,18144.3837091167,0.0202264437581665,8.388802528381348
SCTXSUS1-04/EDTRVFPS1-20,marginalised,18677.590006084753,0.018484927827893637,8.750504493713379
SCTXSUS1-04/EDTRVFPS1-20,marginalised,19226.465556948904,0.01682571304004817,9.14139175415039
SCTXSUS1-04/EDTRVFPS1-20,marginalised,19791.47083173559,0.015264485929350416,9.559389114379883
SCTXSUS1-04/EDTRVFPS1-20,marginalised,20373.07983223521,0.013812016355628945,10.001923561096191
SCTXSUS1-04/EDTRVFPS1-20,marginalised,20971.780489658064,0.01247413091516165,10.466093063354492
SCTXSUS1-04/EDTRVFPS1-20,marginalised,21588.07507397612,0.011252163078767547,10.948856353759766
SCTXSUS1-04/EDTRVFPS1-20,marginalised,22222.48061529409,0.01014376853313236,11.426259994506836
SCTXSUS1-04/EDTRVFPS1-20,marginalised,22875.529337603224,0.009143902679986713,11.900341033935547
SCTXSUS1-04/EDTRVFPS1-20,marginalised,23547.769105281797,0.008245833437571418,12.384966850280762
SCTXSUS1-04/EDTRVFPS1-20,marginalised,24239.76388271683,0.007441969885316836,12.877540588378906
SCTXSUS1-04/EDTRVFPS1-20,marginalised,24952.09420743264,0.006724517759959767,13.375433921813965
SCTXSUS1-04/EDTRVFPS1-20,marginalised,25685.357677123167,0.0060859098110732585,13.875904083251953
SCTXSUS1-04/EDTRVFPS1-20,marginalised,26440.16945099661,0.005519019174007194,14.375991821289062
SCTXSUS1-04/EDTRVFPS1-20,marginalised,27217.16276585305,0.005017230530774311,14.872474670410156
SCTXSUS1-04/EDTRVFPS1-20,marginalised,28016.989467327927,0.004574419704971256,15.361919403076172
SCTXSUS1-04/EDTRVFPS1-20,marginalised,28840.320556747116,0.004184892301485015,15.840776443481445
SCTXSUS1-04/EDTRVFPS1-20,marginalised,29687.846754052352,0.0038433195923572023,16.29662322998047
SCTXSUS1-04/EDTRVFPS1-20,marginalised,30560.27907726924,0.00354468518662553,16.717971801757812
SCTXSUS1-04/EDTRVFPS1-20,marginalised,31458.349439004014,0.0032842681414094518,17.12067985534668
SCTXSUS1-04/EDTRVFPS1-20,marginalised,32382.81126046948,0.003057646714451208,17.502525329589844
SCTXSUS1-04/EDTRVFPS1-20,marginalised,33334.44010355521,0.0028607108570186685,17.861921310424805
SCTXSUS1-04/EDTRVFPS1-20,marginalised,34314.03432147232,0.0026896831153005118,18.19794464111328
SCTXSUS1-04/EDTRVFPS1-20,marginalised,35322.41572851861,0.002541141890749713,18.51032257080078
SCTXSUS1-04/EDTRVFPS1-20,marginalised,36360.43028952606,0.0024120336099741797,18.799293518066406
SCTXSUS1-04/EDTRVFPS1-20,marginalised,37428.948829568944,0.0022996806729025016,19.065505981445312
SCTXSUS1-04/EDTRVFPS1-20,marginalised,38528.86776452806,0.0022017797313136295,19.309831619262695
SCTXSUS1-04/EDTRVFPS1-20,marginalised,39661.10985312396,0.002116385113888764,19.533241271972656
SCTXSUS1-04/EDTRVFPS1-20,marginalised,40826.624971050056,0.0020418847719464515,19.73666000366211
SCTXSUS1-04/EDTRVFPS1-20,marginalised,42026.39090785501,0.0019769614475064526,19.92090606689453
SCTXSUS1-04/EDTRVFPS1-20,marginalised,43261.41418724311,0.0019205391127157286,20.086666107177734
SCTXSUS1-04/EDTRVFPS1-20,marginalised,44532.73091148053,0.0018717282851907686,20.234556198120117
SCTXSUS1-04/EDTRVFPS1-20,marginalised,45841.40763061619,0.001829765169216421,20.365222930908203
SCTXSUS1-04/EDTRVFPS1-20,marginalised,47188.54223724614,0.001793961114045667,20.47940444946289
SCTXSUS1-04/EDTRVFPS1-20,marginalised,48575.26488757238,0.001763665880983878,20.578041076660156
SCTXSUS1-04/EDTRVFPS1-20,marginalised,50002.73894952859,0.001738247299286935,20.662281036376953
SCTXSUS1-04/EDTRVFPS1-20,marginalised,51472.16197876832,0.0017170871523087754,20.733469009399414
SCTXSUS1-04/EDTRVFPS1-20,marginalised,52984.766723334484,0.0016995878480371694,20.793094635009766
SCTXSUS1-04/EDTRVFPS1-20,marginalised,54541.822157852774,0.0016851893258384347,20.842670440673828
SCTXSUS1-04/EDTRVFPS1-20,marginalised,56144.6345481169,0.0016733791386925158,20.883686065673828
SCTXSUS1-04/EDTRVFPS1-20,marginalised,57794.54854695855,0.0016637025658045271,20.917539596557617
SCTXSUS1-04/EDTRVFPS1-20,marginalised,59492.948322321565,0.0016557676990691156,20.945465087890625
SCTXSUS1-04/EDTRVFPS1-20,marginalised,61241.258718486635,0.0016492446856407788,20.96853256225586
SCTXSUS1-04/EDTRVFPS1-20,marginalised,63040.946451420736,0.0016438606502356872,20.987651824951172
SCTXSUS1-04/EDTRVFPS1-20,marginalised,64893.521339254155,0.001639393899922467,21.00356674194336
SCTXSUS1-04/EDTRVFPS1-20,marginalised,66800.5375689173,0.001635666350438142,21.016883850097656
SCTXSUS1-04/EDTRVFPS1-20,marginalised,68763.59500000002,0.0016325350138089334,21.02809715270996
EDTRVFPS1-11,marginalised,135.37219044999998,0.008200404737651157,9.126015663146973
EDTRVFPS1-11,marginalised,139.35035281359853,0.008171028971693443,9.140766143798828
EDTRVFPS1-11,marginalised,143.44542084104532,0.008146865046447519,9.152944564819336
EDTRVFPS1-11,marginalised,147.6608300216419,0.008127006912854217,9.162986755371094
EDTRVFPS1-11,marginalised,152.00011680290135,0.008110718469722448,9.171241760253906
EDTRVFPS1-11,marginalised,156.46692155739206,0.008097436956113075,9.17798900604248
EDTRVFPS1-11,marginalised,161.06499163676813,0.00808673794522046,9.183430671691895
EDTRVFPS1-11,marginalised,165.7981845155475,0.008078345382677446,9.18769645690918
EDTRVFPS1-11,marginalised,170.6704710272763,0.008072086749365659,9.190869331359863
EDTRVFPS1-11,marginalised,175.68593869579362,0.008067862864497075,9.1929931640625
EDTRVFPS1-11,marginalised,180.84879516439182,0.008065609010350118,9.19408893585205
EDTRVFPS1-11,marginalised,186.1633717257488,0.008065236623333936,9.194207191467285
EDTRVFPS1-11,marginalised,191.6341269555943,0.008066597312655405,9.193414688110352
EDTRVFPS1-11,marginalised,197.26565045315775,0.0080694435268432,9.191848754882812
EDTRVFPS1-11,marginalised,203.0626666915364,0.008073421670654978,9.189685821533203
EDTRVFPS1-11,marginalised,209.03003898121352,0.008078085823422702,9.187170028686523
EDTRVFPS1-11,marginalised,215.172773550052,0.008082927987397714,9.184568405151367
EDTRVFPS1-11,marginalised,221.49602374318596,0.008087433384377464,9.18215274810791
EDTRVFPS1-11,marginalised,228.00509434633412,0.008091150711201554,9.180163383483887
EDTRVFPS1-11,marginalised,234.70544603616173,0.008093734321737983,9.178775787353516
EDTRVFPS1-11,marginalised,241.60269996142438,0.00809500081066775,9.17809772491455
EDTRVFPS1-11,marginalised,248.70264245873756,0.008094952873174441,9.17811393737793
EDTRVFPS1-11,marginalised,256.01122990692755,0.008093790853914179,9.178730010986328
EDTRVFPS1-11,marginalised,263.5345937240365,0.008091902966079362,9.179728507995605
EDTRVFPS1-11,marginalised,271.2790455111738,0.008089840103655967,9.180822372436523
EDTRVFPS1-11,marginalised,279.25108234752895,0.008088273275964503,9.181655883789062
EDTRVFPS1-11,marginalised,287.4573922409883,0.008087915647132828,9.181842803955078
EDTRVFPS1-11,marginalised,295.90485973892805,0.008089451991390332,9.181023597717285
EDTRVFPS1-11,marginalised,304.600571703891,0.008093439241327424,9.178905487060547
EDTRVFPS1-11,marginalised,313.5518232589922,0.008100217945513338,9.175301551818848
EDTRVFPS1-11,marginalised,322.7661239080412,0.008109855029277566,9.170187950134277
EDTRVFPS1-11,marginalised,332.25120383551575,0.008122103346467494,9.163700103759766
EDTRVFPS1-11,marginalised,342.0150203916713,0.008136438522149125,9.156116485595703
EDTRVFPS1-11,marginalised,352.0657647682283,0.008152116861733776,9.14783763885498
EDTRVFPS1-11,marginalised,362.4118688702359,0.00816829418393663,9.139311790466309
EDTRVFPS1-11,marginalised,373.06201238987916,0.008184130673997841,9.130982398986816
EDTRVFPS1-11,marginalised,384.0251300881623,0.00819890615148115,9.123225212097168
EDTRVFPS1-11,marginalised,395.31041929057807,0.00821210403636717,9.116305351257324
EDTRVFPS1-11,marginalised,406.92734760305143,0.008223410146906267,9.110387802124023
EDTRVFPS1-11,marginalised,418.8856608546299,0.008232719642452225,9.105518341064453
EDTRVFPS1-11,marginalised,431.1953912735853,0.008240096057105567,9.101664543151855
EDTRVFPS1-11,marginalised,443.8668659037849,0.008245717490310457,9.098729133605957
EDTRVFPS1-11,marginalised,456.9107152683933,0.008249824518261223,9.096585273742676
EDTRVFPS1-11,marginalised,470.33788228817326,0.00825268524738381,9.0950927734375
EDTRVFPS1-11,marginalised,484.1596314618674,0.008254559516357184,9.0941162109375
EDTRVFPS1-11,marginalised,498.3875583163622,0.008255681018192816,9.093530654907227
EDTRVFPS1-11,marginalised,513.0335991345628,0.00830472887237725,9.068005561828613
EDTRVFPS1-11,marginalised,528.1100409691392,0.008316894694301873,9.061687469482422
EDTRVFPS1-11,marginalised,543.6295319505449,0.008330025752266006,9.0548734664917
EDTRVFPS1-11,marginalised,559.6050918979561,0.008343776903544523,9.04773998260498
EDTRVFPS1-11,marginalised,576.0501232420327,0.00835770652973662,9.04051399230957
EDTRVFPS1-11,marginalised,592.9784222686645,0.008371353639570754,9.033432006835938
EDTRVFPS1-11,marginalised,610.4041906931367,0.008384296630471992,9.026707649230957
EDTRVFPS1-11,marginalised,628.3420475744225,0.008396195510512188,9.020511627197266
EDTRVFPS1-11,marginalised,646.8070415796001,0.008406803229140999,9.01496696472168
EDTRVFPS1-11,marginalised,665.8146636086819,0.008415955461750148,9.01015567779541
EDTRVFPS1-11,marginalised,685.3808597904479,0.008423547135032176,9.006128311157227
EDTRVFPS1-11,marginalised,705.5220448601851,0.008429508201226779,9.002918243408203
EDTRVFPS1-11,marginalised,726.2551159305577,0.00843378904870568,9.000547409057617
EDTRVFPS1-11,marginalised,747.5974666671586,0.008436360579065319,8.999031066894531
EDTRVFPS1-11,marginalised,769.5670018806366,0.008437220318908395,8.998372077941895
EDTRVFPS1-11,marginalised,792.182152547639,0.008436400493020383,8.998552322387695
EDTRVFPS1-11,marginalised,815.4618912731751,0.008433970668439747,8.999542236328125
EDTRVFPS1-11,marginalised,839.4257482073658,0.008430024307760596,9.001294136047363
EDTRVFPS1-11,marginalised,864.0938274299407,0.008424656619558058,9.003763198852539
EDTRVFPS1-11,marginalised,889.4868238162203,0.008417939110250775,9.006915092468262
EDTRVFPS1-11,marginalised,915.6260403987387,0.008409897064622907,9.010737419128418
EDTRVFPS1-11,marginalised,942.5334062390691,0.008400500011479925,9.015246391296387
EDTRVFPS1-11,marginalised,970.2314948248447,0.00838966616703618,9.020484924316406
EDTRVFPS1-11,marginalised,998.7435430074127,0.008377273056591885,9.026515007019043
EDTRVFPS1-11,marginalised,1028.093470496003,0.008363182525552924,9.033411979675293
EDTRVFPS1-11,marginalised,1058.3058999247728,0.008347248933411499,9.041252136230469
EDTRVFPS1-11,marginalised,1089.406177509555,0.008329332684527506,9.050114631652832
EDTRVFPS1-11,marginalised,1121.420394311646,0.008309294657567868,9.060077667236328
EDTRVFPS1-11,marginalised,1154.3754081264678,0.008286983208180516,9.07122802734375
EDTRVFPS1-11,marginalised,1188.298866015469,0.008262233781083688,9.083663940429688
EDTRVFPS1-11,marginalised,1223.2192275001682,0.008234859425770845,9.097493171691895
EDTRVFPS1-11,marginalised,1259.1657884377973,0.008204667230412615,9.112833976745605
EDTRVFPS1-11,marginalised,1296.1687055985733,0.008171484426971546,9.12979793548584
EDTRVFPS1-11,marginalised,1334.2590219652202,0.00813518835054287,9.148473739624023
EDTRVFPS1-11,marginalised,1373.4686927759642,0.008095734494792497,9.168912887573242
EDTRVFPS1-11,marginalised,1413.8306123328493,0.008053167883902737,9.191125869750977
EDTRVFPS1-11,marginalised,1455.378641597866,0.008007616664404773,9.215079307556152
EDTRVFPS1-11,marginalised,1498.147636600043,0.007959268899296925,9.240711212158203
EDTRVFPS1-11,marginalised,1542.1734776773333,0.00790833220555427,9.2679443359375
EDTRVFPS1-11,marginalised,1587.4930995778286,0.007854988278360567,9.296719551086426
EDTRVFPS1-11,marginalised,1634.144522445552,0.007799366136577701,9.327000617980957
EDTRVFPS1-11,marginalised,1682.1668837168259,0.007741524603717166,9.358794212341309
EDTRVFPS1-11,marginalised,1731.6004709539754,0.007681448108719905,9.3921480178833
EDTRVFPS1-11,marginalised,1782.4867556439092,0.007619079178766452,9.42713451385498
EDTRVFPS1-11,marginalised,1834.8684279899333,0.007554325183337463,9.46385383605957
EDTRVFPS1-11,marginalised,1888.7894327259896,0.007487102260688153,9.502405166625977
EDTRVFPS1-11,marginalised,1944.29500598336,0.007417335945545588,9.542886734008789
EDTRVFPS1-11,marginalised,2001.431713240767,0.007344987207993652,9.585383415222168
EDTRVFPS1-11,marginalised,2060.247488389709,0.007270013807029779,9.629985809326172
EDTRVFPS1-11,marginalised,2120.7916739478023,0.007192390412337321,9.67678451538086
EDTRVFPS1-11,marginalised,2183.115062453867,0.007112059079549177,9.725892066955566
EDTRVFPS1-11,marginalised,2247.2699390794824,0.007028912073845963,9.777463912963867
EDTRVFPS1-11,marginalised,2313.3101254927647,0.006942805243034423,9.831686019897461
EDTRVFPS1-11,marginalised,2381.2910250111618,0.00685352310876531,9.88880443572998
EDTRVFPS1-11,marginalised,2451.2696690811435,0.006760816049987754,9.949106216430664
EDTRVFPS1-11,marginalised,2523.3047651237907,0.006664416638892797,10.012913703918457
EDTRVFPS1-11,marginalised,2597.4567457864064,0.006564077373194094,10.080561637878418
EDTRVFPS1-11,marginalised,2673.7878196414845,0.006459623155901906,10.152361869812012
EDTRVFPS1-11,marginalised,2752.362023375557,0.006350964839226032,10.228593826293945
EDTRVFPS1-11,marginalised,2833.2452755117088,0.006238148989834553,10.309455871582031
EDTRVFPS1-11,marginalised,2916.5054317108293,0.006121359153953991,10.392594337463379
EDTRVFPS1-11,marginalised,3002.2123416979884,0.006000890309793528,10.480446815490723
EDTRVFPS1-11,marginalised,3090.437907861707,0.005877140954089719,10.57299518585205
EDTRVFPS1-11,marginalised,3181.256145575269,0.005750566589007401,10.670185089111328
EDTRVFPS1-11,marginalised,3274.7432452906896,0.005621637776295034,10.771929740905762
EDTRVFPS1-11,marginalised,3370.9776364574313,0.005490824765952793,10.878138542175293
EDTRVFPS1-11,marginalised,3470.0400533194857,0.005358580795587413,10.98870849609375
EDTRVFPS1-11,marginalised,3572.0136026460273,0.00522531577241668,11.103560447692871
EDTRVFPS1-11,marginalised,3676.983833452457,0.005091413249639746,11.222618103027344
EDTRVFPS1-11,marginalised,3785.0388087703277,0.004957202427989261,11.345832824707031
EDTRVFPS1-11,marginalised,3896.2691795263618,0.004822941330990846,11.473215103149414
EDTRVFPS1-11,marginalised,4010.7682605925406,0.004688806140178539,11.60483455657959
EDTRVFPS1-11,marginalised,4128.632109071065,0.004554864232901711,11.740880966186523
EDTRVFPS1-11,marginalised,4249.959604879869,0.004421076633082419,11.881669998168945
EDTRVFPS1-11,marginalised,4374.852533706281,0.004287294833760282,12.027664184570312
EDTRVFPS1-11,marginalised,4503.415672398435,0.004153278794476189,12.179498672485352
EDTRVFPS1-11,marginalised,4635.756876866071,0.00401873188241371,12.337942123413086
EDTRVFPS1-11,marginalised,4771.987172564457,0.003883337860591576,12.503908157348633
EDTRVFPS1-11,marginalised,4912.220847637349,0.0037468095224768637,12.678388595581055
EDTRVFPS1-11,marginalised,5056.575548797132,0.0036089331796497317,12.86242389678955
EDTRVFPS1-11,marginalised,5205.172380022577,0.0034696183703773835,13.057039260864258
EDTRVFPS1-11,marginalised,5358.136004157008,0.0033289156116682664,13.263195037841797
EDTRVFPS1-11,marginalised,5515.5947474921295,0.0031870475328136783,13.481729507446289
EDTRVFPS1-11,marginalised,5677.680707425231,0.0030443923785052345,13.707340240478516
EDTRVFPS1-11,marginalised,5844.529863280111,0.0029014670569771175,13.946167945861816
EDTRVFPS1-11,marginalised,6016.282190384668,0.002758883230214456,14.198568344116211
EDTRVFPS1-11,marginalised,6193.0817775008745,0.002617303250620043,14.464746475219727
EDTRVFPS1-11,marginalised,6375.0769477056565,0.002477391457375855,14.74479866027832
EDTRVFPS1-11,marginalised,6562.420382824072,0.002339796469735166,15.038735389709473
EDTRVFPS1-11,marginalised,6755.26925151919,0.002205133294304136,15.34646987915039
EDTRVFPS1-11,marginalised,6953.785341146136,0.002073987066781306,15.667781829833984
EDTRVFPS1-11,marginalised,7158.135193480898,0.001946926357710979,16.00222396850586
EDTRVFPS1-11,marginalised,7368.49024443779,0.0018245090136705408,16.349044799804688
EDTRVFPS1-11,marginalised,7585.026967892762,0.0017072719818857205,16.707138061523438
EDTRVFPS1-11,marginalised,7807.927023733226,0.0015957091853397057,17.070777893066406
EDTRVFPS1-11,marginalised,8037.377410258603,0.0014902387147242425,17.437122344970703
EDTRVFPS1-11,marginalised,8273.57062105944,0.0013911613868837944,17.809179306030273
EDTRVFPS1-11,marginalised,8516.704806506708,0.0012986332521103326,18.184860229492188
EDTRVFPS1-11,marginalised,8766.983939986769,0.001212650648869435,18.562171936035156
EDTRVFPS1-11,marginalised,9024.617989021455,0.001133054218780503,18.939414978027344
EDTRVFPS1-11,marginalised,9289.823091416838,0.0010595454472051454,19.315330505371094
EDTRVFPS1-11,marginalised,9562.821736588448,0.0009917204944159975,19.689151763916016
EDTRVFPS1-11,marginalised,9843.842952215075,0.0009291040914003314,20.06066131591797
EDTRVFPS1-11,marginalised,10133.122496377735,0.0008711882157020643,20.43014144897461
EDTRVFPS1-11,marginalised,10430.903055344996,0.0008174580237912506,20.78957748413086
EDTRVFPS1-11,marginalised,10737.434447170594,0.0007674240541549611,21.14846420288086
EDTRVFPS1-11,marginalised,11052.973831274137,0.0007206428152908836,21.50843048095703
EDTRVFPS1-11,marginalised,11377.785924180731,0.0006767341662270461,21.870792388916016
EDTRVFPS1-11,marginalised,11712.143221600505,0.0006353949140434881,22.236663818359375
EDTRVFPS1-11,marginalised,12056.326227034373,0.0005964035363954074,22.606807708740234
EDTRVFPS1-11,marginalised,12410.623687097774,0.0005596143764392769,22.981504440307617
EDTRVFPS1-11,marginalised,12775.33283375986,0.0005249459626366004,23.36042022705078
EDTRVFPS1-11,marginalised,13150.759633701311,0.0004923556564551676,23.74272918701172
EDTRVFPS1-11,marginalised,13537.219045000003,0.0004618159491789457,24.12537384033203
EDTRVFPS1-12,marginalised,57.41024650000003,1.27983023052824e-310,700.6270751953125
EDTRVFPS1-12,marginalised,59.09735284844587,1.4322604597173e-310,699.9955444335938
EDTRVFPS1-12,marginalised,60.834037939441906,1.69234345378134e-310,698.9591064453125
EDTRVFPS1-12,marginalised,62.621758736098435,2.12729888918696e-310,693.785888671875
EDTRVFPS1-12,marginalised,64.46201501708333,2.879786836773e-310,678.0778198242188
EDTRVFPS1-12,marginalised,66.35635063483637,4.28428190230266e-310,639.910400390625
EDTRVFPS1-12,marginalised,68.30635481075872,7.24489297075827e-310,559.6959838867188
EDTRVFPS1-12,marginalised,70.31366346846367,1.47144123037293e-309,421.5791931152344
EDTRVFPS1-12,marginalised,72.3799606062077,3.7718582013655585e-14,249.47476196289062
EDTRVFPS1-12,marginalised,74.50697970965282,2.6619118883588716e-06,111.91410827636719
EDTRVFPS1-12,marginalised,76.69650520614553,0.030119214663040315,44.92662048339844
EDTRVFPS1-12,marginalised,78.95037396173252,0.4044053584621923,28.061981201171875
EDTRVFPS1-12,marginalised,81.27047682216899,0.2047827982898384,32.098609924316406
EDTRVFPS1-12,marginalised,83.65876019921218,0.049726367801633184,41.10338592529297
EDTRVFPS1-12,marginalised,86.11722770353127,0.014708259340628412,49.18023681640625
EDTRVFPS1-12,marginalised,88.64794182560327,0.0062661148532348575,54.9777717590332
EDTRVFPS1-12,marginalised,91.25302566600504,0.003653279788511234,58.687931060791016
EDTRVFPS1-12,marginalised,93.93466471655343,0.0026591694964747093,60.8725700378418
EDTRVFPS1-12,marginalised,96.69510869378716,0.0022306397395683727,62.1020622253418
EDTRVFPS1-12,marginalised,99.53667342632927,0.0020362200238721517,62.72301483154297
EDTRVFPS1-12,marginalised,102.46174279771303,0.001949124896021033,63.01899719238281
EDTRVFPS1-12,marginalised,105.47277074630138,0.0019134152741688444,63.1422004699707
EDTRVFPS1-12,marginalised,108.57228332397789,0.0019022579345935764,63.17870330810547
EDTRVFPS1-12,marginalised,111.76288081533588,0.0019023937178347804,63.17477798461914
EDTRVFPS1-12,marginalised,115.04723991914409,0.0019073203467870029,63.15394592285156
EDTRVFPS1-12,marginalised,118.42811599391865,0.0019139666164452735,63.127410888671875
EDTRVFPS1-12,marginalised,121.90834536948529,0.0019209548796856818,63.10013198852539
EDTRVFPS1-12,marginalised,125.4908477264711,0.0019277034603113075,63.074153900146484
EDTRVFPS1-12,marginalised,129.17862854572226,0.0019339881217183392,63.050209045410156
EDTRVFPS1-12,marginalised,132.97478162970205,0.0019397199392095178,63.02854919433594
EDTRVFPS1-12,marginalised,136.88249169798524,0.0019448720132811182,63.009193420410156
EDTRVFPS1-12,marginalised,140.90503705902557,0.00194943415712508,62.992164611816406
EDTRVFPS1-12,marginalised,145.04579236043816,0.0019534186875840506,62.977352142333984
EDTRVFPS1-12,marginalised,149.30823142010416,0.0019568493371654883,62.964637756347656
EDTRVFPS1-12,marginalised,153.69593014047246,0.0019597729791916664,62.9538459777832
EDTRVFPS1-12,marginalised,158.21256950850375,0.0019622618955557293,62.9446907043457
EDTRVFPS1-12,marginalised,162.86193868377327,0.0019644097726870253,62.93678665161133
EDTRVFPS1-12,marginalised,167.64793817732348,0.0019663249494318996,62.92977523803711
EDTRVFPS1-12,marginalised,172.57458312393277,0.001968130949448101,62.92319107055664
EDTRVFPS1-12,marginalised,177.6460066505463,0.001969945233813551,62.91658401489258
EDTRVFPS1-12,marginalised,182.86646334369408,0.0019718731914538145,62.90960693359375
EDTRVFPS1-12,marginalised,188.24033281880574,0.001973985572779025,62.901973724365234
EDTRVFPS1-12,marginalised,193.77212339441604,0.001976305141856325,62.893611907958984
EDTRVFPS1-12,marginalised,199.466475874344,0.001978808285352096,62.884620666503906
EDTRVFPS1-12,marginalised,205.32816744101802,0.001981412527324613,62.87528610229492
EDTRVFPS1-12,marginalised,211.36211566321373,0.0019839927402641464,62.86604309082031
EDTRVFPS1-12,marginalised,217.57338262156676,0.0019863981418586185,62.85745620727539
EDTRVFPS1-12,marginalised,223.9671791553211,0.0019884717395018967,62.85004806518555
EDTRVFPS1-12,marginalised,230.54886923387613,0.0019900817229585076,62.84429931640625
EDTRVFPS1-12,marginalised,237.3239744567998,0.001991138613171634,62.840538024902344
EDTRVFPS1-12,marginalised,244.29817868608254,0.001991614053282534,62.83884048461914
EDTRVFPS1-12,marginalised,251.47733281451931,0.0019915550423396816,62.83905029296875
EDTRVFPS1-12,marginalised,258.86745967421854,0.001991078846392408,62.84074020385742
EDTRVFPS1-12,marginalised,266.4747590893573,0.0019903744837305604,62.84324264526367
EDTRVFPS1-12,marginalised,274.3056130774205,0.001989681487541408,62.845703125
EDTRVFPS1-12,marginalised,282.3665912032895,0.001989270674353804,62.84717559814453
EDTRVFPS1-12,marginalised,290.6644560906678,0.001989420554192702,62.846641540527344
EDTRVFPS1-12,marginalised,299.206169095473,0.0019903793934006445,62.84322738647461
EDTRVFPS1-12,marginalised,307.99889614595054,0.0019923421063341015,62.836238861083984
EDTRVFPS1-12,marginalised,317.05001375441,0.0019954137661684734,62.82532501220703
EDTRVFPS1-12,marginalised,326.3671152056275,0.0019995918543651123,62.81050491333008
EDTRVFPS1-12,marginalised,335.95801692710626,0.0020047661775089,62.79219436645508
EDTRVFPS1-12,marginalised,345.83076504653815,0.002010719814837073,62.771183013916016
EDTRVFPS1-12,marginalised,355.9936421419692,0.0020171654150673824,62.74850845336914
EDTRVFPS1-12,marginalised,366.4551741903305,0.002023772430955837,62.725337982177734
EDTRVFPS1-12,marginalised,377.22413772016546,0.00203022053662778,62.70280075073242
EDTRVFPS1-12,marginalised,388.3095671745521,0.002036226796485329,62.6818733215332
EDTRVFPS1-12,marginalised,399.7207624903995,0.0020415851819998616,62.66325378417969
EDTRVFPS1-12,marginalised,411.46729690047505,0.0020461702364107555,62.64735794067383
EDTRVFPS1-12,marginalised,423.55902496470907,0.0020499339578499676,62.63433837890625
EDTRVFPS1-12,marginalised,436.00609083751436,0.00205290317688193,62.624080657958984
EDTRVFPS1-12,marginalised,448.8189367780561,0.002055149763128559,62.6163330078125
EDTRVFPS1-12,marginalised,462.00831191061144,0.0020567709797972467,62.61074447631836
EDTRVFPS1-12,marginalised,475.585281242369,0.0020578820372534664,62.60691833496094
EDTRVFPS1-12,marginalised,489.5612349462327,0.0020585892007433182,62.604488372802734
EDTRVFPS1-12,marginalised,503.9478979164183,0.0020788763792350226,62.535003662109375
EDTRVFPS1-12,marginalised,518.7573396048584,0.0020846197404308037,62.51545715332031
EDTRVFPS1-12,marginalised,534.0019841466692,0.0020911006726997733,62.49346923828125
EDTRVFPS1-12,marginalised,549.6946207831713,0.002098268633982212,62.46921920776367
EDTRVFPS1-12,marginalised,565.8484145912126,0.0021060065936633833,62.44313430786133
EDTRVFPS1-12,marginalised,582.4769175277894,0.002114155578797739,62.415775299072266
EDTRVFPS1-12,marginalised,599.594079799237,0.002122545792167006,62.38770294189453
EDTRVFPS1-12,marginalised,617.2142615645223,0.0021310141292323922,62.3594856262207
EDTRVFPS1-12,marginalised,635.3522449824618,0.002139428726540774,62.3315544128418
EDTRVFPS1-12,marginalised,654.0232466129673,0.0021476918667582656,62.30423355102539
EDTRVFPS1-12,marginalised,673.242930182727,0.0021557393553306705,62.27772521972656
EDTRVFPS1-12,marginalised,693.0274197260276,0.0021635268661484314,62.25215530395508
EDTRVFPS1-12,marginalised,713.3933131117462,0.002171020006373569,62.227638244628906
EDTRVFPS1-12,marginalised,734.357695967856,0.0021781889979658746,62.204261779785156
EDTRVFPS1-12,marginalised,755.9381560151306,0.0021849972625825904,62.182125091552734
EDTRVFPS1-12,marginalised,778.1527978220695,0.0021914127905149575,62.16132736206055
EDTRVFPS1-12,marginalised,801.0202579934261,0.002197405205979154,62.14194869995117
EDTRVFPS1-12,marginalised,824.5597208050765,0.0022029605128148825,62.124027252197266
EDTRVFPS1-12,marginalised,848.7909342983504,0.002208081558394537,62.107540130615234
EDTRVFPS1-12,marginalised,873.7342268473211,0.002212790005703167,62.09241485595703
EDTRVFPS1-12,marginalised,899.4105242129584,0.00221711897502854,62.078529357910156
EDTRVFPS1-12,marginalised,925.8413670984472,0.0022211087827050044,62.06575012207031
EDTRVFPS1-12,marginalised,953.0489292204035,0.002224794672382109,62.05396270751953
EDTRVFPS1-12,marginalised,981.0560359111447,0.0022282077438314112,62.043052673339844
EDTRVFPS1-12,marginalised,1009.8861832676241,0.0022313556009777593,62.03300476074219
EDTRVFPS1-12,marginalised,1039.5635578630904,0.002234237428758206,62.023807525634766
EDTRVFPS1-12,marginalised,1070.1130570380114,0.0022368379908045046,62.01551055908203
EDTRVFPS1-12,marginalised,1101.5603097872854,0.0022391370770225003,62.008174896240234
EDTRVFPS1-12,marginalised,1133.9316982612593,0.002241104582446473,62.001888275146484
EDTRVFPS1-12,marginalised,1167.2543798985964,0.002242711944622084,61.99674606323242
EDTRVFPS1-12,marginalised,1201.5563102095582,0.0022439289694055377,61.99283218383789
EDTRVFPS1-12,marginalised,1236.8662662288152,0.0022447136435897437,61.99028778076172
EDTRVFPS1-12,marginalised,1273.2138706574617,0.0022450258549936188,61.989227294921875
EDTRVFPS1-12,marginalised,1310.629616714492,0.002244821805345241,61.98979568481445
EDTRVFPS1-12,marginalised,1349.1448937185744,0.002244056101427689,61.992130279541016
EDTRVFPS1-12,marginalised,1388.7920134216033,0.0022426860495528274,61.996376037597656
EDTRVFPS1-12,marginalised,1429.604237116105,0.0022406831733205314,62.002628326416016
EDTRVFPS1-12,marginalised,1471.6158035392461,0.002238028176396593,62.01093673706055
EDTRVFPS1-12,marginalised,1514.8619575968548,0.0022347190211209457,62.0203742980957
EDTRVFPS1-12,marginalised,1559.3789799315482,0.002230756424085901,62.031864166259766
EDTRVFPS1-12,marginalised,1605.204217359775,0.002226145694701333,62.0453987121582
EDTRVFPS1-12,marginalised,1652.3761142033065,0.0022208949515748135,62.06097412109375
EDTRVFPS1-12,marginalised,1700.9342445414627,0.002215000761589933,62.07861328125
EDTRVFPS1-12,marginalised,1750.9193454111278,0.002208457637570468,62.098350524902344
EDTRVFPS1-12,marginalised,1802.373350982411,0.002201250366552555,62.1202507019043
EDTRVFPS1-12,marginalised,1855.3394277386228,0.0021933601539605957,62.144405364990234
EDTRVFPS1-12,marginalised,1909.8620106900776,0.0021847648238869553,62.17089080810547
EDTRVFPS1-12,marginalised,1965.9868406521082,0.002175443605441888,62.19981384277344
EDTRVFPS1-12,marginalised,2023.7610026185641,0.0021653802617954037,62.231258392333984
EDTRVFPS1-12,marginalised,2083.2329652629837,0.002154551866288168,62.26533126831055
EDTRVFPS1-12,marginalised,2144.4526216005825,0.0021429387733817953,62.30213928222656
EDTRVFPS1-12,marginalised,2207.4713308451715,0.002130513310929584,62.34182357788086
EDTRVFPS1-12,marginalised,2272.341961496114,0.00211723481892867,62.384559631347656
EDTRVFPS1-12,marginalised,2339.118935691478,0.0021030555262601296,62.43056869506836
EDTRVFPS1-12,marginalised,2407.8582748645813,0.002087912632384956,62.48012161254883
EDTRVFPS1-12,marginalised,2478.617646742246,0.002071734116382883,62.53355026245117
EDTRVFPS1-12,marginalised,2551.4564137241773,0.0020544404073072862,62.59120178222656
EDTRVFPS1-12,marginalised,2626.4356826840644,0.0020359530452127438,62.65345764160156
EDTRVFPS1-12,marginalised,2703.618356234177,0.002016208425268394,62.72066879272461
EDTRVFPS1-12,marginalised,2783.0691854964653,0.0019951531969334716,62.79317092895508
EDTRVFPS1-12,marginalised,2864.854824424441,0.0019727658557159022,62.871212005615234
EDTRVFPS1-12,marginalised,2949.043885721403,0.001949042953616575,62.954986572265625
EDTRVFPS1-12,marginalised,3035.706998401924,0.0019240157546811247,63.04459762573242
EDTRVFPS1-12,marginalised,3124.916867044891,0.0018977361099941777,63.14009094238281
EDTRVFPS1-12,marginalised,3216.748332787804,0.0018702679497762202,63.241455078125
EDTRVFPS1-12,marginalised,3311.2784361135036,0.001841686628482047,63.348655700683594
EDTRVFPS1-12,marginalised,3408.586481482006,0.001812074475898931,63.46164321899414
EDTRVFPS1-12,marginalised,3508.7541038616623,0.001781515919494175,63.580352783203125
EDTRVFPS1-12,marginalised,3611.8653372154577,0.0017500907477319277,63.70473098754883
EDTRVFPS1-12,marginalised,3718.0066849999107,0.0017178783880358527,63.834739685058594
EDTRVFPS1-12,marginalised,3827.267192735711,0.001684947235304723,63.97037124633789
EDTRVFPS1-12,marginalised,3939.738522710978,0.0016513552944072963,64.1116714477539
EDTRVFPS1-12,marginalised,4055.5150308798175,0.001617136370180334,64.2587890625
EDTRVFPS1-12,marginalised,4174.69384602068,0.0015822995541416745,64.41200256347656
EDTRVFPS1-12,marginalised,4297.37495122094,0.0015468256501553394,64.57173919677734
EDTRVFPS1-12,marginalised,4423.661267756037,0.0015106609282928278,64.73863983154297
EDTRVFPS1-12,marginalised,4553.658741433584,0.0014737246366608437,64.91352081298828
EDTRVFPS1-12,marginalised,4687.476431474829,0.001435920937622544,65.09737396240234
EDTRVFPS1-12,marginalised,4825.226602008089,0.0013971451360261398,65.29133605957031
EDTRVFPS1-12,marginalised,4967.024816250865,0.001357296706802193,65.49666595458984
EDTRVFPS1-12,marginalised,5112.990033459693,0.0013162968771531338,65.71467590332031
EDTRVFPS1-12,marginalised,5263.244708729032,0.001274104326861587,65.94335174560547
EDTRVFPS1-12,marginalised,5417.91489572293,0.001230717134377026,66.18418884277344
EDTRVFPS1-12,marginalised,5577.130352425654,0.001186194991818909,66.4408187866211
EDTRVFPS1-12,marginalised,5741.024649999996,0.0011406451901355007,66.71411895751953
EDTRVFPS1-18,marginalised,44.968614454999994,1.5130972358036955e-20,329.2281799316406
EDTRVFPS1-18,marginalised,46.29010041879644,7.639671295126e-311,334.5975036621094
EDTRVFPS1-18,marginalised,47.65042069344893,6.205104819198e-311,337.8572692871094
EDTRVFPS1-18,marginalised,49.05071649705661,5.241734778823e-311,339.79229736328125
EDTRVFPS1-18,marginalised,50.492162584524664,4.6076915181394e-311,340.8086853027344
EDTRVFPS1-18,marginalised,51.975968233105384,4.217641248604e-311,341.2110290527344
EDTRVFPS1-18,marginalised,53.50337825690125,4.0237536837164e-311,341.0972900390625
EDTRVFPS1-18,marginalised,55.07567405118104,4.0058739405873e-311,340.3297424316406
EDTRVFPS1-18,marginalised,56.69417466738518,4.1685185935893e-311,338.8916015625
EDTRVFPS1-18,marginalised,58.360237919721904,4.544547594279e-311,336.6415100097656
EDTRVFPS1-18,marginalised,60.07526152428303,5.208528712894e-311,332.8933410644531
EDTRVFPS1-18,marginalised,61.84068427163462,4.589706630755813e-20,326.9518127441406
EDTRVFPS1-18,marginalised,63.65798723386646,2.1642879104425117e-19,317.017333984375
EDTRVFPS1-18,marginalised,65.52869500711283,2.4288397142289428e-18,300.4216613769531
EDTRVFPS1-18,marginalised,67.45437699058719,1.1034618175353072e-16,272.4825134277344
EDTRVFPS1-18,marginalised,69.43664870320349,4.994731404636273e-14,226.8535614013672
EDTRVFPS1-18,marginalised,71.477173138889,3.3510452947622203e-10,160.89212036132812
EDTRVFPS1-18,marginalised,73.5776621617254,7.305315696080335e-06,87.35029602050781
EDTRVFPS1-18,marginalised,75.73987794208877,0.01690631271532477,34.13481140136719
EDTRVFPS1-18,marginalised,77.96563443499306,0.5225385595157834,14.590136528015137
EDTRVFPS1-18,marginalised,80.25679890187764,0.3044730727671767,17.320592880249023
EDTRVFPS1-18,marginalised,82.61529347711517,0.05115887271042012,27.377140045166016
EDTRVFPS1-18,marginalised,85.04309678055435,0.010694619193616329,37.12399673461914
EDTRVFPS1-18,marginalised,87.54224557745017,0.0035330761616461635,44.36659622192383
EDTRVFPS1-18,marginalised,90.11483648717429,0.0017371923442928618,49.10782241821289
EDTRVFPS1-18,marginalised,92.76302774213904,0.001134870225549835,51.99006271362305
EDTRVFPS1-18,marginalised,95.48904099841066,0.0008912003039722502,53.63618850708008
EDTRVFPS1-18,marginalised,98.29516319953069,0.0007823589105034252,54.5228385925293
EDTRVFPS1-18,marginalised,101.1837484951094,0.0007320967658645925,54.96943283081055
EDTRVFPS1-18,marginalised,104.15722021580035,0.0007092989538771427,55.18090057373047
EDTRVFPS1-18,marginalised,107.21807290631351,0.0006996845693749316,55.27024459838867
EDTRVFPS1-18,marginalised,110.36887441817203,0.0006963064578509816,55.29987335205078
EDTRVFPS1-18,marginalised,113.6122680639687,0.0006957452216402777,55.30234909057617
EDTRVFPS1-18,marginalised,116.95097483492904,0.0006963509890620923,55.29377746582031
EDTRVFPS1-18,marginalised,120.38779568364181,0.0006973598168105032,55.28164291381836
EDTRVFPS1-18,marginalised,123.92561387387154,0.0006984386461889059,55.2691650390625
EDTRVFPS1-18,marginalised,127.5673973994249,0.0006994536072221478,55.25764083862305
EDTRVFPS1-18,marginalised,131.31620147409967,0.0007003608296705709,55.2474365234375
EDTRVFPS1-18,marginalised,135.17517109480576,0.0007011510427497365,55.23860168457031
EDTRVFPS1-18,marginalised,139.14754368000794,0.0007018303612989526,55.23104476928711
EDTRVFPS1-18,marginalised,143.23665178570448,0.0007024073372342172,55.224647521972656
EDTRVFPS1-18,marginalised,147.44592590121954,0.0007028938567893162,55.21926498413086
EDTRVFPS1-18,marginalised,151.7788973271552,0.0007033016692242356,55.21476745605469
EDTRVFPS1-18,marginalised,156.23920113791752,0.0007036418070734897,55.211021423339844
EDTRVFPS1-18,marginalised,160.83057923130173,0.0007039234192812862,55.20791244506836
EDTRVFPS1-18,marginalised,165.55688346769534,0.0007041583208204306,55.205345153808594
EDTRVFPS1-18,marginalised,170.42207890153236,0.0007043559428473777,55.203182220458984
EDTRVFPS1-18,marginalised,175.43024710770987,0.0007045251763400761,55.20133972167969
EDTRVFPS1-18,marginalised,180.5855896057575,0.0007046735455716854,55.199745178222656
EDTRVFPS1-18,marginalised,185.89243138463243,0.000704807578821613,55.198299407958984
EDTRVFPS1-18,marginalised,191.3552245310971,0.0007049315217344184,55.196983337402344
EDTRVFPS1-18,marginalised,196.97855196472332,0.0007050470584757238,55.195762634277344
EDTRVFPS1-18,marginalised,202.76713128265666,0.000705154878980634,55.19462585449219
EDTRVFPS1-18,marginalised,208.7258187173661,0.0007052527683683661,55.193599700927734
EDTRVFPS1-18,marginalised,214.8596132106997,0.0007053391878378417,55.19270324707031
EDTRVFPS1-18,marginalised,221.17366060766375,0.0007054114779309166,55.19194030761719
EDTRVFPS1-18,marginalised,227.67325797344404,0.0007054678789099218,55.19136428833008
EDTRVFPS1-18,marginalised,234.36385803729058,0.0007055082073223574,55.19093704223633
EDTRVFPS1-18,marginalised,241.25107376699438,0.000705532955335318,55.190677642822266
EDTRVFPS1-18,marginalised,248.3406830777935,0.0007055423696301576,55.19057846069336
EDTRVFPS1-18,marginalised,255.63863367965902,0.0007055394227322225,55.19060134887695
EDTRVFPS1-18,marginalised,263.15104806702755,0.0007055279236187123,55.19071578979492
EDTRVFPS1-18,marginalised,270.8842286551663,0.0007055134619013355,55.19086837768555
EDTRVFPS1-18,marginalised,278.84466306747953,0.0007055018574449208,55.190982818603516
EDTRVFPS1-18,marginalised,287.0390295781927,0.0007055000603092692,55.19100570678711
EDTRVFPS1-18,marginalised,295.4742027149794,0.0007055145380866024,55.19084548950195
EDTRVFPS1-18,marginalised,304.15725902623245,0.000705549606605335,55.19049072265625
EDTRVFPS1-18,marginalised,313.0954830178163,0.0007056072568849004,55.18990707397461
EDTRVFPS1-18,marginalised,322.2963732642826,0.000705684176139207,55.18911361694336
EDTRVFPS1-18,marginalised,331.76764869967445,0.0007057744212006609,55.18818664550781
EDTRVFPS1-18,marginalised,341.5172550931982,0.000705868468228555,55.18720245361328
EDTRVFPS1-18,marginalised,351.5533717151941,0.0007059543615833013,55.186302185058594
EDTRVFPS1-18,marginalised,361.8844181989998,0.0007060245585574895,55.185550689697266
EDTRVFPS1-18,marginalised,372.5190616044616,0.0007060737803169375,55.185001373291016
EDTRVFPS1-18,marginalised,383.46622368902047,0.0007060988468923376,55.184696197509766
EDTRVFPS1-18,marginalised,394.735088392472,0.0007061044208987311,55.18458557128906
EDTRVFPS1-18,marginalised,406.3351095416804,0.0007060948585670873,55.18462371826172
EDTRVFPS1-18,marginalised,418.2760187817097,0.0007060759915584547,55.18476867675781
EDTRVFPS1-18,marginalised,430.5678337400251,0.0007060537310240801,55.18495178222656
EDTRVFPS1-18,marginalised,443.2208664306158,0.0007060321093585514,55.18513870239258
EDTRVFPS1-18,marginalised,456.2457319050875,0.0007060133578976585,55.185306549072266
EDTRVFPS1-18,marginalised,469.6533571579837,0.0007059993357973828,55.1854248046875
EDTRVFPS1-18,marginalised,483.45499029380613,0.0007059893671063503,55.18551254272461
EDTRVFPS1-18,marginalised,497.66220996342565,0.0007059828079076769,55.185577392578125
EDTRVFPS1-18,marginalised,512.2869350777985,0.0007055235396520964,55.18982696533203
EDTRVFPS1-18,marginalised,527.3414348071389,0.0007053361185585466,55.19160079956055
EDTRVFPS1-18,marginalised,542.8383388739359,0.000705091506834236,55.19392013549805
EDTRVFPS1-18,marginalised,558.7906481484486,0.0007047800907202862,55.1968879699707
EDTRVFPS1-18,marginalised,575.2117455555712,0.0007043919088960164,55.20060729980469
EDTRVFPS1-18,marginalised,592.1154073022145,0.0007039231692307154,55.205116271972656
EDTRVFPS1-18,marginalised,609.5158144346271,0.0007033712604062,55.21044158935547
EDTRVFPS1-18,marginalised,627.4275647353473,0.0007027359759044182,55.216583251953125
EDTRVFPS1-18,marginalised,645.8656849697713,0.0007020179311395939,55.22355651855469
EDTRVFPS1-18,marginalised,664.8456434926079,0.0007012198101911471,55.231319427490234
EDTRVFPS1-18,marginalised,684.3833632247979,0.0007003419954288886,55.23988342285156
EDTRVFPS1-18,marginalised,704.4952350117842,0.0006993856816616724,55.249237060546875
EDTRVFPS1-18,marginalised,725.198131374339,0.0006983526397826692,55.259368896484375
EDTRVFPS1-18,marginalised,746.5094206634855,0.0006972474535588838,55.27022933959961
EDTRVFPS1-18,marginalised,768.4469816313868,0.0006960748472510822,55.28178787231445
EDTRVFPS1-18,marginalised,791.0292184304286,0.0006948444289566836,55.29393768310547
EDTRVFPS1-18,marginalised,814.2750760530768,0.0006935643084658849,55.306617736816406
EDTRVFPS1-18,marginalised,838.204056225464,0.0006922437268646899,55.31973648071289
EDTRVFPS1-18,marginalised,862.8362337680397,0.0006908882363802395,55.33316421508789
EDTRVFPS1-18,marginalised,888.1922734370065,0.0006894962875757202,55.34657669067383
EDTRVFPS1-18,marginalised,914.2934472606744,0.0006880629020924067,55.36043167114258
EDTRVFPS1-18,marginalised,941.1616523852756,0.000686578812812668,55.37482833862305
EDTRVFPS1-18,marginalised,968.8194294452118,0.0006850302994939227,55.389888763427734
EDTRVFPS1-18,marginalised,997.2899814731446,0.0006834038643850578,55.40576934814453
EDTRVFPS1-18,marginalised,1026.5971933657947,0.0006816872998901371,55.422576904296875
EDTRVFPS1-18,marginalised,1056.7656519217796,0.0006798696635552326,55.44043731689453
EDTRVFPS1-18,marginalised,1087.8206664682987,0.0006779423670071491,55.459442138671875
EDTRVFPS1-18,marginalised,1119.7882900939742,0.000675898356940477,55.47966766357422
EDTRVFPS1-18,marginalised,1152.6953415056566,0.0006737285677237647,55.50123596191406
EDTRVFPS1-18,marginalised,1186.5694275275332,0.0006714256133977141,55.52421188354492
EDTRVFPS1-18,marginalised,1221.438966261415,0.0006689776185392339,55.548744201660156
EDTRVFPS1-18,marginalised,1257.333210927631,0.000666375768063995,55.57493591308594
EDTRVFPS1-18,marginalised,1294.2822744065309,0.0006636113467319993,55.602901458740234
EDTRVFPS1-18,marginalised,1332.3171545011876,0.0006606803316811904,55.6327018737793
EDTRVFPS1-18,marginalised,1371.4697599424874,0.0006575844514869219,55.66434097290039
EDTRVFPS1-18,marginalised,1411.7729371584303,0.000654330271041912,55.69779586791992
EDTRVFPS1-18,marginalised,1453.2604978300958,0.0006509293201686629,55.73296356201172
EDTRVFPS1-18,marginalised,1495.9672472573905,0.000647398114663048,55.76969528198242
EDTRVFPS1-18,marginalised,1539.9290135583765,0.0006437498215377908,55.80789566040039
EDTRVFPS1-18,marginalised,1585.1826777266758,0.0006399976387036052,55.84743118286133
EDTRVFPS1-18,marginalised,1631.7662045721677,0.0006361478591307698,55.888282775878906
EDTRVFPS1-18,marginalised,1679.7186745709348,0.0006322035445331188,55.93041229248047
EDTRVFPS1-18,marginalised,1729.0803166511803,0.0006281614391789623,55.973899841308594
EDTRVFPS1-18,marginalised,1779.8925419426178,0.0006240158574702372,56.018829345703125
EDTRVFPS1-18,marginalised,1832.1979785176516,0.0006197592381130321,56.0653076171875
EDTRVFPS1-18,marginalised,1886.0405071534894,0.0006153833449157887,56.113460540771484
EDTRVFPS1-18,marginalised,1941.465298145193,0.0006108843094488308,56.16336441040039
EDTRVFPS1-18,marginalised,1998.5188492005443,0.0006062545348542881,56.215145111083984
EDTRVFPS1-18,marginalised,2057.2490244485275,0.0006014926038901892,56.268856048583984
EDTRVFPS1-18,marginalised,2117.705094594144,0.0005965926905565634,56.324615478515625
EDTRVFPS1-18,marginalised,2179.9377782532515,0.000591550297774158,56.382530212402344
EDTRVFPS1-18,marginalised,2243.999284502105,0.0005863568200175289,56.4427490234375
EDTRVFPS1-18,marginalised,2309.943356677295,0.0005810006032136736,56.50546646118164
EDTRVFPS1-18,marginalised,2377.8253174628244,0.0005754663508361378,56.5709342956543
EDTRVFPS1-18,marginalised,2447.7021153021574,0.0005697354465962215,56.63946533203125
EDTRVFPS1-18,marginalised,2519.6323721741705,0.0005637900950308397,56.71135330200195
EDTRVFPS1-18,marginalised,2593.6764327730866,0.0005576115539239446,56.78693771362305
EDTRVFPS1-18,marginalised,2669.8964151336545,0.0005511838205288274,56.86655044555664
EDTRVFPS1-18,marginalised,2748.356262744042,0.0005444995304179533,56.950416564941406
EDTRVFPS1-18,marginalised,2829.121798190164,0.0005375547682242767,57.03873825073242
EDTRVFPS1-18,marginalised,2912.2607783764474,0.0005303561788400794,57.13160705566406
EDTRVFPS1-18,marginalised,2997.84295136936,0.0005229156902552706,57.22904968261719
EDTRVFPS1-18,marginalised,3085.940114911392,0.0005152515105355178,57.330997467041016
EDTRVFPS1-18,marginalised,3176.6261766545813,0.0005073856777468606,57.43735122680664
EDTRVFPS1-18,marginalised,3269.977216164108,0.0004993403041222591,57.5479850769043
EDTRVFPS1-18,marginalised,3366.0715487439857,0.0004911391865595956,57.66276550292969
EDTRVFPS1-18,marginalised,3464.9897911383796,0.0004828033517747802,57.78157043457031
EDTRVFPS1-18,marginalised,3566.81492916369,0.00047435366069638823,57.90427780151367
EDTRVFPS1-18,marginalised,3671.6323873281217,0.00046580816867383625,58.03079605102539
EDTRVFPS1-18,marginalised,3779.530100497158,0.00045718283049708456,58.15861892700195
EDTRVFPS1-18,marginalised,3890.5985876650525,0.00044848930631651994,58.28923797607422
EDTRVFPS1-18,marginalised,4004.9310278942394,0.00043973472099586913,58.423561096191406
EDTRVFPS1-18,marginalised,4122.623338486358,0.00043091895245931896,58.561771392822266
EDTRVFPS1-18,marginalised,4243.774255450481,0.0004220355937912625,58.704166412353516
EDTRVFPS1-18,marginalised,4368.485416336048,0.00041307064552720713,58.85116958618164
EDTRVFPS1-18,marginalised,4496.861445499999,0.00040400272528187756,59.0034065246582
