SampleID,sigma_model,tau2,posterior_density,chi2_sigma_min_at_tau2
EDTRPAS1-41,marginalised,19.999999999999996,1.817236663445784e-20,1668.1302490234375
EDTRPAS1-41,marginalised,20.43243219786202,1.932434287884539e-20,1667.9686279296875
EDTRPAS1-41,marginalised,20.87421427601144,2.0871890455629642e-20,1667.778564453125
EDTRPAS1-41,marginalised,21.325548393912364,2.300195988103837e-20,1667.55712890625
EDTRPAS1-41,marginalised,21.786641082041985,2.6010889793192362e-20,1667.3031005859375
EDTRPAS1-41,marginalised,22.25770333639892,3.0441698772424344e-20,1667.01708984375
EDTRPAS1-41,marginalised,22.738950715054912,3.7200040495039024e-20,1666.7081298828125
EDTRPAS1-41,marginalised,23.230603436794294,4.8405366410514497e-20,1666.3818359375
EDTRPAS1-41,marginalised,23.732886481885995,6.917881436142103e-20,1666.0496826171875
EDTRPAS1-41,marginalised,24.24602969503459,1.1499086362053533e-19,1665.723388671875
EDTRPAS1-41,marginalised,24.770267890557182,2.374284433829623e-19,1665.41552734375
EDTRPAS1-41,marginalised,25.30584095983442,5.954109345776548e-19,1626.0350341796875
EDTRPAS1-41,marginalised,25.852993981084822,1.5244701458097618e-18,1553.2884521484375
EDTRPAS1-41,marginalised,26.411977331512542,3.2171715156411163e-18,1502.5654296875
EDTRPAS1-41,marginalised,26.983046801879937,4.77855210261238e-18,1477.2005615234375
EDTRPAS1-41,marginalised,27.566463713557475,4.523168063395086e-18,1480.5557861328125
EDTRPAS1-41,marginalised,28.162495038104353,2.5969572887832207e-18,1516.301025390625
EDTRPAS1-41,marginalised,28.771413519434645,9.340505437251802e-19,1588.763427734375
EDTRPAS1-41,marginalised,29.39349779862497,2.641271021871963e-19,1665.387451171875
EDTRPAS1-41,marginalised,30.029032541420566,9.098402144875366e-20,1665.864013671875
EDTRPAS1-41,marginalised,30.6783085684984,4.475876030507771e-20,1666.47607421875
EDTRPAS1-41,marginalised,31.34162298854667,2.7024989870580308e-20,1667.23388671875
EDTRPAS1-41,marginalised,32.01927933422168,1.8078361301989686e-20,1668.1488037109375
EDTRPAS1-41,marginalised,32.71158770104447,1.2820306106170296e-20,1669.239013671875
EDTRPAS1-41,marginalised,33.418864889300416,9.410983871978528e-21,1670.5302734375
EDTRPAS1-41,marginalised,34.14143454900712,7.065217672382925e-21,1672.055419921875
EDTRPAS1-41,marginalised,34.8796273280166,5.377669350880647e-21,1673.8646240234375
EDTRPAS1-41,marginalised,35.63378102331974,4.1180064795595675e-21,1676.0196533203125
EDTRPAS1-41,marginalised,36.40424073562215,3.150301461160255e-21,1678.603515625
EDTRPAS1-41,marginalised,37.19135902726234,2.4026425027988857e-21,1681.7108154296875
EDTRPAS1-41,marginalised,37.99549608354407,1.8236196783072602e-21,1685.455810546875
EDTRPAS1-41,marginalised,38.817019877557314,1.3729077637029392e-21,1689.9586181640625
EDTRPAS1-41,marginalised,39.65630633856262,1.0276636634639464e-21,1695.34130859375
EDTRPAS1-41,marginalised,40.513739524016344,7.681878388632209e-22,1701.713623046875
EDTRPAS1-41,marginalised,41.38971179531536,5.7319178626758425e-22,1709.1556396484375
EDTRPAS1-41,marginalised,42.28462399734155,4.3198628747024e-22,1717.699951171875
EDTRPAS1-41,marginalised,43.19888564188853,3.259141958058472e-22,1727.31640625
EDTRPAS1-41,marginalised,44.13291509505414,2.4689811439872567e-22,1737.8843994140625
EDTRPAS1-41,marginalised,45.08713976868477,1.8772397306996953e-22,1749.186279296875
EDTRPAS1-41,marginalised,46.061996315959,1.4389271436840126e-22,1760.90087890625
EDTRPAS1-41,marginalised,47.057930831200146,1.1132369796850573e-22,1772.601806640625
EDTRPAS1-41,marginalised,48.0753990540089,8.85462723457654e-23,1783.7794189453125
EDTRPAS1-41,marginalised,49.11486657780984,7.064068323156745e-23,1793.8707275390625
EDTRPAS1-41,marginalised,50.176809062906976,5.952462812040358e-23,1802.2974853515625
EDTRPAS1-41,marginalised,51.26171245414578,5.192626704180262e-23,1808.514892578125
EDTRPAS1-41,marginalised,52.37007320328166,4.8539679941455396e-23,1812.0718994140625
EDTRPAS1-41,marginalised,53.50239849615617,4.771374171892385e-23,1812.6453857421875
EDTRPAS1-41,marginalised,54.6592064847853,5.103853748947589e-23,1810.088623046875
EDTRPAS1-41,marginalised,55.841026524465796,5.697572018668475e-23,1804.4432373046875
EDTRPAS1-41,marginalised,57.04839941600816,6.804765742970058e-23,1795.9407958984375
EDTRPAS1-41,marginalised,58.281877653206905,8.678312565212247e-23,1784.9805908203125
EDTRPAS1-41,marginalised,59.542025675661996,1.1222151987292052e-22,1772.091064453125
EDTRPAS1-41,marginalised,60.82942012706617,1.545090843827103e-22,1757.8829345703125
EDTRPAS1-41,marginalised,62.14465011907715,2.1671812141833953e-22,1742.9873046875
EDTRPAS1-41,marginalised,63.4883175008951,3.193841814604049e-22,1728.0128173828125
EDTRPAS1-41,marginalised,64.8610371346688,4.944583362850834e-22,1713.495361328125
EDTRPAS1-41,marginalised,66.26343717685661,8.323661514960441e-22,1699.87548828125
EDTRPAS1-41,marginalised,67.69615936567062,1.593354917927287e-21,1687.47265625
EDTRPAS1-41,marginalised,69.15985931473637,3.89989587619956e-21,1676.4892578125
EDTRPAS1-41,marginalised,70.65520681310134,2.904598226429568e-20,1667.013427734375
EDTRPAS1-41,marginalised,72.18288613173067,2.9566533403221094e-08,359.70391845703125
EDTRPAS1-41,marginalised,73.7435963366291,0.0006544351452231233,41.31932830810547
EDTRPAS1-41,marginalised,75.33805160873402,0.0036966256199864687,13.116294860839844
EDTRPAS1-41,marginalised,76.96698157072439,0.00888458817965917,6.622594833374023
EDTRPAS1-41,marginalised,78.63113162089608,0.01268926362163243,4.834500789642334
EDTRPAS1-41,marginalised,80.3312632742562,0.013573528630359528,4.347050666809082
EDTRPAS1-41,marginalised,82.06815451099217,0.013022350989943629,4.35606050491333
EDTRPAS1-41,marginalised,83.84260013247567,0.012181040286683355,4.346285343170166
EDTRPAS1-41,marginalised,85.65541212496332,0.011498882827045809,4.533784866333008
EDTRPAS1-41,marginalised,87.50742003116208,0.010970194676645952,4.62460470199585
EDTRPAS1-41,marginalised,89.39947132982762,0.010642231745376042,4.564372539520264
EDTRPAS1-41,marginalised,91.33243182357072,0.010382154472210522,4.71087646484375
EDTRPAS1-41,marginalised,93.30718603504822,0.010219691450456767,4.617622375488281
EDTRPAS1-41,marginalised,95.32463761172104,0.010133123980642337,4.641541004180908
EDTRPAS1-41,marginalised,97.38570973936291,0.01009147407940862,4.704159736633301
EDTRPAS1-41,marginalised,99.4913455645102,0.0100750001356676,4.7745490074157715
EDTRPAS1-41,marginalised,101.64250862604577,0.01007257495539335,4.786864280700684
EDTRPAS1-41,marginalised,103.84018329611439,0.010077713266147667,4.733893394470215
EDTRPAS1-41,marginalised,106.08537523057109,0.010086654870757652,4.695042133331299
EDTRPAS1-41,marginalised,108.37911182916974,0.010097117045292309,4.665676116943359
EDTRPAS1-41,marginalised,110.72244270570084,0.010107801542305424,4.643061637878418
EDTRPAS1-41,marginalised,113.11644016829474,0.01011795718897274,4.625499725341797
EDTRPAS1-41,marginalised,115.56219971011004,0.010127236346741106,4.611838340759277
EDTRPAS1-41,marginalised,118.06084051063068,0.010135470646287432,4.601243019104004
EDTRPAS1-41,marginalised,120.61350594780318,0.01014265610841648,4.593090057373047
EDTRPAS1-41,marginalised,123.22136412124581,0.010148807823287162,4.5868754386901855
EDTRPAS1-41,marginalised,125.88560838677115,0.010154039794809224,4.58220100402832
EDTRPAS1-41,marginalised,128.60745790246563,0.010158456884096754,4.578738212585449
EDTRPAS1-41,marginalised,131.38815818657628,0.010162143823873749,4.576223850250244
EDTRPAS1-41,marginalised,134.2289816874595,0.010165206096830618,4.574443817138672
EDTRPAS1-41,marginalised,137.13122836585396,0.010167777056444624,4.573221206665039
EDTRPAS1-41,marginalised,140.09622628974222,0.010169893606148991,4.572419166564941
EDTRPAS1-41,marginalised,143.1253322420748,0.01017166900999303,4.571927547454834
EDTRPAS1-41,marginalised,146.2199323416334,0.010173139296262285,4.571659088134766
EDTRPAS1-41,marginalised,149.38144267731985,0.010174378841454649,4.571548938751221
EDTRPAS1-41,marginalised,152.61130995615753,0.010175418977560512,4.5715484619140625
EDTRPAS1-41,marginalised,155.9110121653047,0.010176275143331087,4.571621894836426
EDTRPAS1-41,marginalised,159.28205924838147,0.010176989820873,4.571744441986084
EDTRPAS1-41,marginalised,162.7259937964198,0.010177535439930972,4.571903228759766
EDTRPAS1-41,marginalised,166.24439175375318,0.010177941345117998,4.572088241577148
EDTRPAS1-41,marginalised,169.83886313916886,0.010178169463034906,4.572299957275391
EDTRPAS1-41,marginalised,173.51105278265177,0.010178226215868755,4.572537899017334
EDTRPAS1-41,marginalised,177.26264107805957,0.0101780729501585,4.5728068351745605
EDTRPAS1-41,marginalised,181.09534475207033,0.010177719481836833,4.5731096267700195
EDTRPAS1-41,marginalised,185.01091764975627,0.010177160374399738,4.573451519012451
EDTRPAS1-41,marginalised,189.01115153714395,0.010176384372352304,4.5738325119018555
EDTRPAS1-41,marginalised,193.0978769211259,0.010175399394423985,4.574251651763916
EDTRPAS1-41,marginalised,197.27296388710056,0.010174221109143835,4.574705600738525
EDTRPAS1-41,marginalised,201.53832295472327,0.010172924394090024,4.575184345245361
EDTRPAS1-41,marginalised,205.89590595216012,0.010171520393843662,4.5756754875183105
EDTRPAS1-41,marginalised,210.34770690924438,0.010170073325568884,4.576164722442627
EDTRPAS1-41,marginalised,214.89576296994463,0.010168662172569568,4.576634883880615
EDTRPAS1-41,marginalised,219.5421553245611,0.01016734934263693,4.577068328857422
EDTRPAS1-41,marginalised,224.2890101620794,0.01016619910817224,4.577447414398193
EDTRPAS1-41,marginalised,229.13849964311387,0.010165240673901428,4.577757835388184
EDTRPAS1-41,marginalised,234.0928428938878,0.010164548592472152,4.577988624572754
EDTRPAS1-41,marginalised,239.15430702170644,0.010164125229806807,4.5781331062316895
EDTRPAS1-41,marginalised,244.3252081523847,0.010163970792133478,4.5781941413879395
EDTRPAS1-41,marginalised,249.60791249010632,0.010164081031806795,4.578176975250244
EDTRPAS1-41,marginalised,255.0048374001987,0.010164384443238264,4.578094959259033
EDTRPAS1-41,marginalised,260.5184525153195,0.010164857970806823,4.577966690063477
EDTRPAS1-41,marginalised,266.1512808655601,0.010165394659487879,4.577816486358643
EDTRPAS1-41,marginalised,271.90590003298473,0.010165907408313659,4.577671051025391
EDTRPAS1-41,marginalised,277.7849433311305,0.010166295750445021,4.577561378479004
EDTRPAS1-41,marginalised,283.7911010100136,0.010166461225525152,4.577516078948975
EDTRPAS1-41,marginalised,289.92712148718584,0.010166311980264247,4.577563285827637
EDTRPAS1-41,marginalised,296.1958126054115,0.010165742855678736,4.577731609344482
EDTRPAS1-41,marginalised,302.6000429175358,0.010164695991253346,4.578043460845947
EDTRPAS1-41,marginalised,309.14274299913444,0.010163073417712247,4.578517436981201
EDTRPAS1-41,marginalised,315.8269067895449,0.010160876519437798,4.579164981842041
EDTRPAS1-41,marginalised,322.6555929618933,0.010158073528360298,4.579991340637207
EDTRPAS1-41,marginalised,329.6319263227426,0.010154673663266838,4.580992221832275
EDTRPAS1-41,marginalised,336.75909924200437,0.01015072338319705,4.582157135009766
EDTRPAS1-41,marginalised,344.04037311376743,0.010146283895063089,4.583466053009033
EDTRPAS1-41,marginalised,351.4790798487103,0.010141454371712474,4.584890365600586
EDTRPAS1-41,marginalised,359.07862339878557,0.010136372207315439,4.586397171020508
EDTRPAS1-41,marginalised,366.8424813148659,0.010131106379492882,4.587948322296143
EDTRPAS1-41,marginalised,374.7742063380732,0.01012585497178712,4.589500904083252
EDTRPAS1-41,marginalised,382.8774280255116,0.010120729968971186,4.591017723083496
EDTRPAS1-41,marginalised,391.15585441115314,0.010115854493691923,4.592461585998535
EDTRPAS1-41,marginalised,399.61327370263376,0.010111331057783057,4.593802452087402
EDTRPAS1-41,marginalised,408.25355601473717,0.010107238882698204,4.595016002655029
EDTRPAS1-41,marginalised,417.0806551403591,0.01010362322392047,4.596088886260986
EDTRPAS1-41,marginalised,426.0986103597634,0.010100507870895413,4.5970139503479
EDTRPAS1-41,marginalised,435.3115482889547,0.010097885554572868,4.597793102264404
EDTRPAS1-41,marginalised,444.72368476802035,0.010095735237199482,4.5984320640563965
EDTRPAS1-41,marginalised,454.3393267902974,0.010094017280091554,4.598942756652832
EDTRPAS1-41,marginalised,464.1628744732514,0.010092682888717446,4.599339485168457
EDTRPAS1-41,marginalised,474.1988230719725,0.01009167954971946,4.599637985229492
EDTRPAS1-41,marginalised,484.4517650362024,0.010090956510747704,4.599853038787842
EDTRPAS1-41,marginalised,494.9263921118395,0.010090459752084897,4.600000858306885
EDTRPAS1-41,marginalised,505.62749748788167,0.010061743055302346,4.60856294631958
EDTRPAS1-41,marginalised,516.5599779897897,0.010055489836827658,4.6104326248168945
EDTRPAS1-41,marginalised,527.7288363202738,0.010048469739876536,4.6125335693359375
EDTRPAS1-41,marginalised,539.1391833485314,0.010040648608474128,4.614877700805664
EDTRPAS1-41,marginalised,550.7962404489786,0.010032020352358683,4.617466449737549
EDTRPAS1-41,marginalised,562.7053418905531,0.010022610528972173,4.620294094085693
EDTRPAS1-41,marginalised,574.8719372776752,0.010012456906634779,4.623350143432617
EDTRPAS1-41,marginalised,587.3015940439844,0.010001623418968337,4.62661600112915
EDTRPAS1-41,marginalised,600.0,0.009990171903108847,4.630074977874756
EDTRPAS1-35,marginalised,100.00000000000004,0.006300615847343403,6.115651607513428
EDTRPAS1-35,marginalised,102.16216098931017,0.006268878361745563,6.168586254119873
EDTRPAS1-35,marginalised,104.37107138005722,0.006250910790833724,6.131946563720703
EDTRPAS1-35,marginalised,106.62774196956192,0.006241163768497355,6.102601051330566
EDTRPAS1-35,marginalised,108.93320541021005,0.0062362140149950585,6.078618049621582
EDTRPAS1-35,marginalised,111.28851668199466,0.0062340055217832094,6.058835029602051
EDTRPAS1-35,marginalised,113.69475357527463,0.006233328045157027,6.042477130889893
EDTRPAS1-35,marginalised,116.15301718397149,0.00623349955066919,6.028950214385986
EDTRPAS1-35,marginalised,118.66443240942999,0.006234105653385995,6.017779350280762
EDTRPAS1-35,marginalised,121.23014847517307,0.006234939947632827,6.008563041687012
EDTRPAS1-35,marginalised,123.851339452786,0.006235895646266666,6.000962257385254
EDTRPAS1-35,marginalised,126.52920479917218,0.00623688977804686,5.994693756103516
EDTRPAS1-35,marginalised,129.26496990542418,0.006237885693675053,5.989517688751221
EDTRPAS1-35,marginalised,132.0598866575627,0.006238863133904874,5.9852423667907715
EDTRPAS1-35,marginalised,134.91523400939968,0.006239804207860677,5.981705665588379
EDTRPAS1-35,marginalised,137.83231856778752,0.006240695008864199,5.978774547576904
EDTRPAS1-35,marginalised,140.81247519052187,0.006241528358585536,5.976343154907227
EDTRPAS1-35,marginalised,143.8570675971733,0.006242291894833451,5.9743242263793945
EDTRPAS1-35,marginalised,146.96748899312487,0.00624298180967649,5.972649097442627
EDTRPAS1-35,marginalised,150.14516270710286,0.006243599183614152,5.971255779266357
EDTRPAS1-35,marginalised,153.39154284249216,0.006244155281494264,5.97009801864624
EDTRPAS1-35,marginalised,156.70811494273343,0.006244651952824988,5.969128131866455
EDTRPAS1-35,marginalised,160.09639667110847,0.0062451039727586515,5.9683122634887695
EDTRPAS1-35,marginalised,163.55793850522235,0.00624551536047205,5.9676194190979
EDTRPAS1-35,marginalised,167.0943244465021,0.006245915714212219,5.967015743255615
EDTRPAS1-35,marginalised,170.70717274503565,0.006246309633897637,5.966479301452637
EDTRPAS1-35,marginalised,174.3981366400832,0.006246727757114471,5.965982437133789
EDTRPAS1-35,marginalised,178.16890511659884,0.0062471724350676135,5.965509414672852
EDTRPAS1-35,marginalised,182.02120367811088,0.006247668637268612,5.965041160583496
EDTRPAS1-35,marginalised,185.9567951363117,0.006248205488359892,5.964569568634033
EDTRPAS1-35,marginalised,189.97748041772036,0.006248820291852723,5.964084148406982
EDTRPAS1-35,marginalised,194.08509938778676,0.006249475941882728,5.963585376739502
EDTRPAS1-35,marginalised,198.28153169281325,0.006250179287550783,5.963074207305908
EDTRPAS1-35,marginalised,202.56869762008182,0.006250917493624769,5.962558269500732
EDTRPAS1-35,marginalised,206.9485589765768,0.006251660991974616,5.962046146392822
EDTRPAS1-35,marginalised,211.42311998670777,0.0062523916415672875,5.96155309677124
EDTRPAS1-35,marginalised,215.9944282094427,0.006253073711542761,5.961093902587891
EDTRPAS1-35,marginalised,220.6645754752707,0.006253695351180132,5.960684299468994
EDTRPAS1-35,marginalised,225.43569884342398,0.006254220586992172,5.96033239364624
EDTRPAS1-35,marginalised,230.30998157979514,0.006254648142630028,5.960052967071533
EDTRPAS1-35,marginalised,235.28965415600078,0.006254947185114965,5.95985221862793
EDTRPAS1-35,marginalised,240.37699527004452,0.006255121300583999,5.959733009338379
EDTRPAS1-35,marginalised,245.57433288904923,0.006255177392890299,5.95968770980835
EDTRPAS1-35,marginalised,250.88404531453503,0.006255120786881955,5.959714889526367
EDTRPAS1-35,marginalised,256.30856227072906,0.006254979187343905,5.959796905517578
EDTRPAS1-35,marginalised,261.8503660164084,0.0062547835900679544,5.959916591644287
EDTRPAS1-35,marginalised,267.51199248078086,0.0062545557166699016,5.960051536560059
EDTRPAS1-35,marginalised,273.29603242392653,0.006254349300493505,5.960178375244141
EDTRPAS1-35,marginalised,279.205132622329,0.0062542044777580625,5.960264682769775
EDTRPAS1-35,marginalised,285.24199708004056,0.006254169373648877,5.960285186767578
EDTRPAS1-35,marginalised,291.40938826603457,0.0062542732513710215,5.960216045379639
EDTRPAS1-35,marginalised,297.71012837831,0.006254569462046056,5.9600324630737305
EDTRPAS1-35,marginalised,304.1471006353309,0.0062550903427605305,5.959713935852051
EDTRPAS1-35,marginalised,310.7232505953858,0.006255835320080254,5.9592509269714355
EDTRPAS1-35,marginalised,317.4415875044758,0.00625682195792536,5.9586405754089355
EDTRPAS1-35,marginalised,324.30518567334434,0.006258025752980319,5.9578857421875
EDTRPAS1-35,marginalised,331.3171858842831,0.006259455551706913,5.956999778747559
EDTRPAS1-35,marginalised,338.48079682835316,0.00626105044109967,5.956007957458496
EDTRPAS1-35,marginalised,345.79929657368183,0.0062627798929146055,5.9549360275268555
EDTRPAS1-35,marginalised,353.2760340655068,0.006264591768403583,5.9538140296936035
EDTRPAS1-35,marginalised,360.9144306586531,0.006266430958914553,5.95267391204834
EDTRPAS1-35,marginalised,368.7179816831455,0.006268245663889764,5.951552391052246
EDTRPAS1-35,marginalised,376.6902580436701,0.006269993496051125,5.950469017028809
EDTRPAS1-35,marginalised,384.834907853622,0.006271632563949738,5.949454307556152
EDTRPAS1-35,marginalised,393.1556581044805,0.006273135141054417,5.9485249519348145
EDTRPAS1-35,marginalised,401.6563163712814,0.00627448151386415,5.947692394256592
EDTRPAS1-35,marginalised,410.34077255496123,0.00627566200623502,5.946962833404541
EDTRPAS1-35,marginalised,419.21300066237836,0.006276674265960384,5.9463372230529785
EDTRPAS1-35,marginalised,428.27706062481667,0.006277524767404095,5.9458112716674805
EDTRPAS1-35,marginalised,437.5371001558105,0.006278224402140584,5.945379257202148
EDTRPAS1-35,marginalised,446.99735664913817,0.006278786523787637,5.945031642913818
EDTRPAS1-35,marginalised,456.6621591178532,0.006279228180628115,5.944758892059326
EDTRPAS1-35,marginalised,466.53593017524116,0.006279565490214541,5.944550514221191
EDTRPAS1-35,marginalised,476.6231880586053,0.006279815199374707,5.944396495819092
EDTRPAS1-35,marginalised,486.92854869681463,0.00627999277109313,5.944286823272705
EDTRPAS1-35,marginalised,497.45672782255104,0.0062801115237165845,5.944213390350342
EDTRPAS1-35,marginalised,508.2125431302289,0.006287428662695957,5.939697265625
EDTRPAS1-35,marginalised,519.200916480572,0.0062888305032635225,5.938832759857178
EDTRPAS1-35,marginalised,530.4268761528555,0.0062903398932485635,5.937901973724365
EDTRPAS1-35,marginalised,541.8955591458488,0.0062919432373970755,5.93691349029541
EDTRPAS1-35,marginalised,553.6122135285043,0.006293620287966001,5.935879707336426
EDTRPAS1-35,marginalised,565.5822008414739,0.006295346631049676,5.934815883636475
EDTRPAS1-35,marginalised,577.8109985505498,0.006297094773341719,5.933738708496094
EDTRPAS1-35,marginalised,590.304202553153,0.00629883743544697,5.9326653480529785
EDTRPAS1-35,marginalised,603.067529739016,0.006300550169543206,5.931610107421875
EDTRPAS1-35,marginalised,616.1068206062291,0.006302210287275844,5.930587291717529
EDTRPAS1-35,marginalised,629.4280419338559,0.0063038009662256785,5.929607391357422
EDTRPAS1-35,marginalised,643.0372895123282,0.006305308373597561,5.928678512573242
EDTRPAS1-35,marginalised,656.9407909328816,0.006306722266170937,5.927806854248047
EDTRPAS1-35,marginalised,671.1449084372975,0.0063080355120911456,5.926997184753418
EDTRPAS1-35,marginalised,685.6561418292699,0.006309243552264587,5.9262518882751465
EDTRPAS1-35,marginalised,700.4811314487113,0.00631034265735723,5.925572872161865
EDTRPAS1-35,marginalised,715.6266612103734,0.006311328723903906,5.924962997436523
EDTRPAS1-35,marginalised,731.0996617081665,0.006312199761834377,5.924423694610596
EDTRPAS1-35,marginalised,746.9072133865988,0.006312952993670081,5.923956394195557
EDTRPAS1-35,marginalised,763.056549780787,0.006313587368800881,5.923561096191406
EDTRPAS1-35,marginalised,779.5550608265237,0.006314102637330779,5.923238754272461
EDTRPAS1-35,marginalised,796.4102962419074,0.006314499550658596,5.9229888916015625
EDTRPAS1-35,marginalised,813.6299689820992,0.006314780674708084,5.92280912399292
EDTRPAS1-35,marginalised,831.2219587687669,0.006314950278122966,5.922698020935059
EDTRPAS1-35,marginalised,849.1943156958445,0.006315012328514653,5.922652244567871
EDTRPAS1-35,marginalised,867.5552639132591,0.006314971660876335,5.922669410705566
EDTRPAS1-35,marginalised,886.3132053902979,0.006314832095842461,5.922746658325195
EDTRPAS1-35,marginalised,905.476723760351,0.006314595869677722,5.922883033752441
EDTRPAS1-35,marginalised,925.0545882487806,0.006314264460184784,5.923077583312988
EDTRPAS1-35,marginalised,945.0557576857191,0.0063138364914839375,5.923330783843994
EDTRPAS1-35,marginalised,965.4893846056289,0.006313309524246523,5.923644065856934
EDTRPAS1-35,marginalised,986.3648194355029,0.006312678861720138,5.924020767211914
EDTRPAS1-35,marginalised,1007.6916147736165,0.006311939335478899,5.924464225769043
EDTRPAS1-35,marginalised,1029.4795297608007,0.006311084549552959,5.9249773025512695
EDTRPAS1-35,marginalised,1051.738534546223,0.006310107870808803,5.925565242767334
EDTRPAS1-35,marginalised,1074.4788148497232,0.006309002301362818,5.926231384277344
EDTRPAS1-35,marginalised,1097.7107766228057,0.006307760649633756,5.926980972290039
EDTRPAS1-35,marginalised,1121.445050810397,0.006306375797744933,5.9278178215026855
EDTRPAS1-35,marginalised,1145.6924982155685,0.006304839584067264,5.928747653961182
EDTRPAS1-35,marginalised,1170.464214469438,0.006303142211714251,5.929778099060059
EDTRPAS1-35,marginalised,1195.7715351085312,0.006301276362869839,5.930907249450684
EDTRPAS1-35,marginalised,1221.6260407619227,0.006299229033668016,5.932150363922119
EDTRPAS1-35,marginalised,1248.0395624505306,0.00629698993791433,5.933511257171631
EDTRPAS1-35,marginalised,1275.0241870009938,0.00629454831511458,5.934997081756592
EDTRPAS1-35,marginalised,1302.5922625765977,0.006291893085020183,5.936614036560059
EDTRPAS1-35,marginalised,1330.756404327802,0.006289017112359559,5.9383673667907715
EDTRPAS1-35,marginalised,1359.5295001649238,0.006285913551722255,5.9402618408203125
EDTRPAS1-35,marginalised,1388.9247166556527,0.00628258033504058,5.942298889160156
EDTRPAS1-35,marginalised,1418.9555050500671,0.006279017223574375,5.944478511810303
EDTRPAS1-35,marginalised,1449.635607435928,0.006275227210005448,5.9467997550964355
EDTRPAS1-35,marginalised,1480.9790630270563,0.006271216149811683,5.9492597579956055
EDTRPAS1-35,marginalised,1513.0002145876779,0.006266989753096841,5.951855182647705
EDTRPAS1-35,marginalised,1545.713714995671,0.006262554975386488,5.9545817375183105
EDTRPAS1-35,marginalised,1579.1345339477234,0.006257917609824784,5.957437038421631
EDTRPAS1-35,marginalised,1613.2779648094668,0.006253081628854995,5.960418701171875
EDTRPAS1-35,marginalised,1648.1596316137131,0.006248049125632056,5.963526248931885
EDTRPAS1-35,marginalised,1683.7954962100223,0.006242818696668823,5.966760635375977
EDTRPAS1-35,marginalised,1720.2018655688375,0.0062373874568389205,5.970124244689941
EDTRPAS1-35,marginalised,1757.3953992435518,0.006231749914244598,5.973621368408203
EDTRPAS1-35,marginalised,1795.3931169939265,0.006225900031325898,5.977255344390869
EDTRPAS1-35,marginalised,1834.2124065743283,0.0062198289052849106,5.9810333251953125
EDTRPAS1-35,marginalised,1873.8710316903646,0.0062135301020220255,5.984960079193115
EDTRPAS1-35,marginalised,1914.3871401275567,0.006206996224053236,5.989040374755859
EDTRPAS1-35,marginalised,1955.779272055764,0.006200218623650641,5.993280410766602
EDTRPAS1-35,marginalised,1998.0663685131672,0.006193190604585766,5.99768590927124
EDTRPAS1-35,marginalised,2041.267780073686,0.006185906295051389,6.002260684967041
EDTRPAS1-35,marginalised,2085.403275701796,0.006178357167613742,6.007011890411377
EDTRPAS1-35,marginalised,2130.4930517988155,0.0061705341124155535,6.011945724487305
EDTRPAS1-35,marginalised,2176.557741444774,0.006162426870125439,6.017068862915039
EDTRPAS1-35,marginalised,2223.618423840102,0.006154022891629021,6.022393226623535
EDTRPAS1-35,marginalised,2271.696633951485,0.006145306376359699,6.027926921844482
EDTRPAS1-35,marginalised,2320.814372366255,0.006136257590994267,6.03368616104126
EDTRPAS1-35,marginalised,2370.9941153598606,0.006126856197765475,6.039684772491455
EDTRPAS1-35,marginalised,2422.2588251810103,0.006117077607405958,6.045940399169922
EDTRPAS1-35,marginalised,2474.6319605591957,0.006106895595220953,6.052471160888672
EDTRPAS1-35,marginalised,2528.1374874394064,0.0060962839032205375,6.05929708480835
EDTRPAS1-35,marginalised,2582.799889948946,0.006085214580495568,6.066439151763916
EDTRPAS1-35,marginalised,2638.6441816013694,0.006073663887423336,6.073914051055908
EDTRPAS1-35,marginalised,2695.6959167426553,0.006061609984498593,6.08173942565918
EDTRPAS1-35,marginalised,2753.9812022448905,0.0060490338025640114,6.089932441711426
EDTRPAS1-35,marginalised,2813.5267094527658,0.006035923679845604,6.098501682281494
EDTRPAS1-35,marginalised,2874.359686388374,0.006022271318365843,6.10745906829834
EDTRPAS1-35,marginalised,2936.50797021992,0.006008074258436824,6.116808891296387
EDTRPAS1-35,marginalised,2999.9999999999977,0.00599333870846186,6.126551628112793
EDTRPAS1-29,marginalised,1150.0000000000005,1.4562203329088818e-06,192.95150756835938
EDTRPAS1-29,marginalised,1174.8648513770668,1.5188936443663591e-06,191.3194580078125
EDTRPAS1-29,marginalised,1200.2673208706578,1.5855234174645775e-06,189.66015625
EDTRPAS1-29,marginalised,1226.219032649962,1.6564787451498721e-06,187.97174072265625
EDTRPAS1-29,marginalised,1252.7318622174155,1.732131212606598e-06,186.25332641601562
EDTRPAS1-29,marginalised,1279.8179418429386,1.812857242657449e-06,184.50460815429688
EDTRPAS1-29,marginalised,1307.489666115658,1.8990386970431523e-06,182.72593688964844
EDTRPAS1-29,marginalised,1335.759697615672,1.990997395458492e-06,180.91941833496094
EDTRPAS1-29,marginalised,1364.640972708446,2.0890348483892654e-06,179.08790588378906
EDTRPAS1-29,marginalised,1394.1467074644902,2.1933628131704994e-06,177.2359161376953
EDTRPAS1-29,marginalised,1424.2904037070386,2.304154632433873e-06,175.3683319091797
EDTRPAS1-29,marginalised,1455.0858551904798,2.4215404370331644e-06,173.4904327392578
EDTRPAS1-29,marginalised,1486.5471539123778,2.5456015508414863e-06,171.607666015625
EDTRPAS1-29,marginalised,1518.688696561971,2.6764124347532197e-06,169.72488403320312
EDTRPAS1-29,marginalised,1551.5251911080977,2.814086960718348e-06,167.84588623046875
EDTRPAS1-29,marginalised,1585.0716635295562,2.9587720485103676e-06,165.97352600097656
EDTRPAS1-29,marginalised,1619.3434646910011,3.1106871156677636e-06,164.10951232910156
EDTRPAS1-29,marginalised,1654.3562773674928,3.270150801762503e-06,162.2541961669922
EDTRPAS1-29,marginalised,1690.1261234209358,3.4375719084837e-06,160.4072265625
EDTRPAS1-29,marginalised,1726.669371131684,3.6134501544107848e-06,158.56744384765625
EDTRPAS1-29,marginalised,1764.0027426886597,3.7983888283157837e-06,156.73316955566406
EDTRPAS1-29,marginalised,1802.1433218414343,3.993057524150143e-06,154.9027099609375
EDTRPAS1-29,marginalised,1841.1085617177473,4.198208699368142e-06,153.07418823242188
EDTRPAS1-29,marginalised,1880.916292810057,4.414600450678634e-06,151.24636840820312
EDTRPAS1-29,marginalised,1921.584731134774,4.643094952684931e-06,149.41773986816406
EDTRPAS1-29,marginalised,1963.1324865679117,4.884551127760832e-06,147.58749389648438
EDTRPAS1-29,marginalised,2005.5785713609566,5.1398817717106485e-06,145.75497436523438
EDTRPAS1-29,marginalised,2048.9424088408864,5.410106395085234e-06,143.91932678222656
EDTRPAS1-29,marginalised,2093.243842298275,5.696304576366075e-06,142.0799102783203
EDTRPAS1-29,marginalised,2138.503144067586,5.9997048709602995e-06,140.23582458496094
EDTRPAS1-29,marginalised,2184.741024803786,6.321662665647205e-06,138.3860626220703
EDTRPAS1-29,marginalised,2231.9786429595474,6.663819656890012e-06,136.52882385253906
EDTRPAS1-29,marginalised,2280.237614467352,7.0279624836700664e-06,134.66253662109375
EDTRPAS1-29,marginalised,2329.5400226309407,7.4162664634600054e-06,132.78477478027344
EDTRPAS1-29,marginalised,2379.908428230633,7.831150278561678e-06,130.89312744140625
EDTRPAS1-29,marginalised,2431.3658798471392,8.275413944223813e-06,128.98497009277344
EDTRPAS1-29,marginalised,2483.935924408593,8.752148742389001e-06,127.05792236328125
EDTRPAS1-29,marginalised,2537.642617965615,9.264830151226759e-06,125.1097183227539
EDTRPAS1-29,marginalised,2592.5105366993757,9.817270558862755e-06,123.13845825195312
EDTRPAS1-29,marginalised,2648.5647881676437,1.0413539610778158e-05,121.14305877685547
EDTRPAS1-29,marginalised,2705.831022794011,1.10579612734761e-05,119.12325286865234
EDTRPAS1-29,marginalised,2764.335445605514,1.1755135011252781e-05,117.07935333251953
EDTRPAS1-29,marginalised,2824.1048282240686,1.250974662270039e-05,115.01290893554688
EDTRPAS1-29,marginalised,2885.1665211171526,1.3326700042286362e-05,112.92603302001953
EDTRPAS1-29,marginalised,2947.5484661133837,1.4211104850217958e-05,110.82135772705078
EDTRPAS1-29,marginalised,3011.279209188696,1.5168017942411154e-05,108.70257568359375
EDTRPAS1-29,marginalised,3076.38791352898,1.6202929884691466e-05,106.57296752929688
EDTRPAS1-29,marginalised,3142.904372875155,1.7321378725509333e-05,104.43641662597656
EDTRPAS1-29,marginalised,3210.8590251567834,1.852936494381632e-05,102.29641723632812
EDTRPAS1-29,marginalised,3280.282966420472,1.9833116151275722e-05,100.15650939941406
EDTRPAS1-29,marginalised,3351.2079650594,2.1239425440949554e-05,98.0197525024414
EDTRPAS1-29,marginalised,3423.666476350568,2.275554815680904e-05,95.88899230957031
EDTRPAS1-29,marginalised,3497.691657306308,2.4389246319824905e-05,93.76687622070312
EDTRPAS1-29,marginalised,3573.3173818469395,2.6149056680357185e-05,91.65547943115234
EDTRPAS1-29,marginalised,3650.578256301472,2.8044129735390523e-05,89.55683898925781
EDTRPAS1-29,marginalised,3729.5096352434593,3.008454366663892e-05,87.47248840332031
EDTRPAS1-29,marginalised,3810.1476376692553,3.228157807578218e-05,85.40350341796875
EDTRPAS1-29,marginalised,3892.529163526061,3.464756844327099e-05,83.35079956054688
EDTRPAS1-29,marginalised,3976.691910597348,3.719689542239846e-05,81.31439208984375
EDTRPAS1-29,marginalised,4062.674391753335,3.9946018304220485e-05,79.29395294189453
EDTRPAS1-29,marginalised,4150.5159525745175,4.2914138653334144e-05,77.28850555419922
EDTRPAS1-29,marginalised,4240.256789356177,4.61240256412039e-05,75.29633331298828
EDTRPAS1-29,marginalised,4331.93796750221,4.960244515357478e-05,73.31539154052734
EDTRPAS1-29,marginalised,4425.601440316656,5.338148758458798e-05,71.3428955078125
EDTRPAS1-29,marginalised,4521.29006820153,5.749909143030606e-05,69.3758773803711
EDTRPAS1-29,marginalised,4619.047638269735,6.200042869493588e-05,67.41104888916016
EDTRPAS1-29,marginalised,4718.918884382054,6.69386258780115e-05,65.4452133178711
EDTRPAS1-29,marginalised,4820.949507617351,7.237643809911592e-05,63.47530746459961
EDTRPAS1-29,marginalised,4925.186197185391,7.838773717355112e-05,61.4985237121582
EDTRPAS1-29,marginalised,5031.67665179182,8.505879541910914e-05,59.51272201538086
EDTRPAS1-29,marginalised,5140.469601465088,9.249044291910697e-05,57.51636505126953
EDTRPAS1-29,marginalised,5251.614829855321,0.00010079982743268408,55.508880615234375
EDTRPAS1-29,marginalised,5365.163197015278,0.00011012314205612457,53.490596771240234
EDTRPAS1-29,marginalised,5481.166662673965,0.00012061914861019932,51.46268081665039
EDTRPAS1-29,marginalised,5599.6783100133725,0.00013247206367476039,49.42734909057617
EDTRPAS1-29,marginalised,5720.752369959342,0.00014589637938702962,47.38772201538086
EDTRPAS1-29,marginalised,5844.444245997636,0.00016114354406592432,45.34748458862305
EDTRPAS1-29,marginalised,5970.8105395265775,0.00017850894934860477,43.310909271240234
EDTRPAS1-29,marginalised,6099.909075757838,0.00019834168043938655,41.28263854980469
EDTRPAS1-29,marginalised,6231.79893017726,0.00022105607782389934,39.26755142211914
EDTRPAS1-29,marginalised,6366.54045557781,0.00024714934638316797,37.27042770385742
EDTRPAS1-29,marginalised,6504.19530967696,0.00027721684956517905,35.29621887207031
EDTRPAS1-29,marginalised,6644.826483331333,0.00031197833808734883,33.34973907470703
EDTRPAS1-29,marginalised,6788.49832936127,0.00035230577035287103,31.43574333190918
EDTRPAS1-29,marginalised,6935.276591998689,0.00039925523230155413,29.559106826782227
EDTRPAS1-29,marginalised,7085.228436971641,0.000454109550012379,27.7247371673584
EDTRPAS1-29,marginalised,7238.422482239348,0.0005184263565439764,25.937644958496094
EDTRPAS1-29,marginalised,7394.928829391781,0.0005940940781929758,24.202974319458008
EDTRPAS1-29,marginalised,7554.819095728137,0.0006834054693182491,22.52577781677246
EDTRPAS1-29,marginalised,7718.1664470289215,0.0007891394661187074,20.91099739074707
EDTRPAS1-29,marginalised,7885.0456310366035,0.0009146600564248729,19.363271713256836
EDTRPAS1-29,marginalised,8055.533011660179,0.001064050036246955,17.88662338256836
EDTRPAS1-29,marginalised,8229.706603919309,0.0012422593835468313,16.484373092651367
EDTRPAS1-29,marginalised,8407.646109643929,0.0014553028800214811,15.158931732177734
EDTRPAS1-29,marginalised,8589.4329539459,0.0017105111827945894,13.911664962768555
EDTRPAS1-29,marginalised,8775.150322479065,0.0020168416358732856,12.742900848388672
EDTRPAS1-29,marginalised,8964.88319950503,0.0023852710092805594,11.65197467803955
EDTRPAS1-29,marginalised,9158.718406781943,0.002829318626678002,10.63728141784668
EDTRPAS1-29,marginalised,9356.744643294147,0.0033656881721458084,9.696455001831055
EDTRPAS1-29,marginalised,9559.052525840818,0.0040150588348702105,8.826567649841309
EDTRPAS1-29,marginalised,9765.734630502227,0.004803133231531098,8.024255752563477
EDTRPAS1-29,marginalised,9976.885535002495,0.005761811480387605,7.2859649658203125
EDTRPAS1-29,marginalised,10192.601861988443,0.0069305849612464904,6.608105659484863
EDTRPAS1-29,marginalised,10412.982323244054,0.008358042316921352,5.987186431884766
EDTRPAS1-29,marginalised,10638.127764860994,0.010103071916499104,5.41998291015625
EDTRPAS1-29,marginalised,10868.141213385787,0.012235311805132126,4.903637886047363
EDTRPAS1-29,marginalised,11103.12792296475,0.014833887136941731,4.435710906982422
EDTRPAS1-29,marginalised,11343.195423508292,0.01798231731127801,4.014253616333008
EDTRPAS1-29,marginalised,11588.4535698966,0.021756984017785093,3.6378321647644043
EDTRPAS1-29,marginalised,11839.01459224922,0.026206250322821752,3.3054707050323486
EDTRPAS1-29,marginalised,12094.993147281562,0.03131734467768255,3.016580581665039
EDTRPAS1-29,marginalised,12356.506370771816,0.03697181031392204,2.7708747386932373
EDTRPAS1-29,marginalised,12623.673931162264,0.04290059498710435,2.56821346282959
EDTRPAS1-29,marginalised,12896.618084319565,0.0486605015653615,2.4084689617156982
EDTRPAS1-29,marginalised,13175.46372947906,0.05366360601674899,2.2914023399353027
EDTRPAS1-29,marginalised,13460.33846639856,0.05728230780681429,2.216550827026367
EDTRPAS1-29,marginalised,13751.372653748133,0.05901191651760536,2.1831822395324707
EDTRPAS1-29,marginalised,14048.699468762134,0.058626462599111494,2.1902945041656494
EDTRPAS1-29,marginalised,14352.454968181126,0.05624699808842464,2.2366673946380615
EDTRPAS1-29,marginalised,14662.77815051144,0.05228655793252144,2.320955276489258
EDTRPAS1-29,marginalised,14979.811019630886,0.04730847212537323,2.441803216934204
EDTRPAS1-29,marginalised,15303.698649769722,0.04187446002663677,2.5979533195495605
EDTRPAS1-29,marginalised,15634.58925189665,0.036440868282667245,2.7883388996124268
EDTRPAS1-29,marginalised,15972.634241540032,0.03131972647885001,3.0121304988861084
EDTRPAS1-29,marginalised,16317.988308075799,0.026687447560171326,3.268747329711914
EDTRPAS1-29,marginalised,16670.8094855132,0.02261640342399572,3.5578198432922363
EDTRPAS1-29,marginalised,17031.259224811176,0.01911015965398134,3.8791024684906006
EDTRPAS1-29,marginalised,17399.502467758324,0.016132366391144348,4.232385158538818
EDTRPAS1-29,marginalised,17775.707722450246,0.013627399768067117,4.617382526397705
EDTRPAS1-29,marginalised,18160.047140398852,0.011533357845034377,5.033636093139648
EDTRPAS1-29,marginalised,18552.69659530888,0.009789532569258878,5.480433464050293
EDTRPAS1-29,marginalised,18953.835763557716,0.00834019391753177,5.956765174865723
EDTRPAS1-29,marginalised,19363.64820641527,0.007136200527460806,6.4613037109375
EDTRPAS1-29,marginalised,19782.32145404163,0.006135303713592592,6.992431640625
EDTRPAS1-29,marginalised,20210.047091300843,0.005301823174799755,7.548285007476807
EDTRPAS1-29,marginalised,20647.02084543019,0.0046060076306355955,8.126810073852539
EDTRPAS1-29,marginalised,21093.44267560481,0.004023238847794968,8.725868225097656
EDTRPAS1-29,marginalised,21549.51686443923,0.0035333271348677716,9.343255043029785
EDTRPAS1-29,marginalised,22015.452111466937,0.0031197588388079136,9.97679328918457
EDTRPAS1-29,marginalised,22491.461628641326,0.002769073145932459,10.624378204345703
EDTRPAS1-29,marginalised,22977.76323790146,0.0024703313865887286,11.28396987915039
EDTRPAS1-29,marginalised,23474.57947084741,0.0022146564870029464,11.953575134277344
EDTRPAS1-29,marginalised,23982.13767057067,0.001994828497991742,12.631269454956055
EDTRPAS1-29,marginalised,24500.67009568644,0.001804985896107431,13.315109252929688
EDTRPAS1-29,marginalised,25030.41402661494,0.0016403549405231816,14.0031099319458
EDTRPAS1-29,marginalised,25571.611874161215,0.0014970395445968031,14.693193435668945
EDTRPAS1-29,marginalised,26124.511290442122,0.0013718473384650921,15.383161544799805
EDTRPAS1-29,marginalised,26689.36528221198,0.0012621530428890112,16.070659637451172
EDTRPAS1-29,marginalised,27266.432326638445,0.0011657812264766778,16.753210067749023
EDTRPAS1-29,marginalised,27855.976489581662,0.0010809211023541775,17.428211212158203
EDTRPAS1-29,marginalised,28458.267546430798,0.0010060520897612795,18.093008041381836
EDTRPAS1-29,marginalised,29073.581105553225,0.0009398878263782217,18.74495506286621
EDTRPAS1-29,marginalised,29702.19873441293,0.0008813340840757677,19.3814640045166
EDTRPAS1-29,marginalised,30344.40808841577,0.0008294486967436753,20.000144958496094
EDTRPAS1-29,marginalised,31000.50304254056,0.0007834198960297495,20.598814010620117
EDTRPAS1-29,marginalised,31670.783825816266,0.0007425417924671512,21.175594329833984
EDTRPAS1-29,marginalised,32355.557158706804,0.000706196632420781,21.728981018066406
EDTRPAS1-29,marginalised,33055.13639346636,0.00067384402158213,22.257837295532227
EDTRPAS1-29,marginalised,33769.84165752914,0.0006450095169622967,22.76140785217285
EDTRPAS1-29,marginalised,34500.00000000003,0.0006192747780538227,23.239336013793945
EDTRPAS1-46,marginalised,2350.0000000000005,4.735125897438271e-07,239.359130859375
EDTRPAS1-46,marginalised,2400.810783248788,5.051170405390285e-07,236.68865966796875
EDTRPAS1-46,marginalised,2452.720177431344,5.392852532071525e-07,233.98867797851562
EDTRPAS1-46,marginalised,2505.7519362847047,5.763009255261257e-07,231.2560272216797
EDTRPAS1-46,marginalised,2559.9303271399353,6.164900839850797e-07,228.4868621826172
EDTRPAS1-46,marginalised,2615.280142026874,6.602022753224278e-07,225.67913818359375
EDTRPAS1-46,marginalised,2671.8267090189534,7.078193343701599e-07,222.8312530517578
EDTRPAS1-46,marginalised,2729.595903823329,7.597541542166394e-07,219.942626953125
EDTRPAS1-46,marginalised,2788.614161621604,8.16439111555449e-07,217.01419067382812
EDTRPAS1-46,marginalised,2848.908489166566,8.783320854762187e-07,214.04795837402344
EDTRPAS1-46,marginalised,2910.50647714047,9.459108597002967e-07,211.0469970703125
EDTRPAS1-46,marginalised,2973.4363127805454,1.0196708871317502e-06,208.01548767089844
EDTRPAS1-46,marginalised,3037.72679277747,1.100126109558243e-06,204.95802307128906
EDTRPAS1-46,marginalised,3103.4073364527258,1.1878238734922773e-06,201.87936401367188
EDTRPAS1-46,marginalised,3170.507999220895,1.2833322139827028e-06,198.7843780517578
EDTRPAS1-46,marginalised,3239.0594863430056,1.3872473808956249e-06,195.67828369140625
EDTRPAS1-46,marginalised,3309.0931669772626,1.5002130577239937e-06,192.56539916992188
EDTRPAS1-46,marginalised,3380.6410885335717,1.6229074285651647e-06,189.449951171875
EDTRPAS1-46,marginalised,3453.7359913384335,1.7560597979083621e-06,186.33566284179688
EDTRPAS1-46,marginalised,3528.411323616916,1.9004539003609143e-06,183.2259063720703
EDTRPAS1-46,marginalised,3604.7012567985616,2.0569317853729073e-06,180.1234588623047
EDTRPAS1-46,marginalised,3682.6407011542315,2.2263930334413516e-06,177.03085327148438
EDTRPAS1-46,marginalised,3762.2653217710517,2.4098196197510005e-06,173.95004272460938
EDTRPAS1-46,marginalised,3843.611554872728,2.6083011183998687e-06,170.88233947753906
EDTRPAS1-46,marginalised,3926.716624492802,2.8230400587911573e-06,167.8283233642578
EDTRPAS1-46,marginalised,4011.6185595083402,3.0554048031149633e-06,164.78773498535156
EDTRPAS1-46,marginalised,4098.356211041954,3.3069562353848156e-06,161.7594757080078
EDTRPAS1-46,marginalised,4186.969270240072,3.5795091308488224e-06,158.74151611328125
EDTRPAS1-46,marginalised,4277.498286435604,3.875191577581918e-06,155.7308349609375
EDTRPAS1-46,marginalised,4369.984685703324,4.196511088127355e-06,152.72341918945312
EDTRPAS1-46,marginalised,4464.470789816428,4.546411232754512e-06,149.714599609375
EDTRPAS1-46,marginalised,4560.999835612984,4.928355146635506e-06,146.69920349121094
EDTRPAS1-46,marginalised,4659.615994781106,5.346409689618447e-06,143.6716766357422
EDTRPAS1-46,marginalised,4760.364394071918,5.805308167429553e-06,140.62640380859375
EDTRPAS1-46,marginalised,4863.291135949558,6.310525139911997e-06,137.55813598632812
EDTRPAS1-46,marginalised,4968.443319687636,6.868391319949416e-06,134.4620361328125
EDTRPAS1-46,marginalised,5075.869062921906,7.486177251452886e-06,131.33392333984375
EDTRPAS1-46,marginalised,5185.617523668865,8.172098731455156e-06,128.17098999023438
EDTRPAS1-46,marginalised,5297.738922820462,8.93548124130702e-06,124.9715347290039
EDTRPAS1-46,marginalised,5412.284567125184,9.786797653845446e-06,121.73524475097656
EDTRPAS1-46,marginalised,5529.306872666017,1.0737804259281718e-05,118.46308135986328
EDTRPAS1-46,marginalised,5648.859388846045,1.180151334206776e-05,115.15776824951172
EDTRPAS1-46,marginalised,5770.9968228926555,1.2992497670738416e-05,111.8228988647461
EDTRPAS1-46,marginalised,5895.775064891567,1.4326891018252434e-05,108.46324157714844
EDTRPAS1-46,marginalised,6023.251213362136,1.5822645393604877e-05,105.08429718017578
EDTRPAS1-46,marginalised,6153.4836013856,1.74997142286831e-05,101.69212341308594
EDTRPAS1-46,marginalised,6286.5318232983545,1.9380338559104272e-05,98.29307556152344
EDTRPAS1-46,marginalised,6422.456761962278,2.1489344799520347e-05,94.89359283447266
EDTRPAS1-46,marginalised,6561.3206166247355,2.385442932040364e-05,91.50001525878906
EDTRPAS1-46,marginalised,6703.1869313809575,2.650621924153773e-05,88.11905670166016
EDTRPAS1-46,marginalised,6848.120624251811,2.9478669753734624e-05,84.75737762451172
EDTRPAS1-46,marginalised,6996.1880168902835,3.280902835422818e-05,81.421875
EDTRPAS1-46,marginalised,7147.456864930275,3.653758552040917e-05,78.11991119384766
EDTRPAS1-46,marginalised,7301.996388991564,4.070733555020522e-05,74.8594741821289
EDTRPAS1-46,marginalised,7459.8773063551735,4.53637628089705e-05,71.64877319335938
EDTRPAS1-46,marginalised,7621.171863323583,5.0553884768451065e-05,68.49641418457031
EDTRPAS1-46,marginalised,7785.953868280659,5.6325648723793183e-05,65.41126251220703
EDTRPAS1-46,marginalised,7954.298725466305,6.272731615561541e-05,62.401824951171875
EDTRPAS1-46,marginalised,8126.283469481529,6.980700413107254e-05,59.476051330566406
EDTRPAS1-46,marginalised,8301.986800539415,7.761203460083377e-05,56.64104461669922
EDTRPAS1-46,marginalised,8481.489120478353,8.618976724650567e-05,53.902442932128906
EDTRPAS1-46,marginalised,8664.872569553918,9.558743602922617e-05,51.26451110839844
EDTRPAS1-46,marginalised,8852.221064026246,0.00010585373405205757,48.72978973388672
EDTRPAS1-46,marginalised,9043.620334560113,0.00011704064638431939,46.29906463623047
EDTRPAS1-46,marginalised,9239.15796545529,0.00012920568015236866,43.971473693847656
EDTRPAS1-46,marginalised,9438.923434725119,0.0001424137197902973,41.7447509765625
EDTRPAS1-46,marginalised,9643.008155041596,0.00015674177450928877,39.61529541015625
EDTRPAS1-46,marginalised,9851.505515565897,0.00017228156142513984,37.57844543457031
EDTRPAS1-46,marginalised,10064.510924683198,0.0001891437761931552,35.62889862060547
EDTRPAS1-46,marginalised,10282.121853661552,0.0002074627305329135,33.76087951660156
EDTRPAS1-46,marginalised,10504.437881254753,0.00022740159720250613,31.968374252319336
EDTRPAS1-46,marginalised,10731.560739269558,0.00024915644040013297,30.245527267456055
EDTRPAS1-46,marginalised,10963.594359118164,0.0002729622769240786,28.586809158325195
EDTRPAS1-46,marginalised,11200.644919377222,0.00029909806407232885,26.987266540527344
EDTRPAS1-46,marginalised,11442.820894375142,0.0003278921875488599,25.442697525024414
EDTRPAS1-46,marginalised,11690.233103829947,0.00035972539779924773,23.94990348815918
EDTRPAS1-46,marginalised,11942.994763560375,0.0003950370672404412,22.506681442260742
EDTRPAS1-46,marginalised,12201.22153729345,0.0004343284496311575,21.11187171936035
EDTRPAS1-46,marginalised,12465.031589592112,0.0004781682755187557,19.7652587890625
EDTRPAS1-46,marginalised,12734.545639927455,0.0005271986693426537,18.4674129486084
EDTRPAS1-46,marginalised,13009.887017919858,0.0005821436266042159,17.219449996948242
EDTRPAS1-46,marginalised,13291.181719774644,0.0006438266893863831,16.022666931152344
EDTRPAS1-46,marginalised,13578.558465937927,0.0007131902857150256,14.878311157226562
EDTRPAS1-46,marginalised,13872.148759999103,0.0007913271240008229,13.787308692932129
EDTRPAS1-46,marginalised,14172.086948866872,0.0008795332830409929,12.749979019165039
EDTRPAS1-46,marginalised,14478.510284246382,0.000979362131002899,11.766070365905762
EDTRPAS1-46,marginalised,14791.55898544561,0.0010927219668942154,10.83459758758545
EDTRPAS1-46,marginalised,15111.376303539737,0.0012219830500931625,9.954024314880371
EDTRPAS1-46,marginalised,15438.108586922726,0.0013701311717524121,9.122364044189453
EDTRPAS1-46,marginalised,15771.905348276503,0.0015409519459976533,8.337430953979492
EDTRPAS1-46,marginalised,16112.919332987854,0.0017392813479848903,7.5970001220703125
EDTRPAS1-46,marginalised,16461.306589044725,0.001971319134452242,6.8990254402160645
EDTRPAS1-46,marginalised,16817.226538443785,0.002245052236222341,6.24174690246582
EDTRPAS1-46,marginalised,17180.842050141924,0.0025707817160202664,5.623836040496826
EDTRPAS1-46,marginalised,17552.31951458508,0.0029618642375992777,5.0443525314331055
EDTRPAS1-46,marginalised,17931.828919848507,0.003435662453916975,4.502740859985352
EDTRPAS1-46,marginalised,18319.5439294233,0.004014831474336804,3.9987237453460693
EDTRPAS1-46,marginalised,18715.64196168482,0.004728986653125188,3.5322084426879883
EDTRPAS1-46,marginalised,19120.304271079323,0.005616872682808063,3.103151559829712
EDTRPAS1-46,marginalised,19533.716031065997,0.006729021960679901,2.711456060409546
EDTRPAS1-46,marginalised,19956.06641885236,0.008130809792078694,2.3568742275238037
EDTRPAS1-46,marginalised,20387.5487019616,0.009905368782401601,2.0389513969421387
EDTRPAS1-46,marginalised,20828.360326672013,0.012155121965751008,1.756990909576416
EDTRPAS1-46,marginalised,21278.703008368262,0.014999060084428343,1.510058879852295
EDTRPAS1-46,marginalised,21738.78282384636,0.018560461351912614,1.2970101833343506
EDTRPAS1-46,marginalised,22208.810305614414,0.02293682805372749,1.116518259048462
EDTRPAS1-46,marginalised,22689.000538232292,0.028141932037104633,0.9671227931976318
EDTRPAS1-46,marginalised,23179.57325673431,0.03401691032186754,0.8472745418548584
EDTRPAS1-46,marginalised,23680.752947180023,0.040134183470126095,0.7553676962852478
EDTRPAS1-46,marginalised,24192.768949378857,0.045765077916623695,0.6897683143615723
EDTRPAS1-46,marginalised,24715.855561836255,0.050008067802838646,0.6488285064697266
EDTRPAS1-46,marginalised,25250.252148968513,0.0520953890806473,0.6308873295783997
EDTRPAS1-46,marginalised,25796.20325063595,0.05172180879475582,0.6342660784721375
EDTRPAS1-46,marginalised,26353.958694044348,0.04916250333496499,0.6572578549385071
EDTRPAS1-46,marginalised,26923.773708065877,0.04510200992407684,0.6981167197227478
EDTRPAS1-46,marginalised,27505.90904003181,0.04032431493017484,0.7550507187843323
EDTRPAS1-46,marginalised,28100.631075050504,0.03546924190832703,0.8262233734130859
EDTRPAS1-46,marginalised,28708.2119579052,0.03094155466777999,0.909761369228363
EDTRPAS1-46,marginalised,29328.92971758749,0.026935176159633454,1.0037734508514404
EDTRPAS1-46,marginalised,29963.068394523347,0.023500932721703217,1.1063768863677979
EDTRPAS1-46,marginalised,30610.918170550038,0.020610503632592325,1.2157299518585205
EDTRPAS1-46,marginalised,31272.775501703312,0.01820070855494426,1.330064296722412
EDTRPAS1-46,marginalised,31948.94325387573,0.016198933460330543,1.447722315788269
EDTRPAS1-46,marginalised,32639.730841407858,0.01453584053928329,1.5671862363815308
EDTRPAS1-46,marginalised,33345.4543686766,0.013150587181005265,1.6870962381362915
EDTRPAS1-46,marginalised,34066.43677474433,0.011991997418944125,1.8062721490859985
EDTRPAS1-46,marginalised,34803.007981135845,0.011018127247203656,1.9237114191055298
EDTRPAS1-46,marginalised,35555.50504281045,0.010195005221388971,2.0385913848876953
EDTRPAS1-46,marginalised,36324.27230239829,0.009495281700031924,2.150261878967285
EDTRPAS1-46,marginalised,37109.661547771524,0.008897128944232032,2.2582027912139893
EDTRPAS1-46,marginalised,37912.032173022526,0.00838298888223755,2.362032413482666
EDTRPAS1-46,marginalised,38731.75134292232,0.007938832687378793,2.461458206176758
EDTRPAS1-46,marginalised,39569.194160935585,0.0075533969218246335,2.556262731552124
EDTRPAS1-46,marginalised,40424.743840867704,0.007217633012942122,2.646277904510498
EDTRPAS1-46,marginalised,41298.79188222349,0.006924269912707889,2.7313616275787354
EDTRPAS1-46,marginalised,42191.7382493573,0.006667406522180807,2.811399221420288
EDTRPAS1-46,marginalised,43103.99155449674,0.006442232483024674,2.8862953186035156
EDTRPAS1-46,marginalised,44035.969244723594,0.006244793416773244,2.9559738636016846
EDTRPAS1-46,marginalised,44988.09779299761,0.0060717937247653925,3.0203869342803955
EDTRPAS1-46,marginalised,45960.81289331049,0.0059204401692785884,3.0795254707336426
EDTRPAS1-46,marginalised,46954.55966005946,0.005788284034080923,3.1334447860717773
EDTRPAS1-46,marginalised,47969.79283173161,0.005673186195379773,3.1822516918182373
EDTRPAS1-46,marginalised,49006.97697899219,0.005573231849936049,3.2261128425598145
EDTRPAS1-46,marginalised,50066.586717272236,0.005486672409304196,3.26526141166687
EDTRPAS1-46,marginalised,51149.10692395222,0.005411905569973546,3.2999863624572754
EDTRPAS1-46,marginalised,52255.03296024243,0.005347476708197264,3.330613136291504
EDTRPAS1-46,marginalised,53384.87089785994,0.00529206576844681,3.3574912548065186
EDTRPAS1-46,marginalised,54539.137750607035,0.005244461665312103,3.3809921741485596
EDTRPAS1-46,marginalised,55718.361710956764,0.005203589303866052,3.401479721069336
EDTRPAS1-46,marginalised,56923.08239175378,0.0051684975580876345,3.4193027019500732
EDTRPAS1-46,marginalised,58153.85107314113,0.005138340072806455,3.434795618057251
EDTRPAS1-46,marginalised,59411.23095482609,0.005112393949738618,3.448256731033325
EDTRPAS1-46,marginalised,60695.797413800385,0.0050900206698534295,3.459963798522949
EDTRPAS1-46,marginalised,62008.138267632276,0.005070681108065937,3.470158576965332
EDTRPAS1-46,marginalised,63348.8540434525,0.005053915910671261,3.479053258895874
EDTRPAS1-46,marginalised,64718.55825275503,0.005039333809823421,3.486833095550537
EDTRPAS1-46,marginalised,66117.87767214004,0.00502660205383805,3.493659496307373
EDTRPAS1-46,marginalised,67547.45263012683,0.005015447647715898,3.4996657371520996
EDTRPAS1-46,marginalised,69007.93730016817,0.005005636317753423,3.5049684047698975
EDTRPAS1-46,marginalised,70499.99999999999,0.00499697355893719,3.5096659660339355
EDTRPAS1-30,marginalised,299.99999999999994,0.005258033663905937,10.849786758422852
EDTRPAS1-30,marginalised,306.4864829679303,0.0052613593336115405,10.845500946044922
EDTRPAS1-30,marginalised,313.11321414017146,0.005266046641499702,10.839485168457031
EDTRPAS1-30,marginalised,319.8832259086856,0.0052721113054008195,10.831696510314941
EDTRPAS1-30,marginalised,326.79961623062997,0.005279521544896993,10.822212219238281
EDTRPAS1-30,marginalised,333.8655500459838,0.00528816107614688,10.811166763305664
EDTRPAS1-30,marginalised,341.0842607258237,0.005297866272585324,10.798808097839355
EDTRPAS1-30,marginalised,348.4590515519143,0.005308390281188554,10.785442352294922
EDTRPAS1-30,marginalised,355.9932972282901,0.005319466122166941,10.77142333984375
EDTRPAS1-30,marginalised,363.690445425519,0.005330792939026771,10.757137298583984
EDTRPAS1-30,marginalised,371.5540183583577,0.005342067631695941,10.742956161499023
EDTRPAS1-30,marginalised,379.5876143975163,0.005353009107805813,10.729243278503418
EDTRPAS1-30,marginalised,387.7949097162723,0.005363368414054921,10.716299057006836
EDTRPAS1-30,marginalised,396.17965997268794,0.00537294176839727,10.704373359680176
EDTRPAS1-30,marginalised,404.7457020281992,0.005381585094646887,10.693632125854492
EDTRPAS1-30,marginalised,413.4969557033623,0.005389209869652451,10.68418025970459
EDTRPAS1-30,marginalised,422.4374255715653,0.005395784137983783,10.676050186157227
EDTRPAS1-30,marginalised,431.5712027915197,0.005401325118189807,10.669206619262695
EDTRPAS1-30,marginalised,440.90246697937437,0.005405884717817813,10.663585662841797
EDTRPAS1-30,marginalised,450.4354881213087,0.005409547499563487,10.659074783325195
EDTRPAS1-30,marginalised,460.1746285274762,0.005412413820585121,10.655548095703125
EDTRPAS1-30,marginalised,470.12434482820004,0.005414589562210379,10.652871131896973
EDTRPAS1-30,marginalised,480.28919001332514,0.005416185108522367,10.650911331176758
EDTRPAS1-30,marginalised,490.67381551566683,0.0054172996178240285,10.649540901184082
EDTRPAS1-30,marginalised,501.28297333950604,0.005466825239319661,10.589142799377441
EDTRPAS1-30,marginalised,512.1215182351071,0.005477523111675173,10.57620906829834
EDTRPAS1-30,marginalised,523.1944099202493,0.005489398304278914,10.561897277832031
EDTRPAS1-30,marginalised,534.5067153497962,0.005502482719604879,10.546184539794922
EDTRPAS1-30,marginalised,546.0636110343323,0.005516740953064804,10.52912712097168
EDTRPAS1-30,marginalised,557.8703854089352,0.005532101331051704,10.510830879211426
EDTRPAS1-30,marginalised,569.9324412531613,0.005548445391793683,10.491445541381836
EDTRPAS1-30,marginalised,582.25529816336,0.005565631089131098,10.471158027648926
EDTRPAS1-30,marginalised,594.8445950784394,0.0055835103983783345,10.45015811920166
EDTRPAS1-30,marginalised,607.7060928602451,0.005601931854558017,10.428628921508789
EDTRPAS1-30,marginalised,620.8456769297301,0.005620761190580844,10.406736373901367
EDTRPAS1-30,marginalised,634.269359960123,0.005639883562935794,10.384621620178223
EDTRPAS1-30,marginalised,647.9832846283283,0.0056592073902478,10.36239242553711
EDTRPAS1-30,marginalised,661.9937264258123,0.005678667293005048,10.340124130249023
EDTRPAS1-30,marginalised,676.3070965302716,0.005698213115733242,10.317877769470215
EDTRPAS1-30,marginalised,690.929944739385,0.005717811720104445,10.295690536499023
EDTRPAS1-30,marginalised,705.8689624680026,0.005737428908631032,10.273599624633789
EDTRPAS1-30,marginalised,721.1309858101338,0.005757034465659195,10.251640319824219
EDTRPAS1-30,marginalised,736.722998667148,0.005776584177462249,10.229859352111816
EDTRPAS1-30,marginalised,752.6521359436047,0.00579602925057513,10.208305358886719
EDTRPAS1-30,marginalised,768.9256868121867,0.005815312138760214,10.187047004699707
EDTRPAS1-30,marginalised,785.5510980492246,0.005834377095364908,10.166131973266602
EDTRPAS1-30,marginalised,802.5359774423429,0.00585316696057978,10.145625114440918
EDTRPAS1-30,marginalised,819.8880972717799,0.005871638680350344,10.125564575195312
EDTRPAS1-30,marginalised,837.6153978669872,0.00588977195275285,10.105966567993164
EDTRPAS1-30,marginalised,855.725991240122,0.005907564956471399,10.086828231811523
EDTRPAS1-30,marginalised,874.228164798104,0.005925045198700112,10.068110466003418
EDTRPAS1-30,marginalised,893.1303851349303,0.005942254101007412,10.049768447875977
EDTRPAS1-30,marginalised,912.441301905993,0.005959263669030703,10.031720161437988
EDTRPAS1-30,marginalised,932.1697517861577,0.005976146939020775,10.013886451721191
EDTRPAS1-30,marginalised,952.3247625134269,0.005992984536320972,9.996175765991211
EDTRPAS1-30,marginalised,972.9155570200325,0.006009851061950034,9.978513717651367
EDTRPAS1-30,marginalised,993.9515576528488,0.00602681328654328,9.96082878112793
EDTRPAS1-30,marginalised,1015.4423904850598,0.006043921682740117,9.943069458007812
EDTRPAS1-30,marginalised,1037.3978897210459,0.006061210532040168,9.925199508666992
EDTRPAS1-30,marginalised,1059.8281021965206,0.006078704244160353,9.90719985961914
EDTRPAS1-30,marginalised,1082.7432919759597,0.0060964137704352505,9.889059066772461
EDTRPAS1-30,marginalised,1106.153945049437,0.006114347636687433,9.870770454406738
EDTRPAS1-30,marginalised,1130.0707741310107,0.006132509578828832,9.852336883544922
EDTRPAS1-30,marginalised,1154.5047235608663,0.006150907904633584,9.833747863769531
EDTRPAS1-30,marginalised,1179.4669743134418,0.006169551750084656,9.814995765686035
EDTRPAS1-30,marginalised,1204.9689491138436,0.006188451994740918,9.796076774597168
EDTRPAS1-30,marginalised,1231.022317664883,0.006207620595001798,9.776979446411133
EDTRPAS1-30,marginalised,1257.6390019871344,0.006227057203015424,9.757708549499512
EDTRPAS1-30,marginalised,1284.8311818744505,0.006246759650717992,9.738266944885254
EDTRPAS1-30,marginalised,1312.6113004674319,0.0062667094708264955,9.718677520751953
EDTRPAS1-30,marginalised,1340.9920699474148,0.0062868737983842685,9.698975563049316
EDTRPAS1-30,marginalised,1369.98647735356,0.006307205731729776,9.679207801818848
EDTRPAS1-30,marginalised,1399.6077905257239,0.006327648038692166,9.659429550170898
EDTRPAS1-30,marginalised,1429.8695641758163,0.00634813431677898,9.63970947265625
EDTRPAS1-30,marginalised,1460.7856460904443,0.00636859652977863,9.62010669708252
EDTRPAS1-30,marginalised,1492.3701834676538,0.006388968909861501,9.600685119628906
EDTRPAS1-30,marginalised,1524.6376293906872,0.0064091967245302785,9.58149528503418
EDTRPAS1-30,marginalised,1557.602749441715,0.006429229394364143,9.562581062316895
EDTRPAS1-30,marginalised,1591.2806284585656,0.006449036450600263,9.543967247009277
EDTRPAS1-30,marginalised,1625.686677437547,0.006468596600939518,9.525671005249023
EDTRPAS1-30,marginalised,1660.8366405855134,0.006487900336233475,9.507695198059082
EDTRPAS1-30,marginalised,1696.746602524422,0.006506950026410916,9.490035057067871
EDTRPAS1-30,marginalised,1733.4329956516513,0.00652575363543345,9.472679138183594
EDTRPAS1-30,marginalised,1770.9126076594612,0.00654432151855892,9.455613136291504
EDTRPAS1-30,marginalised,1809.2025892170484,0.0065626643600960426,9.438827514648438
EDTRPAS1-30,marginalised,1848.320461818688,0.006580792743875373,9.422304153442383
EDTRPAS1-30,marginalised,1888.2841258015683,0.006598713034925523,9.406035423278809
EDTRPAS1-30,marginalised,1929.1118685369852,0.006616427642570664,9.390020370483398
EDTRPAS1-30,marginalised,1970.8223727986433,0.006633937225594465,9.374249458312988
EDTRPAS1-30,marginalised,2013.4347253118935,0.006651237732149007,9.358728408813477
EDTRPAS1-30,marginalised,2056.9684254878107,0.006668326489568018,9.343452453613281
EDTRPAS1-30,marginalised,2101.4433943461345,0.006685196987621777,9.328429222106934
EDTRPAS1-30,marginalised,2146.879983631121,0.0067018485035702305,9.313652038574219
EDTRPAS1-30,marginalised,2193.2989851245025,0.006718276112112695,9.299124717712402
EDTRPAS1-30,marginalised,2240.721640159799,0.006734482915076215,9.284842491149902
EDTRPAS1-30,marginalised,2289.1696493423638,0.0067504703091954615,9.270798683166504
EDTRPAS1-30,marginalised,2338.6651824795717,0.0067662399670254956,9.256991386413574
EDTRPAS1-30,marginalised,2389.230888725723,0.0067817933976020974,9.243414878845215
EDTRPAS1-30,marginalised,2440.889906946298,0.006797131345730626,9.230066299438477
EDTRPAS1-30,marginalised,2493.6658763062987,0.006812248598829914,9.216949462890625
EDTRPAS1-30,marginalised,2547.582947087534,0.006827135384967033,9.204066276550293
EDTRPAS1-30,marginalised,2602.665791739778,0.006841776292573782,9.19143009185791
EDTRPAS1-30,marginalised,2658.9396161708946,0.006856146232099636,9.179058074951172
EDTRPAS1-30,marginalised,2716.430171281056,0.00687021102635769,9.166976928710938
EDTRPAS1-30,marginalised,2775.1637647463454,0.006883930413013086,9.155217170715332
EDTRPAS1-30,marginalised,2835.1672730571604,0.006897255829076736,9.143816947937012
EDTRPAS1-30,marginalised,2896.4681538168898,0.006910133707009845,9.132817268371582
EDTRPAS1-30,marginalised,2959.0944583065098,0.006922508518285915,9.122260093688965
EDTRPAS1-30,marginalised,3023.0748443208504,0.006934320931570473,9.11219310760498
EDTRPAS1-30,marginalised,3088.4385892824034,0.00694551459204148,9.102657318115234
EDTRPAS1-30,marginalised,3155.2156036386673,0.006956034014128314,9.093696594238281
EDTRPAS1-30,marginalised,3223.436444549168,0.006965829189519774,9.085346221923828
EDTRPAS1-30,marginalised,3293.132329868415,0.006974854666810397,9.077640533447266
EDTRPAS1-30,marginalised,3364.3351524311893,0.006983066250053477,9.070612907409668
EDTRPAS1-30,marginalised,3437.0774946467095,0.006990429683449203,9.064287185668945
EDTRPAS1-30,marginalised,3511.3926434083182,0.006996910888258444,9.058688163757324
EDTRPAS1-30,marginalised,3587.314605325598,0.00700248301257931,9.053834915161133
EDTRPAS1-30,marginalised,3664.8781222857724,0.007007120523717266,9.049745559692383
EDTRPAS1-30,marginalised,3744.1186873515962,0.00701080293228142,9.046433448791504
EDTRPAS1-30,marginalised,3825.0725610029826,0.00701351363199001,9.043911933898926
EDTRPAS1-30,marginalised,3907.7767877297943,0.007015233244895544,9.042194366455078
EDTRPAS1-30,marginalised,3992.269212983404,0.007015950016474374,9.041290283203125
EDTRPAS1-30,marginalised,4078.5885004947763,0.007015648658023974,9.04120922088623
EDTRPAS1-30,marginalised,4166.774149966963,0.007014310857576756,9.041969299316406
EDTRPAS1-30,marginalised,4256.866515150206,0.007011918377264568,9.043583869934082
EDTRPAS1-30,marginalised,4348.906822307789,0.007008445980594548,9.046073913574219
EDTRPAS1-30,marginalised,4442.937189081174,0.007003859237885241,9.049470901489258
EDTRPAS1-30,marginalised,4539.000643763039,0.006998117791339277,9.053808212280273
EDTRPAS1-30,marginalised,4637.141144987018,0.006991170980328431,9.059130668640137
EDTRPAS1-30,marginalised,4737.403601843176,0.006982957127562161,9.0654935836792
EDTRPAS1-30,marginalised,4839.833894428401,0.006973404878681032,9.072959899902344
EDTRPAS1-30,marginalised,4944.4788948411415,0.00696243139397556,9.08160400390625
EDTRPAS1-30,marginalised,5051.386488630068,0.006949947999422859,9.091506958007812
EDTRPAS1-30,marginalised,5160.6055967065095,0.0069358572779400045,9.10275936126709
EDTRPAS1-30,marginalised,5272.186197730653,0.006920058509064364,9.115457534790039
EDTRPAS1-30,marginalised,5386.179350981786,0.006902451558391232,9.129701614379883
EDTRPAS1-30,marginalised,5502.637219722991,0.006882934606038475,9.145594596862793
EDTRPAS1-30,marginalised,5621.6130950711,0.006861415464299391,9.16323471069336
EDTRPAS1-30,marginalised,5743.161420382677,0.00683780960721272,9.182721138000488
EDTRPAS1-30,marginalised,5867.3378161673,0.0068120417103729215,9.204147338867188
EDTRPAS1-30,marginalised,5994.199105539509,0.0067840503099575455,9.227601051330566
EDTRPAS1-30,marginalised,6123.80334022106,0.006753790400784768,9.25316047668457
EDTRPAS1-30,marginalised,6256.20982710539,0.006721223341079192,9.280902862548828
EDTRPAS1-30,marginalised,6391.47915539646,0.0066863270405106145,9.310898780822754
EDTRPAS1-30,marginalised,6529.6732243343295,0.006649096941077674,9.343204498291016
EDTRPAS1-30,marginalised,6670.855271520314,0.00660953828573479,9.377877235412598
EDTRPAS1-30,marginalised,6815.089901854464,0.006567676427763478,9.414956092834473
EDTRPAS1-30,marginalised,6962.443117098775,0.00652355709480998,9.454471588134766
EDTRPAS1-30,marginalised,7112.982346079591,0.0064772487145946835,9.49643325805664
EDTRPAS1-30,marginalised,7266.776475543039,0.006428845705246988,9.540831565856934
EDTRPAS1-30,marginalised,7423.895881677596,0.006378479126545851,9.587623596191406
EDTRPAS1-30,marginalised,7584.412462318229,0.00632630813988532,9.636737823486328
EDTRPAS1-30,marginalised,7748.399669846848,0.006272521045998123,9.688074111938477
EDTRPAS1-30,marginalised,7915.932544804111,0.006217341076648369,9.741495132446289
EDTRPAS1-30,marginalised,8087.087750227968,0.0061610092088163265,9.796833038330078
EDTRPAS1-30,marginalised,8261.943606734674,0.0061037771985181346,9.853904724121094
EDTRPAS1-30,marginalised,8440.580128358293,0.006045903146231762,9.912506103515625
EDTRPAS1-30,marginalised,8623.079059165133,0.005987634029067966,9.972431182861328
EDTRPAS1-30,marginalised,8809.523910659771,0.005929200176211872,10.033476829528809
EDTRPAS1-30,marginalised,9000.000000000004,0.005870801507613476,10.095460891723633
EDTRPAS1-34,marginalised,299.99999999999994,0.009246166988747063,0.19369377195835114
EDTRPAS1-34,marginalised,306.4864829679303,0.009276914475832948,0.19314445555210114
EDTRPAS1-34,marginalised,313.11321414017146,0.009319751983306182,0.19238607585430145
EDTRPAS1-34,marginalised,319.8832259086856,0.009375069474173037,0.1914137899875641
EDTRPAS1-34,marginalised,326.79961623062997,0.0094423937496672,0.19024059176445007
EDTRPAS1-34,marginalised,333.8655500459838,0.009520307062729733,0.1888979971408844
EDTRPAS1-34,marginalised,341.0842607258237,0.009607504233745436,0.18740993738174438
EDTRPAS1-34,marginalised,348.4590515519143,0.009701219097218014,0.18583136796951294
EDTRPAS1-34,marginalised,355.9932972282901,0.009799080952698287,0.18420325219631195
EDTRPAS1-34,marginalised,363.690445425519,0.00989851157181571,0.1825680434703827
EDTRPAS1-34,marginalised,371.5540183583577,0.0099963391397154,0.18098071217536926
EDTRPAS1-34,marginalised,379.5876143975163,0.01009026668613797,0.1794748306274414
EDTRPAS1-34,marginalised,387.7949097162723,0.010178290288578728,0.17807933688163757
EDTRPAS1-34,marginalised,396.17965997268794,0.010258776056073886,0.17681634426116943
EDTRPAS1-34,marginalised,404.7457020281992,0.010330694711741136,0.1756982058286667
EDTRPAS1-34,marginalised,413.4969557033623,0.01039352062896798,0.17472930252552032
EDTRPAS1-34,marginalised,422.4374255715653,0.01044722105716309,0.17390675842761993
EDTRPAS1-34,marginalised,431.5712027915197,0.010492134759408198,0.17322281002998352
EDTRPAS1-34,marginalised,440.90246697937437,0.010528833531324076,0.17266663908958435
EDTRPAS1-34,marginalised,450.4354881213087,0.010558157916147214,0.17222389578819275
EDTRPAS1-34,marginalised,460.1746285274762,0.010580994502858597,0.17188018560409546
EDTRPAS1-34,marginalised,470.12434482820004,0.01059827158919484,0.17162077128887177
EDTRPAS1-34,marginalised,480.28919001332514,0.010610902075980335,0.17143142223358154
EDTRPAS1-34,marginalised,490.67381551566683,0.010619708913928275,0.17129959166049957
EDTRPAS1-34,marginalised,501.28297333950604,0.010995170202332679,0.16579872369766235
EDTRPAS1-34,marginalised,512.1215182351071,0.011071912084811014,0.16470226645469666
EDTRPAS1-34,marginalised,523.1944099202493,0.011155161769246257,0.16352303326129913
EDTRPAS1-34,marginalised,534.5067153497962,0.011244383736476663,0.16227073967456818
EDTRPAS1-34,marginalised,546.0636110343323,0.011338539450840611,0.16096176207065582
EDTRPAS1-34,marginalised,557.8703854089352,0.011436179330679929,0.1596175730228424
EDTRPAS1-34,marginalised,569.9324412531613,0.011535598325741823,0.15826235711574554
EDTRPAS1-34,marginalised,582.25529816336,0.011634938826851753,0.1569211781024933
EDTRPAS1-34,marginalised,594.8445950784394,0.01173235884160766,0.15561802685260773
EDTRPAS1-34,marginalised,607.7060928602451,0.011826181772278939,0.1543736457824707
EDTRPAS1-34,marginalised,620.8456769297301,0.011914894388588684,0.1532060205936432
EDTRPAS1-34,marginalised,634.269359960123,0.011997284391147755,0.15212856233119965
EDTRPAS1-34,marginalised,647.9832846283283,0.012072354451614514,0.15115182101726532
EDTRPAS1-34,marginalised,661.9937264258123,0.012139359159381463,0.1502828747034073
EDTRPAS1-34,marginalised,676.3070965302716,0.012197718019697738,0.14952681958675385
EDTRPAS1-34,marginalised,690.929944739385,0.012246974617122715,0.14888736605644226
EDTRPAS1-34,marginalised,705.8689624680026,0.012286745499958347,0.14836755394935608
EDTRPAS1-34,marginalised,721.1309858101338,0.012316759752632234,0.1479692906141281
EDTRPAS1-34,marginalised,736.722998667148,0.012336798986924908,0.1476942002773285
EDTRPAS1-34,marginalised,752.6521359436047,0.012346759667918324,0.14754287898540497
EDTRPAS1-34,marginalised,768.9256868121867,0.012346670496472254,0.14751467108726501
EDTRPAS1-34,marginalised,785.5510980492246,0.012336706655681297,0.14760750532150269
EDTRPAS1-34,marginalised,802.5359774423429,0.01231719046500463,0.14781787991523743
EDTRPAS1-34,marginalised,819.8880972717799,0.012288550134465741,0.14814125001430511
EDTRPAS1-34,marginalised,837.6153978669872,0.012251281432059247,0.14857251942157745
EDTRPAS1-34,marginalised,855.725991240122,0.012205869951867608,0.14910688996315002
EDTRPAS1-34,marginalised,874.228164798104,0.012152740360557315,0.14974039793014526
EDTRPAS1-34,marginalised,893.1303851349303,0.012092182544676179,0.15047094225883484
EDTRPAS1-34,marginalised,912.441301905993,0.012024346316955595,0.15129831433296204
EDTRPAS1-34,marginalised,932.1697517861577,0.011949187012508014,0.15222498774528503
EDTRPAS1-34,marginalised,952.3247625134269,0.01186655910658203,0.1532549262046814
EDTRPAS1-34,marginalised,972.9155570200325,0.011776174417628906,0.15439437329769135
EDTRPAS1-34,marginalised,993.9515576528488,0.011677673900433881,0.1556510180234909
EDTRPAS1-34,marginalised,1015.4423904850598,0.011570738263273,0.1570325642824173
EDTRPAS1-34,marginalised,1037.3978897210459,0.011455064337041987,0.15854717791080475
EDTRPAS1-34,marginalised,1059.8281021965206,0.011330393746569235,0.16020311415195465
EDTRPAS1-34,marginalised,1082.7432919759597,0.011196532413510006,0.16200876235961914
EDTRPAS1-34,marginalised,1106.153945049437,0.011053372034570158,0.16397178173065186
EDTRPAS1-34,marginalised,1130.0707741310107,0.01090080878489832,0.16610102355480194
EDTRPAS1-34,marginalised,1154.5047235608663,0.010738735432145109,0.1684061586856842
EDTRPAS1-34,marginalised,1179.4669743134418,0.010567068795358512,0.1708977371454239
EDTRPAS1-34,marginalised,1204.9689491138436,0.010385734238819415,0.17358729243278503
EDTRPAS1-34,marginalised,1231.022317664883,0.010194666827454167,0.1764877885580063
EDTRPAS1-34,marginalised,1257.6390019871344,0.009993950294188874,0.1796114146709442
EDTRPAS1-34,marginalised,1284.8311818744505,0.009783741622403074,0.18297074735164642
EDTRPAS1-34,marginalised,1312.6113004674319,0.009564497724213012,0.18657512962818146
EDTRPAS1-34,marginalised,1340.9920699474148,0.009336741557756602,0.1904342770576477
EDTRPAS1-34,marginalised,1369.98647735356,0.009101419771722248,0.19455133378505707
EDTRPAS1-34,marginalised,1399.6077905257239,0.008859618556103654,0.19892774522304535
EDTRPAS1-34,marginalised,1429.8695641758163,0.008612660213108117,0.2035599946975708
EDTRPAS1-34,marginalised,1460.7856460904443,0.008361861525878395,0.20844411849975586
EDTRPAS1-34,marginalised,1492.3701834676538,0.008108687435112113,0.21357156336307526
EDTRPAS1-34,marginalised,1524.6376293906872,0.007854479921406865,0.21893438696861267
EDTRPAS1-34,marginalised,1557.602749441715,0.007600455241998509,0.22452497482299805
EDTRPAS1-34,marginalised,1591.2806284585656,0.00734764788381329,0.23033735156059265
EDTRPAS1-34,marginalised,1625.686677437547,0.007096878119203166,0.23636889457702637
EDTRPAS1-34,marginalised,1660.8366405855134,0.006848826522721903,0.2426183521747589
EDTRPAS1-34,marginalised,1696.746602524422,0.0066039311712664354,0.249089777469635
EDTRPAS1-34,marginalised,1733.4329956516513,0.0063625513339451,0.2557884156703949
EDTRPAS1-34,marginalised,1770.9126076594612,0.0061249538977895986,0.26272207498550415
EDTRPAS1-34,marginalised,1809.2025892170484,0.005891337508154363,0.269900381565094
EDTRPAS1-34,marginalised,1848.320461818688,0.005661919618025305,0.2773328423500061
EDTRPAS1-34,marginalised,1888.2841258015683,0.005436847518673665,0.2850315272808075
EDTRPAS1-34,marginalised,1929.1118685369852,0.005216359120850373,0.29300540685653687
EDTRPAS1-34,marginalised,1970.8223727986433,0.0050006894748202985,0.30126309394836426
EDTRPAS1-34,marginalised,2013.4347253118935,0.00478999921443178,0.3098164498806
EDTRPAS1-34,marginalised,2056.9684254878107,0.004584529002256178,0.31867265701293945
EDTRPAS1-34,marginalised,2101.4433943461345,0.004384395191727489,0.32784461975097656
EDTRPAS1-34,marginalised,2146.879983631121,0.004189702580989427,0.3373451828956604
EDTRPAS1-34,marginalised,2193.2989851245025,0.0040005376195158945,0.34718775749206543
EDTRPAS1-34,marginalised,2240.721640159799,0.0038169022659938173,0.35739076137542725
EDTRPAS1-34,marginalised,2289.1696493423638,0.003638751976780217,0.36797642707824707
EDTRPAS1-34,marginalised,2338.6651824795717,0.003465979094568734,0.3789728879928589
EDTRPAS1-34,marginalised,2389.230888725723,0.003298542162067206,0.3904057741165161
EDTRPAS1-34,marginalised,2440.889906946298,0.0031363194205265127,0.4023101329803467
EDTRPAS1-34,marginalised,2493.6658763062987,0.0029792519255123296,0.41471850872039795
EDTRPAS1-34,marginalised,2547.582947087534,0.0028272828239349623,0.4276672601699829
EDTRPAS1-34,marginalised,2602.665791739778,0.002680402283989859,0.4411909580230713
EDTRPAS1-34,marginalised,2658.9396161708946,0.0025386312571739193,0.45532387495040894
EDTRPAS1-34,marginalised,2716.430171281056,0.0024020543674001895,0.4700924754142761
EDTRPAS1-34,marginalised,2775.1637647463454,0.0022707464885078385,0.48552393913269043
EDTRPAS1-34,marginalised,2835.1672730571604,0.0021448345311507913,0.5016340613365173
EDTRPAS1-34,marginalised,2896.4681538168898,0.0020243990512071705,0.5184392929077148
EDTRPAS1-34,marginalised,2959.0944583065098,0.001909563967315509,0.5359403491020203
EDTRPAS1-34,marginalised,3023.0748443208504,0.0018003523483140166,0.5541430711746216
EDTRPAS1-34,marginalised,3088.4385892824034,0.0016967876502817717,0.5730422735214233
EDTRPAS1-34,marginalised,3155.2156036386673,0.0015988378346099457,0.5926294922828674
EDTRPAS1-34,marginalised,3223.436444549168,0.0015064008221179436,0.6129000782966614
EDTRPAS1-34,marginalised,3293.132329868415,0.0014193611687948163,0.6338398456573486
EDTRPAS1-34,marginalised,3364.3351524311893,0.0013375395884574787,0.655440092086792
EDTRPAS1-34,marginalised,3437.0774946467095,0.0012607304668238609,0.6776933073997498
EDTRPAS1-34,marginalised,3511.3926434083182,0.001188716748445117,0.7005869150161743
EDTRPAS1-34,marginalised,3587.314605325598,0.0011212551862402565,0.7241151332855225
EDTRPAS1-34,marginalised,3664.8781222857724,0.001058101547463667,0.7482686638832092
EDTRPAS1-34,marginalised,3744.1186873515962,0.0009990022463877042,0.7730438709259033
EDTRPAS1-34,marginalised,3825.0725610029826,0.000943700971848224,0.7984397411346436
EDTRPAS1-34,marginalised,3907.7767877297943,0.0008919463083196466,0.8244596719741821
EDTRPAS1-34,marginalised,3992.269212983404,0.0008434859604464504,0.8511142730712891
EDTRPAS1-34,marginalised,4078.5885004947763,0.0007980757210775234,0.8784216642379761
EDTRPAS1-34,marginalised,4166.774149966963,0.0007554772191065255,0.9064104557037354
EDTRPAS1-34,marginalised,4256.866515150206,0.0007154575775626544,0.9351239800453186
EDTRPAS1-34,marginalised,4348.906822307789,0.0006777991370684632,0.9646142721176147
EDTRPAS1-34,marginalised,4442.937189081174,0.000642292952749385,0.9949519634246826
EDTRPAS1-34,marginalised,4539.000643763039,0.0006087524665857907,1.0262123346328735
EDTRPAS1-34,marginalised,4637.141144987018,0.0005770041912141833,1.0584874153137207
EDTRPAS1-34,marginalised,4737.403601843176,0.0005468933003753667,1.0918782949447632
EDTRPAS1-34,marginalised,4839.833894428401,0.0005182860144960709,1.1264920234680176
EDTRPAS1-34,marginalised,4944.4788948411415,0.0004910634968484003,1.1624460220336914
EDTRPAS1-34,marginalised,5051.386488630068,0.0004651316618223153,1.1998510360717773
EDTRPAS1-34,marginalised,5160.6055967065095,0.0004404087383739995,1.2388230562210083
EDTRPAS1-34,marginalised,5272.186197730653,0.0004168328216786565,1.2794662714004517
EDTRPAS1-34,marginalised,5386.179350981786,0.00039435226653851456,1.3218837976455688
EDTRPAS1-34,marginalised,5502.637219722991,0.0003729300566839435,1.3661577701568604
EDTRPAS1-34,marginalised,5621.6130950711,0.0003525330776533766,1.4123672246932983
EDTRPAS1-34,marginalised,5743.161420382677,0.0003331368247688648,1.4605695009231567
EDTRPAS1-34,marginalised,5867.3378161673,0.00031471804557056237,1.5108107328414917
EDTRPAS1-34,marginalised,5994.199105539509,0.0002972541143726672,1.5631229877471924
EDTRPAS1-34,marginalised,6123.80334022106,0.00028072109449221873,1.617527961730957
EDTRPAS1-34,marginalised,6256.20982710539,0.0002650921318752943,1.6740411520004272
EDTRPAS1-34,marginalised,6391.47915539646,0.00025033894801347535,1.7326658964157104
EDTRPAS1-34,marginalised,6529.6732243343295,0.00023643013833960977,1.793403148651123
EDTRPAS1-34,marginalised,6670.855271520314,0.00022333403767956232,1.8562356233596802
EDTRPAS1-34,marginalised,6815.089901854464,0.00021101619207715918,1.9211519956588745
EDTRPAS1-34,marginalised,6962.443117098775,0.0001994436438304261,1.9881136417388916
EDTRPAS1-34,marginalised,7112.982346079591,0.00018858447471137543,2.0570614337921143
EDTRPAS1-34,marginalised,7266.776475543039,0.00017840698520126935,2.1279189586639404
EDTRPAS1-34,marginalised,7423.895881677596,0.00016888181850238963,2.2005703449249268
EDTRPAS1-34,marginalised,7584.412462318229,0.0001599799123089391,2.274876356124878
EDTRPAS1-34,marginalised,7748.399669846848,0.0001516734756674564,2.3506596088409424
EDTRPAS1-34,marginalised,7915.932544804111,0.00014393502602639877,2.4277143478393555
EDTRPAS1-34,marginalised,8087.087750227968,0.00013673654539135563,2.505815029144287
EDTRPAS1-34,marginalised,8261.943606734674,0.00013004966351764559,2.584721326828003
EDTRPAS1-34,marginalised,8440.580128358293,0.000123845149702228,2.664189338684082
EDTRPAS1-34,marginalised,8623.079059165133,0.00011809306311392904,2.743985414505005
EDTRPAS1-34,marginalised,8809.523910659771,0.00011276259979154776,2.8239002227783203
EDTRPAS1-34,marginalised,9000.000000000004,0.000107822916914894,2.903747320175171
EDTRPAS1-43,marginalised,100.00000000000004,0.005697100181423223,3.558270215988159
EDTRPAS1-43,marginalised,102.16216098931017,0.005694235241794355,3.4994332790374756
EDTRPAS1-43,marginalised,104.37107138005722,0.005695795837917514,3.4636261463165283
EDTRPAS1-43,marginalised,106.62774196956192,0.005700286430032923,3.4417552947998047
EDTRPAS1-43,marginalised,108.93320541021005,0.005706675401696589,3.428786516189575
EDTRPAS1-43,marginalised,111.28851668199466,0.005714286577768408,3.421783447265625
EDTRPAS1-43,marginalised,113.69475357527463,0.005722701722708273,3.4188954830169678
EDTRPAS1-43,marginalised,116.15301718397149,0.005731623658697489,3.4188826084136963
EDTRPAS1-43,marginalised,118.66443240942999,0.005740834620617569,3.420853614807129
EDTRPAS1-43,marginalised,121.23014847517307,0.005750153324115958,3.4241576194763184
EDTRPAS1-43,marginalised,123.851339452786,0.005759442138282983,3.4282991886138916
EDTRPAS1-43,marginalised,126.52920479917218,0.005768583174449369,3.432906150817871
EDTRPAS1-43,marginalised,129.26496990542418,0.005777456536187959,3.4377074241638184
EDTRPAS1-43,marginalised,132.0598866575627,0.005785957155309052,3.4425058364868164
EDTRPAS1-43,marginalised,134.91523400939968,0.005794033295941716,3.44716477394104
EDTRPAS1-43,marginalised,137.83231856778752,0.005801579244709663,3.4515981674194336
EDTRPAS1-43,marginalised,140.81247519052187,0.005808571947228228,3.4557461738586426
EDTRPAS1-43,marginalised,143.8570675971733,0.005814947060238181,3.4595890045166016
EDTRPAS1-43,marginalised,146.96748899312487,0.005820703691335089,3.463111162185669
EDTRPAS1-43,marginalised,150.14516270710286,0.00582588582002693,3.46630597114563
EDTRPAS1-43,marginalised,153.39154284249216,0.005830497437055036,3.4691805839538574
EDTRPAS1-43,marginalised,156.70811494273343,0.00583459359953459,3.4717369079589844
EDTRPAS1-43,marginalised,160.09639667110847,0.005838272668957698,3.4739794731140137
EDTRPAS1-43,marginalised,163.55793850522235,0.0058416146350320055,3.4759044647216797
EDTRPAS1-43,marginalised,167.0943244465021,0.005844749733250992,3.4775071144104004
EDTRPAS1-43,marginalised,170.70717274503565,0.005847764861807266,3.4787845611572266
EDTRPAS1-43,marginalised,174.3981366400832,0.00585081177164898,3.479726791381836
EDTRPAS1-43,marginalised,178.16890511659884,0.0058539771087710284,3.480325222015381
EDTRPAS1-43,marginalised,182.02120367811088,0.0058573380533685285,3.4805901050567627
EDTRPAS1-43,marginalised,185.9567951363117,0.005860998751480149,3.4805166721343994
EDTRPAS1-43,marginalised,189.97748041772036,0.005864955803463194,3.4801270961761475
EDTRPAS1-43,marginalised,194.08509938778676,0.00586922654023197,3.479454517364502
EDTRPAS1-43,marginalised,198.28153169281325,0.005873737157266719,3.4785380363464355
EDTRPAS1-43,marginalised,202.56869762008182,0.005878424877321009,3.4774272441864014
EDTRPAS1-43,marginalised,206.9485589765768,0.005883154810005648,3.4761955738067627
EDTRPAS1-43,marginalised,211.42311998670777,0.00588779093475442,3.4749069213867188
EDTRPAS1-43,marginalised,215.9944282094427,0.005892162214585774,3.4736366271972656
EDTRPAS1-43,marginalised,220.6645754752707,0.00589611079386849,3.4724647998809814
EDTRPAS1-43,marginalised,225.43569884342398,0.0058995051411236225,3.471444606781006
EDTRPAS1-43,marginalised,230.30998157979514,0.005902213110618518,3.4706408977508545
EDTRPAS1-43,marginalised,235.28965415600078,0.0059041543377931684,3.4700818061828613
EDTRPAS1-43,marginalised,240.37699527004452,0.005905299940210951,3.4697866439819336
EDTRPAS1-43,marginalised,245.57433288904923,0.005905685659864806,3.469757556915283
EDTRPAS1-43,marginalised,250.88404531453503,0.0059053708684414724,3.4699625968933105
EDTRPAS1-43,marginalised,256.30856227072906,0.005904507664618622,3.470363140106201
EDTRPAS1-43,marginalised,261.8503660164084,0.005903260525256914,3.470888137817383
EDTRPAS1-43,marginalised,267.51199248078086,0.0059018550796759595,3.4714603424072266
EDTRPAS1-43,marginalised,273.29603242392653,0.005900568205367423,3.471982479095459
EDTRPAS1-43,marginalised,279.205132622329,0.005899660298681592,3.4723477363586426
EDTRPAS1-43,marginalised,285.24199708004056,0.0058994165678957445,3.472461223602295
EDTRPAS1-43,marginalised,291.40938826603457,0.005900115989985022,3.4722177982330322
EDTRPAS1-43,marginalised,297.71012837831,0.005901961234026002,3.4715354442596436
EDTRPAS1-43,marginalised,304.1471006353309,0.0059051775869205245,3.4703378677368164
EDTRPAS1-43,marginalised,310.7232505953858,0.005909900079527021,3.4685795307159424
EDTRPAS1-43,marginalised,317.4415875044758,0.005916141176120132,3.4662468433380127
EDTRPAS1-43,marginalised,324.30518567334434,0.005923917530351001,3.4633421897888184
EDTRPAS1-43,marginalised,331.3171858842831,0.005933099979243742,3.4599215984344482
EDTRPAS1-43,marginalised,338.48079682835316,0.005943523031818462,3.456051826477051
EDTRPAS1-43,marginalised,345.79929657368183,0.005954920860025518,3.4518280029296875
EDTRPAS1-43,marginalised,353.2760340655068,0.005967002698398507,3.4473650455474854
EDTRPAS1-43,marginalised,360.9144306586531,0.005979429871073592,3.4427905082702637
EDTRPAS1-43,marginalised,368.7179816831455,0.005991872002974411,3.4382338523864746
EDTRPAS1-43,marginalised,376.6902580436701,0.006004004911296535,3.4337992668151855
EDTRPAS1-43,marginalised,384.834907853622,0.006015543406009448,3.429596424102783
EDTRPAS1-43,marginalised,393.1556581044805,0.006026257979371334,3.425706386566162
EDTRPAS1-43,marginalised,401.6563163712814,0.006035977434162379,3.422187089920044
EDTRPAS1-43,marginalised,410.34077255496123,0.006044593929419046,3.419076919555664
EDTRPAS1-43,marginalised,419.21300066237836,0.006052063714890115,3.4163849353790283
EDTRPAS1-43,marginalised,428.27706062481667,0.006058393908489809,3.414109945297241
EDTRPAS1-43,marginalised,437.5371001558105,0.006063637503793289,3.4122278690338135
EDTRPAS1-43,marginalised,446.99735664913817,0.0060678804344457835,3.4107069969177246
EDTRPAS1-43,marginalised,456.6621591178532,0.006071228188783232,3.40950870513916
EDTRPAS1-43,marginalised,466.53593017524116,0.0060737986023345755,3.4085886478424072
EDTRPAS1-43,marginalised,476.6231880586053,0.006075701555698287,3.407907485961914
EDTRPAS1-43,marginalised,486.92854869681463,0.00607706109815861,3.4074220657348633
EDTRPAS1-43,marginalised,497.45672782255104,0.006077974181926166,3.407095432281494
EDTRPAS1-43,marginalised,508.2125431302289,0.006136304362779064,3.386431932449341
EDTRPAS1-43,marginalised,519.200916480572,0.006148097749010923,3.382295608520508
EDTRPAS1-43,marginalised,530.4268761528555,0.006161056798501269,3.3777663707733154
EDTRPAS1-43,marginalised,541.8955591458488,0.006175144399830057,3.372861623764038
EDTRPAS1-43,marginalised,553.6122135285043,0.006190273754153255,3.3676161766052246
EDTRPAS1-43,marginalised,565.5822008414739,0.006206315156489473,3.3620798587799072
EDTRPAS1-43,marginalised,577.8109985505498,0.006223106041730071,3.3563103675842285
EDTRPAS1-43,marginalised,590.304202553153,0.006240473624261731,3.350372552871704
EDTRPAS1-43,marginalised,603.067529739016,0.006258246395362485,3.3443264961242676
EDTRPAS1-43,marginalised,616.1068206062291,0.006276264602632678,3.3382279872894287
EDTRPAS1-43,marginalised,629.4280419338559,0.006294395564252159,3.332123279571533
EDTRPAS1-43,marginalised,643.0372895123282,0.006312530055766643,3.326049327850342
EDTRPAS1-43,marginalised,656.9407909328816,0.006330586786721781,3.3200316429138184
EDTRPAS1-43,marginalised,671.1449084372975,0.006348502948083985,3.3140926361083984
EDTRPAS1-43,marginalised,685.6561418292699,0.006366233704820556,3.3082454204559326
EDTRPAS1-43,marginalised,700.4811314487113,0.006383746202888109,3.302499771118164
EDTRPAS1-43,marginalised,715.6266612103734,0.00640100257136071,3.2968666553497314
EDTRPAS1-43,marginalised,731.0996617081665,0.006417965962857135,3.2913568019866943
EDTRPAS1-43,marginalised,746.9072133865988,0.006434591758323607,3.2859838008880615
EDTRPAS1-43,marginalised,763.056549780787,0.006450833674683882,3.280759811401367
EDTRPAS1-43,marginalised,779.5550608265237,0.006466640399781687,3.2757010459899902
EDTRPAS1-43,marginalised,796.4102962419074,0.006481969477324975,3.270817756652832
EDTRPAS1-43,marginalised,813.6299689820992,0.006496789855373718,3.266118049621582
EDTRPAS1-43,marginalised,831.2219587687669,0.006511082695138194,3.2616069316864014
EDTRPAS1-43,marginalised,849.1943156958445,0.006524853553041279,3.25727915763855
EDTRPAS1-43,marginalised,867.5552639132591,0.006538118227422932,3.2531282901763916
EDTRPAS1-43,marginalised,886.3132053902979,0.006550919228496689,3.2491397857666016
EDTRPAS1-43,marginalised,905.476723760351,0.006563304105179904,3.245296001434326
EDTRPAS1-43,marginalised,925.0545882487806,0.006575330651135147,3.241579532623291
EDTRPAS1-43,marginalised,945.0557576857191,0.006587054029939777,3.237971305847168
EDTRPAS1-43,marginalised,965.4893846056289,0.006598523669311285,3.2344553470611572
EDTRPAS1-43,marginalised,986.3648194355029,0.006609782264496391,3.231018304824829
EDTRPAS1-43,marginalised,1007.6916147736165,0.006620854845289494,3.227651834487915
EDTRPAS1-43,marginalised,1029.4795297608007,0.006631756451369695,3.224351406097412
EDTRPAS1-43,marginalised,1051.738534546223,0.006642487549126057,3.221116304397583
EDTRPAS1-43,marginalised,1074.4788148497232,0.006653039393736049,3.217949151992798
EDTRPAS1-43,marginalised,1097.7107766228057,0.006663399621283255,3.2148537635803223
EDTRPAS1-43,marginalised,1121.445050810397,0.006673549038539387,3.2118351459503174
EDTRPAS1-43,marginalised,1145.6924982155685,0.0066834706361299945,3.2088990211486816
EDTRPAS1-43,marginalised,1170.464214469438,0.0066931429797111265,3.2060506343841553
EDTRPAS1-43,marginalised,1195.7715351085312,0.006702549429594742,3.203295946121216
EDTRPAS1-43,marginalised,1221.6260407619227,0.006711664680432371,3.200641632080078
EDTRPAS1-43,marginalised,1248.0395624505306,0.006720461309247858,3.1980955600738525
EDTRPAS1-43,marginalised,1275.0241870009938,0.006728907231364793,3.1956677436828613
EDTRPAS1-43,marginalised,1302.5922625765977,0.006736962060077584,3.1933696269989014
EDTRPAS1-43,marginalised,1330.756404327802,0.006744578734353808,3.1912145614624023
EDTRPAS1-43,marginalised,1359.5295001649238,0.00675170866715546,3.1892166137695312
EDTRPAS1-43,marginalised,1388.9247166556527,0.006758300049801739,3.1873910427093506
EDTRPAS1-43,marginalised,1418.9555050500671,0.00676430079302844,3.185751438140869
EDTRPAS1-43,marginalised,1449.635607435928,0.006769668333890653,3.1843104362487793
EDTRPAS1-43,marginalised,1480.9790630270563,0.0067743617970339245,3.1830785274505615
EDTRPAS1-43,marginalised,1513.0002145876779,0.006778352412049425,3.182063579559326
EDTRPAS1-43,marginalised,1545.713714995671,0.006781618824989312,3.1812710762023926
EDTRPAS1-43,marginalised,1579.1345339477234,0.006784147087033113,3.180704116821289
EDTRPAS1-43,marginalised,1613.2779648094668,0.0067859298377370095,3.1803648471832275
EDTRPAS1-43,marginalised,1648.1596316137131,0.006786962491043663,3.1802539825439453
EDTRPAS1-43,marginalised,1683.7954962100223,0.006787241902470448,3.1803722381591797
EDTRPAS1-43,marginalised,1720.2018655688375,0.006786764939089941,3.1807210445404053
EDTRPAS1-43,marginalised,1757.3953992435518,0.006785526251028493,3.1813018321990967
EDTRPAS1-43,marginalised,1795.3931169939265,0.006783518309649172,3.1821177005767822
EDTRPAS1-43,marginalised,1834.2124065743283,0.00678072919693258,3.1831722259521484
EDTRPAS1-43,marginalised,1873.8710316903646,0.0067771476455986196,3.1844704151153564
EDTRPAS1-43,marginalised,1914.3871401275567,0.006772757180402281,3.1860170364379883
EDTRPAS1-43,marginalised,1955.779272055764,0.00676754251368564,3.1878185272216797
EDTRPAS1-43,marginalised,1998.0663685131672,0.006761485508852409,3.1898813247680664
EDTRPAS1-43,marginalised,2041.267780073686,0.006754568494775767,3.192211866378784
EDTRPAS1-43,marginalised,2085.403275701796,0.006746771711846799,3.1948177814483643
EDTRPAS1-43,marginalised,2130.4930517988155,0.0067380738936003316,3.197707176208496
EDTRPAS1-43,marginalised,2176.557741444774,0.006728449337106854,3.200890302658081
EDTRPAS1-43,marginalised,2223.618423840102,0.006717870394282687,3.2043774127960205
EDTRPAS1-43,marginalised,2271.696633951485,0.0067063004842888305,3.2081828117370605
EDTRPAS1-43,marginalised,2320.814372366255,0.0066937000586867815,3.2123215198516846
EDTRPAS1-43,marginalised,2370.9941153598606,0.006680021838110647,3.2168118953704834
EDTRPAS1-43,marginalised,2422.2588251810103,0.006665212019284175,3.221674919128418
EDTRPAS1-43,marginalised,2474.6319605591957,0.006649207258026763,3.2269339561462402
EDTRPAS1-43,marginalised,2528.1374874394064,0.006631946736783447,3.2326135635375977
EDTRPAS1-43,marginalised,2582.799889948946,0.00661336314749259,3.238741159439087
EDTRPAS1-43,marginalised,2638.6441816013694,0.006593389054823806,3.2453436851501465
EDTRPAS1-43,marginalised,2695.6959167426553,0.006571965012670672,3.2524476051330566
EDTRPAS1-43,marginalised,2753.9812022448905,0.006549035059972396,3.2600786685943604
EDTRPAS1-43,marginalised,2813.5267094527658,0.006524557459999914,3.2682595252990723
EDTRPAS1-43,marginalised,2874.359686388374,0.0064984996568727875,3.277009963989258
EDTRPAS1-43,marginalised,2936.50797021992,0.006470843112583887,3.286346435546875
EDTRPAS1-43,marginalised,2999.9999999999977,0.0064415861942343665,3.296281099319458
EDTRPAS1-04/EDTRETN1-01,marginalised,499.99999999999983,0.006480046059044953,40.501678466796875
EDTRPAS1-04/EDTRETN1-01,marginalised,510.81080494655043,0.006484291115518277,40.48895263671875
EDTRPAS1-04/EDTRETN1-01,marginalised,521.8553569002858,0.006485109766056868,40.48650360107422
EDTRPAS1-04/EDTRETN1-01,marginalised,533.1387098478092,0.006485998003165522,40.48384475708008
EDTRPAS1-04/EDTRETN1-01,marginalised,544.6660270510498,0.006486950172861577,40.48099899291992
EDTRPAS1-04/EDTRETN1-01,marginalised,556.4425834099729,0.006487956908751518,40.47799301147461
EDTRPAS1-04/EDTRETN1-01,marginalised,568.4737678763727,0.006489005622393444,40.4748649597168
EDTRPAS1-04/EDTRETN1-01,marginalised,580.765085919857,0.006490084164943979,40.471649169921875
EDTRPAS1-04/EDTRETN1-01,marginalised,593.3221620471501,0.006491178792838879,40.468387603759766
EDTRPAS1-04/EDTRETN1-01,marginalised,606.1507423758649,0.006492276711749078,40.46512222290039
EDTRPAS1-04/EDTRETN1-01,marginalised,619.2566972639295,0.00649336758686563,40.46187973022461
EDTRPAS1-04/EDTRETN1-01,marginalised,632.6460239958604,0.006494441575979257,40.45869445800781
EDTRPAS1-04/EDTRETN1-01,marginalised,646.3248495271204,0.0064954927770690275,40.4555778503418
EDTRPAS1-04/EDTRETN1-01,marginalised,660.2994332878131,0.006496515038015927,40.452552795410156
EDTRPAS1-04/EDTRETN1-01,marginalised,674.5761700469985,0.00649750568408846,40.44962692260742
EDTRPAS1-04/EDTRETN1-01,marginalised,689.161592838937,0.006498461582619466,40.44680404663086
EDTRPAS1-04/EDTRETN1-01,marginalised,704.0623759526087,0.006499381317527162,40.44409942626953
EDTRPAS1-04/EDTRETN1-01,marginalised,719.285337985866,0.0065002625256639175,40.44150924682617
EDTRPAS1-04/EDTRETN1-01,marginalised,734.8374449656237,0.006501103096485313,40.43904495239258
EDTRPAS1-04/EDTRETN1-01,marginalised,750.7258135355144,0.006501901119910217,40.436710357666016
EDTRPAS1-04/EDTRETN1-01,marginalised,766.9577142124602,0.006502655168026019,40.43450927734375
EDTRPAS1-04/EDTRETN1-01,marginalised,783.5405747136666,0.006503362833821791,40.43244934082031
EDTRPAS1-04/EDTRETN1-01,marginalised,800.4819833555418,0.006504022918800172,40.43053436279297
EDTRPAS1-04/EDTRETN1-01,marginalised,817.7896925261113,0.0065046360555276305,40.42876434326172
EDTRPAS1-04/EDTRETN1-01,marginalised,835.47162223251,0.006505203294247771,40.42713165283203
EDTRPAS1-04/EDTRETN1-01,marginalised,853.5358637251784,0.00650572423851122,40.425636291503906
EDTRPAS1-04/EDTRETN1-01,marginalised,871.9906832004153,0.00650620276797105,40.42427444458008
EDTRPAS1-04/EDTRETN1-01,marginalised,890.8445255829935,0.006506640207242746,40.423030853271484
EDTRPAS1-04/EDTRETN1-01,marginalised,910.1060183905537,0.0065070406236649525,40.421905517578125
EDTRPAS1-04/EDTRETN1-01,marginalised,929.7839756815587,0.006507404398883137,40.4208869934082
EDTRPAS1-04/EDTRETN1-01,marginalised,949.8874020886019,0.006507735294711953,40.41997146606445
EDTRPAS1-04/EDTRETN1-01,marginalised,970.4254969389331,0.006508033381653347,40.419158935546875
EDTRPAS1-04/EDTRETN1-01,marginalised,991.4076584640654,0.006508299042581607,40.41844177246094
EDTRPAS1-04/EDTRETN1-01,marginalised,1012.8434881004083,0.006508532447357413,40.41782760620117
EDTRPAS1-04/EDTRETN1-01,marginalised,1034.7427948828831,0.006508731811347621,40.41731643676758
EDTRPAS1-04/EDTRETN1-01,marginalised,1057.115599933538,0.006508896244320803,40.41691589355469
EDTRPAS1-04/EDTRETN1-01,marginalised,1079.9721410472137,0.006509024140037135,40.4166259765625
EDTRPAS1-04/EDTRETN1-01,marginalised,1103.3228773763537,0.006509112660464669,40.41646194458008
EDTRPAS1-04/EDTRETN1-01,marginalised,1127.1784942171191,0.006509159809193486,40.41642379760742
EDTRPAS1-04/EDTRETN1-01,marginalised,1151.5499078989749,0.006509163091396693,40.41652297973633
EDTRPAS1-04/EDTRETN1-01,marginalised,1176.4482707800041,0.0065091198876928965,40.41676330566406
EDTRPAS1-04/EDTRETN1-01,marginalised,1201.8849763502228,0.0065090267084978864,40.41716003417969
EDTRPAS1-04/EDTRETN1-01,marginalised,1227.8716644452463,0.0065088807621497035,40.417720794677734
EDTRPAS1-04/EDTRETN1-01,marginalised,1254.4202265726742,0.0065086786395416405,40.41845703125
EDTRPAS1-04/EDTRETN1-01,marginalised,1281.542811353644,0.006508416232741594,40.419376373291016
EDTRPAS1-04/EDTRETN1-01,marginalised,1309.251830082041,0.00650809033624417,40.420494079589844
EDTRPAS1-04/EDTRETN1-01,marginalised,1337.5599624039046,0.006507697089206076,40.42182159423828
EDTRPAS1-04/EDTRETN1-01,marginalised,1366.480162119633,0.006507233519460833,40.423362731933594
EDTRPAS1-04/EDTRETN1-01,marginalised,1396.0256631116451,0.006506697129465493,40.42512893676758
EDTRPAS1-04/EDTRETN1-01,marginalised,1426.209985400203,0.006506086938373992,40.4271240234375
EDTRPAS1-04/EDTRETN1-01,marginalised,1457.046941330173,0.006505402578573711,40.42934799194336
EDTRPAS1-04/EDTRETN1-01,marginalised,1488.5506418915502,0.006504642840175206,40.431800842285156
EDTRPAS1-04/EDTRETN1-01,marginalised,1520.7355031766547,0.006503808566018705,40.434486389160156
EDTRPAS1-04/EDTRETN1-01,marginalised,1553.6162529769292,0.006502901065527273,40.43739318847656
EDTRPAS1-04/EDTRETN1-01,marginalised,1587.207937522378,0.006501920549325762,40.44052505493164
EDTRPAS1-04/EDTRETN1-01,marginalised,1621.5259283667203,0.006500867587422749,40.443878173828125
EDTRPAS1-04/EDTRETN1-01,marginalised,1656.5859294214144,0.006499742305221779,40.44745635986328
EDTRPAS1-04/EDTRETN1-01,marginalised,1692.4039841417662,0.006498543882863365,40.451255798339844
EDTRPAS1-04/EDTRETN1-01,marginalised,1728.9964828684094,0.006497271575498833,40.455284118652344
EDTRPAS1-04/EDTRETN1-01,marginalised,1766.3801703275342,0.006495923985435915,40.45954513549805
EDTRPAS1-04/EDTRETN1-01,marginalised,1804.5721532932657,0.0064944980473372335,40.464046478271484
EDTRPAS1-04/EDTRETN1-01,marginalised,1843.589908415728,0.006492991990612454,40.46879196166992
EDTRPAS1-04/EDTRETN1-01,marginalised,1883.4512902183508,0.0064914034656576415,40.47379684448242
EDTRPAS1-04/EDTRETN1-01,marginalised,1924.17453926811,0.006489729816515547,40.47906494140625
EDTRPAS1-04/EDTRETN1-01,marginalised,1965.7782905224028,0.006487968460531093,40.48460388183594
EDTRPAS1-04/EDTRETN1-01,marginalised,2008.2815818564054,0.006486117014139066,40.490421295166016
EDTRPAS1-04/EDTRETN1-01,marginalised,2051.7038627748047,0.006484172157674359,40.49652862548828
EDTRPAS1-04/EDTRETN1-01,marginalised,2096.0650033118905,0.006482131486072684,40.502933502197266
EDTRPAS1-04/EDTRETN1-01,marginalised,2141.3853031240837,0.006479992004862632,40.509647369384766
EDTRPAS1-04/EDTRETN1-01,marginalised,2187.6855007790527,0.006477749256937958,40.51668167114258
EDTRPAS1-04/EDTRETN1-01,marginalised,2234.986783245691,0.006475398512501193,40.524051666259766
EDTRPAS1-04/EDTRETN1-01,marginalised,2283.3107955892665,0.006472934427504061,40.531776428222656
EDTRPAS1-04/EDTRETN1-01,marginalised,2332.679650876206,0.006470349656398288,40.539878845214844
EDTRPAS1-04/EDTRETN1-01,marginalised,2383.1159402930266,0.006467636984162091,40.54838180541992
EDTRPAS1-04/EDTRETN1-01,marginalised,2434.6427434840734,0.006464787718740514,40.55731201171875
EDTRPAS1-04/EDTRETN1-01,marginalised,2487.2836391127557,0.006461792364836495,40.56670379638672
EDTRPAS1-04/EDTRETN1-01,marginalised,2541.0627156511446,0.006458641539552136,40.57658004760742
EDTRPAS1-04/EDTRETN1-01,marginalised,2596.004582402858,0.0064553249502631044,40.586978912353516
EDTRPAS1-04/EDTRETN1-01,marginalised,2652.1343807642756,0.006451833490358827,40.59792709350586
EDTRPAS1-04/EDTRETN1-01,marginalised,2709.4777957292445,0.0064481580401246534,40.608638763427734
EDTRPAS1-04/EDTRETN1-01,marginalised,2768.0610676425217,0.006444291144595908,40.6197624206543
EDTRPAS1-04/EDTRETN1-01,marginalised,2827.9110042073694,0.006440226981073373,40.6314811706543
EDTRPAS1-04/EDTRETN1-01,marginalised,2889.054992752752,0.006435959931853057,40.64380645751953
EDTRPAS1-04/EDTRETN1-01,marginalised,2951.521012765768,0.006431488270133733,40.6567497253418
EDTRPAS1-04/EDTRETN1-01,marginalised,3015.33764869508,0.006426810372353646,40.67031478881836
EDTRPAS1-04/EDTRETN1-01,marginalised,3080.534103031146,0.006421925867334042,40.684505462646484
EDTRPAS1-04/EDTRETN1-01,marginalised,3147.14020966928,0.006416835871979255,40.69932556152344
EDTRPAS1-04/EDTRETN1-01,marginalised,3215.1864475616417,0.0064115420051505815,40.71476745605469
EDTRPAS1-04/EDTRETN1-01,marginalised,3284.703954664405,0.0064060467650725,40.73082733154297
EDTRPAS1-04/EDTRETN1-01,marginalised,3355.7245421864855,0.006400353104473842,40.747501373291016
EDTRPAS1-04/EDTRETN1-01,marginalised,3428.2807091463533,0.006394462386522106,40.76478576660156
EDTRPAS1-04/EDTRETN1-01,marginalised,3502.4056572435597,0.006388377753111889,40.782676696777344
EDTRPAS1-04/EDTRETN1-01,marginalised,3578.1333060518705,0.0063821011469067665,40.80116653442383
EDTRPAS1-04/EDTRETN1-01,marginalised,3655.4983085408367,0.006375635386728332,40.820247650146484
EDTRPAS1-04/EDTRETN1-01,marginalised,3734.5360669329975,0.00636898235573809,40.839927673339844
EDTRPAS1-04/EDTRETN1-01,marginalised,3815.282748903939,0.006362141935075316,40.860198974609375
EDTRPAS1-04/EDTRETN1-01,marginalised,3897.7753041326187,0.006355114583168867,40.88106918334961
EDTRPAS1-04/EDTRETN1-01,marginalised,3982.051481209538,0.0063478976963966035,40.90254592895508
EDTRPAS1-04/EDTRETN1-01,marginalised,4068.149844910496,0.0063404876516140705,40.92464065551758
EDTRPAS1-04/EDTRETN1-01,marginalised,4156.109793843831,0.0063328766137287305,40.9473876953125
EDTRPAS1-04/EDTRETN1-01,marginalised,4245.971578479219,0.0063250542875389155,40.97080993652344
EDTRPAS1-04/EDTRETN1-01,marginalised,4337.776319566292,0.0063170071626196915,40.99496078491211
EDTRPAS1-04/EDTRETN1-01,marginalised,4431.5660269514865,0.0063087175654832385,41.01988983154297
EDTRPAS1-04/EDTRETN1-01,marginalised,4527.383618801759,0.006300164974916345,41.04566955566406
EDTRPAS1-04/EDTRETN1-01,marginalised,4625.272941243908,0.0062913249423295,41.0723762512207
EDTRPAS1-04/EDTRETN1-01,marginalised,4725.2787884286,0.006282170442512221,41.10009765625
EDTRPAS1-04/EDTRETN1-01,marginalised,4827.446923028149,0.006272672884722116,41.128929138183594
EDTRPAS1-04/EDTRETN1-01,marginalised,4931.824097177515,0.00626280159623083,41.158966064453125
EDTRPAS1-04/EDTRETN1-01,marginalised,5038.458073868083,0.0062525251806722845,41.1903190612793
EDTRPAS1-04/EDTRETN1-01,marginalised,5147.397648804004,0.0062418137611922235,41.223079681396484
EDTRPAS1-04/EDTRETN1-01,marginalised,5258.692672731111,0.006230638352217104,41.257354736328125
EDTRPAS1-04/EDTRETN1-01,marginalised,5372.394074248622,0.006218972363696406,41.293235778808594
EDTRPAS1-04/EDTRETN1-01,marginalised,5488.553883114034,0.006206792929309726,41.330806732177734
EDTRPAS1-04/EDTRETN1-01,marginalised,5607.225254051991,0.006194080762147901,41.370140075683594
EDTRPAS1-04/EDTRETN1-01,marginalised,5728.462491077848,0.006180821371455513,41.411293029785156
EDTRPAS1-04/EDTRETN1-01,marginalised,5852.321072347196,0.006167004542010933,41.45431900024414
EDTRPAS1-04/EDTRETN1-01,marginalised,5978.857675542662,0.006152622666880275,41.49925231933594
EDTRPAS1-04/EDTRETN1-01,marginalised,6108.130203809619,0.006137673100902258,41.54612731933594
EDTRPAS1-04/EDTRETN1-01,marginalised,6240.19781225266,0.006122155466693145,41.5949592590332
EDTRPAS1-04/EDTRETN1-01,marginalised,6375.120935004969,0.006106072382634763,41.6457633972168
EDTRPAS1-04/EDTRETN1-01,marginalised,6512.96131288299,0.006089427740593914,41.698543548583984
EDTRPAS1-04/EDTRETN1-01,marginalised,6653.7820216390055,0.006072228958780908,41.753299713134766
EDTRPAS1-04/EDTRETN1-01,marginalised,6797.647500824614,0.006054485675208317,41.81002426147461
EDTRPAS1-04/EDTRETN1-01,marginalised,6944.623583278258,0.006036212614421655,41.86868667602539
EDTRPAS1-04/EDTRETN1-01,marginalised,7094.777525250331,0.006017429622926096,41.92925262451172
EDTRPAS1-04/EDTRETN1-01,marginalised,7248.178037179648,0.005998163588999214,41.99165725708008
EDTRPAS1-04/EDTRETN1-01,marginalised,7404.89531513529,0.0059784492833188365,42.05580520629883
EDTRPAS1-04/EDTRETN1-01,marginalised,7565.001072938397,0.005958329855512211,42.12157440185547
EDTRPAS1-04/EDTRETN1-01,marginalised,7728.568574978362,0.00593785838209144,42.188819885253906
EDTRPAS1-04/EDTRETN1-01,marginalised,7895.672669738626,0.005917093849140884,42.25735855102539
EDTRPAS1-04/EDTRETN1-01,marginalised,8066.3898240473345,0.005896101056778383,42.32699203491211
EDTRPAS1-04/EDTRETN1-01,marginalised,8240.798158068566,0.005874948830478367,42.397499084472656
EDTRPAS1-04/EDTRETN1-01,marginalised,8418.977481050128,0.005853706042069046,42.46866989135742
EDTRPAS1-04/EDTRETN1-01,marginalised,8601.009327844196,0.005832437780201454,42.540279388427734
EDTRPAS1-04/EDTRETN1-01,marginalised,8786.976996217767,0.005811203952956448,42.61213302612305
EDTRPAS1-04/EDTRETN1-01,marginalised,8976.965584969643,0.005790054734826058,42.68406295776367
EDTRPAS1-04/EDTRETN1-01,marginalised,9171.06203287165,0.005769031010543953,42.75592041015625
EDTRPAS1-04/EDTRETN1-01,marginalised,9369.355158451832,0.005748160523649462,42.827613830566406
EDTRPAS1-04/EDTRETN1-01,marginalised,9571.935700637792,0.00572745891734076,42.899078369140625
EDTRPAS1-04/EDTRETN1-01,marginalised,9778.896360278832,0.0057069302055588024,42.97029495239258
EDTRPAS1-04/EDTRETN1-01,marginalised,9990.331842565847,0.005686565830020722,43.041290283203125
EDTRPAS1-04/EDTRETN1-01,marginalised,10206.338900368431,0.005666347973157931,43.11211395263672
EDTRPAS1-04/EDTRETN1-01,marginalised,10427.01637850898,0.00564624862575318,43.182865142822266
EDTRPAS1-04/EDTRETN1-01,marginalised,10652.465258994078,0.005626235015152072,43.253658294677734
EDTRPAS1-04/EDTRETN1-01,marginalised,10882.788707223861,0.005606268809074089,43.32461929321289
EDTRPAS1-04/EDTRETN1-01,marginalised,11118.092119200503,0.005586311221781827,43.39590072631836
EDTRPAS1-04/EDTRETN1-01,marginalised,11358.483169757437,0.0055663246380948436,43.46762466430664
EDTRPAS1-04/EDTRETN1-01,marginalised,11604.071861831288,0.005546278233687415,43.5399169921875
EDTRPAS1-04/EDTRETN1-01,marginalised,11854.970576799316,0.005526147712094917,43.61286926269531
EDTRPAS1-04/EDTRETN1-01,marginalised,12111.294125905064,0.005505920152971231,43.6865348815918
EDTRPAS1-04/EDTRETN1-01,marginalised,12373.15980279599,0.005485594878323153,43.760921478271484
EDTRPAS1-04/EDTRETN1-01,marginalised,12640.687437197046,0.0054651846326664935,43.835994720458984
EDTRPAS1-04/EDTRETN1-01,marginalised,12913.999449744744,0.0054447122289891705,43.911678314208984
EDTRPAS1-04/EDTRETN1-01,marginalised,13193.220908006848,0.005424211508693382,43.987850189208984
EDTRPAS1-04/EDTRETN1-01,marginalised,13478.479583713302,0.005403719926273306,44.06437683105469
EDTRPAS1-04/EDTRETN1-01,marginalised,13769.906011224479,0.005383278801024057,44.1411018371582
EDTRPAS1-04/EDTRETN1-01,marginalised,14067.633547263844,0.005362924329778923,44.217891693115234
EDTRPAS1-04/EDTRETN1-01,marginalised,14371.798431941885,0.00534268584566807,44.29463195800781
EDTRPAS1-04/EDTRETN1-01,marginalised,14682.539851099616,0.00532258386976293,44.371238708496094
EDTRPAS1-04/EDTRETN1-01,marginalised,15000.000000000004,0.005302624966930782,44.44768524169922
EDTRPAS1-05/EDTRETN1-03,marginalised,1450.0,0.0021373139747413714,1.2945339679718018
EDTRPAS1-05/EDTRETN1-03,marginalised,1481.3513343449968,0.0021939641432455943,1.2654839754104614
EDTRPAS1-05/EDTRETN1-03,marginalised,1513.3805350108291,0.002253175062884503,1.2366323471069336
EDTRPAS1-05/EDTRETN1-03,marginalised,1546.1022585586472,0.00231496363376699,1.2080497741699219
EDTRPAS1-05/EDTRETN1-03,marginalised,1579.531478448045,0.002379378493457942,1.1797819137573242
EDTRPAS1-05/EDTRETN1-03,marginalised,1613.683491888922,0.002446507171623417,1.1518549919128418
EDTRPAS1-05/EDTRETN1-03,marginalised,1648.5739268414814,0.002516470855816879,1.1242824792861938
EDTRPAS1-05/EDTRETN1-03,marginalised,1684.2187491675859,0.0025894370393280096,1.0970603227615356
EDTRPAS1-05/EDTRETN1-03,marginalised,1720.6342699367342,0.0026656264988311426,1.070171594619751
EDTRPAS1-05/EDTRETN1-03,marginalised,1757.8371528900086,0.0027452873231755995,1.0435988903045654
EDTRPAS1-05/EDTRETN1-03,marginalised,1795.844422065396,0.002828729646825179,1.0173120498657227
EDTRPAS1-05/EDTRETN1-03,marginalised,1834.6734695879957,0.00291625787289063,0.9912967085838318
EDTRPAS1-05/EDTRETN1-03,marginalised,1874.3420636286498,0.003008237838292176,0.9655285477638245
EDTRPAS1-05/EDTRETN1-03,marginalised,1914.8683565346587,0.003105038581678653,0.9399961829185486
EDTRPAS1-05/EDTRETN1-03,marginalised,1956.2708931362965,0.0032070583913136204,0.9146904945373535
EDTRPAS1-05/EDTRETN1-03,marginalised,1998.568619232918,0.0033147162446429267,0.8896082639694214
EDTRPAS1-05/EDTRETN1-03,marginalised,2041.7808902625661,0.0034284893277113484,0.864742636680603
EDTRPAS1-05/EDTRETN1-03,marginalised,2085.927480159012,0.003548883121534744,0.8400933146476746
EDTRPAS1-05/EDTRETN1-03,marginalised,2131.02859040031,0.003676469194126469,0.8156556487083435
EDTRPAS1-05/EDTRETN1-03,marginalised,2177.1048592529905,0.0038119134347385504,0.7914226055145264
EDTRPAS1-05/EDTRETN1-03,marginalised,2224.1773712161353,0.003955963821234736,0.7673856019973755
EDTRPAS1-05/EDTRETN1-03,marginalised,2272.267666669634,0.004109521353163872,0.7435269355773926
EDTRPAS1-05/EDTRETN1-03,marginalised,2321.397751731072,0.004273584874049695,0.7198352217674255
EDTRPAS1-05/EDTRETN1-03,marginalised,2371.590108325723,0.004449375979977919,0.6962857842445374
EDTRPAS1-05/EDTRETN1-03,marginalised,2422.8677044742794,0.004638192814654787,0.6728702783584595
EDTRPAS1-05/EDTRETN1-03,marginalised,2475.2540048030182,0.004841637207838505,0.6495653390884399
EDTRPAS1-05/EDTRETN1-03,marginalised,2528.7729812812054,0.005061412082280779,0.6263659000396729
EDTRPAS1-05/EDTRETN1-03,marginalised,2583.449124190682,0.0052994516397447365,0.603268563747406
EDTRPAS1-05/EDTRETN1-03,marginalised,2639.3074533326067,0.005557810959121268,0.580284595489502
EDTRPAS1-05/EDTRETN1-03,marginalised,2696.373529476519,0.005838771284981607,0.5574300289154053
EDTRPAS1-05/EDTRETN1-03,marginalised,2754.673466056944,0.006144712923126824,0.5347347855567932
EDTRPAS1-05/EDTRETN1-03,marginalised,2814.233941122907,0.00647811181981126,0.5122397541999817
EDTRPAS1-05/EDTRETN1-03,marginalised,2875.0822095457906,0.006841511425925471,0.48999422788619995
EDTRPAS1-05/EDTRETN1-03,marginalised,2937.2461154911853,0.007237457277227043,0.4680548906326294
EDTRPAS1-05/EDTRETN1-03,marginalised,3000.754105160365,0.00766846046344142,0.4464823007583618
EDTRPAS1-05/EDTRETN1-03,marginalised,3065.635239807264,0.008136956074279571,0.42533719539642334
EDTRPAS1-05/EDTRETN1-03,marginalised,3131.9192090369206,0.008645119492997845,0.4046831727027893
EDTRPAS1-05/EDTRETN1-03,marginalised,3199.6363443914265,0.009195027163559013,0.38457435369491577
EDTRPAS1-05/EDTRETN1-03,marginalised,3268.8176332296466,0.009788262996277481,0.36506617069244385
EDTRPAS1-05/EDTRETN1-03,marginalised,3339.4947329070283,0.010425998405214458,0.34620630741119385
EDTRPAS1-05/EDTRETN1-03,marginalised,3411.6999852620097,0.011108781998946205,0.3280375599861145
EDTRPAS1-05/EDTRETN1-03,marginalised,3485.466431415644,0.01183644796958423,0.31059664487838745
EDTRPAS1-05/EDTRETN1-03,marginalised,3560.827826891212,0.01260777143261968,0.29391834139823914
EDTRPAS1-05/EDTRETN1-03,marginalised,3637.818657060753,0.013420580488392054,0.27802979946136475
EDTRPAS1-05/EDTRETN1-03,marginalised,3716.4741529255725,0.014271488860299983,0.2629540264606476
EDTRPAS1-05/EDTRETN1-03,marginalised,3796.830307237923,0.015155731300919253,0.24871137738227844
EDTRPAS1-05/EDTRETN1-03,marginalised,3878.923890971325,0.016067148903647955,0.23531854152679443
EDTRPAS1-05/EDTRETN1-03,marginalised,3962.792470146937,0.01699835773090052,0.22278596460819244
EDTRPAS1-05/EDTRETN1-03,marginalised,4048.4744230237725,0.017940414866695075,0.2111242413520813
EDTRPAS1-05/EDTRETN1-03,marginalised,4136.008957660591,0.018883294564443643,0.20033866167068481
EDTRPAS1-05/EDTRETN1-03,marginalised,4225.4361298574995,0.019815488362297337,0.19043663144111633
EDTRPAS1-05/EDTRETN1-03,marginalised,4316.7968614854935,0.020724377656192488,0.1814247965812683
EDTRPAS1-05/EDTRETN1-03,marginalised,4410.132959212297,0.02159609199630943,0.17331315577030182
EDTRPAS1-05/EDTRETN1-03,marginalised,4505.4871336330925,0.02241566101689243,0.16611552238464355
EDTRPAS1-05/EDTRETN1-03,marginalised,4602.903018814894,0.023166754715404074,0.15985429286956787
EDTRPAS1-05/EDTRETN1-03,marginalised,4702.425192263487,0.02383208598838683,0.15455923974514008
EDTRPAS1-05/EDTRETN1-03,marginalised,4804.099195322107,0.024393489195016622,0.15027038753032684
EDTRPAS1-05/EDTRETN1-03,marginalised,4907.971554011123,0.02483236624594316,0.14703862369060516
EDTRPAS1-05/EDTRETN1-03,marginalised,5014.089800318389,0.02513020717203025,0.144926980137825
EDTRPAS1-05/EDTRETN1-03,marginalised,5122.502493949851,0.025269615260567854,0.1440097540616989
EDTRPAS1-05/EDTRETN1-03,marginalised,5233.259244550472,0.025235407371069173,0.14437223970890045
EDTRPAS1-05/EDTRETN1-03,marginalised,5346.410734405608,0.02501602087246634,0.14610925316810608
EDTRPAS1-05/EDTRETN1-03,marginalised,5462.008741633214,0.024604992884164754,0.14932303130626678
EDTRPAS1-05/EDTRETN1-03,marginalised,5580.106163877516,0.024002196263508607,0.1541217565536499
EDTRPAS1-05/EDTRETN1-03,marginalised,5700.757042514965,0.023215053188775214,0.16061513125896454
EDTRPAS1-05/EDTRETN1-03,marginalised,5824.016587383583,0.02225860445822142,0.1689145863056183
EDTRPAS1-05/EDTRETN1-03,marginalised,5949.941202046941,0.021155494846971778,0.1791280210018158
EDTRPAS1-05/EDTRETN1-03,marginalised,6078.588509604489,0.019934507541526675,0.1913607269525528
EDTRPAS1-05/EDTRETN1-03,marginalised,6210.017379059845,0.018628858188842242,0.20571258664131165
EDTRPAS1-05/EDTRETN1-03,marginalised,6344.287952259255,0.017273771348240964,0.22227849066257477
EDTRPAS1-05/EDTRETN1-03,marginalised,6481.461671412506,0.015904175397575337,0.24114549160003662
EDTRPAS1-05/EDTRETN1-03,marginalised,6621.6013072088745,0.014552303254904581,0.2623932957649231
EDTRPAS1-05/EDTRETN1-03,marginalised,6764.770987540994,0.013245803013592723,0.286094605922699
EDTRPAS1-05/EDTRETN1-03,marginalised,6911.036226849774,0.012006871099909876,0.3123067021369934
EDTRPAS1-05/EDTRETN1-03,marginalised,7060.463956103809,0.010851397097084005,0.34107494354248047
EDTRPAS1-05/EDTRETN1-03,marginalised,7213.122553426988,0.009789298711101076,0.37242355942726135
EDTRPAS1-05/EDTRETN1-03,marginalised,7369.081875388316,0.008825026778769444,0.4063533544540405
EDTRPAS1-05/EDTRETN1-03,marginalised,7528.413288968297,0.007958545978567976,0.44283390045166016
EDTRPAS1-05/EDTRETN1-03,marginalised,7691.189704216408,0.007186247607121724,0.4818081259727478
EDTRPAS1-05/EDTRETN1-03,marginalised,7857.485607614812,0.006502190372200557,0.5231821537017822
EDTRPAS1-05/EDTRETN1-03,marginalised,8027.377096163316,0.005898973563382101,0.5668308734893799
EDTRPAS1-05/EDTRETN1-03,marginalised,8200.941912201375,0.005368518958370629,0.6126022338867188
EDTRPAS1-05/EDTRETN1-03,marginalised,8378.259478982976,0.004902681075152102,0.6603226065635681
EDTRPAS1-05/EDTRETN1-03,marginalised,8559.410937020722,0.004493635593962835,0.709804117679596
EDTRPAS1-05/EDTRETN1-03,marginalised,8744.479181215727,0.004134128841884752,0.7608558535575867
EDTRPAS1-05/EDTRETN1-03,marginalised,8933.548898790319,0.003817570654739328,0.8132969737052917
EDTRPAS1-05/EDTRETN1-03,marginalised,9126.706608040906,0.003538130960519892,0.8669555187225342
EDTRPAS1-05/EDTRETN1-03,marginalised,9324.040697928773,0.0032906690734084768,0.9216870069503784
EDTRPAS1-05/EDTRETN1-03,marginalised,9525.641468526786,0.00307071283741169,0.9773771166801453
EDTRPAS1-05/EDTRETN1-03,marginalised,9731.60117234082,0.0028743938959934546,1.0339443683624268
EDTRPAS1-05/EDTRETN1-03,marginalised,9942.014056524418,0.002698390488473947,1.0913431644439697
EDTRPAS1-05/EDTRETN1-03,marginalised,10156.976406006317,0.002539851548728855,1.1495636701583862
EDTRPAS1-05/EDTRETN1-03,marginalised,10376.586587550419,0.002396342983552267,1.208631992340088
EDTRPAS1-05/EDTRETN1-03,marginalised,10600.94509476842,0.0022657959067445437,1.2686030864715576
EDTRPAS1-05/EDTRETN1-03,marginalised,10830.154594105687,0.0021464644102968363,1.3295537233352661
EDTRPAS1-05/EDTRETN1-03,marginalised,11064.319971821418,0.0020368706662774482,1.3915815353393555
EDTRPAS1-05/EDTRETN1-03,marginalised,11303.548381984589,0.0019357830177045051,1.4547888040542603
EDTRPAS1-05/EDTRETN1-03,marginalised,11547.949295507653,0.0018421841905237296,1.5192692279815674
EDTRPAS1-05/EDTRETN1-03,marginalised,11797.634550240433,0.0017552369611501474,1.5851025581359863
EDTRPAS1-05/EDTRETN1-03,marginalised,12052.718402147102,0.0016742591833931422,1.6523423194885254
EDTRPAS1-05/EDTRETN1-03,marginalised,12313.31757758975,0.0015987021177209344,1.7210019826889038
EDTRPAS1-05/EDTRETN1-03,marginalised,12579.551326742261,0.001528117326815498,1.7910544872283936
EDTRPAS1-05/EDTRETN1-03,marginalised,12851.541478159326,0.0014621380196605546,1.8624308109283447
EDTRPAS1-05/EDTRETN1-03,marginalised,13129.412494525095,0.0014004562940740932,1.935015320777893
EDTRPAS1-05/EDTRETN1-03,marginalised,13413.291529607324,0.0013427996172797748,2.0086703300476074
EDTRPAS1-05/EDTRETN1-03,marginalised,13703.308486442933,0.0012889138455123475,2.0832419395446777
EDTRPAS1-05/EDTRETN1-03,marginalised,13999.596076781625,0.0012385562418075861,2.15857195854187
EDTRPAS1-05/EDTRETN1-03,marginalised,14302.289881814786,0.00119148399902786,2.2345211505889893
EDTRPAS1-05/EDTRETN1-03,marginalised,14611.528414217459,0.0011474504804328467,2.3109841346740723
EDTRPAS1-05/EDTRETN1-03,marginalised,14927.453181531631,0.00110620953344686,2.387895107269287
EDTRPAS1-05/EDTRETN1-03,marginalised,15250.208750920241,0.0010675168098425948,2.465233564376831
EDTRPAS1-05/EDTRETN1-03,marginalised,15579.942815320996,0.0010311343380183988,2.543022632598877
EDTRPAS1-05/EDTRETN1-03,marginalised,15916.80626103069,0.0009968383500221871,2.621323823928833
EDTRPAS1-05/EDTRETN1-03,marginalised,16260.953236750765,0.0009644223881939975,2.7002246379852295
EDTRPAS1-05/EDTRETN1-03,marginalised,16612.54122412575,0.0009337057000064426,2.7798123359680176
EDTRPAS1-05/EDTRETN1-03,marginalised,16971.73110980686,0.0009045326665884727,2.8601715564727783
EDTRPAS1-05/EDTRETN1-03,marginalised,17338.68725907371,0.000876774144327813,2.9413602352142334
EDTRPAS1-05/EDTRETN1-03,marginalised,17713.577591047888,0.0008503258655537229,3.023404121398926
EDTRPAS1-05/EDTRETN1-03,marginalised,18096.573655532702,0.0008251075686379251,3.1062827110290527
EDTRPAS1-05/EDTRETN1-03,marginalised,18487.850711514402,0.0008010553720920837,3.189936876296997
EDTRPAS1-05/EDTRETN1-03,marginalised,18887.58780736066,0.00077812085762525,3.2742650508880615
EDTRPAS1-05/EDTRETN1-03,marginalised,19295.967862753107,0.0007562649104031734,3.3591246604919434
EDTRPAS1-05/EDTRETN1-03,marginalised,19713.177752391406,0.0007354531917638497,3.44435715675354
EDTRPAS1-05/EDTRETN1-03,marginalised,20139.40839150697,0.000715654573600029,3.5297739505767822
EDTRPAS1-05/EDTRETN1-03,marginalised,20574.85482322598,0.0006968362656425757,3.6151974201202393
EDTRPAS1-05/EDTRETN1-03,marginalised,21019.716307820967,0.000678965522105929,3.7004380226135254
EDTRPAS1-05/EDTRETN1-03,marginalised,21474.19641389233,0.0006620054073401931,3.785329818725586
EDTRPAS1-05/EDTRETN1-03,marginalised,21938.50311152134,0.0006459182081800817,3.8697118759155273
EDTRPAS1-05/EDTRETN1-03,marginalised,22412.84886743724,0.0006306639108177482,3.953444242477417
EDTRPAS1-05/EDTRETN1-03,marginalised,22897.450742242003,0.0006162010690547089,4.036407947540283
EDTRPAS1-05/EDTRETN1-03,marginalised,23392.5304897373,0.0006024898385967937,4.118492126464844
EDTRPAS1-05/EDTRETN1-03,marginalised,23898.314658398875,0.0005894919833445993,4.199588775634766
EDTRPAS1-05/EDTRETN1-03,marginalised,24415.034695045353,0.0005771700177564377,4.279608726501465
EDTRPAS1-05/EDTRETN1-03,marginalised,24942.927050748156,0.0005654915298115925,4.358438014984131
EDTRPAS1-05/EDTRETN1-03,marginalised,25482.233289031512,0.0005544264911696336,4.435967445373535
EDTRPAS1-05/EDTRETN1-03,marginalised,26033.200196411948,0.0005439490961900952,4.512072563171387
EDTRPAS1-05/EDTRETN1-03,marginalised,26596.07989532777,0.0005340368802768653,4.586616516113281
EDTRPAS1-05/EDTRETN1-03,marginalised,27171.129959510297,0.0005246698767791595,4.659454822540283
EDTRPAS1-05/EDTRETN1-03,marginalised,27758.613531849584,0.0005158317021416668,4.730416774749756
EDTRPAS1-05/EDTRETN1-03,marginalised,28358.799444808596,0.0005075067551727922,4.799342632293701
EDTRPAS1-05/EDTRETN1-03,marginalised,28971.96234344094,0.0004996804252469031,4.8660688400268555
EDTRPAS1-05/EDTRETN1-03,marginalised,29598.382811068437,0.0004923381721643833,4.9304423332214355
EDTRPAS1-05/EDTRETN1-03,marginalised,30238.347497676026,0.0004854655961302161,4.992318153381348
EDTRPAS1-05/EDTRETN1-03,marginalised,30892.149251082865,0.0004790472151882745,5.051577568054199
EDTRPAS1-05/EDTRETN1-03,marginalised,31560.087250949236,0.00047306567606961343,5.10813045501709
EDTRPAS1-05/EDTRETN1-03,marginalised,32242.467145681494,0.0004675032890881077,5.1619110107421875
EDTRPAS1-05/EDTRETN1-03,marginalised,32939.60119229655,0.00046234037215636274,5.212887287139893
EDTRPAS1-05/EDTRETN1-03,marginalised,33651.808399310714,0.0004575563450599356,5.261065483093262
EDTRPAS1-05/EDTRETN1-03,marginalised,34379.414672718,0.00045312983310055797,5.306468963623047
EDTRPAS1-05/EDTRETN1-03,marginalised,35122.752965124666,0.0004490389003072222,5.349055290222168
EDTRPAS1-05/EDTRETN1-03,marginalised,35882.16342810835,0.0004452616071429542,5.387151718139648
EDTRPAS1-05/EDTRETN1-03,marginalised,36657.99356787141,0.00044177665431050574,5.422829627990723
EDTRPAS1-05/EDTRETN1-03,marginalised,37450.59840425981,0.0004385629346719435,5.456188201904297
EDTRPAS1-05/EDTRETN1-03,marginalised,38260.34063321991,0.0004356011536539063,5.487333297729492
EDTRPAS1-05/EDTRETN1-03,marginalised,39087.590792768555,0.00043287330220188663,5.516365051269531
EDTRPAS1-05/EDTRETN1-03,marginalised,39932.72743255097,0.0004303628934834042,5.5433759689331055
EDTRPAS1-05/EDTRETN1-03,marginalised,40796.137287065125,0.0004280557638181688,5.568456649780273
EDTRPAS1-05/EDTRETN1-03,marginalised,41678.21545263145,0.0004259392289461217,5.591687202453613
EDTRPAS1-05/EDTRETN1-03,marginalised,42579.36556818886,0.0004240021237887536,5.613125801086426
EDTRPAS1-05/EDTRETN1-03,marginalised,43499.999999999985,0.0004222350253273976,5.632845878601074
EDTRPAS1-44,marginalised,19.999999999999996,2.51115485e-316,3079.5322265625
EDTRPAS1-44,marginalised,20.43243219786202,2.57501333e-316,3004.4453125
EDTRPAS1-44,marginalised,20.87421427601144,2.65340317e-316,2917.547607421875
EDTRPAS1-44,marginalised,21.325548393912364,2.74979414e-316,2817.920654296875
EDTRPAS1-44,marginalised,21.786641082041985,2.86731037e-316,2706.062255859375
EDTRPAS1-44,marginalised,22.25770333639892,3.00861947e-316,2583.830078125
EDTRPAS1-44,marginalised,22.738950715054912,3.1753519e-316,2454.283203125
EDTRPAS1-44,marginalised,23.230603436794294,3.3678795e-316,2321.414794921875
EDTRPAS1-44,marginalised,23.732886481885995,3.5842586e-316,2189.8525390625
EDTRPAS1-44,marginalised,24.24602969503459,3.8192194e-316,2064.502197265625
EDTRPAS1-44,marginalised,24.770267890557182,5.515401981074126e-25,1950.26708984375
EDTRPAS1-44,marginalised,25.30584095983442,4.038656194844276e-24,1851.810791015625
EDTRPAS1-44,marginalised,25.852993981084822,1.9773969393990516e-23,1773.4423828125
EDTRPAS1-44,marginalised,26.411977331512542,5.898850546028625e-23,1719.1217041015625
EDTRPAS1-44,marginalised,26.983046801879937,1.0098751734955048e-22,1692.567138671875
EDTRPAS1-44,marginalised,27.566463713557475,9.165070233018496e-23,1697.5120849609375
EDTRPAS1-44,marginalised,28.162495038104353,4.068589244167216e-23,1737.9879150390625
EDTRPAS1-44,marginalised,28.771413519434645,8.095835730287005e-24,1818.692626953125
EDTRPAS1-44,marginalised,29.39349779862497,6.00500447293256e-25,1945.412841796875
EDTRPAS1-44,marginalised,30.029032541420566,3.7183868e-316,2125.50634765625
EDTRPAS1-44,marginalised,30.6783085684984,3.3150239e-316,2368.553466796875
EDTRPAS1-44,marginalised,31.34162298854667,2.90621503e-316,2687.263916015625
EDTRPAS1-44,marginalised,32.01927933422168,2.51253107e-316,3098.8408203125
EDTRPAS1-44,marginalised,32.71158770104447,2.1474467e-316,3285.390869140625
EDTRPAS1-44,marginalised,33.418864889300416,1.81802556e-316,3287.224853515625
EDTRPAS1-44,marginalised,34.14143454900712,1.5266155e-316,3289.394287109375
EDTRPAS1-44,marginalised,34.8796273280166,1.2725383e-316,3291.96826171875
EDTRPAS1-44,marginalised,35.63378102331974,1.05364815e-316,3295.03857421875
EDTRPAS1-44,marginalised,36.40424073562215,8.6710136e-317,3298.7158203125
EDTRPAS1-44,marginalised,37.19135902726234,7.099761e-317,3303.143310546875
EDTRPAS1-44,marginalised,37.99549608354407,5.791546e-317,3308.478759765625
EDTRPAS1-44,marginalised,38.817019877557314,4.715064e-317,3314.891845703125
EDTRPAS1-44,marginalised,39.65630633856262,3.840964e-317,3322.557373046875
EDTRPAS1-44,marginalised,40.513739524016344,3.13768e-317,3331.630126953125
EDTRPAS1-44,marginalised,41.38971179531536,2.576383e-317,3342.219482421875
EDTRPAS1-44,marginalised,42.28462399734155,2.1317673e-317,3354.376708984375
EDTRPAS1-44,marginalised,43.19888564188853,1.7805493e-317,3368.047607421875
EDTRPAS1-44,marginalised,44.13291509505414,1.504597e-317,3383.06201171875
EDTRPAS1-44,marginalised,45.08713976868477,1.2883873e-317,3399.10986328125
EDTRPAS1-44,marginalised,46.061996315959,1.119594e-317,3415.730224609375
EDTRPAS1-44,marginalised,47.057930831200146,9.88433e-318,3432.318115234375
EDTRPAS1-44,marginalised,48.0753990540089,8.87992e-318,3448.156982421875
EDTRPAS1-44,marginalised,49.11486657780984,8.127913e-318,3462.447265625
EDTRPAS1-44,marginalised,50.176809062906976,7.58527e-318,3474.37548828125
EDTRPAS1-44,marginalised,51.26171245414578,7.22394e-318,3483.17919921875
EDTRPAS1-44,marginalised,52.37007320328166,7.03284e-318,3488.21923828125
EDTRPAS1-44,marginalised,53.50239849615617,7.00219e-318,3489.0458984375
EDTRPAS1-44,marginalised,54.6592064847853,7.13198e-318,3485.447265625
EDTRPAS1-44,marginalised,55.841026524465796,7.4457e-318,3477.483642578125
EDTRPAS1-44,marginalised,57.04839941600816,7.969427e-318,3465.47314453125
EDTRPAS1-44,marginalised,58.281877653206905,8.757956e-318,3449.973876953125
EDTRPAS1-44,marginalised,59.542025675661996,9.89281e-318,3431.726318359375
EDTRPAS1-44,marginalised,60.82942012706617,1.1527915e-317,3411.5869140625
EDTRPAS1-44,marginalised,62.14465011907715,1.3894154e-317,3390.44775390625
EDTRPAS1-44,marginalised,63.4883175008951,1.743177e-317,3369.16943359375
EDTRPAS1-44,marginalised,64.8610371346688,2.3003e-317,3348.517333984375
EDTRPAS1-44,marginalised,66.26343717685661,3.2508393e-317,3329.118896484375
EDTRPAS1-44,marginalised,67.69615936567062,5.0928924e-317,3311.43212890625
EDTRPAS1-44,marginalised,69.15985931473637,9.529069e-317,3295.755126953125
EDTRPAS1-44,marginalised,70.65520681310134,2.5501378e-316,3089.560546875
EDTRPAS1-44,marginalised,72.18288613173067,4.978974690453286e-14,764.5481567382812
EDTRPAS1-44,marginalised,73.7435963366291,6.019493445319484e-08,186.1963653564453
EDTRPAS1-44,marginalised,75.33805160873402,1.960014704871097e-06,62.04814147949219
EDTRPAS1-44,marginalised,76.96698157072439,1.1707255386245066e-05,23.911062240600586
EDTRPAS1-44,marginalised,78.63113162089608,4.505550926231714e-05,9.971354484558105
EDTRPAS1-44,marginalised,80.3312632742562,0.00015204597008706215,4.319271087646484
EDTRPAS1-44,marginalised,82.06815451099217,0.0004909575089426827,1.9864435195922852
EDTRPAS1-44,marginalised,83.84260013247567,0.0015204225701808153,0.9762890338897705
EDTRPAS1-44,marginalised,85.65541212496332,0.0046854742822007465,0.48640376329421997
EDTRPAS1-44,marginalised,87.50742003116208,0.005961972151805823,0.3133859634399414
EDTRPAS1-44,marginalised,89.39947132982762,0.013892378647632675,0.24487969279289246
EDTRPAS1-44,marginalised,91.33243182357072,0.00866242419269696,0.3724727928638458
EDTRPAS1-44,marginalised,93.30718603504822,0.008647041163903097,0.24136826395988464
EDTRPAS1-44,marginalised,95.32463761172104,0.009751810500065777,0.2073359489440918
EDTRPAS1-44,marginalised,97.38570973936291,0.007954393423051037,0.26501739025115967
EDTRPAS1-44,marginalised,99.4913455645102,0.006942999204584264,0.3534402847290039
EDTRPAS1-44,marginalised,101.64250862604577,0.007202628365229056,0.4484293758869171
EDTRPAS1-44,marginalised,103.84018329611439,0.008191455209831434,0.38092219829559326
EDTRPAS1-44,marginalised,106.08537523057109,0.009462057845770684,0.3325374722480774
EDTRPAS1-44,marginalised,108.37911182916974,0.010742687278007406,0.29913121461868286
EDTRPAS1-44,marginalised,110.72244270570084,0.011883073178512353,0.2759148180484772
EDTRPAS1-44,marginalised,113.11644016829474,0.012810473326665456,0.25993627309799194
EDTRPAS1-44,marginalised,115.56219971011004,0.013502394125699592,0.24925926327705383
EDTRPAS1-44,marginalised,118.06084051063068,0.013968658571619014,0.2425314486026764
EDTRPAS1-44,marginalised,120.61350594780318,0.01423786102782981,0.23875798285007477
EDTRPAS1-44,marginalised,123.22136412124581,0.014346837237644846,0.23718325793743134
EDTRPAS1-44,marginalised,125.88560838677115,0.014333452485917952,0.23722176253795624
EDTRPAS1-44,marginalised,128.60745790246563,0.01423273033198927,0.23841097950935364
EDTRPAS1-44,marginalised,131.38815818657628,0.014074144051695901,0.24038909375667572
EDTRPAS1-44,marginalised,134.2289816874595,0.013881270548228516,0.24287328124046326
EDTRPAS1-44,marginalised,137.13122836585396,0.01367206991958444,0.24564406275749207
EDTRPAS1-44,marginalised,140.09622628974222,0.013459314738936783,0.2485378235578537
EDTRPAS1-44,marginalised,143.1253322420748,0.01325206545659998,0.25143006443977356
EDTRPAS1-44,marginalised,146.2199323416334,0.013056151796698823,0.2542318105697632
EDTRPAS1-44,marginalised,149.38144267731985,0.012874758714776634,0.25688645243644714
EDTRPAS1-44,marginalised,152.61130995615753,0.01270956909212611,0.2593561112880707
EDTRPAS1-44,marginalised,155.9110121653047,0.012560891990526402,0.26162242889404297
EDTRPAS1-44,marginalised,159.28205924838147,0.012428041926716486,0.2636834979057312
EDTRPAS1-44,marginalised,162.7259937964198,0.012309667755349162,0.265548437833786
EDTRPAS1-44,marginalised,166.24439175375318,0.012204252796406238,0.26723140478134155
EDTRPAS1-44,marginalised,169.83886313916886,0.012109893862109677,0.2687548100948334
EDTRPAS1-44,marginalised,173.51105278265177,0.012024594363707003,0.27014413475990295
EDTRPAS1-44,marginalised,177.26264107805957,0.011946464925356904,0.2714253067970276
EDTRPAS1-44,marginalised,181.09534475207033,0.011873856171025956,0.27262184023857117
EDTRPAS1-44,marginalised,185.01091764975627,0.011804986805080646,0.27376076579093933
EDTRPAS1-44,marginalised,189.01115153714395,0.011738996619744094,0.2748548090457916
EDTRPAS1-44,marginalised,193.0978769211259,0.011674979097221592,0.2759183645248413
EDTRPAS1-44,marginalised,197.27296388710056,0.011612652043630434,0.27695614099502563
EDTRPAS1-44,marginalised,201.53832295472327,0.011552118728976298,0.2779669463634491
EDTRPAS1-44,marginalised,205.89590595216012,0.011493680508993945,0.2789458632469177
EDTRPAS1-44,marginalised,210.34770690924438,0.011438425711479525,0.2798745930194855
EDTRPAS1-44,marginalised,214.89576296994463,0.011387292630893326,0.28073766827583313
EDTRPAS1-44,marginalised,219.5421553245611,0.011341357839121621,0.2815162241458893
EDTRPAS1-44,marginalised,224.2890101620794,0.011301740321326324,0.28219056129455566
EDTRPAS1-44,marginalised,229.13849964311387,0.01126947287868804,0.2827421724796295
EDTRPAS1-44,marginalised,234.0928428938878,0.01124526219640115,0.28315818309783936
EDTRPAS1-44,marginalised,239.15430702170644,0.011229094613256411,0.2834378778934479
EDTRPAS1-44,marginalised,244.3252081523847,0.011220970052190594,0.28358060121536255
EDTRPAS1-44,marginalised,249.60791249010632,0.01122011011050417,0.28359952569007874
EDTRPAS1-44,marginalised,255.0048374001987,0.011225345595742668,0.28351446986198425
EDTRPAS1-44,marginalised,260.5184525153195,0.011234839511841224,0.28335678577423096
EDTRPAS1-44,marginalised,266.1512808655601,0.0112464914216891,0.28316253423690796
EDTRPAS1-44,marginalised,271.90590003298473,0.01125793694609881,0.2829712927341461
EDTRPAS1-44,marginalised,277.7849433311305,0.011266708112666425,0.2828250229358673
EDTRPAS1-44,marginalised,283.7911010100136,0.011270174165763529,0.2827678322792053
EDTRPAS1-44,marginalised,289.92712148718584,0.011265585134452812,0.28284573554992676
EDTRPAS1-44,marginalised,296.1958126054115,0.011250759779633824,0.2830961048603058
EDTRPAS1-44,marginalised,302.6000429175358,0.011223766470851252,0.283552348613739
EDTRPAS1-44,marginalised,309.14274299913444,0.011183025708390967,0.28424352407455444
EDTRPAS1-44,marginalised,315.8269067895449,0.011127797737042497,0.2851855754852295
EDTRPAS1-44,marginalised,322.6555929618933,0.011057781221385279,0.286389023065567
EDTRPAS1-44,marginalised,329.6319263227426,0.01097348983700244,0.28785163164138794
EDTRPAS1-44,marginalised,336.75909924200437,0.010876397512668882,0.2895551919937134
EDTRPAS1-44,marginalised,344.04037311376743,0.010768224690688413,0.29147806763648987
EDTRPAS1-44,marginalised,351.4790798487103,0.010651862066741359,0.2935759723186493
EDTRPAS1-44,marginalised,359.07862339878557,0.01053028862929513,0.2958016097545624
EDTRPAS1-44,marginalised,366.8424813148659,0.010406575967017679,0.2981031537055969
EDTRPAS1-44,marginalised,374.7742063380732,0.01028437414872127,0.3004135191440582
EDTRPAS1-44,marginalised,382.8774280255116,0.010166561206857314,0.3026769757270813
EDTRPAS1-44,marginalised,391.15585441115314,0.010055841140594454,0.30483734607696533
EDTRPAS1-44,marginalised,399.61327370263376,0.009954263400059352,0.306848406791687
EDTRPAS1-44,marginalised,408.25355601473717,0.009863278532176636,0.3086739778518677
EDTRPAS1-44,marginalised,417.0806551403591,0.009783656272521367,0.31029078364372253
EDTRPAS1-44,marginalised,426.0986103597634,0.009715591611915049,0.3116874098777771
EDTRPAS1-44,marginalised,435.3115482889547,0.009658743108645364,0.3128643333911896
EDTRPAS1-44,marginalised,444.72368476802035,0.009612379078275874,0.3138313293457031
EDTRPAS1-44,marginalised,454.3393267902974,0.009575488507737599,0.31460538506507874
EDTRPAS1-44,marginalised,464.1628744732514,0.009546982561203248,0.3152063488960266
EDTRPAS1-44,marginalised,474.1988230719725,0.009525617875692644,0.3156583905220032
EDTRPAS1-44,marginalised,484.4517650362024,0.009510227414188875,0.31598490476608276
EDTRPAS1-44,marginalised,494.9263921118395,0.009499679252017458,0.3162091076374054
EDTRPAS1-44,marginalised,505.62749748788167,0.00891190331329473,0.32927975058555603
EDTRPAS1-44,marginalised,516.5599779897897,0.008789578260122395,0.33215224742889404
EDTRPAS1-44,marginalised,527.7288363202738,0.00865453694855691,0.33538931608200073
EDTRPAS1-44,marginalised,539.1391833485314,0.00850696264500457,0.3390091061592102
EDTRPAS1-44,marginalised,550.7962404489786,0.008347689814746422,0.34301653504371643
EDTRPAS1-44,marginalised,562.7053418905531,0.008177999554195528,0.34740686416625977
EDTRPAS1-44,marginalised,574.8719372776752,0.0079995882585656,0.3521643280982971
EDTRPAS1-44,marginalised,587.3015940439844,0.007814406348773558,0.3572646379470825
EDTRPAS1-44,marginalised,600.0,0.007624440395602853,0.36267906427383423
SCTXSUS1-13/EDTRVFPS1-08,marginalised,846.4340800000003,0.005371577754660853,29.169952392578125
SCTXSUS1-13/EDTRVFPS1-08,marginalised,859.2793159665748,0.005381276249263671,29.140499114990234
SCTXSUS1-13/EDTRVFPS1-08,marginalised,872.3194874761939,0.005390870181901471,29.111419677734375
SCTXSUS1-13/EDTRVFPS1-08,marginalised,885.5575528136304,0.005400372900027284,29.082677841186523
SCTXSUS1-13/EDTRVFPS1-08,marginalised,898.9965151577189,0.00540980055737385,29.054214477539062
SCTXSUS1-13/EDTRVFPS1-08,marginalised,912.6394232626584,0.005419171402972605,29.025981903076172
SCTXSUS1-13/EDTRVFPS1-08,marginalised,926.4893721496486,0.005428509582597729,28.997900009155273
SCTXSUS1-13/EDTRVFPS1-08,marginalised,940.5495038090279,0.0054378362149846825,28.96990203857422
SCTXSUS1-13/EDTRVFPS1-08,marginalised,954.8230079130586,0.005447174185812724,28.941926956176758
SCTXSUS1-13/EDTRVFPS1-08,marginalised,969.3131225395368,0.005456544750765337,28.913908004760742
SCTXSUS1-13/EDTRVFPS1-08,marginalised,984.0231349063789,0.005465967072475124,28.885787963867188
SCTXSUS1-13/EDTRVFPS1-08,marginalised,998.9563821173617,0.005475459503148787,28.857505798339844
SCTXSUS1-13/EDTRVFPS1-08,marginalised,1014.1162519191695,0.005485032428570623,28.82904052734375
SCTXSUS1-13/EDTRVFPS1-08,marginalised,1029.5061834699404,0.005494699148204556,28.800352096557617
SCTXSUS1-13/EDTRVFPS1-08,marginalised,1045.1296681194692,0.005504470474968423,28.77140998840332
SCTXSUS1-13/EDTRVFPS1-08,marginalised,1060.9902502012567,0.005514349268654264,28.74220848083496
SCTXSUS1-13/EDTRVFPS1-08,marginalised,1077.0915278365687,0.005524341116838284,28.712718963623047
SCTXSUS1-13/EDTRVFPS1-08,marginalised,1093.4371537507084,0.0055344515726429965,28.682950973510742
SCTXSUS1-13/EDTRVFPS1-08,marginalised,1110.0308361016678,0.00554468085331604,28.652881622314453
SCTXSUS1-13/EDTRVFPS1-08,marginalised,1126.876339321363,0.005555034759265766,28.622509002685547
SCTXSUS1-13/EDTRVFPS1-08,marginalised,1143.9774849696248,0.005565515282932298,28.591827392578125
SCTXSUS1-13/EDTRVFPS1-08,marginalised,1161.3381526011576,0.005576125878595712,28.56082534790039
SCTXSUS1-13/EDTRVFPS1-08,marginalised,1178.9622806456564,0.005586873177299827,28.529483795166016
SCTXSUS1-13/EDTRVFPS1-08,marginalised,1196.8538673012695,0.005597758842061418,28.497806549072266
SCTXSUS1-13/EDTRVFPS1-08,marginalised,1215.016971441632,0.005608788982273923,28.46567726135254
SCTXSUS1-13/EDTRVFPS1-08,marginalised,1233.4557135366567,0.005619968394739443,28.4330997467041
SCTXSUS1-13/EDTRVFPS1-08,marginalised,1252.1742765873053,0.005631297954428349,28.400157928466797
SCTXSUS1-13/EDTRVFPS1-08,marginalised,1271.1769070745354,0.005642778375645678,28.366849899291992
SCTXSUS1-13/EDTRVFPS1-08,marginalised,1290.4679159226582,0.005654409021289051,28.33318328857422
SCTXSUS1-13/EDTRVFPS1-08,marginalised,1310.0516794773098,0.005666184025068015,28.29916763305664
SCTXSUS1-13/EDTRVFPS1-08,marginalised,1329.932640498271,0.005678095980675603,28.26483917236328
SCTXSUS1-13/EDTRVFPS1-08,marginalised,1350.1153091673416,0.005690134840833922,28.230213165283203
SCTXSUS1-13/EDTRVFPS1-08,marginalised,1370.6042641115223,0.005702285877819584,28.19535255432129
SCTXSUS1-13/EDTRVFPS1-08,marginalised,1391.4041534417163,0.005714536318540969,28.160280227661133
SCTXSUS1-13/EDTRVFPS1-08,marginalised,1412.5196958072015,0.005726866696857618,28.125059127807617
SCTXSUS1-13/EDTRVFPS1-08,marginalised,1433.9556814660937,0.005739258872644409,28.089740753173828
SCTXSUS1-13/EDTRVFPS1-08,marginalised,1455.7169733720646,0.005751695809785926,28.054380416870117
SCTXSUS1-13/EDTRVFPS1-08,marginalised,1477.8085082775478,0.005764157847646207,28.01902198791504
SCTXSUS1-13/EDTRVFPS1-08,marginalised,1500.235297853691,0.005776631054155807,27.983707427978516
SCTXSUS1-13/EDTRVFPS1-08,marginalised,1523.0024298272936,0.005789097853687391,27.948484420776367
SCTXSUS1-13/EDTRVFPS1-08,marginalised,1546.1150691350074,0.005801548863492713,27.91339111328125
SCTXSUS1-13/EDTRVFPS1-08,marginalised,1569.5784590950568,0.005813972881050157,27.878446578979492
SCTXSUS1-13/EDTRVFPS1-08,marginalised,1593.3979225967253,0.005826363588073704,27.843669891357422
SCTXSUS1-13/EDTRVFPS1-08,marginalised,1617.5788633079078,0.005838717046092715,27.80906867980957
SCTXSUS1-13/EDTRVFPS1-08,marginalised,1642.1267669009815,0.005851031581820522,27.774646759033203
SCTXSUS1-13/EDTRVFPS1-08,marginalised,1667.0472022972867,0.005863310398646635,27.740394592285156
SCTXSUS1-13/EDTRVFPS1-08,marginalised,1692.3458229304806,0.005875553762054936,27.706308364868164
SCTXSUS1-13/EDTRVFPS1-08,marginalised,1718.0283680290765,0.005887766971851179,27.672374725341797
SCTXSUS1-13/EDTRVFPS1-08,marginalised,1744.1006639184397,0.0058999537331537975,27.638580322265625
SCTXSUS1-13/EDTRVFPS1-08,marginalised,1770.568625342549,0.005912122057327071,27.604904174804688
SCTXSUS1-13/EDTRVFPS1-08,marginalised,1797.438256805803,0.005924276750435857,27.571331024169922
SCTXSUS1-13/EDTRVFPS1-08,marginalised,1824.7156539352018,0.005936424741260134,27.537837982177734
SCTXSUS1-13/EDTRVFPS1-08,marginalised,1852.407004863203,0.005948567736677243,27.504417419433594
SCTXSUS1-13/EDTRVFPS1-08,marginalised,1880.5185916315465,0.00596071147846027,27.471054077148438
SCTXSUS1-13/EDTRVFPS1-08,marginalised,1909.0567916164023,0.00597285909151609,27.437747955322266
SCTXSUS1-13/EDTRVFPS1-08,marginalised,1938.0280789751346,0.005985013364797779,27.404481887817383
SCTXSUS1-13/EDTRVFPS1-08,marginalised,1967.4390261150243,0.005997175294534992,27.37125015258789
SCTXSUS1-13/EDTRVFPS1-08,marginalised,1997.2963051842871,0.006009345819576027,27.338050842285156
SCTXSUS1-13/EDTRVFPS1-08,marginalised,2027.6066895857036,0.006021526875714836,27.304885864257812
SCTXSUS1-13/EDTRVFPS1-08,marginalised,2058.3770555132332,0.006033717823727988,27.271745681762695
SCTXSUS1-13/EDTRVFPS1-08,marginalised,2089.6143835119474,0.006045920647579281,27.238628387451172
SCTXSUS1-13/EDTRVFPS1-08,marginalised,2121.325760061624,0.006058136190725778,27.20553207397461
SCTXSUS1-13/EDTRVFPS1-08,marginalised,2153.5183791843847,0.006070367642158651,27.172447204589844
SCTXSUS1-13/EDTRVFPS1-08,marginalised,2186.199544076725,0.006082616294092871,27.139368057250977
SCTXSUS1-13/EDTRVFPS1-08,marginalised,2219.3766687663206,0.006094885773102881,27.106279373168945
SCTXSUS1-13/EDTRVFPS1-08,marginalised,2253.0572797939544,0.006107182115751316,27.07317543029785
SCTXSUS1-13/EDTRVFPS1-08,marginalised,2287.249017920994,0.006119508716736949,27.040035247802734
SCTXSUS1-13/EDTRVFPS1-08,marginalised,2321.959639862763,0.006131874358038398,27.006839752197266
SCTXSUS1-13/EDTRVFPS1-08,marginalised,2357.197020048234,0.006144283095176499,26.97357749938965
SCTXSUS1-13/EDTRVFPS1-08,marginalised,2392.9691524064037,0.006156743226080602,26.94022560119629
SCTXSUS1-13/EDTRVFPS1-08,marginalised,2429.284152179797,0.0061692615876563885,26.906757354736328
SCTXSUS1-13/EDTRVFPS1-08,marginalised,2466.15025776549,0.006181844836622823,26.873165130615234
SCTXSUS1-13/EDTRVFPS1-08,marginalised,2503.5758325840584,0.006194500364993164,26.839427947998047
SCTXSUS1-13/EDTRVFPS1-08,marginalised,2541.569366976902,0.006207230341667989,26.805532455444336
SCTXSUS1-13/EDTRVFPS1-08,marginalised,2580.1394801323595,0.006220043127851318,26.77145767211914
SCTXSUS1-13/EDTRVFPS1-08,marginalised,2619.2949220410464,0.006232936523941832,26.73720932006836
SCTXSUS1-13/EDTRVFPS1-08,marginalised,2659.044575480884,0.0062459135972099036,26.702781677246094
SCTXSUS1-13/EDTRVFPS1-08,marginalised,2699.3974580322238,0.006258972105593015,26.668174743652344
SCTXSUS1-13/EDTRVFPS1-08,marginalised,2740.362724123581,0.006272107478747225,26.633403778076172
SCTXSUS1-13/EDTRVFPS1-08,marginalised,2781.949667108405,0.0062853136061502895,26.598474502563477
SCTXSUS1-13/EDTRVFPS1-08,marginalised,2824.167721373352,0.006298584542506549,26.563417434692383
SCTXSUS1-13/EDTRVFPS1-08,marginalised,2867.0264644785725,0.0063119084505487925,26.528242111206055
SCTXSUS1-13/EDTRVFPS1-08,marginalised,2910.535619330467,0.00632527458143072,26.492992401123047
SCTXSUS1-13/EDTRVFPS1-08,marginalised,2954.705056387417,0.006338669215668814,26.457691192626953
SCTXSUS1-13/EDTRVFPS1-08,marginalised,2999.544795898998,0.006352080315969505,26.422107696533203
SCTXSUS1-13/EDTRVFPS1-08,marginalised,3045.065010179164,0.006365492085546762,26.386491775512695
SCTXSUS1-13/EDTRVFPS1-08,marginalised,3091.2760259139136,0.006378889420259788,26.350914001464844
SCTXSUS1-13/EDTRVFPS1-08,marginalised,3138.188326504033,0.006392260004248195,26.31540870666504
SCTXSUS1-13/EDTRVFPS1-08,marginalised,3185.8125544433087,0.006405587119185134,26.280010223388672
SCTXSUS1-13/EDTRVFPS1-08,marginalised,3234.159513732917,0.006418857197805868,26.244754791259766
SCTXSUS1-13/EDTRVFPS1-08,marginalised,3283.240172332395,0.006432058874452989,26.209665298461914
SCTXSUS1-13/EDTRVFPS1-08,marginalised,3333.065664647808,0.006445176473399766,26.17478370666504
SCTXSUS1-13/EDTRVFPS1-08,marginalised,3383.647294057727,0.006458201883008014,26.140127182006836
SCTXSUS1-13/EDTRVFPS1-08,marginalised,3434.99653547749,0.006471121592444271,26.10572052001953
SCTXSUS1-13/EDTRVFPS1-08,marginalised,3487.1250379623752,0.006483926898088972,26.071590423583984
SCTXSUS1-13/EDTRVFPS1-08,marginalised,3540.044627350333,0.006496608941740733,26.037752151489258
SCTXSUS1-13/EDTRVFPS1-08,marginalised,3593.7673089447717,0.006509156256965969,26.004228591918945
SCTXSUS1-13/EDTRVFPS1-08,marginalised,3648.305270238053,0.0065215651669979875,25.971036911010742
SCTXSUS1-13/EDTRVFPS1-08,marginalised,3703.670883676382,0.0065338260889697365,25.93818473815918
SCTXSUS1-13/EDTRVFPS1-08,marginalised,3759.876709466562,0.006545934704676032,25.905689239501953
SCTXSUS1-13/EDTRVFPS1-08,marginalised,3816.9354984254405,0.006557884106401275,25.873554229736328
SCTXSUS1-13/EDTRVFPS1-08,marginalised,3874.8601948725304,0.006569671641621455,25.8417911529541
SCTXSUS1-13/EDTRVFPS1-08,marginalised,3933.663939566531,0.006581296039444344,25.810400009155273
SCTXSUS1-13/EDTRVFPS1-08,marginalised,3993.360072686471,0.006592753231609496,25.779382705688477
SCTXSUS1-13/EDTRVFPS1-08,marginalised,4053.962136858034,0.006604043012039945,25.748735427856445
SCTXSUS1-13/EDTRVFPS1-08,marginalised,4115.483880225806,0.0066151668159503225,25.718454360961914
SCTXSUS1-13/EDTRVFPS1-08,marginalised,4177.939259572217,0.006626126914326532,25.688520431518555
SCTXSUS1-13/EDTRVFPS1-08,marginalised,4241.342443483743,0.006636924525272168,25.658935546875
SCTXSUS1-13/EDTRVFPS1-08,marginalised,4305.707815565162,0.00664756365356003,25.629676818847656
SCTXSUS1-13/EDTRVFPS1-08,marginalised,4371.049977702657,0.006658047840347758,25.600730895996094
SCTXSUS1-13/EDTRVFPS1-08,marginalised,4437.383753376336,0.006668380072331969,25.572084426879883
SCTXSUS1-13/EDTRVFPS1-08,marginalised,4504.724191023128,0.006678565921470899,25.543712615966797
SCTXSUS1-13/EDTRVFPS1-08,marginalised,4573.086567450636,0.006688607734965497,25.51560401916504
SCTXSUS1-13/EDTRVFPS1-08,marginalised,4642.486391302803,0.006698510206246942,25.48773956298828
SCTXSUS1-13/EDTRVFPS1-08,marginalised,4712.93940657825,0.006708275026521923,25.46010398864746
SCTXSUS1-13/EDTRVFPS1-08,marginalised,4784.461596201878,0.006717902646767244,25.432687759399414
SCTXSUS1-13/EDTRVFPS1-08,marginalised,4857.069185650808,0.006727392136479563,25.405481338500977
SCTXSUS1-13/EDTRVFPS1-08,marginalised,4930.7786466352545,0.0067367452074062325,25.378475189208984
SCTXSUS1-13/EDTRVFPS1-08,marginalised,5005.606700835261,0.006745953285587459,25.351669311523438
SCTXSUS1-13/EDTRVFPS1-08,marginalised,5081.570323694222,0.006755014066218999,25.325071334838867
SCTXSUS1-13/EDTRVFPS1-08,marginalised,5158.6867482698935,0.006763918264067832,25.29868507385254
SCTXSUS1-13/EDTRVFPS1-08,marginalised,5236.973469143849,0.006772654776372321,25.272523880004883
SCTXSUS1-13/EDTRVFPS1-08,marginalised,5316.44824639034,0.006781211355174522,25.246614456176758
SCTXSUS1-13/EDTRVFPS1-08,marginalised,5397.129109605309,0.006789575822014131,25.22097396850586
SCTXSUS1-13/EDTRVFPS1-08,marginalised,5479.034361996545,0.006797729266279951,25.195634841918945
SCTXSUS1-13/EDTRVFPS1-08,marginalised,5562.182584536001,0.006805654096302396,25.17063331604004
SCTXSUS1-13/EDTRVFPS1-08,marginalised,5646.592640174984,0.006813330967230055,25.146007537841797
SCTXSUS1-13/EDTRVFPS1-08,marginalised,5732.283678123463,0.006820739118738891,25.12179946899414
SCTXSUS1-13/EDTRVFPS1-08,marginalised,5819.275138194214,0.006827855954121283,25.098054885864258
SCTXSUS1-13/EDTRVFPS1-08,marginalised,5907.586755212897,0.006834659107686342,25.074819564819336
SCTXSUS1-13/EDTRVFPS1-08,marginalised,5997.238563495137,0.0068411266519893595,25.05214500427246
SCTXSUS1-13/EDTRVFPS1-08,marginalised,6088.250901391479,0.006847237697313805,25.03007698059082
SCTXSUS1-13/EDTRVFPS1-08,marginalised,6180.64441590129,0.006852966203782936,25.0086669921875
SCTXSUS1-13/EDTRVFPS1-08,marginalised,6274.440067356791,0.006858294355736416,24.98796272277832
SCTXSUS1-13/EDTRVFPS1-08,marginalised,6369.659134178075,0.006863199354476978,24.968013763427734
SCTXSUS1-13/EDTRVFPS1-08,marginalised,6466.323217700277,0.006867659432825192,24.94763946533203
SCTXSUS1-13/EDTRVFPS1-08,marginalised,6564.454247074123,0.0068716579772107374,24.927513122558594
SCTXSUS1-13/EDTRVFPS1-08,marginalised,6664.074484240665,0.006875174784930124,24.908220291137695
SCTXSUS1-13/EDTRVFPS1-08,marginalised,6765.2065289816965,0.006878194334034817,24.88980484008789
SCTXSUS1-13/EDTRVFPS1-08,marginalised,6867.873324046688,0.006880699648693211,24.872312545776367
SCTXSUS1-13/EDTRVFPS1-08,marginalised,6972.098160357527,0.006882674401773262,24.85577964782715
SCTXSUS1-13/EDTRVFPS1-08,marginalised,7077.904682292369,0.006884106420157077,24.840246200561523
SCTXSUS1-13/EDTRVFPS1-08,marginalised,7185.31689304948,0.006884983921120621,24.82575035095215
SCTXSUS1-13/EDTRVFPS1-08,marginalised,7294.359160092685,0.006885296625375805,24.812326431274414
SCTXSUS1-13/EDTRVFPS1-08,marginalised,7405.056220679291,0.006885040946809863,24.800004959106445
SCTXSUS1-13/EDTRVFPS1-08,marginalised,7517.433187472005,0.006884208510758027,24.788816452026367
SCTXSUS1-13/EDTRVFPS1-08,marginalised,7631.515554235911,0.006882800916990925,24.778783798217773
SCTXSUS1-13/EDTRVFPS1-08,marginalised,7747.329201622071,0.006880818625755537,24.76992416381836
SCTXSUS1-13/EDTRVFPS1-08,marginalised,7864.90040303868,0.006878266914029461,24.762252807617188
SCTXSUS1-13/EDTRVFPS1-08,marginalised,7984.255830611531,0.006875156538596219,24.755775451660156
SCTXSUS1-13/EDTRVFPS1-08,marginalised,8105.422561234793,0.006871496730992094,24.750492095947266
SCTXSUS1-13/EDTRVFPS1-08,marginalised,8228.428082713619,0.006867307043806177,24.746395111083984
SCTXSUS1-13/EDTRVFPS1-08,marginalised,8353.300300000108,0.006862601165810678,24.74347496032715
SCTXSUS1-13/EDTRVFPS1-08,marginalised,8480.067541523693,0.006857404535312697,24.74170684814453
SCTXSUS1-13/EDTRVFPS1-08,marginalised,8608.7585656178,0.0068517360748889524,24.741071701049805
SCTXSUS1-13/EDTRVFPS1-08,marginalised,8739.402567043904,0.006845619935582566,24.74050521850586
SCTXSUS1-13/EDTRVFPS1-08,marginalised,8872.02918361465,0.006839083272664288,24.7395076751709
SCTXSUS1-13/EDTRVFPS1-08,marginalised,9006.66850291741,0.006832149738699086,24.739530563354492
SCTXSUS1-13/EDTRVFPS1-08,marginalised,9143.351069140044,0.0068248399560416565,24.740549087524414
SCTXSUS1-13/EDTRVFPS1-08,marginalised,9282.107890000007,0.006817182101801116,24.74251365661621
SCTXSUS1-14/EDTRVFPS1-07,marginalised,28.512579999999996,2.6847885810978407e-05,185.54736328125
SCTXSUS1-14/EDTRVFPS1-07,marginalised,29.129067881805835,1.8077813629933284e-05,199.52894592285156
SCTXSUS1-14/EDTRVFPS1-07,marginalised,29.758885224095916,1.1723198035004696e-05,214.91297912597656
SCTXSUS1-14/EDTRVFPS1-07,marginalised,30.40232023126489,7.361919953656917e-06,231.5550537109375
SCTXSUS1-14/EDTRVFPS1-07,marginalised,31.059667339150437,4.5070162581812275e-06,249.2305145263672
SCTXSUS1-14/EDTRVFPS1-07,marginalised,31.731227349767057,2.7097566162591366e-06,267.61767578125
SCTXSUS1-14/EDTRVFPS1-07,marginalised,32.41730756895302,1.6122697506836002e-06,286.35760498046875
SCTXSUS1-14/EDTRVFPS1-07,marginalised,33.118221946993614,9.565746242122029e-07,305.0649108886719
SCTXSUS1-14/EDTRVFPS1-07,marginalised,33.834291222284655,5.700412019165583e-07,323.3218688964844
SCTXSUS1-14/EDTRVFPS1-07,marginalised,34.56584306810247,3.4341369327546653e-07,340.75341796875
SCTXSUS1-14/EDTRVFPS1-07,marginalised,35.31321224254715,2.1031580517367513e-07,357.002685546875
SCTXSUS1-14/EDTRVFPS1-07,marginalised,36.07674074172779,1.3153187890248118e-07,371.7469482421875
SCTXSUS1-14/EDTRVFPS1-07,marginalised,36.856777956259975,8.428626139717193e-08,384.7833251953125
SCTXSUS1-14/EDTRVFPS1-07,marginalised,37.65368083114689,5.546018374587428e-08,395.9559326171875
SCTXSUS1-14/EDTRVFPS1-07,marginalised,38.46781402911729,3.750695428808687e-08,405.2090759277344
SCTXSUS1-14/EDTRVFPS1-07,marginalised,39.29955009749523,2.6066613684744558e-08,412.78057861328125
SCTXSUS1-14/EDTRVFPS1-07,marginalised,40.14926963867767,1.8598750789572756e-08,418.6915588378906
SCTXSUS1-14/EDTRVFPS1-07,marginalised,41.01736148429809,1.3604670636773822e-08,423.1117248535156
SCTXSUS1-14/EDTRVFPS1-07,marginalised,41.904222873155916,1.0186051992497891e-08,426.53167724609375
SCTXSUS1-14/EDTRVFPS1-07,marginalised,42.81025963299286,7.794474403268711e-09,429.126708984375
SCTXSUS1-14/EDTRVFPS1-07,marginalised,43.73588636619981,6.088148799817574e-09,431.42022705078125
SCTXSUS1-14/EDTRVFPS1-07,marginalised,44.6815266395388,4.849467005263971e-09,432.4418640136719
SCTXSUS1-14/EDTRVFPS1-07,marginalised,45.647613177967116,3.936813978499636e-09,433.54779052734375
SCTXSUS1-14/EDTRVFPS1-07,marginalised,46.63458806265233,3.2562031697062175e-09,435.068603515625
SCTXSUS1-14/EDTRVFPS1-07,marginalised,47.642902933268466,2.744182902091523e-09,436.00848388671875
SCTXSUS1-14/EDTRVFPS1-07,marginalised,48.67301919466648,2.357513068326597e-09,435.93255615234375
SCTXSUS1-14/EDTRVFPS1-07,marginalised,49.72540822801299,2.0666744031324544e-09,435.88104248046875
SCTXSUS1-14/EDTRVFPS1-07,marginalised,50.80055160649431,1.8517002260585912e-09,435.84393310546875
SCTXSUS1-14/EDTRVFPS1-07,marginalised,51.89894131568428,1.6992722957099615e-09,435.80633544921875
SCTXSUS1-14/EDTRVFPS1-07,marginalised,53.02107997867698,1.6007019066992037e-09,435.75177001953125
SCTXSUS1-14/EDTRVFPS1-07,marginalised,54.16748108608685,1.5507995127310528e-09,435.66552734375
SCTXSUS1-14/EDTRVFPS1-07,marginalised,55.33866923102215,1.5474478798081941e-09,435.5389099121094
SCTXSUS1-14/EDTRVFPS1-07,marginalised,56.53518034913868,1.5916066453209549e-09,435.3717956542969
SCTXSUS1-14/EDTRVFPS1-07,marginalised,57.75756196388387,1.6876541890537431e-09,435.1741027832031
SCTXSUS1-14/EDTRVFPS1-07,marginalised,59.006373437043635,1.8439872537922425e-09,434.9637756347656
SCTXSUS1-14/EDTRVFPS1-07,marginalised,60.28218622470604,2.0742885565133734e-09,434.76397705078125
SCTXSUS1-14/EDTRVFPS1-07,marginalised,61.58558413875991,2.400124683487091e-09,434.59759521484375
SCTXSUS1-14/EDTRVFPS1-07,marginalised,62.917163614046935,2.8561027516924253e-09,433.8614196777344
SCTXSUS1-14/EDTRVFPS1-07,marginalised,64.27753398129033,3.4994499748122423e-09,431.11981201171875
SCTXSUS1-14/EDTRVFPS1-07,marginalised,65.66731774592435,4.427876634607357e-09,428.8916931152344
SCTXSUS1-14/EDTRVFPS1-07,marginalised,67.08715087295305,5.815482515909875e-09,426.8523864746094
SCTXSUS1-14/EDTRVFPS1-07,marginalised,68.53768307796766,7.991974767194419e-09,422.45501708984375
SCTXSUS1-14/EDTRVFPS1-07,marginalised,70.01957812445647,1.1634237058891479e-08,416.7843933105469
SCTXSUS1-14/EDTRVFPS1-07,marginalised,71.53351412754299,1.8282297609026225e-08,408.158203125
SCTXSUS1-14/EDTRVFPS1-07,marginalised,73.08018386429143,3.191724043145111e-08,395.503173828125
SCTXSUS1-14/EDTRVFPS1-07,marginalised,74.66029509072123,6.457253996950572e-08,376.0837097167969
SCTXSUS1-14/EDTRVFPS1-07,marginalised,76.27457086567664,1.599888193114603e-07,347.4415588378906
SCTXSUS1-14/EDTRVFPS1-07,marginalised,77.92374988169799,5.117521434194152e-07,307.2034606933594
SCTXSUS1-14/EDTRVFPS1-07,marginalised,79.60858680304764,2.127555202632317e-06,255.6112823486328
SCTXSUS1-14/EDTRVFPS1-07,marginalised,81.3298526110443,1.0484041720423426e-05,197.7476806640625
SCTXSUS1-14/EDTRVFPS1-07,marginalised,83.08833495686372,5.1045787170863055e-05,142.63011169433594
SCTXSUS1-14/EDTRVFPS1-07,marginalised,84.88483852196833,0.00020619464768960023,98.16067504882812
SCTXSUS1-14/EDTRVFPS1-07,marginalised,86.72018538632922,0.0006356327331254126,66.93080139160156
SCTXSUS1-14/EDTRVFPS1-07,marginalised,88.59521540460985,0.0014962922436968212,47.07301330566406
SCTXSUS1-14/EDTRVFPS1-07,marginalised,90.51078659048359,0.002791484247236168,35.125831604003906
SCTXSUS1-14/EDTRVFPS1-07,marginalised,92.46777550926075,0.004318565718803882,28.09950828552246
SCTXSUS1-14/EDTRVFPS1-07,marginalised,94.46707767900493,0.005794356749836589,23.989479064941406
SCTXSUS1-14/EDTRVFPS1-07,marginalised,96.50960798032165,0.007019245737759162,21.562028884887695
SCTXSUS1-14/EDTRVFPS1-07,marginalised,98.59630107500828,0.007930108974665532,20.125883102416992
SCTXSUS1-14/EDTRVFPS1-07,marginalised,100.72811183375487,0.008557608928859633,19.27199363708496
SCTXSUS1-14/EDTRVFPS1-07,marginalised,102.90601577309307,0.008968028651411922,18.756994247436523
SCTXSUS1-14/EDTRVFPS1-07,marginalised,105.1310095017922,0.009227591328264543,18.44459342956543
SCTXSUS1-14/EDTRVFPS1-07,marginalised,107.40411117690788,0.009388750391156156,18.25603675842285
SCTXSUS1-14/EDTRVFPS1-07,marginalised,109.72636096969023,0.009488462753249577,18.14076042175293
SCTXSUS1-14/EDTRVFPS1-07,marginalised,112.09882154156648,0.00955095625878941,18.068578720092773
SCTXSUS1-14/EDTRVFPS1-07,marginalised,114.52257853041459,0.009591319256565341,18.021669387817383
SCTXSUS1-14/EDTRVFPS1-07,marginalised,116.99874104735126,0.009618652693937402,17.989574432373047
SCTXSUS1-14/EDTRVFPS1-07,marginalised,119.52844218426115,0.009638213100883619,17.964994430541992
SCTXSUS1-14/EDTRVFPS1-07,marginalised,122.11283953229935,0.009653044269489557,17.945219039916992
SCTXSUS1-14/EDTRVFPS1-07,marginalised,124.75311571160559,0.009664809917975916,17.929176330566406
SCTXSUS1-14/EDTRVFPS1-07,marginalised,127.45047891247083,0.009674491897954312,17.91578483581543
SCTXSUS1-14/EDTRVFPS1-07,marginalised,130.2061634482053,0.009682635461597226,17.90439796447754
SCTXSUS1-14/EDTRVFPS1-07,marginalised,133.02143031995976,0.009689562205758269,17.894649505615234
SCTXSUS1-14/EDTRVFPS1-07,marginalised,135.89756779376026,0.009695510824227123,17.8862361907959
SCTXSUS1-14/EDTRVFPS1-07,marginalised,138.8358919900182,0.009700617219114463,17.878978729248047
SCTXSUS1-14/EDTRVFPS1-07,marginalised,141.83774748578713,0.009705017881376836,17.872699737548828
SCTXSUS1-14/EDTRVFPS1-07,marginalised,144.904507930041,0.009708802021864733,17.867286682128906
SCTXSUS1-14/EDTRVFPS1-07,marginalised,148.03757667225625,0.009712075991933872,17.862594604492188
SCTXSUS1-14/EDTRVFPS1-07,marginalised,151.23838740458385,0.009714885250518905,17.858562469482422
SCTXSUS1-14/EDTRVFPS1-07,marginalised,154.50840481790746,0.009717303110868375,17.855077743530273
SCTXSUS1-14/EDTRVFPS1-07,marginalised,157.8491252720856,0.009719363417843975,17.85210418701172
SCTXSUS1-14/EDTRVFPS1-07,marginalised,161.2620774806859,0.009721096726806124,17.84958839416504
SCTXSUS1-14/EDTRVFPS1-07,marginalised,164.74882321052448,0.009722530142765484,17.847476959228516
SCTXSUS1-14/EDTRVFPS1-07,marginalised,168.31095799632993,0.009723671814339776,17.84576988220215
SCTXSUS1-14/EDTRVFPS1-07,marginalised,171.9501118708607,0.009724514029411994,17.844440460205078
SCTXSUS1-14/EDTRVFPS1-07,marginalised,175.66795011080757,0.009725073943562378,17.843488693237305
SCTXSUS1-14/EDTRVFPS1-07,marginalised,179.4661739988242,0.009725334988316575,17.842899322509766
SCTXSUS1-14/EDTRVFPS1-07,marginalised,183.3465216020342,0.009725303054716056,17.84267807006836
SCTXSUS1-14/EDTRVFPS1-07,marginalised,187.3107685673706,0.00972497874423348,17.842809677124023
SCTXSUS1-14/EDTRVFPS1-07,marginalised,191.36072893411122,0.00972438414181005,17.843257904052734
SCTXSUS1-14/EDTRVFPS1-07,marginalised,195.49825596398404,0.009723535497844863,17.84401512145996
SCTXSUS1-14/EDTRVFPS1-07,marginalised,199.72524298921894,0.009722464638225957,17.845027923583984
SCTXSUS1-14/EDTRVFPS1-07,marginalised,204.04362427893685,0.009721230722110672,17.846242904663086
SCTXSUS1-14/EDTRVFPS1-07,marginalised,208.45537592427053,0.009719886454403373,17.847591400146484
SCTXSUS1-14/EDTRVFPS1-07,marginalised,212.96251674262484,0.009718494428169716,17.8490047454834
SCTXSUS1-14/EDTRVFPS1-07,marginalised,217.56710920148691,0.009717138704988953,17.850400924682617
SCTXSUS1-14/EDTRVFPS1-07,marginalised,222.2712603622112,0.009715891502012491,17.851680755615234
SCTXSUS1-14/EDTRVFPS1-07,marginalised,227.07712284421083,0.009714810919021771,17.85280418395996
SCTXSUS1-14/EDTRVFPS1-07,marginalised,231.98689580999618,0.009713958240843585,17.853683471679688
SCTXSUS1-14/EDTRVFPS1-07,marginalised,237.0028259715114,0.009713368655328666,17.854286193847656
SCTXSUS1-14/EDTRVFPS1-07,marginalised,242.12720861823018,0.009713060912357263,17.85459327697754
SCTXSUS1-14/EDTRVFPS1-07,marginalised,247.36238866747908,0.009713026375264352,17.8546085357666
SCTXSUS1-14/EDTRVFPS1-07,marginalised,252.71076173747298,0.009713239802005889,17.854366302490234
SCTXSUS1-14/EDTRVFPS1-07,marginalised,258.1747752435493,0.009713649199902157,17.853918075561523
SCTXSUS1-14/EDTRVFPS1-07,marginalised,263.75692951810436,0.009714180705236022,17.85333824157715
SCTXSUS1-14/EDTRVFPS1-07,marginalised,269.45977895474704,0.009714738459249956,17.85273551940918
SCTXSUS1-14/EDTRVFPS1-07,marginalised,275.2859331771878,0.009715241837839233,17.85219383239746
SCTXSUS1-14/EDTRVFPS1-07,marginalised,281.2380582334033,0.009715560838268666,17.85184669494629
SCTXSUS1-14/EDTRVFPS1-07,marginalised,287.3188778156192,0.009715602842840239,17.8518009185791
SCTXSUS1-14/EDTRVFPS1-07,marginalised,293.53117450667213,0.009715260258579873,17.852161407470703
SCTXSUS1-14/EDTRVFPS1-07,marginalised,299.8777910533192,0.009714448099615278,17.85302734375
SCTXSUS1-14/EDTRVFPS1-07,marginalised,306.3616316670792,0.009713093760867826,17.854476928710938
SCTXSUS1-14/EDTRVFPS1-07,marginalised,312.98566335319873,0.009711125876619582,17.856592178344727
SCTXSUS1-14/EDTRVFPS1-07,marginalised,319.7529172683551,0.009708517275472664,17.859376907348633
SCTXSUS1-14/EDTRVFPS1-07,marginalised,326.66649010771283,0.009705267533845537,17.86285972595215
SCTXSUS1-14/EDTRVFPS1-07,marginalised,333.72954552197035,0.009701391689387879,17.867015838623047
SCTXSUS1-14/EDTRVFPS1-07,marginalised,340.94531556504836,0.00969694352850916,17.871795654296875
SCTXSUS1-14/EDTRVFPS1-07,marginalised,348.3171021730761,0.009691995021109233,17.877107620239258
SCTXSUS1-14/EDTRVFPS1-07,marginalised,355.8482786753578,0.009686663803657852,17.882835388183594
SCTXSUS1-14/EDTRVFPS1-07,marginalised,363.54229133800794,0.009681075593401128,17.88884925842285
SCTXSUS1-14/EDTRVFPS1-07,marginalised,371.40266094096245,0.009675389793872531,17.894962310791016
SCTXSUS1-14/EDTRVFPS1-07,marginalised,379.43298438908766,0.009669732764474763,17.901060104370117
SCTXSUS1-14/EDTRVFPS1-07,marginalised,387.636936358124,0.009664263794147579,17.90695571899414
SCTXSUS1-14/EDTRVFPS1-07,marginalised,396.01827097621623,0.00965910584762798,17.912519454956055
SCTXSUS1-14/EDTRVFPS1-07,marginalised,404.58082354180476,0.009654369375186876,17.917627334594727
SCTXSUS1-14/EDTRVFPS1-07,marginalised,413.32851227865524,0.009650109029059648,17.92223358154297
SCTXSUS1-14/EDTRVFPS1-07,marginalised,422.2653401288402,0.009646384326471857,17.92625617980957
SCTXSUS1-14/EDTRVFPS1-07,marginalised,431.39539658448365,0.009643193270691474,17.929710388183594
SCTXSUS1-14/EDTRVFPS1-07,marginalised,440.72285955911303,0.009640546700773897,17.932573318481445
SCTXSUS1-14/EDTRVFPS1-07,marginalised,450.2519972994722,0.009638396292740705,17.93489646911621
SCTXSUS1-14/EDTRVFPS1-07,marginalised,459.98717033867104,0.00963669415150102,17.93674087524414
SCTXSUS1-14/EDTRVFPS1-07,marginalised,469.93283349156525,0.009635392956352662,17.93815040588379
SCTXSUS1-14/EDTRVFPS1-07,marginalised,480.0935378932795,0.009634428220125833,17.939197540283203
SCTXSUS1-14/EDTRVFPS1-07,marginalised,490.4739330818072,0.009633759652524792,17.939916610717773
SCTXSUS1-14/EDTRVFPS1-07,marginalised,501.07876912563705,0.00960466084630475,17.97150421142578
SCTXSUS1-14/EDTRVFPS1-07,marginalised,511.9128987973873,0.00959806432418755,17.978683471679688
SCTXSUS1-14/EDTRVFPS1-07,marginalised,522.981279794431,0.009590618925585156,17.986797332763672
SCTXSUS1-14/EDTRVFPS1-07,marginalised,534.288977007541,0.009582279234730732,17.995891571044922
SCTXSUS1-14/EDTRVFPS1-07,marginalised,545.8411648385821,0.009573004122687322,18.00602149963379
SCTXSUS1-14/EDTRVFPS1-07,marginalised,557.6431295683178,0.00956280270564716,18.017181396484375
SCTXSUS1-14/EDTRVFPS1-07,marginalised,569.700271775412,0.00955170978073352,18.02933120727539
SCTXSUS1-14/EDTRVFPS1-07,marginalised,582.0181088077337,0.009539767293756935,18.04244041442871
SCTXSUS1-14/EDTRVFPS1-07,marginalised,594.602277307095,0.009527056541190264,18.056413650512695
SCTXSUS1-14/EDTRVFPS1-07,marginalised,607.4585357885792,0.00951364090514898,18.071197509765625
SCTXSUS1-14/EDTRVFPS1-07,marginalised,620.5927672756343,0.009499605527848946,18.086692810058594
SCTXSUS1-14/EDTRVFPS1-07,marginalised,634.0109819921481,0.009485006300210905,18.10284996032715
SCTXSUS1-14/EDTRVFPS1-07,marginalised,647.719320112725,0.009469908896245782,18.11959457397461
SCTXSUS1-14/EDTRVFPS1-07,marginalised,661.724054572427,0.00945435083714735,18.136892318725586
SCTXSUS1-14/EDTRVFPS1-07,marginalised,676.0315939372731,0.00943836269134563,18.15471649169922
SCTXSUS1-14/EDTRVFPS1-07,marginalised,690.6484853367963,0.009421978399184355,18.173019409179688
SCTXSUS1-14/EDTRVFPS1-07,marginalised,705.5814174600097,0.009405209903529497,18.19180679321289
SCTXSUS1-14/EDTRVFPS1-07,marginalised,720.8372236161513,0.009388086512820581,18.211042404174805
SCTXSUS1-14/EDTRVFPS1-07,marginalised,736.4228848616059,0.009370643761393327,18.230690002441406
SCTXSUS1-14/EDTRVFPS1-07,marginalised,752.3455331944357,0.009352924758132349,18.250707626342773
SCTXSUS1-14/EDTRVFPS1-07,marginalised,768.6124548179836,0.009334987036317709,18.271026611328125
SCTXSUS1-14/EDTRVFPS1-07,marginalised,785.2310934750369,0.009316897141006789,18.291576385498047
SCTXSUS1-14/EDTRVFPS1-07,marginalised,802.2090538540874,0.009298708148464889,18.31230354309082
SCTXSUS1-14/EDTRVFPS1-07,marginalised,819.554105069235,0.00928048555073365,18.333127975463867
SCTXSUS1-14/EDTRVFPS1-07,marginalised,837.2741842153316,0.009262260863170734,18.354015350341797
SCTXSUS1-14/EDTRVFPS1-07,marginalised,855.3774,0.009244049657463478,18.374954223632812
SCTXSUS1-10/EDTRVFPS1-15,marginalised,8.024750000000001,1.6932070538867777e-13,1020.0708618164062
SCTXSUS1-10/EDTRVFPS1-15,marginalised,8.198258013989665,1.7482057966456014e-13,1019.9960327148438
SCTXSUS1-10/EDTRVFPS1-15,marginalised,8.375517550571143,1.8096775710187895e-13,1019.91748046875
SCTXSUS1-10/EDTRVFPS1-15,marginalised,8.556609723702415,1.8785446779163203e-13,1019.8356323242188
SCTXSUS1-10/EDTRVFPS1-15,marginalised,8.741617401155825,1.9558474091512282e-13,1019.7501831054688
SCTXSUS1-10/EDTRVFPS1-15,marginalised,8.930625242438365,2.0427771975834062e-13,1019.6615600585938
SCTXSUS1-10/EDTRVFPS1-15,marginalised,9.123719737531848,2.14069411435634e-13,1019.570068359375
SCTXSUS1-10/EDTRVFPS1-15,marginalised,9.320989246470754,2.2511932574833965e-13,1019.4760131835938
SCTXSUS1-10/EDTRVFPS1-15,marginalised,9.522524039775735,2.376143961980384e-13,1019.3798217773438
SCTXSUS1-10/EDTRVFPS1-15,marginalised,9.728416339761443,2.5178088151166334e-13,1019.2817993164062
SCTXSUS1-10/EDTRVFPS1-15,marginalised,9.938760362737442,2.6789309470970753e-13,1019.1826171875
SCTXSUS1-10/EDTRVFPS1-15,marginalised,10.153652362121568,2.8629409876255126e-13,1019.0824584960938
SCTXSUS1-10/EDTRVFPS1-15,marginalised,10.373190672485524,3.074186204348975e-13,1018.981689453125
SCTXSUS1-10/EDTRVFPS1-15,marginalised,10.597475754552766,3.3183073778974584e-13,1018.8809204101562
SCTXSUS1-10/EDTRVFPS1-15,marginalised,10.826610241169304,3.6027728335386467e-13,1018.7802124023438
SCTXSUS1-10/EDTRVFPS1-15,marginalised,11.060698984268521,3.937720351234041e-13,1018.6798706054688
SCTXSUS1-10/EDTRVFPS1-15,marginalised,11.2998491028514,4.337195066857573e-13,1018.57958984375
SCTXSUS1-10/EDTRVFPS1-15,marginalised,11.544170032004162,4.821158885246689e-13,1018.4797973632812
SCTXSUS1-10/EDTRVFPS1-15,marginalised,11.793773572975791,5.418609534178109e-13,1018.38037109375
SCTXSUS1-10/EDTRVFPS1-15,marginalised,12.048773944338238,6.172816582512741e-13,1018.2811889648438
SCTXSUS1-10/EDTRVFPS1-15,marginalised,12.309287834252881,7.149801775549567e-13,1018.181884765625
SCTXSUS1-10/EDTRVFPS1-15,marginalised,12.575434453866999,8.453016214680543e-13,1018.08251953125
SCTXSUS1-10/EDTRVFPS1-15,marginalised,12.847335591864775,1.0248378154094988e-12,1017.982177734375
SCTXSUS1-10/EDTRVFPS1-15,marginalised,13.125115670197834,1.2808506503116457e-12,1017.881591796875
SCTXSUS1-10/EDTRVFPS1-15,marginalised,13.408901801020681,1.65913974649032e-12,1017.7799682617188
SCTXSUS1-10/EDTRVFPS1-15,marginalised,13.698823844857252,2.2381721518139194e-12,1017.677001953125
SCTXSUS1-10/EDTRVFPS1-15,marginalised,13.995014470025067,3.1547944395315966e-12,1017.5731811523438
SCTXSUS1-10/EDTRVFPS1-15,marginalised,14.297609213344261,4.65134000798321e-12,983.4720458984375
SCTXSUS1-10/EDTRVFPS1-15,marginalised,14.6067465421592,7.161875676306076e-12,948.9663696289062
SCTXSUS1-10/EDTRVFPS1-15,marginalised,14.922567917701176,1.1471409124333574e-11,914.657470703125
SCTXSUS1-10/EDTRVFPS1-15,marginalised,15.245217859821018,1.9009041673827883e-11,880.5790405273438
SCTXSUS1-10/EDTRVFPS1-15,marginalised,15.574844013121407,3.238866577631871e-11,846.7691650390625
SCTXSUS1-10/EDTRVFPS1-15,marginalised,15.911597214519027,5.640245932603396e-11,813.267822265625
SCTXSUS1-10/EDTRVFPS1-15,marginalised,16.255631562267514,9.984998085359927e-11,780.1099853515625
SCTXSUS1-10/EDTRVFPS1-15,marginalised,16.60710448647285,1.788922316378259e-10,747.3247680664062
SCTXSUS1-10/EDTRVFPS1-15,marginalised,16.966176821133335,3.232048727896606e-10,714.9334106445312
SCTXSUS1-10/EDTRVFPS1-15,marginalised,17.333012877737257,5.872348996959627e-10,682.9502563476562
SCTXSUS1-10/EDTRVFPS1-15,marginalised,17.70778052045179,1.0708600912482912e-09,651.3792724609375
SCTXSUS1-10/EDTRVFPS1-15,marginalised,18.09065124293766,1.957128914008637e-09,620.2205200195312
SCTXSUS1-10/EDTRVFPS1-15,marginalised,18.481800246824605,3.5816384607825408e-09,589.4658203125
SCTXSUS1-10/EDTRVFPS1-15,marginalised,18.881406521883676,6.559520237296282e-09,559.1058349609375
SCTXSUS1-10/EDTRVFPS1-15,marginalised,19.289652927932902,1.2019357342857503e-08,529.1268920898438
SCTXSUS1-10/EDTRVFPS1-15,marginalised,19.706726278513983,2.2032174176516036e-08,499.5190734863281
SCTXSUS1-10/EDTRVFPS1-15,marginalised,20.132817426378146,4.0402160849244045e-08,470.27398681640625
SCTXSUS1-10/EDTRVFPS1-15,marginalised,20.568121350820324,7.411643455072172e-08,441.3915710449219
SCTXSUS1-10/EDTRVFPS1-15,marginalised,21.012837246901736,1.3600038591603886e-07,412.8821716308594
SCTXSUS1-10/EDTRVFPS1-15,marginalised,21.46716861660147,2.495511862580677e-07,384.77020263671875
SCTXSUS1-10/EDTRVFPS1-15,marginalised,21.93132336193905,4.5765789456886735e-07,357.0969543457031
SCTXSUS1-10/EDTRVFPS1-15,marginalised,22.40551388011035,8.381566637514829e-07,329.9220886230469
SCTXSUS1-10/EDTRVFPS1-15,marginalised,22.88995716068057,1.5312007820361157e-06,303.3224182128906
SCTXSUS1-10/EDTRVFPS1-15,marginalised,23.384874884878613,2.7864132586920566e-06,277.39276123046875
SCTXSUS1-10/EDTRVFPS1-15,marginalised,23.890493527038437,5.0425677392225475e-06,252.2410430908203
SCTXSUS1-10/EDTRVFPS1-15,marginalised,24.40704445823372,9.058544953213782e-06,227.98521423339844
SCTXSUS1-10/EDTRVFPS1-15,marginalised,24.934764052153227,1.6122753455386243e-05,204.74783325195312
SCTXSUS1-10/EDTRVFPS1-15,marginalised,25.473893793265418,2.837659799397337e-05,182.65185546875
SCTXSUS1-10/EDTRVFPS1-15,marginalised,26.024680387321695,4.929550296286534e-05,161.81692504882812
SCTXSUS1-10/EDTRVFPS1-15,marginalised,26.587375874249016,8.436786544206335e-05,142.35769653320312
SCTXSUS1-10/EDTRVFPS1-15,marginalised,27.162237743483278,0.00014198496305088877,124.38395690917969
SCTXSUS1-10/EDTRVFPS1-15,marginalised,27.74952905179654,0.00023445540274985552,108.00298309326172
SCTXSUS1-10/EDTRVFPS1-15,marginalised,28.349518543671763,0.0003787721595055956,93.32653045654297
SCTXSUS1-10/EDTRVFPS1-15,marginalised,28.962480774280284,0.0005961453729259274,80.47738647460938
SCTXSUS1-10/EDTRVFPS1-15,marginalised,29.588696235118228,0.0009079656838283587,69.60204315185547
SCTXSUS1-10/EDTRVFPS1-15,marginalised,30.228451482359425,0.0013240596157399703,60.88592529296875
SCTXSUS1-10/EDTRVFPS1-15,marginalised,30.882039267983536,0.0018190049691644522,54.575836181640625
SCTXSUS1-10/EDTRVFPS1-15,marginalised,31.549758673739305,0.0023019286489520123,51.01274871826172
SCTXSUS1-10/EDTRVFPS1-15,marginalised,32.2319152480044,0.0026124109052125706,50.68370056152344
SCTXSUS1-10/EDTRVFPS1-15,marginalised,32.928821145604246,0.002591206326114883,54.30413055419922
SCTXSUS1-10/EDTRVFPS1-15,marginalised,33.640795270654216,0.0022039728659240605,62.95045852661133
SCTXSUS1-10/EDTRVFPS1-15,marginalised,34.368163422489985,0.001587826780307081,78.07685089111328
SCTXSUS1-10/EDTRVFPS1-15,marginalised,35.11125844475341,0.0009569622550821596,99.0439453125
SCTXSUS1-10/EDTRVFPS1-15,marginalised,35.87042037770172,0.0004727666623961738,126.68692779541016
SCTXSUS1-10/EDTRVFPS1-15,marginalised,36.64599661380995,0.0001857907693999011,162.83872985839844
SCTXSUS1-10/EDTRVFPS1-15,marginalised,37.438342056737675,5.6360393718438164e-05,209.2833251953125
SCTXSUS1-10/EDTRVFPS1-15,marginalised,38.24781928373294,1.3083391651635214e-05,267.1829833984375
SCTXSUS1-10/EDTRVFPS1-15,marginalised,39.07479871154764,2.397402078658497e-06,336.25958251953125
SCTXSUS1-10/EDTRVFPS1-15,marginalised,39.91965876594018,3.714369181905685e-07,414.0850830078125
SCTXSUS1-10/EDTRVFPS1-15,marginalised,40.782786054843065,5.3701376710510426e-08,496.2060852050781
SCTXSUS1-10/EDTRVFPS1-15,marginalised,41.66457554527471,8.134534021411406e-09,576.9861450195312
SCTXSUS1-10/EDTRVFPS1-15,marginalised,42.56543074407628,1.4331582645952376e-09,651.2514038085938
SCTXSUS1-10/EDTRVFPS1-15,marginalised,43.48576388255651,3.1443256915067053e-10,715.6682739257812
SCTXSUS1-10/EDTRVFPS1-15,marginalised,44.42599610512866,8.810945201659868e-11,768.8822631835938
SCTXSUS1-10/EDTRVFPS1-15,marginalised,45.38655766202618,3.126507910025289e-11,811.322998046875
SCTXSUS1-10/EDTRVFPS1-15,marginalised,46.36788810618527,1.3669144209759969e-11,844.3474731445312
SCTXSUS1-10/EDTRVFPS1-15,marginalised,47.370436494384194,7.121980633748541e-12,869.424072265625
SCTXSUS1-10/EDTRVFPS1-15,marginalised,48.394661592731694,4.2857208140968505e-12,888.2681884765625
SCTXSUS1-10/EDTRVFPS1-15,marginalised,49.44103208659838,2.902321053827081e-12,902.0899658203125
SCTXSUS1-10/EDTRVFPS1-15,marginalised,50.510026795087114,2.168532099786998e-12,912.156005859375
SCTXSUS1-10/EDTRVFPS1-15,marginalised,51.60213489014059,1.7624636343787014e-12,918.8273315429688
SCTXSUS1-10/EDTRVFPS1-15,marginalised,52.71785612038642,1.5435199914868862e-12,922.7962036132812
SCTXSUS1-10/EDTRVFPS1-15,marginalised,53.857701039822054,1.448721134550932e-12,924.4688110351562
SCTXSUS1-10/EDTRVFPS1-15,marginalised,55.022191241444354,1.4545171464390663e-12,923.8902587890625
SCTXSUS1-10/EDTRVFPS1-15,marginalised,56.21185959593047,1.564524982628086e-12,920.89892578125
SCTXSUS1-10/EDTRVFPS1-15,marginalised,57.42725049547945,1.8124512397627505e-12,915.6715087890625
SCTXSUS1-10/EDTRVFPS1-15,marginalised,58.66892010292611,2.2836795411961204e-12,906.91845703125
SCTXSUS1-10/EDTRVFPS1-15,marginalised,59.93743660624115,3.179537074333321e-12,894.6658325195312
SCTXSUS1-10/EDTRVFPS1-15,marginalised,61.233380478533775,5.01102305895953e-12,877.0615844726562
SCTXSUS1-10/EDTRVFPS1-15,marginalised,62.55734474367647,9.264144648893695e-12,852.9364013671875
SCTXSUS1-10/EDTRVFPS1-15,marginalised,63.90993524767254,2.1144577820402187e-11,819.50830078125
SCTXSUS1-10/EDTRVFPS1-15,marginalised,65.29177093589107,6.389123135896518e-11,773.6409912109375
SCTXSUS1-10/EDTRVFPS1-15,marginalised,66.70348413629662,2.788144128504536e-10,711.2828369140625
SCTXSUS1-10/EDTRVFPS1-15,marginalised,68.1457208488023,1.9205962993446395e-09,628.3972778320312
SCTXSUS1-10/EDTRVFPS1-15,marginalised,69.61914104087927,2.1930253738674868e-08,523.3134155273438
SCTXSUS1-10/EDTRVFPS1-15,marginalised,71.12441894955795,3.8995243682554575e-07,400.1095275878906
SCTXSUS1-10/EDTRVFPS1-15,marginalised,72.66224338995877,8.567631633740302e-06,271.86419677734375
SCTXSUS1-10/EDTRVFPS1-15,marginalised,74.23331807049404,0.00016496411915707985,158.0067596435547
SCTXSUS1-10/EDTRVFPS1-15,marginalised,75.83836191488483,0.0021798794912408657,74.803466796875
SCTXSUS1-10/EDTRVFPS1-15,marginalised,77.47810939114028,0.021242745812098666,26.66606903076172
SCTXSUS1-10/EDTRVFPS1-15,marginalised,79.15331084765053,0.20050449333407044,6.942695617675781
SCTXSUS1-10/EDTRVFPS1-15,marginalised,80.86473285654588,0.34784155380367554,4.881301403045654
SCTXSUS1-10/EDTRVFPS1-15,marginalised,82.61315856447995,0.09382400318347282,11.314146041870117
SCTXSUS1-10/EDTRVFPS1-15,marginalised,84.39938805099804,0.03523061884242979,20.399585723876953
SCTXSUS1-10/EDTRVFPS1-15,marginalised,86.2242386946532,0.01851898062333192,29.179248809814453
SCTXSUS1-10/EDTRVFPS1-15,marginalised,88.08854554703862,0.012049220884154466,36.42061996459961
SCTXSUS1-10/EDTRVFPS1-15,marginalised,89.99316171490736,0.009027194121853115,41.95613098144531
SCTXSUS1-10/EDTRVFPS1-15,marginalised,91.93895875055385,0.007443309516735003,45.918128967285156
SCTXSUS1-10/EDTRVFPS1-15,marginalised,93.92682705063625,0.006551719339060502,48.672508239746094
SCTXSUS1-10/EDTRVFPS1-15,marginalised,95.95767626362196,0.006027176120006873,50.531497955322266
SCTXSUS1-10/EDTRVFPS1-15,marginalised,98.03243570604249,0.0057099024865933596,51.75926208496094
SCTXSUS1-10/EDTRVFPS1-15,marginalised,100.15205478774907,0.005514250479722918,52.54750061035156
SCTXSUS1-10/EDTRVFPS1-15,marginalised,102.31750344636237,0.005391460461955306,53.05943298339844
SCTXSUS1-10/EDTRVFPS1-15,marginalised,104.52977259111564,0.005312724312431501,53.394412994384766
SCTXSUS1-10/EDTRVFPS1-15,marginalised,106.78987455629532,0.005260707418950485,53.618194580078125
SCTXSUS1-10/EDTRVFPS1-15,marginalised,109.09884356448475,0.005224935952285733,53.772891998291016
SCTXSUS1-10/EDTRVFPS1-15,marginalised,111.45773619982451,0.005199111916014524,53.88479232788086
SCTXSUS1-10/EDTRVFPS1-15,marginalised,113.86763189150528,0.005179481529170929,53.969886779785156
SCTXSUS1-10/EDTRVFPS1-15,marginalised,116.32963340771467,0.005163832833546783,54.03773498535156
SCTXSUS1-10/EDTRVFPS1-15,marginalised,118.84486736026373,0.005150869518350366,54.093971252441406
SCTXSUS1-10/EDTRVFPS1-15,marginalised,121.41448472012482,0.005139831764454107,54.141910552978516
SCTXSUS1-10/EDTRVFPS1-15,marginalised,124.03966134411525,0.005130266950609536,54.18352127075195
SCTXSUS1-10/EDTRVFPS1-15,marginalised,126.72159851297008,0.005121894764392901,54.21999740600586
SCTXSUS1-10/EDTRVFPS1-15,marginalised,129.46152348104783,0.0051145261868825315,54.25215530395508
SCTXSUS1-10/EDTRVFPS1-15,marginalised,132.2606900379216,0.005108030419915268,54.280548095703125
SCTXSUS1-10/EDTRVFPS1-15,marginalised,135.1203790821139,0.005102305375169789,54.30561828613281
SCTXSUS1-10/EDTRVFPS1-15,marginalised,138.0418992072353,0.005097262144865177,54.327728271484375
SCTXSUS1-10/EDTRVFPS1-15,marginalised,141.02658730079696,0.00509283216115755,54.34716796875
SCTXSUS1-10/EDTRVFPS1-15,marginalised,144.07580915597015,0.0050889440220077175,54.3642578125
SCTXSUS1-10/EDTRVFPS1-15,marginalised,147.19096009657343,0.005085542007639737,54.379234313964844
SCTXSUS1-10/EDTRVFPS1-15,marginalised,150.37346561557257,0.00508257378829284,54.39229965209961
SCTXSUS1-10/EDTRVFPS1-15,marginalised,153.62478202738626,0.005079987924181686,54.403682708740234
SCTXSUS1-10/EDTRVFPS1-15,marginalised,156.9463971342951,0.00507774585000419,54.413570404052734
SCTXSUS1-10/EDTRVFPS1-15,marginalised,160.33983090726056,0.005075805369866261,54.4221305847168
SCTXSUS1-10/EDTRVFPS1-15,marginalised,163.8066361814633,0.005074134086072906,54.429508209228516
SCTXSUS1-10/EDTRVFPS1-15,marginalised,167.34839936688005,0.005072702431497184,54.435813903808594
SCTXSUS1-10/EDTRVFPS1-15,marginalised,170.96674117422563,0.0050714821656384235,54.44119644165039
SCTXSUS1-10/EDTRVFPS1-15,marginalised,174.66331735658952,0.005070447041211349,54.44575881958008
SCTXSUS1-10/EDTRVFPS1-15,marginalised,178.43981946710863,0.0050695761089382145,54.4495849609375
SCTXSUS1-10/EDTRVFPS1-15,marginalised,182.29797563302185,0.005068852482720307,54.452754974365234
SCTXSUS1-10/EDTRVFPS1-15,marginalised,186.2395513464611,0.005068254893671259,54.45536422729492
SCTXSUS1-10/EDTRVFPS1-15,marginalised,190.26635027234047,0.0050677668412052535,54.457481384277344
SCTXSUS1-10/EDTRVFPS1-15,marginalised,194.38021507371334,0.005067374253412551,54.459171295166016
SCTXSUS1-10/EDTRVFPS1-15,marginalised,198.58302825497427,0.005067061278527287,54.460506439208984
SCTXSUS1-10/EDTRVFPS1-15,marginalised,202.876713023294,0.005066811508310537,54.46155548095703
SCTXSUS1-10/EDTRVFPS1-15,marginalised,207.26323416867848,0.00506661525995269,54.462364196777344
SCTXSUS1-10/EDTRVFPS1-15,marginalised,211.74459896305612,0.0050664613003573505,54.46299743652344
SCTXSUS1-10/EDTRVFPS1-15,marginalised,216.32285807880646,0.005066338838002021,54.46347427368164
SCTXSUS1-10/EDTRVFPS1-15,marginalised,221.0001065271471,0.005066239900360021,54.463871002197266
SCTXSUS1-10/EDTRVFPS1-15,marginalised,225.77848461681089,0.005066159582551164,54.46417999267578
SCTXSUS1-10/EDTRVFPS1-15,marginalised,230.6601789334511,0.00506609062751355,54.46445083618164
SCTXSUS1-10/EDTRVFPS1-15,marginalised,235.6474233402231,0.005066031395416584,54.46469497680664
SCTXSUS1-10/EDTRVFPS1-15,marginalised,240.74250000000006,0.005065977719811782,54.46491622924805
SCTXSUS1-09/EDTRVFPS1-14,marginalised,28.5219,4.501073682507149e-05,92.19454956054688
SCTXSUS1-09/EDTRVFPS1-14,marginalised,29.13858939521004,3.495092857493133e-05,98.5011978149414
SCTXSUS1-09/EDTRVFPS1-14,marginalised,29.76861260794854,2.6613362114200906e-05,105.39995574951172
SCTXSUS1-09/EDTRVFPS1-14,marginalised,30.412257936816456,1.993893765007137e-05,112.79199981689453
SCTXSUS1-09/EDTRVFPS1-14,marginalised,31.06981991389467,1.4752292994966747e-05,120.57110595703125
SCTXSUS1-09/EDTRVFPS1-14,marginalised,31.74159943952182,1.0817773622737586e-05,128.59201049804688
SCTXSUS1-09/EDTRVFPS1-14,marginalised,32.42790391998624,7.887932983711165e-06,136.69203186035156
SCTXSUS1-09/EDTRVFPS1-14,marginalised,33.12904740819516,5.735360939907162e-06,144.7078399658203
SCTXSUS1-09/EDTRVFPS1-14,marginalised,33.84535074738521,4.168051153504995e-06,152.50502014160156
SCTXSUS1-09/EDTRVFPS1-14,marginalised,34.57714171794036,3.0330305507827593e-06,159.93409729003906
SCTXSUS1-09/EDTRVFPS1-14,marginalised,35.32475518738415,2.2132973834389083e-06,166.8773956298828
SCTXSUS1-09/EDTRVFPS1-14,marginalised,36.08853326361507,1.6218137346649087e-06,173.22703552246094
SCTXSUS1-09/EDTRVFPS1-14,marginalised,36.86882545145516,1.1948923198043272e-06,178.86866760253906
SCTXSUS1-09/EDTRVFPS1-14,marginalised,37.66598881258338,8.863574994572356e-07,183.79544067382812
SCTXSUS1-09/EDTRVFPS1-14,marginalised,38.48038812892697,6.628761594559594e-07,188.02706909179688
SCTXSUS1-09/EDTRVFPS1-14,marginalised,39.312396069585766,5.004516487211316e-07,191.50790405273438
SCTXSUS1-09/EDTRVFPS1-14,marginalised,40.16239336136543,3.8185750793269616e-07,194.24266052246094
SCTXSUS1-09/EDTRVFPS1-14,marginalised,41.03076896299815,2.9476556885373234e-07,196.50576782226562
SCTXSUS1-09/EDTRVFPS1-14,marginalised,41.91792024313008,2.3038101889208297e-07,198.23635864257812
SCTXSUS1-09/EDTRVFPS1-14,marginalised,42.82425316215716,1.8243842089822666e-07,199.60247802734375
SCTXSUS1-09/EDTRVFPS1-14,marginalised,43.75018245799273,1.4647409445665967e-07,200.8544464111328
SCTXSUS1-09/EDTRVFPS1-14,marginalised,44.69613183585147,1.1930147037276883e-07,201.55677795410156
SCTXSUS1-09/EDTRVFPS1-14,marginalised,45.662534162136865,9.86368642030998e-08,202.00193786621094
SCTXSUS1-09/EDTRVFPS1-14,marginalised,46.649831662520995,8.283671399760684e-08,202.7720489501953
SCTXSUS1-09/EDTRVFPS1-14,marginalised,47.65847612430689,7.071553095314841e-08,203.8791046142578
SCTXSUS1-09/EDTRVFPS1-14,marginalised,48.68892910316632,6.142043800927854e-08,204.45162963867188
SCTXSUS1-09/EDTRVFPS1-14,marginalised,49.74166213434786,5.4344616065366047e-08,204.26113891601562
SCTXSUS1-09/EDTRVFPS1-14,marginalised,50.81715694845118,4.906483943177395e-08,204.1034698486328
SCTXSUS1-09/EDTRVFPS1-14,marginalised,51.91590569186708,4.529278526185785e-08,203.973876953125
SCTXSUS1-09/EDTRVFPS1-14,marginalised,53.03841115198369,4.28388925121799e-08,203.865234375
SCTXSUS1-09/EDTRVFPS1-14,marginalised,54.18518698726178,4.159011636843628e-08,203.7705535888672
SCTXSUS1-09/EDTRVFPS1-14,marginalised,55.35675796228512,4.150054827899627e-08,203.68576049804688
SCTXSUS1-09/EDTRVFPS1-14,marginalised,56.553660187892476,4.259128257610377e-08,203.61178588867188
SCTXSUS1-09/EDTRVFPS1-14,marginalised,57.77644136650209,4.495623718054928e-08,203.55487060546875
SCTXSUS1-09/EDTRVFPS1-14,marginalised,59.02566104274023,4.8775138165593005e-08,203.52578735351562
SCTXSUS1-09/EDTRVFPS1-14,marginalised,60.30189085948878,5.433889722408843e-08,203.5369415283203
SCTXSUS1-09/EDTRVFPS1-14,marginalised,61.60571481946906,6.210111610213365e-08,203.59950256347656
SCTXSUS1-09/EDTRVFPS1-14,marginalised,62.93772955248126,7.277326235758714e-08,201.8689727783203
SCTXSUS1-09/EDTRVFPS1-14,marginalised,64.29854458842252,8.748940377983667e-08,200.28919982910156
SCTXSUS1-09/EDTRVFPS1-14,marginalised,65.68878263620756,1.0808942783622685e-07,199.13194274902344
SCTXSUS1-09/EDTRVFPS1-14,marginalised,67.10907986872036,1.3764328205576958e-07,197.95928955078125
SCTXSUS1-09/EDTRVFPS1-14,marginalised,68.56008621392685,1.8149888430176492e-07,195.38259887695312
SCTXSUS1-09/EDTRVFPS1-14,marginalised,70.04246565228176,2.4953277086956617e-07,192.23538208007812
SCTXSUS1-09/EDTRVFPS1-14,marginalised,71.55689652056634,3.6136646086911317e-07,187.9697265625
SCTXSUS1-09/EDTRVFPS1-14,marginalised,73.10407182229503,5.595106159332965e-07,181.3074188232422
SCTXSUS1-09/EDTRVFPS1-14,marginalised,74.68469954483393,9.458366866020309e-07,171.63363647460938
SCTXSUS1-09/EDTRVFPS1-14,marginalised,76.2995029833758,1.7930267825907174e-06,157.73951721191406
SCTXSUS1-09/EDTRVFPS1-14,marginalised,77.94922107191994,3.914223613732259e-06,138.44851684570312
SCTXSUS1-09/EDTRVFPS1-14,marginalised,79.63460872140809,9.928351263122918e-06,113.84148406982422
SCTXSUS1-09/EDTRVFPS1-14,marginalised,81.35643716517212,2.8305753738143556e-05,86.26718139648438
SCTXSUS1-09/EDTRVFPS1-14,marginalised,83.11549431185007,8.382461766678576e-05,60.05941390991211
SCTXSUS1-09/EDTRVFPS1-14,marginalised,84.91258510593316,0.00023623114744245345,39.12477111816406
SCTXSUS1-09/EDTRVFPS1-14,marginalised,86.74853189610847,0.0005974981975673928,24.78711700439453
SCTXSUS1-09/EDTRVFPS1-14,marginalised,88.62417481156538,0.0013145714142913324,16.02837562561035
SCTXSUS1-09/EDTRVFPS1-14,marginalised,90.54037214643904,0.002469255761704041,11.040778160095215
SCTXSUS1-09/EDTRVFPS1-14,marginalised,92.49800075256556,0.00394471466523402,8.271306037902832
SCTXSUS1-09/EDTRVFPS1-14,marginalised,94.4979564407293,0.005454811045801115,6.75097131729126
SCTXSUS1-09/EDTRVFPS1-14,marginalised,96.54115439058602,0.006744704003840355,5.900603294372559
SCTXSUS1-09/EDTRVFPS1-14,marginalised,98.628529569449,0.007714340749177851,5.421885967254639
SCTXSUS1-09/EDTRVFPS1-14,marginalised,100.76103716012982,0.008386181948462692,5.135029315948486
SCTXSUS1-09/EDTRVFPS1-14,marginalised,102.93965299803043,0.00882988573545886,4.965414047241211
SCTXSUS1-09/EDTRVFPS1-14,marginalised,105.16537401768504,0.009115883816795031,4.863026142120361
SCTXSUS1-09/EDTRVFPS1-14,marginalised,107.4392187089576,0.009299250807764949,4.799794673919678
SCTXSUS1-09/EDTRVFPS1-14,marginalised,109.76222758310224,0.009418265193143151,4.759582042694092
SCTXSUS1-09/EDTRVFPS1-14,marginalised,112.13546364890188,0.009497847312627183,4.732960224151611
SCTXSUS1-09/EDTRVFPS1-14,marginalised,114.56001289910046,0.009553498848301494,4.714427471160889
SCTXSUS1-09/EDTRVFPS1-14,marginalised,117.03698480735343,0.00959454008679723,4.700795650482178
SCTXSUS1-09/EDTRVFPS1-14,marginalised,119.56751283592284,0.009626432873319135,4.690229415893555
SCTXSUS1-09/EDTRVFPS1-14,marginalised,122.15275495434953,0.009652307045060707,4.68168306350708
SCTXSUS1-09/EDTRVFPS1-14,marginalised,124.79389416934016,0.009674002169628094,4.674541473388672
SCTXSUS1-09/EDTRVFPS1-14,marginalised,127.49213906611058,0.009692557602180041,4.668464183807373
SCTXSUS1-09/EDTRVFPS1-14,marginalised,130.24872436143502,0.00970862658745135,4.663218021392822
SCTXSUS1-09/EDTRVFPS1-14,marginalised,133.06491146865204,0.009722598008995413,4.658677101135254
SCTXSUS1-09/EDTRVFPS1-14,marginalised,135.9419890748874,0.00973478203153654,4.654731273651123
SCTXSUS1-09/EDTRVFPS1-14,marginalised,138.88127373075682,0.009745427680890819,4.651296138763428
SCTXSUS1-09/EDTRVFPS1-14,marginalised,141.88411045282027,0.009754686149923275,4.648316383361816
SCTXSUS1-09/EDTRVFPS1-14,marginalised,144.9518733390608,0.00976276424797478,4.645724296569824
SCTXSUS1-09/EDTRVFPS1-14,marginalised,148.08596619767218,0.009769773987581573,4.643479347229004
SCTXSUS1-09/EDTRVFPS1-14,marginalised,151.2878231894412,0.009775865953484366,4.641531467437744
SCTXSUS1-09/EDTRVFPS1-14,marginalised,154.55890948401978,0.0097811224014272,4.639854431152344
SCTXSUS1-09/EDTRVFPS1-14,marginalised,157.90072193038654,0.00978565610740758,4.63841438293457
SCTXSUS1-09/EDTRVFPS1-14,marginalised,161.3147897418044,0.009789535377574838,4.637178897857666
SCTXSUS1-09/EDTRVFPS1-14,marginalised,164.80267519558933,0.009792790893127967,4.636142253875732
SCTXSUS1-09/EDTRVFPS1-14,marginalised,168.3659743480078,0.009795514090022899,4.6352763175964355
SCTXSUS1-09/EDTRVFPS1-14,marginalised,172.00631776463246,0.00979770686589051,4.634580135345459
SCTXSUS1-09/EDTRVFPS1-14,marginalised,175.72537126648814,0.009799392558743833,4.634042263031006
SCTXSUS1-09/EDTRVFPS1-14,marginalised,179.5248366923325,0.009800596022668213,4.633660316467285
SCTXSUS1-09/EDTRVFPS1-14,marginalised,183.4064526774168,0.009801360378894168,4.633412837982178
SCTXSUS1-09/EDTRVFPS1-14,marginalised,187.37199544908543,0.009801666731111122,4.633307933807373
SCTXSUS1-09/EDTRVFPS1-14,marginalised,191.4232796395775,0.009801578337300216,4.633328914642334
SCTXSUS1-09/EDTRVFPS1-14,marginalised,195.56215911640246,0.009801098189151458,4.633472919464111
SCTXSUS1-09/EDTRVFPS1-14,marginalised,199.79052783067004,0.009800301892215764,4.633715629577637
SCTXSUS1-09/EDTRVFPS1-14,marginalised,204.11032068376159,0.009799232154975633,4.634043216705322
SCTXSUS1-09/EDTRVFPS1-14,marginalised,208.52351441274163,0.00979797960112188,4.634426116943359
SCTXSUS1-09/EDTRVFPS1-14,marginalised,213.0321284949126,0.00979661228501279,4.634847640991211
SCTXSUS1-09/EDTRVFPS1-14,marginalised,217.6382260719266,0.00979523308603493,4.635273456573486
SCTXSUS1-09/EDTRVFPS1-14,marginalised,222.34391489388034,0.009793930870782584,4.635674953460693
SCTXSUS1-09/EDTRVFPS1-14,marginalised,227.1513482838207,0.00979279258893992,4.6360273361206055
SCTXSUS1-09/EDTRVFPS1-14,marginalised,232.06272612310542,0.00979188773243431,4.636307716369629
SCTXSUS1-09/EDTRVFPS1-14,marginalised,237.08029585806878,0.009791281860889199,4.636492729187012
SCTXSUS1-09/EDTRVFPS1-14,marginalised,242.20635352845295,0.00979098207788803,4.636589050292969
SCTXSUS1-09/EDTRVFPS1-14,marginalised,247.4432448180757,0.00979101514034071,4.636577606201172
SCTXSUS1-09/EDTRVFPS1-14,marginalised,252.79336612821527,0.009791309504524193,4.636485576629639
SCTXSUS1-09/EDTRVFPS1-14,marginalised,258.25916567420364,0.00979182537251665,4.636322975158691
SCTXSUS1-09/EDTRVFPS1-14,marginalised,263.84314460572904,0.009792479182370275,4.63612174987793
SCTXSUS1-09/EDTRVFPS1-14,marginalised,269.54785815136347,0.00979316166366275,4.635907173156738
SCTXSUS1-09/EDTRVFPS1-14,marginalised,275.3759167878332,0.009793750688128511,4.635725021362305
SCTXSUS1-09/EDTRVFPS1-14,marginalised,281.32998743457483,0.009794135641695994,4.6356048583984375
SCTXSUS1-09/EDTRVFPS1-14,marginalised,287.41279467411624,0.009794184003695453,4.635591983795166
SCTXSUS1-09/EDTRVFPS1-14,marginalised,293.62712199884595,0.00979378196860117,4.635716915130615
SCTXSUS1-09/EDTRVFPS1-14,marginalised,299.975813084739,0.009792811571486917,4.636018753051758
SCTXSUS1-09/EDTRVFPS1-14,marginalised,306.4617730926231,0.009791207610530407,4.6365156173706055
SCTXSUS1-09/EDTRVFPS1-14,marginalised,313.0879699975799,0.009788861249150347,4.63724422454834
SCTXSUS1-09/EDTRVFPS1-14,marginalised,319.8574359470905,0.00978570606284094,4.6382222175598145
SCTXSUS1-09/EDTRVFPS1-14,marginalised,326.7732686485464,0.009781732999983249,4.639458656311035
SCTXSUS1-09/EDTRVFPS1-14,marginalised,333.83863278675875,0.009776908853836502,4.640958786010742
SCTXSUS1-09/EDTRVFPS1-14,marginalised,341.0567614721206,0.009771277335518393,4.642701625823975
SCTXSUS1-09/EDTRVFPS1-14,marginalised,348.43095772007524,0.009764916825920168,4.644617557525635
SCTXSUS1-09/EDTRVFPS1-14,marginalised,355.96459596257836,0.009757936239593113,4.646725177764893
SCTXSUS1-09/EDTRVFPS1-14,marginalised,363.6611235922366,0.00975048516351194,4.648975372314453
SCTXSUS1-09/EDTRVFPS1-14,marginalised,371.5240625398348,0.00974276405036975,4.651312828063965
SCTXSUS1-09/EDTRVFPS1-14,marginalised,379.5570108859712,0.009734979523009902,4.65367317199707
SCTXSUS1-09/EDTRVFPS1-14,marginalised,387.7636445075392,0.009727341560067106,4.655991077423096
SCTXSUS1-09/EDTRVFPS1-14,marginalised,396.1477187598084,0.009720039645218037,4.658212661743164
SCTXSUS1-09/EDTRVFPS1-14,marginalised,404.7130701948753,0.009713255726697345,4.660276889801025
SCTXSUS1-09/EDTRVFPS1-14,marginalised,413.46361831726813,0.009707104274223834,4.662153244018555
SCTXSUS1-09/EDTRVFPS1-14,marginalised,422.40336737751414,0.009701684453127008,4.663806915283203
SCTXSUS1-09/EDTRVFPS1-14,marginalised,431.53640820448345,0.009697021518754886,4.665231704711914
SCTXSUS1-09/EDTRVFPS1-14,marginalised,440.86692007735087,0.009693117965102608,4.6664252281188965
SCTXSUS1-09/EDTRVFPS1-14,marginalised,450.39917263803636,0.009689928761987631,4.66740083694458
SCTXSUS1-09/EDTRVFPS1-14,marginalised,460.1375278449915,0.009687409744582437,4.668172359466553
SCTXSUS1-09/EDTRVFPS1-14,marginalised,470.0864419692318,0.00968548531212974,4.66876220703125
SCTXSUS1-09/EDTRVFPS1-14,marginalised,480.2504676335265,0.009684053834217672,4.669201850891113
SCTXSUS1-09/EDTRVFPS1-14,marginalised,490.63425589567805,0.00968305126634052,4.66950798034668
SCTXSUS1-09/EDTRVFPS1-14,marginalised,501.2425583768463,0.009638181396085195,4.683320045471191
SCTXSUS1-09/EDTRVFPS1-14,marginalised,512.0802294358909,0.009627759155139555,4.686544895172119
SCTXSUS1-09/EDTRVFPS1-14,marginalised,523.1522283907235,0.00961590390675977,4.690219879150391
SCTXSUS1-09/EDTRVFPS1-14,marginalised,534.4636217876943,0.009602485801342079,4.694389343261719
SCTXSUS1-09/EDTRVFPS1-14,marginalised,546.0195857200423,0.009587424939218556,4.69908332824707
SCTXSUS1-09/EDTRVFPS1-14,marginalised,557.8254081964737,0.009570710378910174,4.704305648803711
SCTXSUS1-09/EDTRVFPS1-14,marginalised,569.8864915609578,0.009552340712714087,4.7100629806518555
SCTXSUS1-09/EDTRVFPS1-14,marginalised,582.2083549648369,0.0095323817147955,4.716341972351074
SCTXSUS1-09/EDTRVFPS1-14,marginalised,594.7966368923908,0.009510942861644427,4.723112106323242
SCTXSUS1-09/EDTRVFPS1-14,marginalised,607.6570977410066,0.009488109371852427,4.73035192489624
SCTXSUS1-09/EDTRVFPS1-14,marginalised,620.7956224571367,0.00946399689306004,4.738029956817627
SCTXSUS1-09/EDTRVFPS1-14,marginalised,634.2182232292498,0.009438720440747471,4.746111869812012
SCTXSUS1-09/EDTRVFPS1-14,marginalised,647.9310422390089,0.009412382928030072,4.754576683044434
SCTXSUS1-09/EDTRVFPS1-14,marginalised,661.9403544719312,0.00938502861256595,4.763408660888672
SCTXSUS1-09/EDTRVFPS1-14,marginalised,676.2525705888244,0.009356739920903965,4.772588729858398
SCTXSUS1-09/EDTRVFPS1-14,marginalised,690.8742398593034,0.009327557879499097,4.782106399536133
SCTXSUS1-09/EDTRVFPS1-14,marginalised,705.8120531587341,0.009297516570746395,4.7919602394104
SCTXSUS1-09/EDTRVFPS1-14,marginalised,721.0728460299811,0.009266684514174799,4.802126884460449
SCTXSUS1-09/EDTRVFPS1-14,marginalised,736.6636018113495,0.009235118349269877,4.812597751617432
SCTXSUS1-09/EDTRVFPS1-14,marginalised,752.5914548321613,0.009202920321770787,4.823337554931641
SCTXSUS1-09/EDTRVFPS1-14,marginalised,768.8636936774237,0.00917019184717661,4.834320545196533
SCTXSUS1-09/EDTRVFPS1-14,marginalised,785.4877645230858,0.009137061110134003,4.84550666809082
SCTXSUS1-09/EDTRVFPS1-14,marginalised,802.4712745434081,0.009103655618417273,4.85685396194458
SCTXSUS1-09/EDTRVFPS1-14,marginalised,819.821995392006,0.009070077731844125,4.868330001831055
SCTXSUS1-09/EDTRVFPS1-14,marginalised,837.5478667581557,0.009036431617328,4.8799028396606445
SCTXSUS1-09/EDTRVFPS1-14,marginalised,855.6569999999997,0.009002739483971055,4.891561031341553
SCTXSUS1-04/EDTRVFPS1-20,marginalised,1304.9916,0.00018387453984982461,100.94564819335938
SCTXSUS1-04/EDTRVFPS1-20,marginalised,1333.2076192889738,0.00018944343973950641,99.94474792480469
SCTXSUS1-04/EDTRVFPS1-20,marginalised,1362.03371433975,0.0001952784901415434,98.9304428100586
SCTXSUS1-04/EDTRVFPS1-20,marginalised,1391.483075972457,0.0002013815211575004,97.90502166748047
SCTXSUS1-04/EDTRVFPS1-20,marginalised,1421.5691802139859,0.00020774941292398555,96.87146759033203
SCTXSUS1-04/EDTRVFPS1-20,marginalised,1452.3057944646284,0.00021437637694885216,95.832763671875
SCTXSUS1-04/EDTRVFPS1-20,marginalised,1483.706983798033,0.00022125590292006793,94.79177856445312
SCTXSUS1-04/EDTRVFPS1-20,marginalised,1515.7871173973838,0.00022837998485530347,93.75130462646484
SCTXSUS1-04/EDTRVFPS1-20,marginalised,1548.5608751307384,0.00023574331977790257,92.71348571777344
SCTXSUS1-04/EDTRVFPS1-20,marginalised,1582.0432542685357,0.00024334283142362847,91.67986297607422
SCTXSUS1-04/EDTRVFPS1-20,marginalised,1616.2495763463423,0.00025117919872735687,90.65138244628906
SCTXSUS1-04/EDTRVFPS1-20,marginalised,1651.195494175993,0.0002592582882607094,89.6282730102539
SCTXSUS1-04/EDTRVFPS1-20,marginalised,1686.8969990083126,0.0002675900233703814,88.61015319824219
SCTXSUS1-04/EDTRVFPS1-20,marginalised,1723.3704278507134,0.00027618818579254803,87.59638977050781
SCTXSUS1-04/EDTRVFPS1-20,marginalised,1760.63247094301,0.00028507004983517863,86.58601379394531
SCTXSUS1-04/EDTRVFPS1-20,marginalised,1798.7001793948664,0.0002942555258967589,85.57804107666016
SCTXSUS1-04/EDTRVFPS1-20,marginalised,1837.5909729883933,0.0003037666127716614,84.57130432128906
SCTXSUS1-04/EDTRVFPS1-20,marginalised,1877.3226481494326,0.0003136235654902085,83.56509399414062
SCTXSUS1-04/EDTRVFPS1-20,marginalised,1917.9133860912032,0.00032384927482306916,82.55872344970703
SCTXSUS1-04/EDTRVFPS1-20,marginalised,1959.381761134024,0.0003344653208446204,81.55160522460938
SCTXSUS1-04/EDTRVFPS1-20,marginalised,2001.746749204923,0.0003454932733375891,80.54344940185547
SCTXSUS1-04/EDTRVFPS1-20,marginalised,2045.0277365210152,0.00035695572293409947,79.53394317626953
SCTXSUS1-04/EDTRVFPS1-20,marginalised,2089.2445284606442,0.0003688760356927264,78.52288818359375
SCTXSUS1-04/EDTRVFPS1-20,marginalised,2134.4173586263164,0.00038128084092759867,77.50994110107422
SCTXSUS1-04/EDTRVFPS1-20,marginalised,2180.566898103598,0.00039420120595790037,76.49453735351562
SCTXSUS1-04/EDTRVFPS1-20,marginalised,2227.7142649202056,0.00040767292668945747,75.4759750366211
SCTXSUS1-04/EDTRVFPS1-20,marginalised,2275.881033709607,0.0004217384693911133,74.45333862304688
SCTXSUS1-04/EDTRVFPS1-20,marginalised,2325.0892455835838,0.00043644622762273766,73.425537109375
SCTXSUS1-04/EDTRVFPS1-20,marginalised,2375.361418218237,0.0004518529385203517,72.39126586914062
SCTXSUS1-04/EDTRVFPS1-20,marginalised,2426.7205561580754,0.00046802213908227967,71.34912109375
SCTXSUS1-04/EDTRVFPS1-20,marginalised,2479.1901613428945,0.00048502491181517075,70.29778289794922
SCTXSUS1-04/EDTRVFPS1-20,marginalised,2532.794243862267,0.0005029360448804445,69.23601531982422
SCTXSUS1-04/EDTRVFPS1-20,marginalised,2587.5573329425492,0.0005218367734981552,68.1627426147461
SCTXSUS1-04/EDTRVFPS1-20,marginalised,2643.5044881714666,0.0005418090091352896,67.07736206054688
SCTXSUS1-04/EDTRVFPS1-20,marginalised,2700.6613109653717,0.0005629343263999681,65.97960662841797
SCTXSUS1-04/EDTRVFPS1-20,marginalised,2759.0539562844565,0.0005852937813836273,64.86976623535156
SCTXSUS1-04/EDTRVFPS1-20,marginalised,2818.7091446012587,0.0006089662646404028,63.74840545654297
SCTXSUS1-04/EDTRVFPS1-20,marginalised,2879.654174127944,0.0006340214033151747,62.61688995361328
SCTXSUS1-04/EDTRVFPS1-20,marginalised,2941.916933307979,0.0006605280423057942,61.476680755615234
SCTXSUS1-04/EDTRVFPS1-20,marginalised,3005.5259135778724,0.0006885491391843455,60.3296012878418
SCTXSUS1-04/EDTRVFPS1-20,marginalised,3070.5102224048596,0.000718142906295722,59.1777458190918
SCTXSUS1-04/EDTRVFPS1-20,marginalised,3136.8995966064767,0.0007493672371184975,58.02314758300781
SCTXSUS1-04/EDTRVFPS1-20,marginalised,3204.7244159581282,0.0007822774453362497,56.867801666259766
SCTXSUS1-04/EDTRVFPS1-20,marginalised,3274.0157170948714,0.0008169297046694882,55.71370315551758
SCTXSUS1-04/EDTRVFPS1-20,marginalised,3344.8052077137845,0.0008533825602890558,54.562644958496094
SCTXSUS1-04/EDTRVFPS1-20,marginalised,3417.1252810833853,0.000891697611079122,53.416221618652344
SCTXSUS1-04/EDTRVFPS1-20,marginalised,3491.0090308668237,0.000931940227077426,52.275901794433594
SCTXSUS1-04/EDTRVFPS1-20,marginalised,3566.4902662655195,0.0009741795290052637,51.14286804199219
SCTXSUS1-04/EDTRVFPS1-20,marginalised,3643.6035274902547,0.0010184917601982987,50.01829528808594
SCTXSUS1-04/EDTRVFPS1-20,marginalised,3722.3841015667763,0.0010649589676947192,48.9029655456543
SCTXSUS1-04/EDTRVFPS1-20,marginalised,3802.868038483135,0.0011136742059172278,47.79762649536133
SCTXSUS1-04/EDTRVFPS1-20,marginalised,3885.0921676861603,0.0011647437204806224,46.70266342163086
SCTXSUS1-04/EDTRVFPS1-20,marginalised,3969.094114934613,0.001218294076301305,45.61814880371094
SCTXSUS1-04/EDTRVFPS1-20,marginalised,4054.9123195167326,0.00127447549490387,44.5439453125
SCTXSUS1-04/EDTRVFPS1-20,marginalised,4142.586051840053,0.001333467003220312,43.479557037353516
SCTXSUS1-04/EDTRVFPS1-20,marginalised,4232.155431401541,0.0013954910504270545,42.42405700683594
SCTXSUS1-04/EDTRVFPS1-20,marginalised,4323.661445146282,0.0014608092848725114,41.37638854980469
SCTXSUS1-04/EDTRVFPS1-20,marginalised,4417.145966223077,0.0015297344269254041,40.3351936340332
SCTXSUS1-04/EDTRVFPS1-20,marginalised,4512.651773145638,0.0016026372156917612,39.29887390136719
SCTXSUS1-04/EDTRVFPS1-20,marginalised,4610.222569368004,0.0016799469330374558,38.26584243774414
SCTXSUS1-04/EDTRVFPS1-20,marginalised,4709.90300328325,0.0017621572215144388,37.23439025878906
SCTXSUS1-04/EDTRVFPS1-20,marginalised,4811.7386886545855,0.001849831094017205,36.20038604736328
SCTXSUS1-04/EDTRVFPS1-20,marginalised,4915.776225488217,0.0019435909138499487,35.1600227355957
SCTXSUS1-04/EDTRVFPS1-20,marginalised,5022.0632213575045,0.0020441349090969106,34.116878509521484
SCTXSUS1-04/EDTRVFPS1-20,marginalised,5130.648313188188,0.002152223490819114,33.070316314697266
SCTXSUS1-04/EDTRVFPS1-20,marginalised,5241.581189514649,0.0022686776994114456,32.020164489746094
SCTXSUS1-04/EDTRVFPS1-20,marginalised,5354.912613217352,0.0023943873968177523,30.966663360595703
SCTXSUS1-04/EDTRVFPS1-20,marginalised,5470.6944447519845,0.002530287881664532,29.910659790039062
SCTXSUS1-04/EDTRVFPS1-20,marginalised,5588.979665880767,0.0026773765293782318,28.853473663330078
SCTXSUS1-04/EDTRVFPS1-20,marginalised,5709.822403916916,0.002836702984468597,27.796852111816406
SCTXSUS1-04/EDTRVFPS1-20,marginalised,5833.277956493297,0.0030093771032666697,26.742900848388672
SCTXSUS1-04/EDTRVFPS1-20,marginalised,5959.402816866621,0.003196556084482003,25.694072723388672
SCTXSUS1-04/EDTRVFPS1-20,marginalised,6088.25469976876,0.0033994676836298396,24.65298843383789
SCTXSUS1-04/EDTRVFPS1-20,marginalised,6219.892567816999,0.0036194053414550244,23.622325897216797
SCTXSUS1-04/EDTRVFPS1-20,marginalised,6354.376658495337,0.0038577507045712014,22.604820251464844
SCTXSUS1-04/EDTRVFPS1-20,marginalised,6491.768511719151,0.0041159500235831425,21.60313606262207
SCTXSUS1-04/EDTRVFPS1-20,marginalised,6632.1309979958605,0.004395516538002901,20.619979858398438
SCTXSUS1-04/EDTRVFPS1-20,marginalised,6775.528347194483,0.0046980140930847885,19.65795135498047
SCTXSUS1-04/EDTRVFPS1-20,marginalised,6922.02617793717,0.005025007292362355,18.71969985961914
SCTXSUS1-04/EDTRVFPS1-20,marginalised,7071.691527626362,0.00537801225313512,17.807886123657227
SCTXSUS1-04/EDTRVFPS1-20,marginalised,7224.592883121048,0.005758415213072582,16.92513656616211
SCTXSUS1-04/EDTRVFPS1-20,marginalised,7380.800212076366,0.0061673794602456,16.07415199279785
SCTXSUS1-04/EDTRVFPS1-20,marginalised,7540.384994960799,0.006605736828735512,15.257521629333496
SCTXSUS1-04/EDTRVFPS1-20,marginalised,7703.420257765635,0.0070738761951650705,14.467105865478516
SCTXSUS1-04/EDTRVFPS1-20,marginalised,7869.980605421657,0.00757163829275305,13.703742027282715
SCTXSUS1-04/EDTRVFPS1-20,marginalised,8040.142255938355,0.008098229637662775,12.980897903442383
SCTXSUS1-04/EDTRVFPS1-20,marginalised,8213.983075281292,0.00865215362435126,12.300142288208008
SCTXSUS1-04/EDTRVFPS1-20,marginalised,8391.582613003575,0.009231194232695953,11.662559509277344
SCTXSUS1-04/EDTRVFPS1-20,marginalised,8573.02213864767,0.00983242070150674,11.068674087524414
SCTXSUS1-04/EDTRVFPS1-20,marginalised,8758.384678934428,0.010452264644299877,10.518444061279297
SCTXSUS1-04/EDTRVFPS1-20,marginalised,8947.755055756063,0.011086581541276723,10.011301040649414
SCTXSUS1-04/EDTRVFPS1-20,marginalised,9141.219924990644,0.011730770046306679,9.546221733093262
SCTXSUS1-04/EDTRVFPS1-20,marginalised,9338.867816155835,0.012379891152089779,9.121788024902344
SCTXSUS1-04/EDTRVFPS1-20,marginalised,9540.789172919995,0.013028779152136585,8.736312866210938
SCTXSUS1-04/EDTRVFPS1-20,marginalised,9747.076394489193,0.013672131760127952,8.387932777404785
SCTXSUS1-04/EDTRVFPS1-20,marginalised,9957.823877889094,0.014304580355368211,8.074710845947266
SCTXSUS1-04/EDTRVFPS1-20,marginalised,10173.12806116102,0.014920715923834801,7.786575794219971
SCTXSUS1-04/EDTRVFPS1-20,marginalised,10393.087467492003,0.015515112843119565,7.513118743896484
SCTXSUS1-04/EDTRVFPS1-20,marginalised,10617.802750298993,0.0160822633287334,7.269341945648193
SCTXSUS1-04/EDTRVFPS1-20,marginalised,10847.376739287856,0.016616575889117333,7.053784370422363
SCTXSUS1-04/EDTRVFPS1-20,marginalised,11081.914487508257,0.017112305219976982,6.865221977233887
SCTXSUS1-04/EDTRVFPS1-20,marginalised,11321.523319425867,0.01756357891233924,6.702691555023193
SCTXSUS1-04/EDTRVFPS1-20,marginalised,11566.31288003414,0.017964413204015626,6.565500259399414
SCTXSUS1-04/EDTRVFPS1-20,marginalised,11816.39518502779,0.018308894537100027,6.453182220458984
SCTXSUS1-04/EDTRVFPS1-20,marginalised,12071.88467206118,0.01859140120150207,6.365461349487305
SCTXSUS1-04/EDTRVFPS1-20,marginalised,12332.898253114994,0.018806976715697345,6.302181720733643
SCTXSUS1-04/EDTRVFPS1-20,marginalised,12599.555367995154,0.018951724396488092,6.263235092163086
SCTXSUS1-04/EDTRVFPS1-20,marginalised,12871.978038988475,0.01902322276812549,6.248481273651123
SCTXSUS1-04/EDTRVFPS1-20,marginalised,13150.290926700072,0.01902084282530655,6.257686614990234
SCTXSUS1-04/EDTRVFPS1-20,marginalised,13434.621387097968,0.01894592680099757,6.267078399658203
SCTXSUS1-04/EDTRVFPS1-20,marginalised,13725.099529791314,0.0188017375265629,6.295133590698242
SCTXSUS1-04/EDTRVFPS1-20,marginalised,14021.858277568448,0.018593224440147042,6.345450401306152
SCTXSUS1-04/EDTRVFPS1-20,marginalised,14325.033427222384,0.01832660338007786,6.41729736328125
SCTXSUS1-04/EDTRVFPS1-20,marginalised,14634.76371169142,0.018008861422369387,6.509888648986816
SCTXSUS1-04/EDTRVFPS1-20,marginalised,14951.190863543325,0.01764724422660745,6.62245512008667
SCTXSUS1-04/EDTRVFPS1-20,marginalised,15274.459679832156,0.017248842830421794,6.754303932189941
SCTXSUS1-04/EDTRVFPS1-20,marginalised,15604.718088357391,0.016820292665580782,6.90487003326416
SCTXSUS1-04/EDTRVFPS1-20,marginalised,15942.117215355673,0.01636761434125874,7.073738098144531
SCTXSUS1-04/EDTRVFPS1-20,marginalised,16286.811454656186,0.01589619503850623,7.260633945465088
SCTXSUS1-04/EDTRVFPS1-20,marginalised,16638.95853833125,0.015410832912154346,7.46541166305542
SCTXSUS1-04/EDTRVFPS1-20,marginalised,16998.719608874537,0.014915862244358584,7.68798828125
SCTXSUS1-04/EDTRVFPS1-20,marginalised,17366.25929293983,0.01441525727029578,7.900094985961914
SCTXSUS1-04/EDTRVFPS1-20,marginalised,17741.74577667425,0.013912713546552895,8.129602432250977
SCTXSUS1-04/EDTRVFPS1-20,marginalised,18125.350882680075,0.01341172083942018,8.376266479492188
SCTXSUS1-04/EDTRVFPS1-20,marginalised,18517.25014864096,0.012915533373066284,8.639703750610352
SCTXSUS1-04/EDTRVFPS1-20,marginalised,18917.622907647845,0.012427162872606382,8.919351577758789
SCTXSUS1-04/EDTRVFPS1-20,marginalised,19326.6523702618,0.011949318509365533,9.214471817016602
SCTXSUS1-04/EDTRVFPS1-20,marginalised,19744.52570835118,0.011484359926624816,9.524152755737305
SCTXSUS1-04/EDTRVFPS1-20,marginalised,20171.434140741454,0.011034241066082789,9.847349166870117
SCTXSUS1-04/EDTRVFPS1-20,marginalised,20607.57302071695,0.010600491619960581,10.182910919189453
SCTXSUS1-04/EDTRVFPS1-20,marginalised,21053.141925414526,0.010184215184229229,10.529621124267578
SCTXSUS1-04/EDTRVFPS1-20,marginalised,21508.34474714993,0.009786113546311889,10.88625717163086
SCTXSUS1-04/EDTRVFPS1-20,marginalised,21973.389786719137,0.009406520290063933,11.245180130004883
SCTXSUS1-04/EDTRVFPS1-20,marginalised,22448.489848716632,0.009045462304882842,11.590524673461914
SCTXSUS1-04/EDTRVFPS1-20,marginalised,22933.862338914823,0.008702723051853115,11.942569732666016
SCTXSUS1-04/EDTRVFPS1-20,marginalised,23429.729363748924,0.008377911670377899,12.300238609313965
SCTXSUS1-04/EDTRVFPS1-20,marginalised,23936.31783195284,0.008070510290343105,12.662487983703613
SCTXSUS1-04/EDTRVFPS1-20,marginalised,24453.859558392607,0.007779941568234523,13.028270721435547
SCTXSUS1-04/EDTRVFPS1-20,marginalised,24982.59137014485,0.007505598542077681,13.396509170532227
SCTXSUS1-04/EDTRVFPS1-20,marginalised,25522.75521486888,0.00724688383988821,13.766098022460938
SCTXSUS1-04/EDTRVFPS1-20,marginalised,26074.59827152189,0.007003221304576844,14.135839462280273
SCTXSUS1-04/EDTRVFPS1-20,marginalised,26638.373063468065,0.006774061917051697,14.504491806030273
SCTXSUS1-04/EDTRVFPS1-20,marginalised,27214.337574033267,0.0065588945811269625,14.870705604553223
SCTXSUS1-04/EDTRVFPS1-20,marginalised,27802.755364558227,0.006357229248784889,15.233089447021484
SCTXSUS1-04/EDTRVFPS1-20,marginalised,28403.89569500403,0.006168589852291885,15.590215682983398
SCTXSUS1-04/EDTRVFPS1-20,marginalised,29018.033647165743,0.0059925068908183166,15.940643310546875
SCTXSUS1-04/EDTRVFPS1-20,marginalised,29645.450250549642,0.00582850107314758,16.27539825439453
SCTXSUS1-04/EDTRVFPS1-20,marginalised,30286.432610972366,0.005676079606394839,16.588905334472656
SCTXSUS1-04/EDTRVFPS1-20,marginalised,30941.274041940505,0.005534730373332411,16.892669677734375
SCTXSUS1-04/EDTRVFPS1-20,marginalised,31610.27419887088,0.005403917910911257,17.185699462890625
SCTXSUS1-04/EDTRVFPS1-20,marginalised,32293.739216212827,0.005283085509922026,17.4671630859375
SCTXSUS1-04/EDTRVFPS1-20,marginalised,32991.981847535324,0.0051716606145636255,17.736431121826172
SCTXSUS1-04/EDTRVFPS1-20,marginalised,33705.32160864307,0.005069056711188541,17.993080139160156
SCTXSUS1-04/EDTRVFPS1-20,marginalised,34434.084923786664,0.004974685022714296,18.23686981201172
SCTXSUS1-04/EDTRVFPS1-20,marginalised,35178.60527503469,0.0048879627726031395,18.467750549316406
SCTXSUS1-04/EDTRVFPS1-20,marginalised,35939.223354874885,0.004808318106713733,18.685823440551758
SCTXSUS1-04/EDTRVFPS1-20,marginalised,36716.28722211502,0.004735204283189542,18.891311645507812
SCTXSUS1-04/EDTRVFPS1-20,marginalised,37510.15246115464,0.0046681053499064455,19.084529876708984
SCTXSUS1-04/EDTRVFPS1-20,marginalised,38321.18234470048,0.004606542209360253,19.265853881835938
SCTXSUS1-04/EDTRVFPS1-20,marginalised,39149.747999999985,0.004550078975553211,19.435665130615234
EDTRVFPS1-11,marginalised,135.37219044999998,0.006295544184926209,9.126015663146973
EDTRVFPS1-11,marginalised,137.8150090619259,0.00628739998810712,9.135454177856445
EDTRVFPS1-11,marginalised,140.30190883077864,0.006280171354302975,9.143841743469238
EDTRVFPS1-11,marginalised,142.83368520996893,0.00627376005106245,9.15129280090332
EDTRVFPS1-11,marginalised,145.411148007025,0.006268075715597024,9.157910346984863
EDTRVFPS1-11,marginalised,148.03512164261653,0.0062630395564869734,9.163776397705078
EDTRVFPS1-11,marginalised,150.70644541425077,0.006258580926278365,9.168975830078125
EDTRVFPS1-11,marginalised,153.42597376472912,0.006254642528355539,9.17357063293457
EDTRVFPS1-11,marginalised,156.19457655544596,0.00625117392842201,9.17762279510498
EDTRVFPS1-11,marginalised,159.01313934462132,0.00624813348759836,9.181172370910645
EDTRVFPS1-11,marginalised,161.88256367055232,0.006245491079359979,9.184256553649902
EDTRVFPS1-11,marginalised,164.8037673399778,0.006243222736457216,9.18690299987793
EDTRVFPS1-11,marginalised,167.7776847216448,0.006241310103888455,9.189126014709473
EDTRVFPS1-11,marginalised,170.80526704517416,0.006239741220696327,9.190938949584961
EDTRVFPS1-11,marginalised,173.88748270531772,0.006238506747764932,9.192358016967773
EDTRVFPS1-11,marginalised,177.02531757170684,0.0062375991540094145,9.193378448486328
EDTRVFPS1-11,marginalised,180.21977530419056,0.00623701315584044,9.194011688232422
EDTRVFPS1-11,marginalised,183.47187767386276,0.006236737413824459,9.194266319274902
EDTRVFPS1-11,marginalised,186.78266488988442,0.006236760682879337,9.194157600402832
EDTRVFPS1-11,marginalised,190.15319593220093,0.00623706331383782,9.193711280822754
EDTRVFPS1-11,marginalised,193.58454889026618,0.006237621854387927,9.192948341369629
EDTRVFPS1-11,marginalised,197.07782130787592,0.006238408045437893,9.191906929016113
EDTRVFPS1-11,marginalised,200.634130534227,0.006239382327566022,9.190640449523926
EDTRVFPS1-11,marginalised,204.25461408130815,0.0062404997994502205,9.189197540283203
EDTRVFPS1-11,marginalised,207.94042998774322,0.0062417157259697376,9.187637329101562
EDTRVFPS1-11,marginalised,211.69275718919695,0.006242975870236355,9.186026573181152
EDTRVFPS1-11,marginalised,215.51279589546792,0.006244229021591518,9.184427261352539
EDTRVFPS1-11,marginalised,219.40176797438292,0.006245424171193838,9.182910919189453
EDTRVFPS1-11,marginalised,223.36091734262214,0.006246513420865042,9.181524276733398
EDTRVFPS1-11,marginalised,227.3915103635935,0.006247457974695529,9.180323600769043
EDTRVFPS1-11,marginalised,231.49483625249016,0.0062482225165685105,9.179350852966309
EDTRVFPS1-11,marginalised,235.672207488654,0.006248784255357608,9.178637504577637
EDTRVFPS1-11,marginalised,239.92496023538274,0.006249130544832877,9.178194046020508
EDTRVFPS1-11,marginalised,244.25445476731215,0.006249259843031345,9.178022384643555
EDTRVFPS1-11,marginalised,248.6620759055086,0.0062491834626557455,9.17811393737793
EDTRVFPS1-11,marginalised,253.14923346041624,0.006248926314728463,9.178431510925293
EDTRVFPS1-11,marginalised,257.7173626827934,0.006248523374620389,9.178934097290039
EDTRVFPS1-11,marginalised,262.36792472279024,0.006248020057758576,9.17956256866455
EDTRVFPS1-11,marginalised,267.10240709730647,0.006247473613607201,9.180244445800781
EDTRVFPS1-11,marginalised,271.92232416578673,0.006246946058803851,9.18090534210205
EDTRVFPS1-11,marginalised,276.8292176145978,0.00624650692081154,9.181453704833984
EDTRVFPS1-11,marginalised,281.8246569501502,0.0062462287384854424,9.181800842285156
EDTRVFPS1-11,marginalised,286.91024000091505,0.006246182660611015,9.181856155395508
EDTRVFPS1-11,marginalised,292.0875934285028,0.0062464374943842025,9.181538581848145
EDTRVFPS1-11,marginalised,297.35837324796165,0.006247052812462505,9.180763244628906
EDTRVFPS1-11,marginalised,302.7242653574669,0.006248077530793397,9.179475784301758
EDTRVFPS1-11,marginalised,308.18698607756903,0.006249546454231745,9.177632331848145
EDTRVFPS1-11,marginalised,313.7482827001694,0.00625147976462713,9.175206184387207
EDTRVFPS1-11,marginalised,319.40993404740715,0.006253874624850254,9.172204971313477
EDTRVFPS1-11,marginalised,325.1737510406262,0.006256713170068268,9.168647766113281
EDTRVFPS1-11,marginalised,331.04157727961433,0.0062599567587516,9.16458511352539
EDTRVFPS1-11,marginalised,337.0152896322899,0.006263550764782554,9.160083770751953
EDTRVFPS1-11,marginalised,343.09679883503446,0.006267424818615896,9.15523910522461
EDTRVFPS1-11,marginalised,349.28805010385355,0.006271499787885977,9.150145530700684
EDTRVFPS1-11,marginalised,355.5910237565711,0.006275690321643809,9.144908905029297
EDTRVFPS1-11,marginalised,362.0077358462461,0.006279911136427297,9.139640808105469
EDTRVFPS1-11,marginalised,368.54023880602495,0.006284079679236051,9.134439468383789
EDTRVFPS1-11,marginalised,375.19062210562515,0.006288119078248414,9.129402160644531
EDTRVFPS1-11,marginalised,381.96101291966875,0.006291964691979772,9.124611854553223
EDTRVFPS1-11,marginalised,388.85357680807556,0.006295567045218405,9.120125770568848
EDTRVFPS1-11,marginalised,395.870518408733,0.006298886617774808,9.115992546081543
EDTRVFPS1-11,marginalised,403.0140821426655,0.006301897149261829,9.112244606018066
EDTRVFPS1-11,marginalised,410.28655293192935,0.0063045876768111535,9.108898162841797
EDTRVFPS1-11,marginalised,417.69025693046393,0.00630695652654281,9.105952262878418
EDTRVFPS1-11,marginalised,425.2275622681261,0.006309011513688373,9.103397369384766
EDTRVFPS1-11,marginalised,432.9008798081576,0.006310768233050803,9.101212501525879
EDTRVFPS1-11,marginalised,440.7126639183143,0.0063122482471673486,9.099372863769531
EDTRVFPS1-11,marginalised,448.6654132559174,0.006313474827452848,9.097848892211914
EDTRVFPS1-11,marginalised,456.76167156706396,0.0063144744660843894,9.096606254577637
EDTRVFPS1-11,marginalised,465.0040285002669,0.006315274275937875,9.095612525939941
EDTRVFPS1-11,marginalised,473.39512043476975,0.006315900065322781,9.094834327697754
EDTRVFPS1-11,marginalised,481.9376313238141,0.006316376859345778,9.094243049621582
EDTRVFPS1-11,marginalised,490.6342935531224,0.006316728435414817,9.093805313110352
EDTRVFPS1-11,marginalised,499.4878888148713,0.006316974872263903,9.093498229980469
EDTRVFPS1-11,marginalised,508.5012489974357,0.006336032420418734,9.06982421875
EDTRVFPS1-11,marginalised,517.6772570911901,0.006339028667377517,9.06610107421875
EDTRVFPS1-11,marginalised,527.0188481106558,0.006342202398794634,9.062156677246094
EDTRVFPS1-11,marginalised,536.5290100332843,0.006345530911753855,9.05801773071289
EDTRVFPS1-11,marginalised,546.2107847551875,0.00634898407735214,9.053722381591797
EDTRVFPS1-11,marginalised,556.0672690641077,0.006352522492786179,9.049317359924316
EDTRVFPS1-11,marginalised,566.1016156299509,0.006356101287955257,9.0448579788208
EDTRVFPS1-11,marginalised,576.3170340131887,0.00635967498285641,9.040399551391602
EDTRVFPS1-11,marginalised,586.7167916914642,0.006363197385531548,9.03599739074707
EDTRVFPS1-11,marginalised,597.304215104715,0.006366626113589035,9.03170394897461
EDTRVFPS1-11,marginalised,608.0826907191614,0.0063699221873382865,9.027565002441406
EDTRVFPS1-11,marginalised,619.0556661104944,0.00637305267757865,9.023621559143066
EDTRVFPS1-11,marginalised,630.2266510666067,0.006375990286941043,9.019906044006348
EDTRVFPS1-11,marginalised,641.5992187102238,0.006378714203925845,9.016444206237793
EDTRVFPS1-11,marginalised,653.1770066417952,0.006381207724877833,9.013254165649414
EDTRVFPS1-11,marginalised,664.963718103009,0.006383458064213811,9.01035213470459
EDTRVFPS1-11,marginalised,676.9631231612981,0.00638545646437278,9.0077486038208
EDTRVFPS1-11,marginalised,689.1790599157285,0.006387195059378835,9.005452156066895
EDTRVFPS1-11,marginalised,701.6154357246396,0.006388668386604571,9.00346851348877
EDTRVFPS1-11,marginalised,714.2762284554457,0.006389871648457446,9.00180435180664
EDTRVFPS1-11,marginalised,727.1654877569829,0.006390801251266915,9.00046443939209
EDTRVFPS1-11,marginalised,740.2873363548235,0.006391455062800806,8.999449729919434
EDTRVFPS1-11,marginalised,753.6459713699566,0.006391832195725289,8.998762130737305
EDTRVFPS1-11,marginalised,767.2456656612698,0.006391934474310972,8.998400688171387
EDTRVFPS1-11,marginalised,781.0907691922567,0.006391765470825888,8.998361587524414
EDTRVFPS1-11,marginalised,795.1857104223843,0.006391331294583924,8.998637199401855
EDTRVFPS1-11,marginalised,809.534997723566,0.006390640027871077,8.999218940734863
EDTRVFPS1-11,marginalised,824.1432208222005,0.0063897011303614614,9.000096321105957
EDTRVFPS1-11,marginalised,839.0150522672308,0.006388524758425687,9.001258850097656
EDTRVFPS1-11,marginalised,854.1552489246927,0.006387120182607434,9.002694129943848
EDTRVFPS1-11,marginalised,869.5686534992323,0.006385495242773462,9.004393577575684
EDTRVFPS1-11,marginalised,885.2601960830818,0.006383655227151094,9.00635051727295
EDTRVFPS1-11,marginalised,901.2348957329903,0.006381602659791743,9.008563041687012
EDTRVFPS1-11,marginalised,917.4978620755988,0.006379335825677084,9.011032104492188
EDTRVFPS1-11,marginalised,934.0542969418009,0.006376850063985122,9.013763427734375
EDTRVFPS1-11,marginalised,950.9094960305787,0.006374137194922722,9.016766548156738
EDTRVFPS1-11,marginalised,968.0688506028796,0.0063711859022272865,9.02005386352539
EDTRVFPS1-11,marginalised,985.5378492060438,0.006367984272708719,9.023640632629395
EDTRVFPS1-11,marginalised,1003.3220794293641,0.006364517296491534,9.027544975280762
EDTRVFPS1-11,marginalised,1021.4272296913119,0.006360771245552047,9.031783103942871
EDTRVFPS1-11,marginalised,1039.8590910590226,0.006356729736440592,9.036375045776367
EDTRVFPS1-11,marginalised,1058.6235591006139,0.006352379519037618,9.041338920593262
EDTRVFPS1-11,marginalised,1077.7266357709245,0.006347706256648767,9.04669189453125
EDTRVFPS1-11,marginalised,1097.1744313312831,0.006342695596056905,9.052453994750977
EDTRVFPS1-11,marginalised,1116.973166303922,0.006337332450546346,9.058642387390137
EDTRVFPS1-11,marginalised,1137.1291734616605,0.006331601632018895,9.065279006958008
EDTRVFPS1-11,marginalised,1157.6488998534858,0.006325487639961804,9.07238483428955
EDTRVFPS1-11,marginalised,1178.5389088666898,0.006318970391574529,9.079985618591309
EDTRVFPS1-11,marginalised,1199.8058823262184,0.0063120325949979775,9.088104248046875
EDTRVFPS1-11,marginalised,1221.4566226319025,0.006304653710481107,9.096769332885742
EDTRVFPS1-11,marginalised,1243.4980549342579,0.006296813059916711,9.106009483337402
EDTRVFPS1-11,marginalised,1265.9372293495455,0.006288491431781856,9.115850448608398
EDTRVFPS1-11,marginalised,1288.7813232148008,0.006279672504243898,9.126317977905273
EDTRVFPS1-11,marginalised,1312.03764338356,0.006270342521064455,9.137432098388672
EDTRVFPS1-11,marginalised,1335.7136285630156,0.006260492103245048,9.149209976196289
EDTRVFPS1-11,marginalised,1359.8168516933379,0.006250117603413702,9.161663055419922
EDTRVFPS1-11,marginalised,1384.3550223699356,0.0062392217946093806,9.174793243408203
EDTRVFPS1-11,marginalised,1409.335989309429,0.006227811230188052,9.1885986328125
EDTRVFPS1-11,marginalised,1434.7677428601223,0.006215899624760816,9.203069686889648
EDTRVFPS1-11,marginalised,1460.658417557775,0.006203502674684833,9.218194961547852
EDTRVFPS1-11,marginalised,1487.0162947274903,0.006190639936222927,9.233955383300781
EDTRVFPS1-11,marginalised,1513.8498051325607,0.006177331704808934,9.250333786010742
EDTRVFPS1-11,marginalised,1541.1675316711155,0.006163597018748702,9.267313003540039
EDTRVFPS1-11,marginalised,1568.9782121214141,0.006149451714763579,9.284880638122559
EDTRVFPS1-11,marginalised,1597.290741936702,0.00613490878246531,9.30302619934082
EDTRVFPS1-11,marginalised,1626.1141770904762,0.0061199786858665145,9.32174301147461
EDTRVFPS1-11,marginalised,1655.457736973111,0.006104664766709172,9.341034889221191
EDTRVFPS1-11,marginalised,1685.3308073407516,0.006088966429027113,9.360910415649414
EDTRVFPS1-11,marginalised,1715.7429433174145,0.006072879102127134,9.381381034851074
EDTRVFPS1-11,marginalised,1746.7038724512634,0.0060563953713123325,9.40246295928955
EDTRVFPS1-11,marginalised,1778.2234978260392,0.006039505052187821,9.424178123474121
EDTRVFPS1-11,marginalised,1810.3119012286395,0.006022196571666789,9.446550369262695
EDTRVFPS1-11,marginalised,1842.9793463738497,0.006004458947757562,9.4696044921875
EDTRVFPS1-11,marginalised,1876.2362821872653,0.005986281773446891,9.493361473083496
EDTRVFPS1-11,marginalised,1910.0933461474615,0.005967655625814944,9.51784610748291
EDTRVFPS1-11,marginalised,1944.561367688474,0.0059485704612660915,9.543081283569336
EDTRVFPS1-11,marginalised,1979.6513716636703,0.00592902118653402,9.569085121154785
EDTRVFPS1-11,marginalised,2015.3745818721277,0.005909002144584375,9.595878601074219
EDTRVFPS1-11,marginalised,2051.742424648655,0.005888506659082589,9.623481750488281
EDTRVFPS1-11,marginalised,2088.7665325185844,0.005867529502966789,9.651918411254883
EDTRVFPS1-11,marginalised,2126.458747918532,0.0058460619274154834,9.6812105178833
EDTRVFPS1-11,marginalised,2164.83112698428,0.005824095093820665,9.711387634277344
EDTRVFPS1-11,marginalised,2203.895943407023,0.0058016152109163855,9.742484092712402
EDTRVFPS1-11,marginalised,2243.6656923591972,0.005778605950208262,9.774538040161133
EDTRVFPS1-11,marginalised,2284.1530944911647,0.005755046582873835,9.807599067687988
EDTRVFPS1-11,marginalised,2325.3711,0.005730911896279037,9.841719627380371
EDTRVFPS1-12,marginalised,128.67372000000006,0.0061456295156244,63.053306579589844
EDTRVFPS1-12,marginalised,131.4558529773342,0.0061487046879168845,63.036865234375
EDTRVFPS1-12,marginalised,134.29814014857496,0.006151581876816904,63.021663665771484
EDTRVFPS1-12,marginalised,137.2018821442366,0.006154249242074578,63.00774383544922
EDTRVFPS1-12,marginalised,140.16840771655853,0.006156700910012653,62.99506378173828
EDTRVFPS1-12,marginalised,143.1990743475431,0.006158931014170795,62.98363494873047
EDTRVFPS1-12,marginalised,146.29526887013887,0.006160943608300947,62.9733772277832
EDTRVFPS1-12,marginalised,149.45840810285534,0.0061627454387759035,62.9642333984375
EDTRVFPS1-12,marginalised,152.6899394980992,0.006164350149181895,62.95613479614258
EDTRVFPS1-12,marginalised,155.99134180452847,0.006165776745588616,62.9489631652832
EDTRVFPS1-12,marginalised,159.36412574372739,0.0061670517757501046,62.942604064941406
EDTRVFPS1-12,marginalised,162.80983470151338,0.006168207205794413,62.9368782043457
EDTRVFPS1-12,marginalised,166.33004543418977,0.006169277401950615,62.9316291809082
EDTRVFPS1-12,marginalised,169.9263687900696,0.006170303109371412,62.92668151855469
EDTRVFPS1-12,marginalised,173.60045044659975,0.006171324382624442,62.921844482421875
EDTRVFPS1-12,marginalised,177.35397166342293,0.006172376508403007,62.916969299316406
EDTRVFPS1-12,marginalised,181.18865005172157,0.006173494851398832,62.911888122558594
EDTRVFPS1-12,marginalised,185.10624036019752,0.006174704063015613,62.90648651123047
EDTRVFPS1-12,marginalised,189.10853527804431,0.006176018948200274,62.90070343017578
EDTRVFPS1-12,marginalised,193.19736625528193,0.006177441759354793,62.894508361816406
EDTRVFPS1-12,marginalised,197.3746043408284,0.0061789602634486655,62.88795471191406
EDTRVFPS1-12,marginalised,201.642161038691,0.00618054863674246,62.881141662597656
EDTRVFPS1-12,marginalised,206.00198918267145,0.00618217070760883,62.87422561645508
EDTRVFPS1-12,marginalised,210.45608382998202,0.006183778902344076,62.86738967895508
EDTRVFPS1-12,marginalised,215.00648317418367,0.006185318620626811,62.86085891723633
EDTRVFPS1-12,marginalised,219.6552694778635,0.006186736472745778,62.854862213134766
EDTRVFPS1-12,marginalised,224.40457002547808,0.006187979726292737,62.84960174560547
EDTRVFPS1-12,marginalised,229.25655809679805,0.006189003680926326,62.84527587890625
EDTRVFPS1-12,marginalised,234.2134539614021,0.006189778754355354,62.84199905395508
EDTRVFPS1-12,marginalised,239.27752589467136,0.006190283526405216,62.839847564697266
EDTRVFPS1-12,marginalised,244.45109121575234,0.0061905225341848035,62.83883285522461
EDTRVFPS1-12,marginalised,249.73651734796243,0.006190512966750375,62.838844299316406
EDTRVFPS1-12,marginalised,255.13622290212177,0.0061902948093154045,62.83973693847656
EDTRVFPS1-12,marginalised,260.65267878331076,0.006189920708479935,62.84128189086914
EDTRVFPS1-12,marginalised,266.2884093215553,0.006189463850044023,62.84317398071289
EDTRVFPS1-12,marginalised,272.0459934269604,0.006189011225917314,62.84505844116211
EDTRVFPS1-12,marginalised,277.9280657698193,0.006188649784746255,62.8465576171875
EDTRVFPS1-12,marginalised,283.9373179862385,0.006188481809678838,62.847259521484375
EDTRVFPS1-12,marginalised,290.0764999098306,0.006188598773250709,62.846763610839844
EDTRVFPS1-12,marginalised,296.3484208300372,0.006189087379232112,62.844722747802734
EDTRVFPS1-12,marginalised,302.7559507776608,0.006190016771554226,62.84083938598633
EDTRVFPS1-12,marginalised,309.30202183819034,0.006191439919320407,62.834896087646484
EDTRVFPS1-12,marginalised,315.9896294935231,0.006193382478203062,62.8267936706543
EDTRVFPS1-12,marginalised,322.8218339926979,0.006195841288387538,62.816532135009766
EDTRVFPS1-12,marginalised,329.80176175226353,0.006198787414019496,62.804256439208984
EDTRVFPS1-12,marginalised,336.93260678692843,0.006202160332732183,62.79019546508789
EDTRVFPS1-12,marginalised,344.2176321711411,0.00620587675487846,62.77471923828125
EDTRVFPS1-12,marginalised,351.66017153227244,0.006209838504120112,62.75822830200195
EDTRVFPS1-12,marginalised,359.26363057608427,0.006213932748201742,62.74118423461914
EDTRVFPS1-12,marginalised,367.0314886451796,0.006218044406006009,62.724082946777344
EDTRVFPS1-12,marginalised,374.9673003111502,0.006222066898294048,62.70736312866211
EDTRVFPS1-12,marginalised,383.0746970011472,0.006225904273674775,62.69142532348633
EDTRVFPS1-12,marginalised,391.3573886596239,0.006229477165857269,62.67658996582031
EDTRVFPS1-12,marginalised,399.81916544600506,0.006232727651970945,62.6630973815918
EDTRVFPS1-12,marginalised,408.46389946906424,0.006235617091677624,62.6511116027832
EDTRVFPS1-12,marginalised,417.29554655879923,0.0062381320645365414,62.64067459106445
EDTRVFPS1-12,marginalised,426.318148076622,0.006240271959219612,62.631805419921875
EDTRVFPS1-12,marginalised,435.5358327646841,0.0062420537337686465,62.624420166015625
EDTRVFPS1-12,marginalised,444.952818635189,0.006243504216643458,62.618404388427734
EDTRVFPS1-12,marginalised,454.57341490055484,0.006244655290558275,62.6136360168457
EDTRVFPS1-12,marginalised,464.40202394530945,0.00624554573274031,62.60994338989258
EDTRVFPS1-12,marginalised,474.443143340622,0.006246212813890711,62.607177734375
EDTRVFPS1-12,marginalised,484.70136790238956,0.0062466931652407675,62.605194091796875
EDTRVFPS1-12,marginalised,495.1813917938275,0.006247021939433087,62.60383224487305
EDTRVFPS1-12,marginalised,505.88801067351653,0.006264240432649152,62.53255844116211
EDTRVFPS1-12,marginalised,516.8261238898967,0.006267732806979359,62.51811218261719
EDTRVFPS1-12,marginalised,528.0007367232078,0.006271551496462382,62.50232696533203
EDTRVFPS1-12,marginalised,539.4169626759069,0.0062756833859274035,62.485252380371094
EDTRVFPS1-12,marginalised,551.0800258126069,0.006280097152038647,62.467018127441406
EDTRVFPS1-12,marginalised,562.9952631506071,0.0062847515304213074,62.447792053222656
EDTRVFPS1-12,marginalised,575.1681271021134,0.006289590371446404,62.42781066894531
EDTRVFPS1-12,marginalised,587.6041879692609,0.006294553990358691,62.40732955932617
EDTRVFPS1-12,marginalised,600.3091364930854,0.00629958967133185,62.38654327392578
EDTRVFPS1-12,marginalised,613.2887864576032,0.00630464269722298,62.365692138671875
EDTRVFPS1-12,marginalised,626.5490773502029,0.006309669267419487,62.34495162963867
EDTRVFPS1-12,marginalised,640.0960770795515,0.006314633320590351,62.32447052001953
EDTRVFPS1-12,marginalised,653.93598475227,0.006319507796565913,62.304351806640625
EDTRVFPS1-12,marginalised,668.0751335096451,0.006324273114811705,62.28468322753906
EDTRVFPS1-12,marginalised,682.519993425672,0.006328914981356479,62.2655143737793
EDTRVFPS1-12,marginalised,697.2771744677639,0.006333423883158243,62.246891021728516
EDTRVFPS1-12,marginalised,712.3534295214697,0.0063377887630916875,62.22884750366211
EDTRVFPS1-12,marginalised,727.7556574805957,0.006342001873192673,62.211421966552734
EDTRVFPS1-12,marginalised,743.4909064041385,0.0063460514031546365,62.19465637207031
EDTRVFPS1-12,marginalised,759.5663767414769,0.006349928655421762,62.178592681884766
EDTRVFPS1-12,marginalised,775.9894246272981,0.00635362128673002,62.163272857666016
EDTRVFPS1-12,marginalised,792.7675652477616,0.006357125132738938,62.148712158203125
EDTRVFPS1-12,marginalised,809.9084762794523,0.0063604321934342175,62.13494873046875
EDTRVFPS1-12,marginalised,827.4200014026826,0.006363542372401803,62.121978759765625
EDTRVFPS1-12,marginalised,845.3101538907614,0.006366458597522608,62.10980224609375
EDTRVFPS1-12,marginalised,863.5871202768648,0.006369190177787646,62.098358154296875
EDTRVFPS1-12,marginalised,882.2592641001977,0.006371745046641166,62.0876350402832
EDTRVFPS1-12,marginalised,901.3351297331467,0.006374137998788053,62.07755661010742
EDTRVFPS1-12,marginalised,920.8234462911845,0.006376381285178379,62.068077087402344
EDTRVFPS1-12,marginalised,940.7331316273135,0.006378487486638059,62.059139251708984
EDTRVFPS1-12,marginalised,961.0732964128746,0.006380465797177727,62.05071258544922
EDTRVFPS1-12,marginalised,981.8532483065906,0.006382320667454796,62.04277038574219
EDTRVFPS1-12,marginalised,1003.0824962137507,0.00638405775158671,62.035282135009766
EDTRVFPS1-12,marginalised,1024.7707546374825,0.006385676088152187,62.02825164794922
EDTRVFPS1-12,marginalised,1046.927948124113,0.0063871714020007,62.02170181274414
EDTRVFPS1-12,marginalised,1069.5642158046385,0.0063885367123430355,62.015647888183594
EDTRVFPS1-12,marginalised,1092.689916034387,0.006389765737169253,62.010128021240234
EDTRVFPS1-12,marginalised,1116.315631133008,0.006390852275479983,62.00514602661133
EDTRVFPS1-12,marginalised,1140.452172226937,0.006391782526171251,62.00077819824219
EDTRVFPS1-12,marginalised,1165.1105841965675,0.006392548686926912,61.997032165527344
EDTRVFPS1-12,marginalised,1190.3021507303888,0.006393140248703337,61.99396514892578
EDTRVFPS1-12,marginalised,1216.0383994884007,0.006393546445418455,61.99160385131836
EDTRVFPS1-12,marginalised,1242.33110737717,0.0063937531084908815,61.990020751953125
EDTRVFPS1-12,marginalised,1269.1923059389446,0.006393744638837977,61.98926544189453
EDTRVFPS1-12,marginalised,1296.634286857282,0.006393510458288485,61.989376068115234
EDTRVFPS1-12,marginalised,1324.6696075817295,0.006393031837123114,61.99043655395508
EDTRVFPS1-12,marginalised,1353.3110970741102,0.006392296240183272,61.992496490478516
EDTRVFPS1-12,marginalised,1382.5718616790514,0.006391294012724517,61.99559020996094
EDTRVFPS1-12,marginalised,1412.4652911214544,0.006390010612023277,61.99978256225586
EDTRVFPS1-12,marginalised,1443.005064633628,0.006388444188330909,62.005088806152344
EDTRVFPS1-12,marginalised,1474.2051572149055,0.006386589836907521,62.011451721191406
EDTRVFPS1-12,marginalised,1506.0798460266042,0.006384444650671366,62.018314361572266
EDTRVFPS1-12,marginalised,1538.6437169252533,0.006382009480978451,62.02629852294922
EDTRVFPS1-12,marginalised,1571.9116711370823,0.006379287386659743,62.035400390625
EDTRVFPS1-12,marginalised,1605.898932076821,0.006376279157753981,62.045616149902344
EDTRVFPS1-12,marginalised,1640.6210523139353,0.006372987251072191,62.05694580078125
EDTRVFPS1-12,marginalised,1676.0939206894761,0.006369409251815055,62.069393157958984
EDTRVFPS1-12,marginalised,1712.333769586824,0.006365541830259572,62.082977294921875
EDTRVFPS1-12,marginalised,1749.3571823596137,0.006361382059277393,62.09770965576172
EDTRVFPS1-12,marginalised,1787.181100920288,0.006356922267799209,62.113624572753906
EDTRVFPS1-12,marginalised,1825.8228334927094,0.006352154186884386,62.1307487487793
EDTRVFPS1-12,marginalised,1865.3000625324053,0.006347071177041304,62.14912033081055
EDTRVFPS1-12,marginalised,1905.6308528180582,0.006341661756995288,62.16877746582031
EDTRVFPS1-12,marginalised,1946.8336597179477,0.0063359208975845155,62.18975830078125
EDTRVFPS1-12,marginalised,1988.9273376351277,0.006329835019007996,62.21209716796875
EDTRVFPS1-12,marginalised,2031.9311486351987,0.00632339923785529,62.235843658447266
EDTRVFPS1-12,marginalised,2075.8647712606316,0.006316606090244255,62.261016845703125
EDTRVFPS1-12,marginalised,2120.7483095356606,0.0063094400192310746,62.287681579589844
EDTRVFPS1-12,marginalised,2166.602302165895,0.00630189206956715,62.31588363647461
EDTRVFPS1-12,marginalised,2213.4477319368225,0.0062939494211957416,62.345680236816406
EDTRVFPS1-12,marginalised,2261.3060353155297,0.006285594908133551,62.37715148925781
EDTRVFPS1-12,marginalised,2310.1991122600375,0.006276805966676043,62.4103889465332
EDTRVFPS1-12,marginalised,2360.1493362407127,0.006267559657973124,62.44548797607422
EDTRVFPS1-12,marginalised,2411.179564478371,0.006257828635070224,62.482574462890625
EDTRVFPS1-12,marginalised,2463.31314840374,0.006247579338620426,62.52178192138672
EDTRVFPS1-12,marginalised,2516.573944343072,0.006236781115462044,62.56325149536133
EDTRVFPS1-12,marginalised,2570.986324434801,0.006225400105263077,62.60713195800781
EDTRVFPS1-12,marginalised,2626.575187782231,0.00621340156310043,62.65357208251953
EDTRVFPS1-12,marginalised,2683.365971847357,0.006200753903765251,62.70272445678711
EDTRVFPS1-12,marginalised,2741.384664091063,0.006187430153044525,62.75471878051758
EDTRVFPS1-12,marginalised,2800.6578138649725,0.006173410201834592,62.80966567993164
EDTRVFPS1-12,marginalised,2861.212544560426,0.006158673047202878,62.8676643371582
EDTRVFPS1-12,marginalised,2923.076566020159,0.006143211776068285,62.92879104614258
EDTRVFPS1-12,marginalised,2986.2781872183127,0.006127020631897711,62.99308395385742
EDTRVFPS1-12,marginalised,3050.8463292146243,0.006110102726352599,63.060577392578125
EDTRVFPS1-12,marginalised,3116.8105383887028,0.006092464587005012,63.131282806396484
EDTRVFPS1-12,marginalised,3184.2009999604497,0.006074115754129853,63.205196380615234
EDTRVFPS1-12,marginalised,3253.048551802817,0.006055070786136477,63.28229904174805
EDTRVFPS1-12,marginalised,3323.3846985532155,0.006035342779074879,63.36257553100586
EDTRVFPS1-12,marginalised,3395.2416260300406,0.006014945181266642,63.44600296020508
EDTRVFPS1-12,marginalised,3468.6522159608803,0.005993897894215817,63.532554626464844
EDTRVFPS1-12,marginalised,3543.6500610292273,0.0059722144142801865,63.622215270996094
EDTRVFPS1-12,marginalised,3620.2694802464657,0.005949909718971976,63.71495819091797
EDTRVFPS1-12,marginalised,3698.545534656255,0.005926996853316289,63.810768127441406
EDTRVFPS1-12,marginalised,3778.5140433784636,0.005903491000000805,63.90964126586914
EDTRVFPS1-12,marginalised,3860.211599999997,0.0058793957039346015,64.01158905029297
EDTRVFPS1-18,marginalised,44.968614454999994,1.1704274669351277e-06,329.2281799316406
EDTRVFPS1-18,marginalised,45.90644370533296,8.936747140156475e-07,333.3453674316406
EDTRVFPS1-18,marginalised,46.86383156812132,7.115872615229669e-07,336.1866149902344
EDTRVFPS1-18,marginalised,47.84118594205345,5.880596867053609e-07,338.2081604003906
EDTRVFPS1-18,marginalised,48.83892323262473,5.026599877655634e-07,339.554931640625
EDTRVFPS1-18,marginalised,49.8574685295486,4.433781544168419e-07,340.522216796875
EDTRVFPS1-18,marginalised,50.89725578786754,4.029844664038995e-07,340.96014404296875
EDTRVFPS1-18,marginalised,51.95872801284144,3.7712464385918865e-07,341.208984375
EDTRVFPS1-18,marginalised,53.04233744869142,3.633144548728229e-07,341.19549560546875
EDTRVFPS1-18,marginalised,54.14854577128037,3.6043179120708107e-07,340.8630676269531
EDTRVFPS1-18,marginalised,55.27782428481158,3.6852792306252126e-07,340.1836853027344
EDTRVFPS1-18,marginalised,56.430654122629704,3.8890523335218097e-07,339.1647033691406
EDTRVFPS1-18,marginalised,57.60752645220938,4.24508466389109e-07,337.8511047363281
EDTRVFPS1-18,marginalised,58.80894268441895,4.808344336226052e-07,335.759765625
EDTRVFPS1-18,marginalised,60.03541468714867,5.67839995740095e-07,333.0096435546875
EDTRVFPS1-18,marginalised,61.2874650033936,7.040747054901926e-07,329.04571533203125
EDTRVFPS1-18,marginalised,62.56562707388516,9.262364474176757e-07,323.5501708984375
EDTRVFPS1-18,marginalised,63.870445464365744,1.3133855145225312e-06,315.4909973144531
EDTRVFPS1-18,marginalised,65.20247609760266,2.055886604129703e-06,303.92730712890625
EDTRVFPS1-18,marginalised,66.56228649024125,3.6809949461191742e-06,287.1070556640625
EDTRVFPS1-18,marginalised,67.95045599459768,7.923372226930394e-06,262.8414611816406
EDTRVFPS1-18,marginalised,69.3675760454938,2.175860564130862e-05,228.79037475585938
EDTRVFPS1-18,marginalised,70.81425041224048,7.964642506243522e-05,183.99969482421875
EDTRVFPS1-18,marginalised,72.2910954558755,0.00037953357524837973,131.61959838867188
EDTRVFPS1-18,marginalised,73.79874039176693,0.0020730369453377416,80.43061065673828
EDTRVFPS1-18,marginalised,75.33782755769215,0.01085454227172658,41.362518310546875
EDTRVFPS1-18,marginalised,76.90901268750856,0.044047988687430865,19.969745635986328
EDTRVFPS1-18,marginalised,78.51296519053163,0.08218859635000311,13.868114471435547
EDTRVFPS1-18,marginalised,80.15036843673882,0.05880938358585344,16.948596954345703
EDTRVFPS1-18,marginalised,81.82192004792213,0.03234499717082643,23.835002899169922
EDTRVFPS1-18,marginalised,83.52833219491272,0.01938270951549427,31.306886672973633
EDTRVFPS1-18,marginalised,85.2703319010035,0.01321105142474008,37.905025482177734
EDTRVFPS1-18,marginalised,87.04866135170039,0.010035386391837922,43.15626525878906
EDTRVFPS1-18,marginalised,88.86407821093339,0.008277342307820807,47.09436798095703
EDTRVFPS1-18,marginalised,90.71735594386175,0.007251351659792416,49.91191482543945
EDTRVFPS1-18,marginalised,92.6092841464119,0.006632272758531367,51.8645133972168
EDTRVFPS1-18,marginalised,94.54066888168802,0.006252083718088881,53.17313003540039
EDTRVFPS1-18,marginalised,96.51233302339774,0.006017351260838065,54.0343017578125
EDTRVFPS1-18,marginalised,98.52511660644082,0.0058730290511924965,54.57151794433594
EDTRVFPS1-18,marginalised,100.57987718480938,0.005785343880411848,54.9013786315918
EDTRVFPS1-18,marginalised,102.67749019695158,0.005733068370504284,55.09724044799805
EDTRVFPS1-18,marginalised,104.81884933875573,0.0057027111374119985,55.20808410644531
EDTRVFPS1-18,marginalised,107.00486694431257,0.005685719982707583,55.26652526855469
EDTRVFPS1-18,marginalised,109.23647437461906,0.005676714495123766,55.29366683959961
EDTRVFPS1-18,marginalised,111.51462241438765,0.005672365678514107,55.30278015136719
EDTRVFPS1-18,marginalised,113.84028167713193,0.0056706483967827355,55.301998138427734
EDTRVFPS1-18,marginalised,116.21444301870046,0.005670362649076517,55.296119689941406
EDTRVFPS1-18,marginalised,118.63811795943406,0.005670812980095186,55.28794479370117
EDTRVFPS1-18,marginalised,121.11233911512807,0.005671606661693196,55.279022216796875
EDTRVFPS1-18,marginalised,123.63816063698255,0.005672530422244377,55.27014923095703
EDTRVFPS1-18,marginalised,126.21665866072672,0.005673473691767543,55.26173400878906
EDTRVFPS1-18,marginalised,128.84893176511093,0.005674379329554309,55.253963470458984
EDTRVFPS1-18,marginalised,131.53610143996053,0.005675223173383208,55.246883392333984
EDTRVFPS1-18,marginalised,134.27931256399032,0.005675995192605936,55.240509033203125
EDTRVFPS1-18,marginalised,137.07973389258464,0.005676693810515233,55.23479461669922
EDTRVFPS1-18,marginalised,139.93855855574986,0.005677321790305781,55.229705810546875
EDTRVFPS1-18,marginalised,142.85700456645247,0.005677881215900573,55.22519302368164
EDTRVFPS1-18,marginalised,145.83631533955705,0.005678377814589827,55.221187591552734
EDTRVFPS1-18,marginalised,148.87776022158886,0.005678818491420497,55.21767044067383
EDTRVFPS1-18,marginalised,151.98263503154297,0.005679205574909595,55.21457290649414
EDTRVFPS1-18,marginalised,155.15226261297306,0.005679545434499824,55.21186447143555
EDTRVFPS1-18,marginalised,158.38799339759382,0.005679844237994931,55.20949172973633
EDTRVFPS1-18,marginalised,161.69120598063787,0.0056801083387972165,55.2074089050293
EDTRVFPS1-18,marginalised,165.0633077082105,0.00568034015528292,55.205589294433594
EDTRVFPS1-18,marginalised,168.50573527689585,0.005680546651767823,55.20398712158203
EDTRVFPS1-18,marginalised,172.01995534586595,0.005680735791572628,55.20255661010742
EDTRVFPS1-18,marginalised,175.6074651617569,0.005680907655263304,55.2012825012207
EDTRVFPS1-18,marginalised,179.26979319657605,0.005681069493574213,55.20011901855469
EDTRVFPS1-18,marginalised,183.00849979891393,0.005681222751025384,55.19906234741211
EDTRVFPS1-18,marginalised,186.82517785873566,0.0056813723889404324,55.19805908203125
EDTRVFPS1-18,marginalised,190.72145348603811,0.005681518138921734,55.1971321105957
EDTRVFPS1-18,marginalised,194.69898670366078,0.0056816625525022806,55.19623565673828
EDTRVFPS1-18,marginalised,198.75947215454363,0.005681801095702454,55.195404052734375
EDTRVFPS1-18,marginalised,202.90463982373674,0.005681937060866653,55.19459915161133
EDTRVFPS1-18,marginalised,207.1362557754667,0.005682064818856826,55.1938591003418
EDTRVFPS1-18,marginalised,211.45612290557546,0.005682184413989711,55.193180084228516
EDTRVFPS1-18,marginalised,215.8660817096497,0.005682291917854232,55.192569732666016
EDTRVFPS1-18,marginalised,220.36801106717235,0.005682387839591159,55.19203567504883
EDTRVFPS1-18,marginalised,224.9638290420248,0.005682468742624669,55.19157409667969
EDTRVFPS1-18,marginalised,229.6554936996861,0.005682533957273879,55.19120407104492
EDTRVFPS1-18,marginalised,234.4450039414737,0.005682581594492259,55.19093704223633
EDTRVFPS1-18,marginalised,239.33440035618355,0.005682615091474756,55.190738677978516
EDTRVFPS1-18,marginalised,244.32576608948932,0.005682633952519062,55.19062042236328
EDTRVFPS1-18,marginalised,249.421227731476,0.005682638930024283,55.19057083129883
EDTRVFPS1-18,marginalised,254.62295622268005,0.005682631471049462,55.19060516357422
EDTRVFPS1-18,marginalised,259.93316777902777,0.005682616076720418,55.19066619873047
EDTRVFPS1-18,marginalised,265.35412483606177,0.005682595076951661,55.19076156616211
EDTRVFPS1-18,marginalised,270.88813701286125,0.005682571401589175,55.19086837768555
EDTRVFPS1-18,marginalised,276.53756209606223,0.0056825523884499315,55.19095993041992
EDTRVFPS1-18,marginalised,282.30480704440237,0.005682542232062033,55.191009521484375
EDTRVFPS1-18,marginalised,288.1923290142151,0.005682544159860574,55.19099807739258
EDTRVFPS1-18,marginalised,294.20263640630924,0.005682564804330758,55.190879821777344
EDTRVFPS1-18,marginalised,300.3382899346834,0.005682606187891623,55.190673828125
EDTRVFPS1-18,marginalised,306.6019037175272,0.005682670554901472,55.19034957885742
EDTRVFPS1-18,marginalised,312.99614639097706,0.005682757202849602,55.18991470336914
EDTRVFPS1-18,marginalised,319.5237422460972,0.005682863100629814,55.189369201660156
EDTRVFPS1-18,marginalised,326.1874723895757,0.0056829834522397924,55.188743591308594
EDTRVFPS1-18,marginalised,332.99017592862407,0.005683111331499888,55.18805694580078
EDTRVFPS1-18,marginalised,339.93475118059,0.005683236886238727,55.1873664855957
EDTRVFPS1-18,marginalised,347.02415690779634,0.005683351751805963,55.18669891357422
EDTRVFPS1-18,marginalised,354.26141357813367,0.005683449519712244,55.18608474731445
EDTRVFPS1-18,marginalised,361.6496046519401,0.005683524327421111,55.18556594848633
EDTRVFPS1-18,marginalised,369.19187789572334,0.005683571835979553,55.18515396118164
EDTRVFPS1-18,marginalised,376.89144672327654,0.005683591728914543,55.18485641479492
EDTRVFPS1-18,marginalised,384.7515915647662,0.005683584967644528,55.18467330932617
EDTRVFPS1-18,marginalised,392.77566126437176,0.005683557088907579,55.184593200683594
EDTRVFPS1-18,marginalised,400.9670745070726,0.005683512410334364,55.18459701538086
EDTRVFPS1-18,marginalised,409.3293212751927,0.005683456851223127,55.184661865234375
EDTRVFPS1-18,marginalised,417.8659643353202,0.005683395950978522,55.18476867675781
EDTRVFPS1-18,marginalised,426.58064075623656,0.005683334968862386,55.184898376464844
EDTRVFPS1-18,marginalised,435.4770634585043,0.0056832766922945204,55.18503189086914
EDTRVFPS1-18,marginalised,444.5590227963707,0.005683224193335572,55.18516159057617
EDTRVFPS1-18,marginalised,453.83038817266174,0.0056831790402712065,55.185279846191406
EDTRVFPS1-18,marginalised,463.2951096873571,0.005683141028193876,55.18537902832031
EDTRVFPS1-18,marginalised,472.9572198205441,0.005683112837498377,55.185447692871094
EDTRVFPS1-18,marginalised,482.82083515047026,0.005683089399861448,55.185516357421875
EDTRVFPS1-18,marginalised,492.890158107428,0.0056830734819718525,55.18556213378906
EDTRVFPS1-18,marginalised,503.16947876421557,0.005681985001627799,55.188968658447266
EDTRVFPS1-18,marginalised,513.6631766639381,0.005681684899349652,55.18997573852539
EDTRVFPS1-18,marginalised,524.3757226859301,0.0056813216985904915,55.19122314453125
EDTRVFPS1-18,marginalised,535.3116809505874,0.005680888623441189,55.192726135253906
EDTRVFPS1-18,marginalised,546.4757107639313,0.005680372403384039,55.194541931152344
EDTRVFPS1-18,marginalised,557.8725686027198,0.005679768202278692,55.19669723510742
EDTRVFPS1-18,marginalised,569.5071101409649,0.005679065241707598,55.199241638183594
EDTRVFPS1-18,marginalised,581.3842923187099,0.005678262726716613,55.20217514038086
EDTRVFPS1-18,marginalised,593.5091754539513,0.00567735564028067,55.20551681518555
EDTRVFPS1-18,marginalised,605.8869253986089,0.005676343511135568,55.20927429199219
EDTRVFPS1-18,marginalised,618.5228157394545,0.005675227196466577,55.21344757080078
EDTRVFPS1-18,marginalised,631.422230044942,0.005674006760102956,55.218040466308594
EDTRVFPS1-18,marginalised,644.5906641588997,0.005672684255649195,55.22304916381836
EDTRVFPS1-18,marginalised,658.0337285420535,0.005671259998108356,55.22847366333008
EDTRVFPS1-18,marginalised,671.7571506623847,0.005669738845184499,55.23428726196289
EDTRVFPS1-18,marginalised,685.7667774353406,0.005668117118990077,55.240516662597656
EDTRVFPS1-18,marginalised,700.0685777149342,0.005666398847325795,55.247135162353516
EDTRVFPS1-18,marginalised,714.668644836795,0.005664583250055584,55.2541618347168
EDTRVFPS1-18,marginalised,729.5731992142596,0.005662673907963279,55.261566162109375
EDTRVFPS1-18,marginalised,744.7885909886013,0.005660675883088679,55.269344329833984
EDTRVFPS1-18,marginalised,760.3213027345312,0.005658593504377314,55.2774658203125
EDTRVFPS1-18,marginalised,776.1779522221261,0.005656432551386653,55.285926818847656
EDTRVFPS1-18,marginalised,792.3652952363493,0.0056542027978441125,55.29467010498047
EDTRVFPS1-18,marginalised,808.8902284553837,0.00565191259081234,55.303672790527344
EDTRVFPS1-18,marginalised,825.759792388983,0.005649569844764018,55.31290817260742
EDTRVFPS1-18,marginalised,842.9811743781089,0.0056471780777610624,55.32234573364258
EDTRVFPS1-18,marginalised,860.5617116571253,0.005644743672113406,55.33195877075195
EDTRVFPS1-18,marginalised,878.5088944798531,0.005642262424636563,55.341453552246094
EDTRVFPS1-18,marginalised,896.8303693108229,0.005639732216512898,55.35116195678711
EDTRVFPS1-18,marginalised,915.5339420830792,0.005637147257422938,55.3610954284668
EDTRVFPS1-18,marginalised,934.6275815239251,0.005634494631892652,55.371307373046875
EDTRVFPS1-18,marginalised,954.1194225500312,0.005631762391237014,55.38185501098633
EDTRVFPS1-18,marginalised,974.0177697333465,0.005628941321111734,55.392757415771484
EDTRVFPS1-18,marginalised,994.3311008392915,0.005626014524543435,55.404090881347656
EDTRVFPS1-18,marginalised,1015.0680704387443,0.005622972406801605,55.415897369384766
EDTRVFPS1-18,marginalised,1036.2375135953519,0.00561980360417736,55.42822265625
EDTRVFPS1-18,marginalised,1057.8484496297397,0.005616501101854607,55.44108200073242
EDTRVFPS1-18,marginalised,1079.91008596223,0.0056130540866462545,55.454532623291016
EDTRVFPS1-18,marginalised,1102.4318220356968,0.005609456011968217,55.468597412109375
EDTRVFPS1-18,marginalised,1125.4232533202326,0.005605699994959858,55.483306884765625
EDTRVFPS1-18,marginalised,1148.8941754013392,0.005601778250565885,55.49869918823242
EDTRVFPS1-18,marginalised,1172.8545881533655,0.0055976810176172655,55.51480484008789
EDTRVFPS1-18,marginalised,1197.3147,0.005593399645547917,55.531673431396484
