SampleID,sigma_model,tau2,posterior_density,chi2_sigma_min_at_tau2
EDTRPAS1-41,marginalised,10.000000000000002,2.198616135589313e-21,1681.594482421875
EDTRPAS1-41,marginalised,10.242752213815926,2.3233280837889097e-21,1680.9373779296875
EDTRPAS1-41,marginalised,10.4913972913631,2.444177318478216e-21,1680.3389892578125
EDTRPAS1-41,marginalised,10.746078283213178,2.5641178548323068e-21,1679.7884521484375
EDTRPAS1-41,marginalised,11.006941712522098,2.687359490364144e-21,1679.2708740234375
EDTRPAS1-41,marginalised,11.274137659327856,2.8180578384892824e-21,1678.772216796875
EDTRPAS1-41,marginalised,11.547819846894583,2.9540328629745394e-21,1678.2784423828125
EDTRPAS1-41,marginalised,11.828145730152695,3.1058701955971283e-21,1677.775146484375
EDTRPAS1-41,marginalised,12.115276586285885,3.2741649268212817e-21,1677.2520751953125
EDTRPAS1-41,marginalised,12.409377607517198,3.474509934132344e-21,1676.7032470703125
EDTRPAS1-41,marginalised,12.710617996147455,3.703141603508804e-21,1676.1219482421875
EDTRPAS1-41,marginalised,13.019171061900781,3.97095623966886e-21,1675.510498046875
EDTRPAS1-41,marginalised,13.335214321633245,4.295539677513117e-21,1674.8720703125
EDTRPAS1-41,marginalised,13.658929601461868,4.67212123396318e-21,1674.2125244140625
EDTRPAS1-41,marginalised,13.990503141372942,5.120336996627461e-21,1673.54296875
EDTRPAS1-41,marginalised,14.330125702369628,5.649038473892503e-21,1672.87646484375
EDTRPAS1-41,marginalised,14.677992676220699,6.258019674924793e-21,1672.22705078125
EDTRPAS1-41,marginalised,15.034304197873343,6.960088334891186e-21,1671.6075439453125
EDTRPAS1-41,marginalised,15.399265260594923,7.745793467290789e-21,1671.0322265625
EDTRPAS1-41,marginalised,15.77308583390973,8.603218330145053e-21,1670.51025390625
EDTRPAS1-41,marginalised,16.15598098439874,9.514440945346479e-21,1670.052490234375
EDTRPAS1-41,marginalised,16.54817099943182,1.0457575085730625e-20,1669.6602783203125
EDTRPAS1-41,marginalised,16.949881513903467,1.1366100140765736e-20,1669.3336181640625
EDTRPAS1-41,marginalised,17.361343640045238,1.2222129196496185e-20,1669.0699462890625
EDTRPAS1-41,marginalised,17.78279410038923,1.3000522439390085e-20,1668.857666015625
EDTRPAS1-41,marginalised,18.214475363959455,1.370493860834333e-20,1668.686279296875
EDTRPAS1-41,marginalised,18.656635785769122,1.4354871902199422e-20,1668.541748046875
EDTRPAS1-41,marginalised,19.109529749704407,1.501111931296821e-20,1668.40771484375
EDTRPAS1-41,marginalised,19.57341781487661,1.5748557359035246e-20,1668.2703857421875
EDTRPAS1-41,marginalised,20.048566865527135,1.666598459230418e-20,1668.113037109375
EDTRPAS1-41,marginalised,20.535250264571467,1.7906213461940122e-20,1667.9266357421875
EDTRPAS1-41,marginalised,21.033748010870337,1.9640402889789155e-20,1667.7039794921875
EDTRPAS1-41,marginalised,21.544346900318843,2.2152306025185673e-20,1667.439208984375
EDTRPAS1-41,marginalised,22.0673406908459,2.5928892251528645e-20,1667.135009765625
EDTRPAS1-41,marginalised,22.603030271419208,3.1878471013678295e-20,1666.796875
EDTRPAS1-41,marginalised,23.151723835152733,4.209263466534924e-20,1666.4344482421875
EDTRPAS1-41,marginalised,23.71373705661656,6.205556505772294e-20,1666.0611572265625
EDTRPAS1-41,marginalised,24.2893932734508,1.1035591454368911e-19,1665.6964111328125
EDTRPAS1-41,marginalised,24.879023672388367,2.5809872419288125e-19,1665.3572998046875
EDTRPAS1-41,marginalised,25.482967479793473,7.438562632996832e-19,1600.107177734375
EDTRPAS1-41,marginalised,26.10157215682537,2.009557889781181e-18,1527.6756591796875
EDTRPAS1-41,marginalised,26.735193599339915,3.862653516598829e-18,1484.82080078125
EDTRPAS1-41,marginalised,27.384196342643627,4.418407879459918e-18,1476.2320556640625
EDTRPAS1-41,marginalised,28.048953771218283,2.7318282678251357e-18,1506.8812255859375
EDTRPAS1-41,marginalised,28.729848333536648,9.230441509074124e-19,1582.6055908203125
EDTRPAS1-41,marginalised,29.427271762092822,2.2538370536062498e-19,1665.4095458984375
EDTRPAS1-41,marginalised,30.14162529877391,7.162619490298056e-20,1665.9609375
EDTRPAS1-41,marginalised,30.873319925702642,3.460931331096391e-20,1666.6845703125
EDTRPAS1-41,marginalised,31.62277660168379,2.0644497254735525e-20,1667.59619140625
EDTRPAS1-41,marginalised,32.390426504390305,1.361769712770589e-20,1668.7130126953125
EDTRPAS1-41,marginalised,33.17671127842858,9.495991501137944e-21,1670.0672607421875
EDTRPAS1-41,marginalised,33.98208328942561,6.850203034269702e-21,1671.699462890625
EDTRPAS1-41,marginalised,34.807005884284116,5.03342423129103e-21,1673.67431640625
EDTRPAS1-41,marginalised,35.651953657755485,3.719597020063198e-21,1676.07666015625
EDTRPAS1-41,marginalised,36.51741272548378,2.7514585616110737e-21,1679.019775390625
EDTRPAS1-41,marginalised,37.403881003677874,2.0242826445898116e-21,1682.6412353515625
EDTRPAS1-41,marginalised,38.31186849557288,1.4695810931651148e-21,1687.10546875
EDTRPAS1-41,marginalised,39.241897584845354,1.0559600682613512e-21,1692.580810546875
EDTRPAS1-41,marginalised,40.19450333615125,7.45486201632541e-22,1699.236328125
EDTRPAS1-41,marginalised,41.17023380295948,5.214202110355591e-22,1707.203125
EDTRPAS1-41,marginalised,42.16965034285825,3.656008299319607e-22,1716.55224609375
EDTRPAS1-41,marginalised,43.19332794051545,2.585002079472095e-22,1727.2559814453125
EDTRPAS1-41,marginalised,44.24185553847917,1.8299986716941638e-22,1739.1546630859375
EDTRPAS1-41,marginalised,45.315836376008185,1.3160522268587036e-22,1751.93505859375
EDTRPAS1-41,marginalised,46.41588833612781,9.623038726211577e-23,1765.1134033203125
EDTRPAS1-41,marginalised,47.54264430111056,7.251863521785724e-23,1778.05517578125
EDTRPAS1-41,marginalised,48.69675251658631,5.554578847824044e-23,1790.00537109375
EDTRPAS1-41,marginalised,49.878876964491056,4.498883471268068e-23,1800.151123046875
EDTRPAS1-41,marginalised,51.08969774506929,3.8819648378582664e-23,1807.705078125
EDTRPAS1-41,marginalised,52.32991146814949,3.517614215535931e-23,1811.994140625
EDTRPAS1-41,marginalised,53.60023165391793,3.5154554248018173e-23,1812.5504150390625
EDTRPAS1-41,marginalised,54.901389143421405,3.759989639558034e-23,1809.1697998046875
EDTRPAS1-41,marginalised,56.234132519034915,4.314956258893374e-23,1801.9537353515625
EDTRPAS1-41,marginalised,57.5992285351363,5.428591804617901e-23,1791.2916259765625
EDTRPAS1-41,marginalised,58.997462559235615,7.313714687361376e-23,1777.8260498046875
EDTRPAS1-41,marginalised,60.42963902381327,1.0398752256464775e-22,1762.36474609375
EDTRPAS1-41,marginalised,61.89658188912606,1.5437400631359666e-22,1745.7952880859375
EDTRPAS1-41,marginalised,63.39913511724846,2.439403407181502e-22,1728.9881591796875
EDTRPAS1-41,marginalised,64.93816315762116,4.2073759090326427e-22,1712.712646484375
EDTRPAS1-41,marginalised,66.51455144438633,8.097052030020716e-22,1697.5872802734375
EDTRPAS1-41,marginalised,68.12920690579612,1.817700446140794e-21,1684.04443359375
EDTRPAS1-41,marginalised,69.78305848598664,6.128613262780896e-21,1672.330322265625
EDTRPAS1-41,marginalised,71.47705767941858,2.036888349460269e-14,1033.9449462890625
EDTRPAS1-41,marginalised,73.21217907829133,0.00018831781904151944,69.55638885498047
EDTRPAS1-41,marginalised,74.98942093324557,0.002542598257083656,16.098405838012695
EDTRPAS1-41,marginalised,76.80980572767753,0.007643491696810371,6.942543983459473
EDTRPAS1-41,marginalised,78.67438076599402,0.011615112079147961,4.877880573272705
EDTRPAS1-41,marginalised,80.58421877614815,0.012354643267077288,4.3991169929504395
EDTRPAS1-41,marginalised,82.5404185268019,0.011687810814879237,4.286167144775391
EDTRPAS1-41,marginalised,84.54410545946924,0.010861555554494744,4.40794563293457
EDTRPAS1-41,marginalised,86.59643233600654,0.010223219603670784,4.5387492179870605
EDTRPAS1-41,marginalised,88.6985799018192,0.00977919927127982,4.652053356170654
EDTRPAS1-41,marginalised,90.85175756516864,0.00949658074900517,4.610077857971191
EDTRPAS1-41,marginalised,93.05720409296997,0.00935482367954616,4.7327775955200195
EDTRPAS1-41,marginalised,95.31618832347876,0.009274505809271673,4.639554977416992
EDTRPAS1-41,marginalised,97.63000989628077,0.009227652906732468,4.630043029785156
EDTRPAS1-41,marginalised,100.00000000000004,0.009202700987497614,4.650065898895264
EDTRPAS1-41,marginalised,102.4275221381592,0.009191741115145004,4.679349422454834
EDTRPAS1-41,marginalised,104.91397291363097,0.009189061315774173,4.710818290710449
EDTRPAS1-41,marginalised,107.46078283213177,0.009190845177874442,4.742212772369385
EDTRPAS1-41,marginalised,110.0694171252209,0.009194770442322026,4.772852420806885
EDTRPAS1-41,marginalised,112.74137659327857,0.00919946608003895,4.774705410003662
EDTRPAS1-41,marginalised,115.4781984689458,0.009204217734997164,4.741421222686768
EDTRPAS1-41,marginalised,118.28145730152693,0.009208622411261363,4.714141845703125
EDTRPAS1-41,marginalised,121.15276586285887,0.009212559461745049,4.691686630249023
EDTRPAS1-41,marginalised,124.0937760751719,0.009215983169738469,4.673177242279053
EDTRPAS1-41,marginalised,127.10617996147457,0.00921888131921501,4.657902240753174
EDTRPAS1-41,marginalised,130.19171061900778,0.00922135023705482,4.64528226852417
EDTRPAS1-41,marginalised,133.35214321633242,0.009223386677588735,4.634850025177002
EDTRPAS1-41,marginalised,136.58929601461872,0.009225072387009703,4.626223564147949
EDTRPAS1-41,marginalised,139.90503141372932,0.00922646769351497,4.619083404541016
EDTRPAS1-41,marginalised,143.30125702369637,0.00922762564624875,4.613162517547607
EDTRPAS1-41,marginalised,146.77992676220697,0.00922859521183507,4.608251094818115
EDTRPAS1-41,marginalised,150.34304197873345,0.00922940504325938,4.60417366027832
EDTRPAS1-41,marginalised,153.99265260594927,0.009230086113471252,4.60078763961792
EDTRPAS1-41,marginalised,157.7308583390972,0.009230634370972369,4.5979814529418945
EDTRPAS1-41,marginalised,161.55980984398738,0.009231078657756995,4.595658302307129
EDTRPAS1-41,marginalised,165.48170999431815,0.009231375539143816,4.593751907348633
EDTRPAS1-41,marginalised,169.49881513903458,0.009231518362927583,4.592207431793213
EDTRPAS1-41,marginalised,173.6134364004524,0.00923147834836322,4.590978622436523
EDTRPAS1-41,marginalised,177.82794100389225,0.00923124839995674,4.590029239654541
EDTRPAS1-41,marginalised,182.14475363959448,0.009230792701089325,4.58933162689209
EDTRPAS1-41,marginalised,186.56635785769126,0.009230111878559337,4.588855743408203
EDTRPAS1-41,marginalised,191.09529749704396,0.009229182209562028,4.588582515716553
EDTRPAS1-41,marginalised,195.73417814876615,0.009228050668845826,4.588476657867432
EDTRPAS1-41,marginalised,200.48566865527133,0.009226758413083888,4.58851432800293
EDTRPAS1-41,marginalised,205.35250264571462,0.009225350632400403,4.588658809661865
EDTRPAS1-41,marginalised,210.3374801087034,0.009223886580069904,4.588878631591797
EDTRPAS1-41,marginalised,215.44346900318828,0.009222458636461046,4.589136123657227
EDTRPAS1-41,marginalised,220.67340690845913,0.009221141470690742,4.589396953582764
EDTRPAS1-41,marginalised,226.030302714192,0.009220024811688852,4.589625835418701
EDTRPAS1-41,marginalised,231.5172383515274,0.00921916465485473,4.589799404144287
EDTRPAS1-41,marginalised,237.13737056616563,0.009218604500035716,4.589897632598877
EDTRPAS1-41,marginalised,242.8939327345078,0.009218360949809663,4.589911937713623
EDTRPAS1-41,marginalised,248.79023672388362,0.009218420538299408,4.589846134185791
EDTRPAS1-41,marginalised,254.82967479793467,0.009218699311016204,4.589711666107178
EDTRPAS1-41,marginalised,261.0157215682535,0.009219178687363197,4.58953332901001
EDTRPAS1-41,marginalised,267.3519359933992,0.009219723469337842,4.589335918426514
EDTRPAS1-41,marginalised,273.84196342643605,0.00922020304009466,4.589162826538086
EDTRPAS1-41,marginalised,280.48953771218277,0.00922052825420792,4.589048385620117
EDTRPAS1-41,marginalised,287.29848333536654,0.009220541151828635,4.589035987854004
EDTRPAS1-41,marginalised,294.27271762092806,0.009220125701194943,4.589158535003662
EDTRPAS1-41,marginalised,301.4162529877392,0.00921919051766166,4.589453220367432
EDTRPAS1-41,marginalised,308.73319925702634,0.009217640994779149,4.589942932128906
EDTRPAS1-41,marginalised,316.22776601683796,0.009215428669055887,4.590649604797363
EDTRPAS1-41,marginalised,323.90426504390314,0.009212536478415547,4.5915751457214355
EDTRPAS1-41,marginalised,331.7671127842856,0.009208984820022723,4.592718124389648
EDTRPAS1-41,marginalised,339.82083289425617,0.009204815438828649,4.594052791595459
EDTRPAS1-41,marginalised,348.0700588428411,0.009200146630981627,4.595554351806641
EDTRPAS1-41,marginalised,356.51953657755496,0.009195108757432529,4.5971760749816895
EDTRPAS1-41,marginalised,365.17412725483786,0.009189857073511297,4.598865509033203
EDTRPAS1-41,marginalised,374.0388100367785,0.009184564294014999,4.60057258605957
EDTRPAS1-41,marginalised,383.1186849557287,0.009179402114975609,4.602239608764648
EDTRPAS1-41,marginalised,392.4189758484536,0.00917452560223937,4.60381555557251
EDTRPAS1-41,marginalised,401.9450333615123,0.009170061578423302,4.605259895324707
EDTRPAS1-41,marginalised,411.7023380295949,0.009166099185503415,4.606543064117432
EDTRPAS1-41,marginalised,421.69650342858216,0.009162687901286121,4.6076483726501465
EDTRPAS1-41,marginalised,431.93327940515445,0.009159839143155997,4.608572006225586
EDTRPAS1-41,marginalised,442.41855538479183,0.00915753517094304,4.609319686889648
EDTRPAS1-41,marginalised,453.15836376008156,0.009155729913917904,4.609905242919922
EDTRPAS1-41,marginalised,464.1588833612782,0.009154364280986286,4.610348701477051
EDTRPAS1-41,marginalised,475.4264430111055,0.009153372083821165,4.610671043395996
EDTRPAS1-41,marginalised,486.96752516586315,0.009152688515801007,4.6108927726745605
EDTRPAS1-41,marginalised,498.7887696449107,0.009152249358247294,4.611035346984863
EDTRPAS1-41,marginalised,510.8969774506926,0.009123956735857343,4.620250225067139
EDTRPAS1-41,marginalised,523.299114681495,0.009117247417645802,4.622443199157715
EDTRPAS1-41,marginalised,536.0023165391792,0.009109646824752939,4.624930381774902
EDTRPAS1-41,marginalised,549.0138914342142,0.009101134293011516,4.627720355987549
EDTRPAS1-41,marginalised,562.3413251903493,0.009091731379007347,4.630807399749756
EDTRPAS1-41,marginalised,575.9922853513626,0.009081490373652648,4.634176254272461
EDTRPAS1-41,marginalised,589.9746255923563,0.009070488344757719,4.637802600860596
EDTRPAS1-41,marginalised,604.2963902381329,0.009058806559016407,4.641661167144775
EDTRPAS1-41,marginalised,618.9658188912607,0.009046532416866978,4.645724773406982
EDTRPAS1-41,marginalised,633.9913511724842,0.00903374459101965,4.64996862411499
EDTRPAS1-41,marginalised,649.3816315762111,0.009020505082678862,4.654372692108154
EDTRPAS1-41,marginalised,665.1455144438634,0.009006857774192101,4.658924579620361
EDTRPAS1-41,marginalised,681.2920690579614,0.008992838161186352,4.663612365722656
EDTRPAS1-41,marginalised,697.8305848598666,0.008978468089942609,4.668429851531982
EDTRPAS1-41,marginalised,714.7705767941853,0.008963774346367326,4.673370361328125
EDTRPAS1-41,marginalised,732.1217907829127,0.008948785550964847,4.678423881530762
EDTRPAS1-41,marginalised,749.8942093324558,0.008933549153004832,4.68357515335083
EDTRPAS1-41,marginalised,768.0980572767755,0.008918122831243016,4.688806533813477
EDTRPAS1-41,marginalised,786.7438076599396,0.008902569980796582,4.694094657897949
EDTRPAS1-41,marginalised,805.8421877614817,0.008886958125258483,4.6994194984436035
EDTRPAS1-41,marginalised,825.4041852680184,0.008871339986962169,4.7047624588012695
EDTRPAS1-41,marginalised,845.4410545946926,0.008855748810062023,4.710111618041992
EDTRPAS1-41,marginalised,865.9643233600657,0.008840191300307523,4.715465545654297
EDTRPAS1-41,marginalised,886.9857990181914,0.008824635092797885,4.720832824707031
EDTRPAS1-41,marginalised,908.5175756516867,0.008809028056963448,4.726234436035156
EDTRPAS1-41,marginalised,930.572040929699,0.008793289614271864,4.731698989868164
EDTRPAS1-41,marginalised,953.1618832347878,0.008777327926186653,4.73725700378418
EDTRPAS1-41,marginalised,976.3000989628069,0.008761047350759454,4.7429423332214355
EDTRPAS1-41,marginalised,999.9999999999998,0.00874436363319266,4.7487874031066895
EDTRPAS1-35,marginalised,49.99999999999999,5.34131670391743e-19,1339.636962890625
EDTRPAS1-35,marginalised,51.21376106907962,4.701578202589547e-19,1345.5179443359375
EDTRPAS1-35,marginalised,52.456986456815486,4.398877967582459e-19,1348.6114501953125
EDTRPAS1-35,marginalised,53.73039141606588,4.403915715246011e-19,1348.5576171875
EDTRPAS1-35,marginalised,55.03470856261049,4.7308492605945155e-19,1345.228759765625
EDTRPAS1-35,marginalised,56.37068829663924,5.446113928639932e-19,1338.7442626953125
EDTRPAS1-35,marginalised,57.739099234472896,6.687477857464751e-19,1329.4703369140625
EDTRPAS1-35,marginalised,59.14072865076346,8.711212162905922e-19,1317.9681396484375
EDTRPAS1-35,marginalised,60.57638293142943,1.2004426692757133e-18,1304.928466796875
EDTRPAS1-35,marginalised,62.046888037586,1.7564802486856347e-18,1291.0914306640625
EDTRPAS1-35,marginalised,63.55308998073723,2.7572950504060988e-18,1277.17138671875
EDTRPAS1-35,marginalised,65.09585530950389,4.704152632768426e-18,1263.79150390625
EDTRPAS1-35,marginalised,66.67607160816621,8.877874042259296e-18,1251.4373779296875
EDTRPAS1-35,marginalised,68.29464800730935,1.9665922147737643e-17,1240.4420166015625
EDTRPAS1-35,marginalised,69.95251570686466,7.015306325731185e-17,1230.9825439453125
EDTRPAS1-35,marginalised,71.65062851184811,7.366524588930585e-12,806.705810546875
EDTRPAS1-35,marginalised,73.38996338110347,5.174147303292329e-05,105.32555389404297
EDTRPAS1-35,marginalised,75.17152098936673,0.0015786789389916416,19.489267349243164
EDTRPAS1-35,marginalised,76.99632630297462,0.010547718571499661,5.176108360290527
EDTRPAS1-35,marginalised,78.86542916954859,0.022343585875841787,2.8781869411468506
EDTRPAS1-35,marginalised,80.77990492199369,0.017628418107838793,3.1631298065185547
EDTRPAS1-35,marginalised,82.74085499715908,0.012038227667180337,3.900078773498535
EDTRPAS1-35,marginalised,84.74940756951734,0.009015373132580395,4.603240013122559
EDTRPAS1-35,marginalised,86.8067182002262,0.007431530428013001,5.093686103820801
EDTRPAS1-35,marginalised,88.91397050194611,0.006584315615102375,5.4766387939453125
EDTRPAS1-35,marginalised,91.07237681979724,0.006097646884771865,5.755753993988037
EDTRPAS1-35,marginalised,93.28317892884563,0.005814695309630212,5.9057183265686035
EDTRPAS1-35,marginalised,95.54764874852205,0.00565262837918368,5.92521858215332
EDTRPAS1-35,marginalised,97.86708907438297,0.005561244319969876,5.968967437744141
EDTRPAS1-35,marginalised,100.24283432763565,0.005510903755514463,6.012624263763428
EDTRPAS1-35,marginalised,102.67625132285731,0.005484147443327399,6.050512313842773
EDTRPAS1-35,marginalised,105.16874005435169,0.0054707036167030805,6.082870006561279
EDTRPAS1-35,marginalised,107.72173450159414,0.005464587778952879,6.111176490783691
EDTRPAS1-35,marginalised,110.33670345422946,0.005462382191557028,6.136709690093994
EDTRPAS1-35,marginalised,113.015151357096,0.005462184919321432,6.1602559089660645
EDTRPAS1-35,marginalised,115.75861917576368,0.005462963010520618,6.157041549682617
EDTRPAS1-35,marginalised,118.5686852830828,0.005464174606331336,6.1329827308654785
EDTRPAS1-35,marginalised,121.44696636725389,0.005465538065602306,6.112736225128174
EDTRPAS1-35,marginalised,124.3951183619418,0.005466942677558719,6.095667362213135
EDTRPAS1-35,marginalised,127.41483739896732,0.005468304340106009,6.08126163482666
EDTRPAS1-35,marginalised,130.50786078412688,0.005469597480462184,6.069084167480469
EDTRPAS1-35,marginalised,133.6759679966996,0.005470809067866465,6.058794975280762
EDTRPAS1-35,marginalised,136.92098171321803,0.005471928145945077,6.050090312957764
EDTRPAS1-35,marginalised,140.24476885609135,0.0054729439066200855,6.042726993560791
EDTRPAS1-35,marginalised,143.64924166768324,0.005473857187034095,6.036508083343506
EDTRPAS1-35,marginalised,147.13635881046415,0.0054746602557162,6.0312581062316895
EDTRPAS1-35,marginalised,150.70812649386957,0.005475371039988795,6.026827812194824
EDTRPAS1-35,marginalised,154.36659962851317,0.005475986706812063,6.023102283477783
EDTRPAS1-35,marginalised,158.11388300841898,0.005476531289150773,6.019960880279541
EDTRPAS1-35,marginalised,161.95213252195154,0.0054770098814520525,6.017312526702881
EDTRPAS1-35,marginalised,165.88355639214276,0.005477454255990114,6.015071392059326
EDTRPAS1-35,marginalised,169.91041644712791,0.00547788235007087,6.013162136077881
EDTRPAS1-35,marginalised,174.03502942142052,0.0054783264906127106,6.011514663696289
EDTRPAS1-35,marginalised,178.25976828877745,0.005478791194247034,6.010075569152832
EDTRPAS1-35,marginalised,182.5870636274189,0.005479303478582655,6.008796215057373
EDTRPAS1-35,marginalised,187.01940501838925,0.0054798745910460845,6.007635116577148
EDTRPAS1-35,marginalised,191.55934247786433,0.005480505100404194,6.006565570831299
EDTRPAS1-35,marginalised,196.2094879242268,0.0054811869613915825,6.005570888519287
EDTRPAS1-35,marginalised,200.97251668075629,0.0054819124665075325,6.004644393920898
EDTRPAS1-35,marginalised,205.85116901479742,0.005482654997664222,6.003780364990234
EDTRPAS1-35,marginalised,210.84825171429105,0.00548338097513803,6.002988338470459
EDTRPAS1-35,marginalised,215.9666397025772,0.005484069882721691,6.002281665802002
EDTRPAS1-35,marginalised,221.2092776923959,0.005484679376901654,6.001673698425293
EDTRPAS1-35,marginalised,226.57918188004095,0.005485187254424208,6.001171588897705
EDTRPAS1-35,marginalised,232.07944168063906,0.005485570563492767,6.000784397125244
EDTRPAS1-35,marginalised,237.71322150555272,0.0054858154090542946,6.000521659851074
EDTRPAS1-35,marginalised,243.48376258293155,0.005485925838409707,6.000373363494873
EDTRPAS1-35,marginalised,249.39438482245532,0.005485910415191298,6.000333309173584
EDTRPAS1-35,marginalised,255.44848872534627,0.005485783431649805,6.000377178192139
EDTRPAS1-35,marginalised,261.6495573407475,0.005485596059091933,6.000478267669678
EDTRPAS1-35,marginalised,268.00115826958955,0.005485376660545427,6.000609397888184
EDTRPAS1-35,marginalised,274.50694571710704,0.005485177261215219,6.000733375549316
EDTRPAS1-35,marginalised,281.17066259517463,0.005485062822968783,6.000799179077148
EDTRPAS1-35,marginalised,287.99614267568126,0.00548507699534558,6.000778675079346
EDTRPAS1-35,marginalised,294.9873127961781,0.005485275156503188,6.00062894821167
EDTRPAS1-35,marginalised,302.14819511906643,0.005485696311602225,6.000321388244629
EDTRPAS1-35,marginalised,309.48290944563036,0.0054863803201602385,5.999836444854736
EDTRPAS1-35,marginalised,316.9956755862423,0.005487320282461857,5.999163627624512
EDTRPAS1-35,marginalised,324.69081578810557,0.005488513146040955,5.998309135437012
EDTRPAS1-35,marginalised,332.5727572219317,0.0054899415385251836,5.997291564941406
EDTRPAS1-35,marginalised,340.6460345289807,0.005491553384633967,5.996145248413086
EDTRPAS1-35,marginalised,348.9152924299333,0.005493294407357726,5.994907855987549
EDTRPAS1-35,marginalised,357.38528839709295,0.0054951054319965385,5.9936203956604
EDTRPAS1-35,marginalised,366.06089539145637,0.005496908677753911,5.992336273193359
EDTRPAS1-35,marginalised,374.9471046662279,0.0054986557729354985,5.99109411239624
EDTRPAS1-35,marginalised,384.0490286383877,0.0055002922198031864,5.989931106567383
EDTRPAS1-35,marginalised,393.37190382996977,0.005501780022947139,5.988873481750488
EDTRPAS1-35,marginalised,402.9210938807411,0.005503095076300719,5.987937927246094
EDTRPAS1-35,marginalised,412.70209263400915,0.0055042254043268955,5.9871344566345215
EDTRPAS1-35,marginalised,422.7205272973462,0.005505171560654656,5.986461639404297
EDTRPAS1-35,marginalised,432.9821616800328,0.005505942478143316,5.985913276672363
EDTRPAS1-35,marginalised,443.49289950909565,0.005506554417753649,5.985477924346924
EDTRPAS1-35,marginalised,454.2587878258437,0.005507024795381617,5.985142707824707
EDTRPAS1-35,marginalised,465.28602046484946,0.005507375895440381,5.984893798828125
EDTRPAS1-35,marginalised,476.5809416173939,0.005507627633590031,5.984714508056641
EDTRPAS1-35,marginalised,488.15004948140387,0.0055077996548341095,5.984591960906982
EDTRPAS1-35,marginalised,499.99999999999983,0.0055079081835761705,5.9845147132873535
EDTRPAS1-35,marginalised,512.1376106907965,0.005514763848790383,5.9796319007873535
EDTRPAS1-35,marginalised,524.5698645681549,0.005516193608997208,5.978611946105957
EDTRPAS1-35,marginalised,537.3039141606589,0.005517735764803443,5.977510929107666
EDTRPAS1-35,marginalised,550.347085626105,0.0055193694581148174,5.976344108581543
EDTRPAS1-35,marginalised,563.7068829663924,0.005521065124399342,5.975131034851074
EDTRPAS1-35,marginalised,577.390992344729,0.005522789773654782,5.97389554977417
EDTRPAS1-35,marginalised,591.4072865076347,0.005524509853904666,5.972661018371582
EDTRPAS1-35,marginalised,605.763829314294,0.0055261944857333675,5.971449375152588
EDTRPAS1-35,marginalised,620.4688803758602,0.005527816953311603,5.970279216766357
EDTRPAS1-35,marginalised,635.5308998073724,0.005529356604190088,5.969165325164795
EDTRPAS1-35,marginalised,650.958553095039,0.00553079888807883,5.968117713928223
EDTRPAS1-35,marginalised,666.7607160816622,0.005532133188277888,5.967144012451172
EDTRPAS1-35,marginalised,682.9464800730931,0.005533352683579775,5.966248512268066
EDTRPAS1-35,marginalised,699.5251570686473,0.005534451961027299,5.96543550491333
EDTRPAS1-35,marginalised,716.5062851184813,0.005535427741540944,5.964705944061279
EDTRPAS1-35,marginalised,733.8996338110348,0.005536273892210476,5.964067459106445
EDTRPAS1-35,marginalised,751.7152098936674,0.00553699063718754,5.9635162353515625
EDTRPAS1-35,marginalised,769.9632630297457,0.00553757559558496,5.963055610656738
EDTRPAS1-35,marginalised,788.6542916954868,0.0055380285358359906,5.962686061859131
EDTRPAS1-35,marginalised,807.799049219937,0.005538352775241727,5.962405204772949
EDTRPAS1-35,marginalised,827.4085499715909,0.00553855241974821,5.962209224700928
EDTRPAS1-35,marginalised,847.4940756951737,0.005538630232419057,5.962100028991699
EDTRPAS1-35,marginalised,868.0671820022613,0.0055385945263094335,5.9620680809021
EDTRPAS1-35,marginalised,889.1397050194621,0.005538449663423064,5.962111473083496
EDTRPAS1-35,marginalised,910.7237681979726,0.00553819846797657,5.962227821350098
EDTRPAS1-35,marginalised,932.8317892884564,0.005537841349710768,5.962417125701904
EDTRPAS1-35,marginalised,955.4764874852208,0.005537376606110276,5.962679862976074
EDTRPAS1-35,marginalised,978.67089074383,0.005536800169502421,5.963018894195557
EDTRPAS1-35,marginalised,1002.4283432763567,0.005536104823256854,5.963438510894775
EDTRPAS1-35,marginalised,1026.7625132285732,0.005535284165959164,5.963943004608154
EDTRPAS1-35,marginalised,1051.6874005435163,0.0055343295246876225,5.964538097381592
EDTRPAS1-35,marginalised,1077.2173450159426,0.005533232642475567,5.9652299880981445
EDTRPAS1-35,marginalised,1103.3670345422947,0.005531984094125329,5.966024398803711
EDTRPAS1-35,marginalised,1130.1515135709603,0.005530574797634994,5.966928482055664
EDTRPAS1-35,marginalised,1157.5861917576372,0.0055289947748793635,5.9679484367370605
EDTRPAS1-35,marginalised,1185.6868528308273,0.005527232395524336,5.96909236907959
EDTRPAS1-35,marginalised,1214.4696636725403,0.005525274776289521,5.970369338989258
EDTRPAS1-35,marginalised,1243.9511836194183,0.005523108531298008,5.9717888832092285
EDTRPAS1-35,marginalised,1274.1483739896735,0.005520719719317295,5.973361015319824
EDTRPAS1-35,marginalised,1305.0786078412689,0.005518095346334054,5.975094318389893
EDTRPAS1-35,marginalised,1336.759679966995,0.005515225884281231,5.976995944976807
EDTRPAS1-35,marginalised,1369.2098171321818,0.005512104469569761,5.979071617126465
EDTRPAS1-35,marginalised,1402.447688560914,0.005508728013409632,5.981324195861816
EDTRPAS1-35,marginalised,1436.4924166768328,0.005505098754970039,5.983752250671387
EDTRPAS1-35,marginalised,1471.3635881046416,0.005501222480840483,5.986352920532227
EDTRPAS1-35,marginalised,1507.0812649386949,0.005497105296874906,5.989123344421387
EDTRPAS1-35,marginalised,1543.665996285132,0.005492757932827953,5.9920549392700195
EDTRPAS1-35,marginalised,1581.13883008419,0.005488183327580441,5.995150566101074
EDTRPAS1-35,marginalised,1619.5213252195158,0.00548339046502263,5.9984002113342285
EDTRPAS1-35,marginalised,1658.8355639214296,0.005478380123827562,6.001806735992432
EDTRPAS1-35,marginalised,1699.1041644712795,0.005473150240603177,6.00537109375
EDTRPAS1-35,marginalised,1740.3502942142056,0.005467695598574193,6.009098052978516
EDTRPAS1-35,marginalised,1782.597682887775,0.005462009266726553,6.012993335723877
EDTRPAS1-35,marginalised,1825.8706362741877,0.00545608184721321,6.017063617706299
EDTRPAS1-35,marginalised,1870.1940501838944,0.005449904264751384,6.0213165283203125
EDTRPAS1-35,marginalised,1915.5934247786438,0.005443466416380731,6.025760173797607
EDTRPAS1-35,marginalised,1962.0948792422685,0.005436760227159377,6.03040075302124
EDTRPAS1-35,marginalised,2009.7251668075633,0.005429775897198886,6.035246849060059
EDTRPAS1-35,marginalised,2058.511690147973,0.005422504829147896,6.0403056144714355
EDTRPAS1-35,marginalised,2108.482517142913,0.005414938146471648,6.045584678649902
EDTRPAS1-35,marginalised,2159.6663970257728,0.00540706246014072,6.051095008850098
EDTRPAS1-35,marginalised,2212.0927769239593,0.005398863728575173,6.05684757232666
EDTRPAS1-35,marginalised,2265.79181880041,0.005390324579120113,6.062857151031494
EDTRPAS1-35,marginalised,2320.794416806389,0.00538142086576383,6.069142818450928
EDTRPAS1-35,marginalised,2377.13221505553,0.005372126375548369,6.075725078582764
EDTRPAS1-35,marginalised,2434.837625829316,0.005362411881918736,6.082627296447754
EDTRPAS1-35,marginalised,2493.9438482245537,0.00535224362701174,6.089876651763916
EDTRPAS1-35,marginalised,2554.4848872534653,0.00534158980219861,6.097499370574951
EDTRPAS1-35,marginalised,2616.4955734074733,0.005330417309008728,6.105522155761719
EDTRPAS1-35,marginalised,2680.0115826958963,0.005318696922629253,6.11397123336792
EDTRPAS1-35,marginalised,2745.069457171071,0.005306404593226945,6.122868537902832
EDTRPAS1-35,marginalised,2811.706625951744,0.005293523636546955,6.132230758666992
EDTRPAS1-35,marginalised,2879.961426756816,0.005280044003461491,6.14207124710083
EDTRPAS1-35,marginalised,2949.873127961782,0.005265963716349609,6.1523966789245605
EDTRPAS1-35,marginalised,3021.4819511906676,0.005251287762268574,6.163210391998291
EDTRPAS1-35,marginalised,3094.829094456304,0.005236025922660032,6.174510955810547
EDTRPAS1-35,marginalised,3169.9567558624212,0.005220194560018045,6.186293125152588
EDTRPAS1-35,marginalised,3246.908157881059,0.005203807071647562,6.198554992675781
EDTRPAS1-35,marginalised,3325.7275722193176,0.005186885219586847,6.211285591125488
EDTRPAS1-35,marginalised,3406.4603452898104,0.005169446026864701,6.224478721618652
EDTRPAS1-35,marginalised,3489.1529242993333,0.005151506886618643,6.23813009262085
EDTRPAS1-35,marginalised,3573.8528839709275,0.005133085989293917,6.252232074737549
EDTRPAS1-35,marginalised,3660.6089539145673,0.005114200755988201,6.266777515411377
EDTRPAS1-35,marginalised,3749.47104666228,0.005094861894138387,6.281766891479492
EDTRPAS1-35,marginalised,3840.4902863838747,0.005075083066264431,6.297196865081787
EDTRPAS1-35,marginalised,3933.719038299702,0.0050548676440868,6.313070774078369
EDTRPAS1-35,marginalised,4029.2109388074086,0.0050342127871634956,6.329401016235352
EDTRPAS1-35,marginalised,4127.020926340097,0.005013107362559341,6.346202850341797
EDTRPAS1-35,marginalised,4227.205272973463,0.004991527843087873,6.363503932952881
EDTRPAS1-35,marginalised,4329.821616800325,0.004969439372878875,6.381342887878418
EDTRPAS1-35,marginalised,4434.9289950909615,0.00494679433711403,6.399768829345703
EDTRPAS1-35,marginalised,4542.587878258434,0.004923535784244894,6.418839454650879
EDTRPAS1-35,marginalised,4652.8602046485,0.004899592278262333,6.438629150390625
EDTRPAS1-35,marginalised,4765.80941617394,0.004874889497379229,6.45921516418457
EDTRPAS1-35,marginalised,4881.500494814036,0.0048493473261158986,6.480681419372559
EDTRPAS1-35,marginalised,5000.000000000004,0.0048228845424419554,6.5031208992004395
EDTRPAS1-29,marginalised,575.0000000000001,1.454221290978326e-07,242.30133056640625
EDTRPAS1-29,marginalised,588.9582522944158,1.5156000326999313e-07,240.61587524414062
EDTRPAS1-29,marginalised,603.2553442533786,1.582168094722721e-07,238.8659210205078
EDTRPAS1-29,marginalised,617.8995012847575,1.6536834083748608e-07,237.0687255859375
EDTRPAS1-29,marginalised,632.8991484700206,1.729939180760595e-07,235.23887634277344
EDTRPAS1-29,marginalised,648.2629154113517,1.8108018374629922e-07,233.3874969482422
EDTRPAS1-29,marginalised,663.9996411964388,1.8962124822705393e-07,231.52273559570312
EDTRPAS1-29,marginalised,680.1183794837797,1.9861968443148505e-07,229.64991760253906
EDTRPAS1-29,marginalised,696.6284037114384,2.0808249055191298e-07,227.7730255126953
EDTRPAS1-29,marginalised,713.539212432239,2.1801540070019108e-07,225.89576721191406
EDTRPAS1-29,marginalised,730.8605347784786,2.2842079458744032e-07,224.0220489501953
EDTRPAS1-29,marginalised,748.6023360592952,2.3928841208839665e-07,222.1573944091797
EDTRPAS1-29,marginalised,766.7748234939113,2.50597644310682e-07,220.30812072753906
EDTRPAS1-29,marginalised,785.3884520840575,2.623180807446061e-07,218.48085021972656
EDTRPAS1-29,marginalised,804.4539306289441,2.744127298659761e-07,216.68222045898438
EDTRPAS1-29,marginalised,823.982227886254,2.8684896004075355e-07,214.91671752929688
EDTRPAS1-29,marginalised,843.9845788826899,2.9960506315837865e-07,213.1867218017578
EDTRPAS1-29,marginalised,864.4724913777172,3.126819654816982e-07,211.4910430908203
EDTRPAS1-29,marginalised,885.4577524842081,3.2610557356010237e-07,209.8255615234375
EDTRPAS1-29,marginalised,906.9524354498095,3.399347434700892e-07,208.18287658691406
EDTRPAS1-29,marginalised,928.9689066029281,3.5425115259344625e-07,206.5541229248047
EDTRPAS1-29,marginalised,951.5198324673293,3.6915946856242816e-07,204.92947387695312
EDTRPAS1-29,marginalised,974.6181870494495,3.8477352280819356e-07,203.2997283935547
EDTRPAS1-29,marginalised,998.2772593026011,4.012192144235301e-07,201.6562957763672
EDTRPAS1-29,marginalised,1022.5106607723811,4.186097120917452e-07,199.99325561523438
EDTRPAS1-29,marginalised,1047.332333427669,4.370586947327223e-07,198.30621337890625
EDTRPAS1-29,marginalised,1072.7565576817246,4.566726229882281e-07,196.5924835205078
EDTRPAS1-29,marginalised,1098.7979606080035,4.775578464029053e-07,194.85037231445312
EDTRPAS1-29,marginalised,1125.471524355405,4.998284778191121e-07,193.07855224609375
EDTRPAS1-29,marginalised,1152.792594767811,5.236058968113112e-07,191.27597045898438
EDTRPAS1-29,marginalised,1180.77689021286,5.490393525114897e-07,189.4405517578125
EDTRPAS1-29,marginalised,1209.4405106250445,5.762950419163073e-07,187.57015991210938
EDTRPAS1-29,marginalised,1238.7999467683335,6.055561652999114e-07,185.66290283203125
EDTRPAS1-29,marginalised,1268.8720897236399,6.37015742060459e-07,183.71762084960938
EDTRPAS1-29,marginalised,1299.674240606604,6.708664665398248e-07,181.7342529296875
EDTRPAS1-29,marginalised,1331.2241205212822,7.072819779503553e-07,179.715087890625
EDTRPAS1-29,marginalised,1363.539880755452,7.464140722562064e-07,177.66400146484375
EDTRPAS1-29,marginalised,1396.640113223421,7.883819927281862e-07,175.58676147460938
EDTRPAS1-29,marginalised,1430.5438611623317,8.332701368404979e-07,173.49046325683594
EDTRPAS1-29,marginalised,1465.270630088124,8.811349747251632e-07,171.38287353515625
EDTRPAS1-29,marginalised,1500.8403990174588,9.32023422020345e-07,169.2711639404297
EDTRPAS1-29,marginalised,1537.273631962045,9.859789960742666e-07,167.1616668701172
EDTRPAS1-29,marginalised,1574.5912897020085,1.043066355644036e-06,165.0591278076172
EDTRPAS1-29,marginalised,1612.814841845052,1.1033772450249462e-06,162.9667205810547
EDTRPAS1-29,marginalised,1651.9662791783571,1.1670687638347307e-06,160.88516235351562
EDTRPAS1-29,marginalised,1692.0681263203373,1.234338416747049e-06,158.8141326904297
EDTRPAS1-29,marginalised,1733.1434546794999,1.3054391729677483e-06,156.75210571289062
EDTRPAS1-29,marginalised,1775.2158957279028,1.3806838692348092e-06,154.69656372070312
EDTRPAS1-29,marginalised,1818.3096545968197,1.4604156822076293e-06,152.64527893066406
EDTRPAS1-29,marginalised,1862.4495240024426,1.5450272197750478e-06,150.59559631347656
EDTRPAS1-29,marginalised,1907.6608985096434,1.6349154281425436e-06,148.5459442138672
EDTRPAS1-29,marginalised,1953.9697891419726,1.7305259911313013e-06,146.4945831298828
EDTRPAS1-29,marginalised,2001.4028383463358,1.8323178704302235e-06,144.44039916992188
EDTRPAS1-29,marginalised,2049.9873353209423,1.94078552802516e-06,142.382568359375
EDTRPAS1-29,marginalised,2099.7512317153173,2.056487286963365e-06,140.31997680664062
EDTRPAS1-29,marginalised,2150.723157711478,2.1800466788298577e-06,138.25135803222656
EDTRPAS1-29,marginalised,2202.9324384954416,2.3121846769535524e-06,136.17507934570312
EDTRPAS1-29,marginalised,2256.409111128608,2.453755154167336e-06,134.0887451171875
EDTRPAS1-29,marginalised,2311.1839418286972,2.6057551972380913e-06,131.9894561767578
EDTRPAS1-29,marginalised,2367.28844367017,2.7693570084526887e-06,129.87391662597656
EDTRPAS1-29,marginalised,2424.754894714349,2.945919030715372e-06,127.73851776123047
EDTRPAS1-29,marginalised,2483.61635657964,3.136987794971452e-06,125.5798110961914
EDTRPAS1-29,marginalised,2543.9066934625525,3.3443191867816215e-06,123.39447784423828
EDTRPAS1-29,marginalised,2605.6605916204708,3.5698468694478917e-06,121.1801528930664
EDTRPAS1-29,marginalised,2668.913579327349,3.815684636601944e-06,118.93524932861328
EDTRPAS1-29,marginalised,2733.7020473138587,4.084045504784779e-06,116.65995025634766
EDTRPAS1-29,marginalised,2800.063269703715,4.377325048022427e-06,114.35511779785156
EDTRPAS1-29,marginalised,2868.0354254582357,4.697968187126854e-06,112.02347564697266
EDTRPAS1-29,marginalised,2937.6576203414843,5.04852757085847e-06,109.66869354248047
EDTRPAS1-29,marginalised,3008.9699094185958,5.431631252446006e-06,107.29529571533203
EDTRPAS1-29,marginalised,3082.01332010028,5.850032967119326e-06,104.9083251953125
EDTRPAS1-29,marginalised,3156.8298757467337,6.306604885834933e-06,102.51303100585938
EDTRPAS1-29,marginalised,3233.462619844508,6.804422649553215e-06,100.11445617675781
EDTRPAS1-29,marginalised,3311.9556407703344,7.346781466853477e-06,97.71731567382812
EDTRPAS1-29,marginalised,3392.354097156051,7.937251941444766e-06,95.32589721679688
EDTRPAS1-29,marginalised,3474.7042438692633,8.57969859625505e-06,92.94400024414062
EDTRPAS1-29,marginalised,3559.053458624752,9.278397191488878e-06,90.5748519897461
EDTRPAS1-29,marginalised,3645.450269241787,1.0037963455299721e-05,88.22136688232422
EDTRPAS1-29,marginalised,3733.9443815632203,1.0863548371889868e-05,85.88582611083984
EDTRPAS1-29,marginalised,3824.586708052217,1.1760969589781733e-05,83.56975555419922
EDTRPAS1-29,marginalised,3917.4293970832773,1.2736782378820709e-05,81.27416229248047
EDTRPAS1-29,marginalised,4012.5258629442355,1.3798604205138986e-05,78.99920654296875
EDTRPAS1-29,marginalised,4109.930816566569,1.4955533556066528e-05,76.74384307861328
EDTRPAS1-29,marginalised,4209.7002970017475,1.621829600056523e-05,74.50642395019531
EDTRPAS1-29,marginalised,4311.891703661624,1.760001049329426e-05,72.2840576171875
EDTRPAS1-29,marginalised,4416.563829341459,1.9116524860191304e-05,70.07318878173828
EDTRPAS1-29,marginalised,4523.776894044652,2.0787011681763873e-05,67.86973571777344
EDTRPAS1-29,marginalised,4633.592579628523,2.263494131730276e-05,65.66898345947266
EDTRPAS1-29,marginalised,4746.074065291114,2.46884142074012e-05,63.466556549072266
EDTRPAS1-29,marginalised,4861.286063919485,2.6981501536638878e-05,61.258056640625
EDTRPAS1-29,marginalised,4979.294859320376,2.955493792781503e-05,59.039939880371094
EDTRPAS1-29,marginalised,5100.168344354609,3.245739082804938e-05,56.809566497802734
EDTRPAS1-29,marginalised,5223.976059997202,3.574689437209752e-05,54.56557083129883
EDTRPAS1-29,marginalised,5350.789235345768,3.949261650707006e-05,52.307884216308594
EDTRPAS1-29,marginalised,5480.680828600033,4.377660857554272e-05,50.03810119628906
EDTRPAS1-29,marginalised,5613.725569036144,4.869677304445382e-05,47.75922775268555
EDTRPAS1-29,marginalised,5749.999999999997,5.4369983733578627e-05,45.47566223144531
EDTRPAS1-29,marginalised,5889.58252294416,6.0937069530861696e-05,43.192752838134766
EDTRPAS1-29,marginalised,6032.553442533781,6.856810262309805e-05,40.91676330566406
EDTRPAS1-29,marginalised,6178.995012847582,7.747090845830981e-05,38.654354095458984
EDTRPAS1-29,marginalised,6328.991484700207,8.790121343857095e-05,36.412384033203125
EDTRPAS1-29,marginalised,6482.629154113524,0.00010017644710652927,34.19772720336914
EDTRPAS1-29,marginalised,6639.996411964389,0.00011469351017889222,32.01717758178711
EDTRPAS1-29,marginalised,6801.183794837799,0.00013195152940380614,29.877527236938477
EDTRPAS1-29,marginalised,6966.284037114391,0.0001525817191219093,27.785587310791016
EDTRPAS1-29,marginalised,7135.39212432239,0.00017738478015300025,25.748334884643555
EDTRPAS1-29,marginalised,7308.605347784782,0.0002073812931220087,23.772842407226562
EDTRPAS1-29,marginalised,7486.023360592954,0.00024387453792942647,21.86632537841797
EDTRPAS1-29,marginalised,7667.748234939114,0.00028853598478178653,20.035865783691406
EDTRPAS1-29,marginalised,7853.884520840569,0.00034351875321436963,18.288108825683594
EDTRPAS1-29,marginalised,8044.539306289444,0.0004116073849398353,16.628982543945312
EDTRPAS1-29,marginalised,8239.822278862535,0.0004964286723177885,15.063231468200684
EDTRPAS1-29,marginalised,8439.845788826908,0.0006027327209820551,13.594250679016113
EDTRPAS1-29,marginalised,8644.724913777174,0.0007368031821589316,12.22374153137207
EDTRPAS1-29,marginalised,8854.57752484209,0.0009070142439398343,10.951835632324219
EDTRPAS1-29,marginalised,9069.524354498097,0.0011246569506039455,9.777057647705078
EDTRPAS1-29,marginalised,9289.689066029276,0.0014051169182897297,8.696609497070312
EDTRPAS1-29,marginalised,9515.198324673303,0.0017696275720704509,7.706611156463623
EDTRPAS1-29,marginalised,9746.181870494496,0.002247839596039217,6.802496433258057
EDTRPAS1-29,marginalised,9982.772593026004,0.002881723340145593,5.979280948638916
EDTRPAS1-29,marginalised,10225.106607723814,0.0037314174992843117,5.231907367706299
EDTRPAS1-29,marginalised,10473.323334276683,0.004884076117083922,4.555512428283691
EDTRPAS1-29,marginalised,10727.565576817258,0.006467079391966132,3.9456615447998047
EDTRPAS1-29,marginalised,10987.979606080038,0.008667289146484068,3.3985180854797363
EDTRPAS1-29,marginalised,11254.715243554065,0.011757254615983065,2.910982847213745
EDTRPAS1-29,marginalised,11527.925947678112,0.01612608928213729,2.480738639831543
EDTRPAS1-29,marginalised,11807.768902128591,0.022301708724402673,2.1062233448028564
EDTRPAS1-29,marginalised,12094.405106250457,0.030923886412491493,1.7865276336669922
EDTRPAS1-29,marginalised,12387.999467683338,0.04257590483989854,1.5212187767028809
EDTRPAS1-29,marginalised,12688.72089723639,0.05733222755910734,1.3100926876068115
EDTRPAS1-29,marginalised,12996.742406066052,0.0739641951031242,1.1529412269592285
EDTRPAS1-29,marginalised,13312.241205212826,0.08924578312917066,1.0493239164352417
EDTRPAS1-29,marginalised,13635.398807554511,0.09855368406718991,0.9984123706817627
EDTRPAS1-29,marginalised,13966.401132234212,0.09844751241817042,0.9989461302757263
EDTRPAS1-29,marginalised,14305.438611623307,0.08924927188909931,1.0492833852767944
EDTRPAS1-29,marginalised,14652.706300881258,0.0746535807564257,1.1475473642349243
EDTRPAS1-29,marginalised,15008.403990174591,0.058952209533873125,1.2918199300765991
EDTRPAS1-29,marginalised,15372.73631962047,0.04493922178796919,1.4803411960601807
EDTRPAS1-29,marginalised,15745.912897020089,0.03366019200853236,1.7116611003875732
EDTRPAS1-29,marginalised,16128.14841845051,0.025080682959714464,1.9847182035446167
EDTRPAS1-29,marginalised,16519.66279178359,0.01873749664025373,2.2988333702087402
EDTRPAS1-29,marginalised,16920.681263203376,0.01410169081609082,2.6535942554473877
EDTRPAS1-29,marginalised,17331.434546794986,0.010719190799759916,3.048705816268921
EDTRPAS1-29,marginalised,17752.158957279033,0.008241074340640525,3.483813762664795
EDTRPAS1-29,marginalised,18183.096545968183,0.006412490575976002,3.9582951068878174
EDTRPAS1-29,marginalised,18624.495240024447,0.005051216911872609,4.471144676208496
EDTRPAS1-29,marginalised,19076.608985096438,0.004028020132967838,5.020861625671387
EDTRPAS1-29,marginalised,19539.697891419746,0.0032511667543635237,5.605462551116943
EDTRPAS1-29,marginalised,20014.02838346338,0.0026552910058349,6.222512722015381
EDTRPAS1-29,marginalised,20499.87335320941,0.0021935110538095657,6.869231700897217
EDTRPAS1-29,marginalised,20997.512317153196,0.0018319619559910047,7.542614936828613
EDTRPAS1-29,marginalised,21507.231577114784,0.0015459936537777163,8.239569664001465
EDTRPAS1-29,marginalised,22029.3243849544,0.001317537200442365,8.95699405670166
EDTRPAS1-29,marginalised,22564.091111286103,0.001133232633910162,9.691905975341797
EDTRPAS1-29,marginalised,23111.839418286978,0.0009831438300553538,10.441411018371582
EDTRPAS1-29,marginalised,23672.884436701686,0.0008598187382858383,11.202723503112793
EDTRPAS1-29,marginalised,24247.548947143496,0.0007576271921144413,11.973122596740723
EDTRPAS1-29,marginalised,24836.16356579638,0.0006722882282098312,12.749835968017578
EDTRPAS1-29,marginalised,25439.066934625553,0.0006005191595719251,13.529976844787598
EDTRPAS1-29,marginalised,26056.605916204713,0.0005397807166329994,14.310489654541016
EDTRPAS1-29,marginalised,26689.13579327352,0.0004880922032207835,15.088101387023926
EDTRPAS1-29,marginalised,27337.020473138593,0.0004438954107564817,15.85929012298584
EDTRPAS1-29,marginalised,28000.632697037134,0.00040594894488553396,16.620386123657227
EDTRPAS1-29,marginalised,28680.35425458239,0.0003732550365578143,17.367626190185547
EDTRPAS1-29,marginalised,29376.57620341485,0.00034500270380267127,18.097274780273438
EDTRPAS1-29,marginalised,30089.69909418594,0.000320525261661393,18.805782318115234
EDTRPAS1-29,marginalised,30820.13320100283,0.00029926976963359466,19.489904403686523
EDTRPAS1-29,marginalised,31568.298757467317,0.0002807727896975802,20.14685821533203
EDTRPAS1-29,marginalised,32334.626198445058,0.00026464377413806014,20.774383544921875
EDTRPAS1-29,marginalised,33119.55640770338,0.0002505508726919432,21.370838165283203
EDTRPAS1-29,marginalised,33923.54097156055,0.00023821145437823754,21.935182571411133
EDTRPAS1-29,marginalised,34747.04243869267,0.00022738362250240924,22.466983795166016
EDTRPAS1-29,marginalised,35590.53458624749,0.0002178605814972148,22.966327667236328
EDTRPAS1-29,marginalised,36454.502692417904,0.00020946530741462703,23.43375015258789
EDTRPAS1-29,marginalised,37339.44381563218,0.00020204703945567257,23.870100021362305
EDTRPAS1-29,marginalised,38245.86708052215,0.0001954776802744092,24.276437759399414
EDTRPAS1-29,marginalised,39174.29397083282,0.0001896494782622116,24.653886795043945
EDTRPAS1-29,marginalised,40125.25862944233,0.00018447215254414304,25.003555297851562
EDTRPAS1-29,marginalised,41099.30816566566,0.00017987047267559335,25.326473236083984
EDTRPAS1-29,marginalised,42097.00297001752,0.00017578231113472766,25.62352180480957
EDTRPAS1-29,marginalised,43118.917036616294,0.00017215555894862185,25.8955020904541
EDTRPAS1-29,marginalised,44165.63829341455,0.00016894660611084517,26.143117904663086
EDTRPAS1-29,marginalised,45237.76894044657,0.00016611756839386357,26.36709213256836
EDTRPAS1-29,marginalised,46335.92579628528,0.0001636348797079718,26.568204879760742
EDTRPAS1-29,marginalised,47460.7406529111,0.00016146729476300943,26.74740219116211
EDTRPAS1-29,marginalised,48612.86063919482,0.00015958527398902853,26.905811309814453
EDTRPAS1-29,marginalised,49792.94859320382,0.00015796026328192598,27.044754028320312
EDTRPAS1-29,marginalised,51001.683443546055,0.00015656446985926818,27.165739059448242
EDTRPAS1-29,marginalised,52239.76059997198,0.00015537103877427252,27.270414352416992
EDTRPAS1-29,marginalised,53507.89235345774,0.0001543544844057924,27.360485076904297
EDTRPAS1-29,marginalised,54806.8082860003,0.00015349102575383525,27.437660217285156
EDTRPAS1-29,marginalised,56137.2556903614,0.00015275882916725123,27.503589630126953
EDTRPAS1-29,marginalised,57500.00000000004,0.00015213833834523712,27.559814453125
EDTRPAS1-46,marginalised,1175.0000000000002,1.3251860627211875e-07,321.6295166015625
EDTRPAS1-46,marginalised,1203.5233851233713,1.4044845407342653e-07,319.11334228515625
EDTRPAS1-46,marginalised,1232.7391817351647,1.4904144297750443e-07,316.54522705078125
EDTRPAS1-46,marginalised,1262.6641982775477,1.58369220406293e-07,313.9228820800781
EDTRPAS1-46,marginalised,1293.3156512213463,1.6850591001991915e-07,311.2459716796875
EDTRPAS1-46,marginalised,1324.711174971023,1.7952359134378713e-07,308.5166015625
EDTRPAS1-46,marginalised,1356.868832010114,1.9149001616677982e-07,305.7393493652344
EDTRPAS1-46,marginalised,1389.807123292941,2.044635933782851e-07,302.9216003417969
EDTRPAS1-46,marginalised,1423.5449988885912,2.184967938501738e-07,300.0721740722656
EDTRPAS1-46,marginalised,1458.1018688832705,2.3362934838492555e-07,297.2016296386719
EDTRPAS1-46,marginalised,1493.4976145473258,2.498986324694525e-07,294.3201904296875
EDTRPAS1-46,marginalised,1529.7525997733424,2.6734172889727707e-07,291.43621826171875
EDTRPAS1-46,marginalised,1566.8876827919055,2.859997562403119e-07,288.5569152832031
EDTRPAS1-46,marginalised,1604.9242281717693,3.059255952614252e-07,285.686767578125
EDTRPAS1-46,marginalised,1643.8841191113204,3.2718838989101586e-07,282.8275146484375
EDTRPAS1-46,marginalised,1683.7897700284318,3.4987636139498876e-07,279.9791564941406
EDTRPAS1-46,marginalised,1724.6641394559313,3.740997974321844e-07,277.1396484375
EDTRPAS1-46,marginalised,1766.5307432501177,3.999903384850131e-07,274.3055725097656
EDTRPAS1-46,marginalised,1809.4136681199032,4.2769584082459425e-07,271.473876953125
EDTRPAS1-46,marginalised,1853.3375854843932,4.57385164131316e-07,268.640869140625
EDTRPAS1-46,marginalised,1898.3277656668529,4.892403938931556e-07,265.803466796875
EDTRPAS1-46,marginalised,1944.4100924332377,5.234520002105561e-07,262.9600524902344
EDTRPAS1-46,marginalised,1991.6110778836573,5.602320255936838e-07,260.1083984375
EDTRPAS1-46,marginalised,2039.957877705315,5.998071355928308e-07,257.2471008300781
EDTRPAS1-46,marginalised,2089.478306795735,6.424297920865307e-07,254.37466430664062
EDTRPAS1-46,marginalised,2140.2008552652346,6.88378943564374e-07,251.4895782470703
EDTRPAS1-46,marginalised,2192.1547048278717,7.379867728858784e-07,248.58909606933594
EDTRPAS1-46,marginalised,2245.369745590268,7.916283381919196e-07,245.6703643798828
EDTRPAS1-46,marginalised,2299.8765932480014,8.497514080128543e-07,242.7291259765625
EDTRPAS1-46,marginalised,2355.7066066994394,9.128802523404991e-07,239.76052856445312
EDTRPAS1-46,marginalised,2412.8919060871463,9.816264701622768e-07,236.75938415527344
EDTRPAS1-46,marginalised,2471.465391277264,1.0566929406024905e-06,233.72030639648438
EDTRPAS1-46,marginalised,2531.4607607874636,1.1388859339092548e-06,230.63836669921875
EDTRPAS1-46,marginalised,2592.912531174394,1.2291064523306312e-06,227.5093231201172
EDTRPAS1-46,marginalised,2655.856056891755,1.3283477905668558e-06,224.3303680419922
EDTRPAS1-46,marginalised,2720.327550630446,1.437695343748581e-06,221.1003875732422
EDTRPAS1-46,marginalised,2786.364104152445,1.5583070758438838e-06,217.82012939453125
EDTRPAS1-46,marginalised,2854.003709630468,1.6914054924313268e-06,214.492431640625
EDTRPAS1-46,marginalised,2923.2852815056312,1.8382834191455238e-06,211.1216278076172
EDTRPAS1-46,marginalised,2994.248678875734,2.000291991946265e-06,207.7133331298828
EDTRPAS1-46,marginalised,3066.9347284269807,2.1788257623449447e-06,204.2747039794922
EDTRPAS1-46,marginalised,3141.385247922437,2.37539026716436e-06,200.81222534179688
EDTRPAS1-46,marginalised,3217.643070260626,2.5915558902438152e-06,197.33309936523438
EDTRPAS1-46,marginalised,3295.7520681181463,2.8290144456332293e-06,193.84378051757812
EDTRPAS1-46,marginalised,3375.7571791905584,3.0895673055720843e-06,190.35037231445312
EDTRPAS1-46,marginalised,3457.7044320459063,3.375163120886504e-06,186.8583526611328
EDTRPAS1-46,marginalised,3541.640972605931,3.687920399341005e-06,183.37217712402344
EDTRPAS1-46,marginalised,3627.615091270062,4.030112160764853e-06,179.89599609375
EDTRPAS1-46,marginalised,3715.676250697845,4.404227786498091e-06,176.43313598632812
EDTRPAS1-46,marginalised,3805.875114265857,4.813031079966859e-06,172.98582458496094
EDTRPAS1-46,marginalised,3898.263575215358,5.259563159286766e-06,169.55580139160156
EDTRPAS1-46,marginalised,3992.894786507505,5.747356831059994e-06,166.142822265625
EDTRPAS1-46,marginalised,4089.823191403385,6.2804447523975e-06,162.7460479736328
EDTRPAS1-46,marginalised,4189.10455478627,6.863634345266545e-06,159.36253356933594
EDTRPAS1-46,marginalised,4290.795995244347,7.502636600069246e-06,155.98809814453125
EDTRPAS1-46,marginalised,4394.95601793215,8.204292416743754e-06,152.6171112060547
EDTRPAS1-46,marginalised,4501.644548229811,8.97682730592754e-06,149.24288940429688
EDTRPAS1-46,marginalised,4610.922966219333,9.830122837255371e-06,145.85775756835938
EDTRPAS1-46,marginalised,4722.854141997772,1.0775876751690023e-05,142.4541015625
EDTRPAS1-46,marginalised,4837.502471847734,1.1828037323129958e-05,139.02401733398438
EDTRPAS1-46,marginalised,4954.933915285843,1.3002954939813753e-05,135.56053161621094
EDTRPAS1-46,marginalised,5075.2160330105635,1.4319670945319958e-05,132.0577850341797
EDTRPAS1-46,marginalised,5198.418025771307,1.580028252275251e-05,128.5114288330078
EDTRPAS1-46,marginalised,5324.610774180961,1.7470074202353447e-05,124.91926574707031
EDTRPAS1-46,marginalised,5453.866879495012,1.9357848606741332e-05,121.2812728881836
EDTRPAS1-46,marginalised,5586.260705380493,2.1496334610725496e-05,117.59954071044922
EDTRPAS1-46,marginalised,5721.86842069889,2.3922344831373795e-05,113.87840270996094
EDTRPAS1-46,marginalised,5860.768043327704,2.6677424207612473e-05,110.1239013671875
EDTRPAS1-46,marginalised,6003.0394850456405,2.9808219176952314e-05,106.34351348876953
EDTRPAS1-46,marginalised,6148.764597507559,3.336734760952786e-05,102.54560852050781
EDTRPAS1-46,marginalised,6298.027219335359,3.741419314294108e-05,98.73907470703125
EDTRPAS1-46,marginalised,6450.913224352014,4.201568986703021e-05,94.93309783935547
EDTRPAS1-46,marginalised,6607.510570986596,4.724771960236623e-05,91.13662719726562
EDTRPAS1-46,marginalised,6767.909352878514,5.319520707864135e-05,87.35907745361328
EDTRPAS1-46,marginalised,6932.201850710184,5.9952851630398544e-05,83.61004638671875
EDTRPAS1-46,marginalised,7100.482585298065,6.762516106027338e-05,79.89955139160156
EDTRPAS1-46,marginalised,7272.848371972311,7.632520889682125e-05,76.23843383789062
EDTRPAS1-46,marginalised,7449.398376276687,8.617358996118252e-05,72.63825225830078
EDTRPAS1-46,marginalised,7630.2341710204855,9.729590351525408e-05,69.11116027832031
EDTRPAS1-46,marginalised,7815.4597947153925,0.0001098207787124245,65.66940307617188
EDTRPAS1-46,marginalised,8005.181811431051,0.00012387720566528522,62.32494354248047
EDTRPAS1-46,marginalised,8199.50937210343,0.00013959288475494378,59.08871841430664
EDTRPAS1-46,marginalised,8398.554277331676,0.0001570934084494146,55.97003936767578
EDTRPAS1-46,marginalised,8602.43104169923,0.00017650390827148683,52.975826263427734
EDTRPAS1-46,marginalised,8811.256959656354,0.00019795060206991,50.110679626464844
EDTRPAS1-46,marginalised,9025.152173002101,0.00022156747226983908,47.37626266479492
EDTRPAS1-46,marginalised,9244.239740004296,0.000247501049299134,44.77182388305664
EDTRPAS1-46,marginalised,9468.645706197405,0.00027592127704965415,42.29408645629883
EDTRPAS1-46,marginalised,9698.499176899222,0.00030703070007729845,39.937870025634766
EDTRPAS1-46,marginalised,9933.932391487633,0.00034107629428193503,37.696441650390625
EDTRPAS1-46,marginalised,10175.080799480776,0.0003783644188378672,35.56203842163086
EDTRPAS1-46,marginalised,10422.083138463755,0.000419273205830748,33.526363372802734
EDTRPAS1-46,marginalised,10675.081513907315,0.00046427126269753537,31.581045150756836
EDTRPAS1-46,marginalised,10934.22148092397,0.000513929805180367,29.718088150024414
EDTRPAS1-46,marginalised,11199.652128008753,0.00056893938892596,27.930395126342773
EDTRPAS1-46,marginalised,11471.52616281298,0.000630122748494908,26.212055206298828
EDTRPAS1-46,marginalised,11750.000000000004,0.0006984468711821254,24.558576583862305
EDTRPAS1-46,marginalised,12035.233851233705,0.0007750284633437261,22.967193603515625
EDTRPAS1-46,marginalised,12327.391817351627,0.0008611445538408751,21.436641693115234
EDTRPAS1-46,marginalised,12626.641982775482,0.0009582347940584332,19.967130661010742
EDTRPAS1-46,marginalised,12933.156512213454,0.0010679132768378337,18.559894561767578
EDTRPAS1-46,marginalised,13247.111749710231,0.0011919884802974276,17.216690063476562
EDTRPAS1-46,marginalised,13568.68832010113,0.0013325016325168592,15.939292907714844
EDTRPAS1-46,marginalised,13898.071232929426,0.0014917869514687204,14.728981018066406
EDTRPAS1-46,marginalised,14235.449988885915,0.0016725647186756492,13.586228370666504
EDTRPAS1-46,marginalised,14581.018688832697,0.0018780761859029946,12.510470390319824
EDTRPAS1-46,marginalised,14934.97614547326,0.002112280106685744,11.500056266784668
EDTRPAS1-46,marginalised,15297.525997733414,0.0023800474298253205,10.552597045898438
EDTRPAS1-46,marginalised,15668.876827919044,0.0026874574990223845,9.66511058807373
EDTRPAS1-46,marginalised,16049.242281717698,0.0030420823398585794,8.83447265625
EDTRPAS1-46,marginalised,16438.841191113195,0.003453312890937196,8.057714462280273
EDTRPAS1-46,marginalised,16837.897700284324,0.0039326533845154875,7.332365989685059
EDTRPAS1-46,marginalised,17246.641394559316,0.004494006708395399,6.656525135040283
EDTRPAS1-46,marginalised,17665.307432501195,0.005153826335521048,6.028955459594727
EDTRPAS1-46,marginalised,18094.136681199037,0.005931075498006782,5.448963642120361
EDTRPAS1-46,marginalised,18533.37585484392,0.006846773059399174,4.916269302368164
EDTRPAS1-46,marginalised,18983.27765666853,0.007922989216149721,4.4307661056518555
EDTRPAS1-46,marginalised,19444.100924332382,0.009180896034063878,3.9923343658447266
EDTRPAS1-46,marginalised,19916.11077883656,0.010637539692018127,3.60066556930542
EDTRPAS1-46,marginalised,20399.578777053153,0.012301205563995813,3.255127429962158
EDTRPAS1-46,marginalised,20894.783067957338,0.014165206462976046,2.9547204971313477
EDTRPAS1-46,marginalised,21402.008552652333,0.016200874110498174,2.6980724334716797
EDTRPAS1-46,marginalised,21921.54704827872,0.018351180349745404,2.4834818840026855
EDTRPAS1-46,marginalised,22453.697455902664,0.02052753998725106,2.308992385864258
EDTRPAS1-46,marginalised,22998.76593248002,0.022612851339672262,2.172459125518799
EDTRPAS1-46,marginalised,23557.06606699438,0.02447284242678328,2.07163143157959
EDTRPAS1-46,marginalised,24128.91906087149,0.025975340968561324,2.0042004585266113
EDTRPAS1-46,marginalised,24714.653912772646,0.027013534024615222,1.9427220821380615
EDTRPAS1-46,marginalised,25314.607607874623,0.027526232320296086,1.8853000402450562
EDTRPAS1-46,marginalised,25929.125311743945,0.027508299823634896,1.8552590608596802
EDTRPAS1-46,marginalised,26558.560568917557,0.027008145429844966,1.85026216506958
EDTRPAS1-46,marginalised,27203.275506304442,0.026113918211283813,1.8679156303405762
EDTRPAS1-46,marginalised,27863.641041524457,0.024933986321435588,1.905760407447815
EDTRPAS1-46,marginalised,28540.037096304663,0.023577978477117508,1.961273193359375
EDTRPAS1-46,marginalised,29232.852815056296,0.022142801740278342,2.0318901538848877
EDTRPAS1-46,marginalised,29942.48678875732,0.020705181508242545,2.115039825439453
EDTRPAS1-46,marginalised,30669.347284269785,0.01931989879288771,2.2081940174102783
EDTRPAS1-46,marginalised,31413.852479224402,0.01802179472982684,2.308927059173584
EDTRPAS1-46,marginalised,32176.430702606234,0.016829681563761297,2.414968967437744
EDTRPAS1-46,marginalised,32957.5206811815,0.01575059711477395,2.5242536067962646
EDTRPAS1-46,marginalised,33757.57179190556,0.01478362480637934,2.6349637508392334
EDTRPAS1-46,marginalised,34577.04432045904,0.013922998884398673,2.745535135269165
EDTRPAS1-46,marginalised,35416.40972605935,0.013160243418841503,2.8546810150146484
EDTRPAS1-46,marginalised,36276.15091270059,0.012485836980716992,2.961364269256592
EDTRPAS1-46,marginalised,37156.762506978426,0.011890160735288827,3.0647761821746826
EDTRPAS1-46,marginalised,38058.75114265861,0.011364081169347222,3.1643009185791016
EDTRPAS1-46,marginalised,38982.635752153554,0.01089930684535644,3.2594757080078125
EDTRPAS1-46,marginalised,39928.9478650751,0.010488546287731172,3.349943161010742
EDTRPAS1-46,marginalised,40898.23191403382,0.010125488580017267,3.435427188873291
EDTRPAS1-46,marginalised,41891.04554786274,0.009804769665005408,3.5156946182250977
EDTRPAS1-46,marginalised,42907.959952443445,0.009521823662946741,3.5905580520629883
EDTRPAS1-46,marginalised,43949.560179321474,0.009272777533790941,3.6598570346832275
EDTRPAS1-46,marginalised,45016.44548229816,0.00905427417372572,3.7234842777252197
EDTRPAS1-46,marginalised,46109.2296621933,0.008863347925081831,3.781395435333252
EDTRPAS1-46,marginalised,47228.541419977686,0.008697295448642872,3.833620548248291
EDTRPAS1-46,marginalised,48375.0247184774,0.008553608433896544,3.8802847862243652
EDTRPAS1-46,marginalised,49549.339152858396,0.008429906045832809,3.921602249145508
EDTRPAS1-46,marginalised,50752.160330105595,0.008323926151819098,3.9578800201416016
EDTRPAS1-46,marginalised,51984.18025771303,0.008233525151810856,3.9894886016845703
EDTRPAS1-46,marginalised,53246.107741809574,0.008156685390393948,4.016852378845215
EDTRPAS1-46,marginalised,54538.66879495018,0.008091548441606075,4.040412425994873
EDTRPAS1-46,marginalised,55862.607053804895,0.008036411402590472,4.060625076293945
EDTRPAS1-46,marginalised,57218.68420698897,0.00798977161061174,4.077917098999023
EDTRPAS1-46,marginalised,58607.680433277,0.007950289186647684,4.092700481414795
EDTRPAS1-46,marginalised,60030.39485045637,0.007916819429419087,4.105335235595703
EDTRPAS1-46,marginalised,61487.64597507566,0.0078883755285914,4.116147994995117
EDTRPAS1-46,marginalised,62980.27219335355,0.00786412455885265,4.125421524047852
EDTRPAS1-46,marginalised,64509.1322435201,0.007843376322393797,4.133397579193115
EDTRPAS1-46,marginalised,66075.10570986604,0.007825545692219845,4.140282154083252
EDTRPAS1-46,marginalised,67679.0935287851,0.0078101593207014555,4.146246433258057
EDTRPAS1-46,marginalised,69322.01850710179,0.007796809489250472,4.151437282562256
EDTRPAS1-46,marginalised,71004.8258529806,0.007785182865204856,4.155972957611084
EDTRPAS1-46,marginalised,72728.4837197232,0.007775001814480077,4.159953594207764
EDTRPAS1-46,marginalised,74493.98376276682,0.007766048351967254,4.163462162017822
EDTRPAS1-46,marginalised,76302.3417102048,0.007758135479982725,4.166569709777832
EDTRPAS1-46,marginalised,78154.597947154,0.007751113676920986,4.1693291664123535
EDTRPAS1-46,marginalised,80051.81811431046,0.007744845627938448,4.1717987060546875
EDTRPAS1-46,marginalised,81995.09372103424,0.007739245305138852,4.174009323120117
EDTRPAS1-46,marginalised,83985.54277331685,0.007734209071730656,4.175997257232666
EDTRPAS1-46,marginalised,86024.31041699224,0.007729662386666953,4.177794456481934
EDTRPAS1-46,marginalised,88112.56959656348,0.0077255505760201,4.1794209480285645
EDTRPAS1-46,marginalised,90251.52173002111,0.0077218126867744236,4.180903434753418
EDTRPAS1-46,marginalised,92442.39740004289,0.007718406191557153,4.182252883911133
EDTRPAS1-46,marginalised,94686.457061974,0.007715293406519541,4.183488368988037
EDTRPAS1-46,marginalised,96984.99176899216,0.007712435794874026,4.1846232414245605
EDTRPAS1-46,marginalised,99339.32391487644,0.007709807790675201,4.185666084289551
EDTRPAS1-46,marginalised,101750.8079948077,0.007707382095790111,4.186631202697754
EDTRPAS1-46,marginalised,104220.83138463748,0.007705145485496433,4.187520980834961
EDTRPAS1-46,marginalised,106750.81513907327,0.0077030684881988,4.1883463859558105
EDTRPAS1-46,marginalised,109342.21480923962,0.007701140254268856,4.189114093780518
EDTRPAS1-46,marginalised,111996.52128008746,0.007699343550212105,4.189831733703613
EDTRPAS1-46,marginalised,114715.26162812991,0.007697666012516127,4.190498352050781
EDTRPAS1-46,marginalised,117499.99999999996,0.007696101066778819,4.1911234855651855
EDTRPAS1-30,marginalised,149.99999999999997,0.004511739119771933,11.01285457611084
EDTRPAS1-30,marginalised,153.64128320723884,0.004513297649610733,11.017017364501953
EDTRPAS1-30,marginalised,157.3709593704465,0.00451470529961158,11.020633697509766
EDTRPAS1-30,marginalised,161.19117424819754,0.004516011687798566,11.023672103881836
EDTRPAS1-30,marginalised,165.10412568783138,0.004517298217600204,11.026061058044434
EDTRPAS1-30,marginalised,169.11206488991775,0.004518650345504441,11.02774429321289
EDTRPAS1-30,marginalised,173.21729770341875,0.004520170037262685,11.028632164001465
EDTRPAS1-30,marginalised,177.42218595229028,0.004521942833677844,11.028646469116211
EDTRPAS1-30,marginalised,181.7291487942882,0.0045240574615782216,11.027732849121094
EDTRPAS1-30,marginalised,186.1406641127579,0.004526555536888463,11.025870323181152
EDTRPAS1-30,marginalised,190.65926994221172,0.004529460420273025,11.023073196411133
EDTRPAS1-30,marginalised,195.28756592851173,0.004532740786534743,11.019454956054688
EDTRPAS1-30,marginalised,200.0282148244985,0.0045363196769004225,11.015155792236328
EDTRPAS1-30,marginalised,204.88394402192793,0.004540081870347472,11.010395050048828
EDTRPAS1-30,marginalised,209.85754712059403,0.004543869675416438,11.005439758300781
EDTRPAS1-30,marginalised,214.95188553554442,0.004547511635375248,11.000580787658691
EDTRPAS1-30,marginalised,220.16989014331028,0.0045508186387560575,10.99610710144043
EDTRPAS1-30,marginalised,225.51456296810005,0.004553630613030415,10.992290496826172
EDTRPAS1-30,marginalised,230.98897890892374,0.0045558064121242435,10.989348411560059
EDTRPAS1-30,marginalised,236.59628750864584,0.004557257315614145,10.987420082092285
EDTRPAS1-30,marginalised,242.33971476598114,0.0045579638745969165,10.986557006835938
EDTRPAS1-30,marginalised,248.22256499147707,0.0045579604608536935,10.986711502075195
EDTRPAS1-30,marginalised,254.2482227085519,0.0045573619886306455,10.987715721130371
EDTRPAS1-30,marginalised,260.4201546006784,0.004556338206476431,10.989324569702148
EDTRPAS1-30,marginalised,266.74191150583846,0.004555122169757875,10.991209983825684
EDTRPAS1-30,marginalised,273.2171304593918,0.004553980126825308,10.992962837219238
EDTRPAS1-30,marginalised,279.8495367865367,0.004553216003859335,10.994138717651367
EDTRPAS1-30,marginalised,286.642946245566,0.004553127180111874,10.994304656982422
EDTRPAS1-30,marginalised,293.601267223149,0.004553995218091335,10.993030548095703
EDTRPAS1-30,marginalised,300.72850298290706,0.004556063918657038,10.98996353149414
EDTRPAS1-30,marginalised,308.028753968572,0.004559523111887015,10.984829902648926
EDTRPAS1-30,marginalised,315.5062201630549,0.004564468188643899,10.977481842041016
EDTRPAS1-30,marginalised,323.1652035047825,0.004570915991880969,10.967923164367676
EDTRPAS1-30,marginalised,331.01011036268847,0.00457878153528123,10.956289291381836
EDTRPAS1-30,marginalised,339.0454540712878,0.004587888674484862,10.94285774230957
EDTRPAS1-30,marginalised,347.27585752729084,0.004597958181403155,10.928045272827148
EDTRPAS1-30,marginalised,355.7060558492482,0.004608679515068047,10.912334442138672
EDTRPAS1-30,marginalised,364.3408991017618,0.004619688557163493,10.89626407623291
EDTRPAS1-30,marginalised,373.1853550858255,0.004630614563324892,10.880376815795898
EDTRPAS1-30,marginalised,382.2445121969018,0.00464111909746414,10.865154266357422
EDTRPAS1-30,marginalised,391.5235823523804,0.004650910689172001,10.851012229919434
EDTRPAS1-30,marginalised,401.02790399009854,0.004659770330197452,10.838260650634766
EDTRPAS1-30,marginalised,410.7629451396542,0.004667554002447365,10.82708740234375
EDTRPAS1-30,marginalised,420.73430656827423,0.004674199999625384,10.817573547363281
EDTRPAS1-30,marginalised,430.94772500304947,0.004679713091773963,10.809696197509766
EDTRPAS1-30,marginalised,441.4090764313922,0.004684152893398402,10.803359985351562
EDTRPAS1-30,marginalised,452.12437948160846,0.0046876220373959715,10.798418045043945
EDTRPAS1-30,marginalised,463.09979888553966,0.004690239526734997,10.794694900512695
EDTRPAS1-30,marginalised,474.341649025257,0.004692143107458421,10.791988372802734
EDTRPAS1-30,marginalised,485.85639756585437,0.004693460005498691,10.790116310119629
EDTRPAS1-30,marginalised,497.6506691764285,0.004694309857595424,10.788908958435059
EDTRPAS1-30,marginalised,509.73124934138394,0.004743953269969767,10.718982696533203
EDTRPAS1-30,marginalised,522.1050882642612,0.0047553136087702405,10.703145980834961
EDTRPAS1-30,marginalised,534.7793048663325,0.004767987142571315,10.685545921325684
EDTRPAS1-30,marginalised,547.7611908822564,0.0047819416552034215,10.666257858276367
EDTRPAS1-30,marginalised,561.0582150551679,0.004797079377067324,10.645434379577637
EDTRPAS1-30,marginalised,574.6780274335932,0.004813249265795407,10.623306274414062
EDTRPAS1-30,marginalised,588.62846377268,0.004830274855355406,10.600135803222656
EDTRPAS1-30,marginalised,602.9175500422685,0.0048479701819607425,10.576193809509277
EDTRPAS1-30,marginalised,617.553507044392,0.004866163169105143,10.551721572875977
EDTRPAS1-30,marginalised,632.5447551428733,0.0048847055550882874,10.526932716369629
EDTRPAS1-30,marginalised,647.8999191077319,0.004903478644061651,10.501986503601074
EDTRPAS1-30,marginalised,663.6278330771872,0.004922401195377613,10.476996421813965
EDTRPAS1-30,marginalised,679.7375456401224,0.004941414920785142,10.452044486999512
EDTRPAS1-30,marginalised,696.2383250419168,0.004960477281645578,10.427181243896484
EDTRPAS1-30,marginalised,713.1396645166584,0.004979547229801176,10.402460098266602
EDTRPAS1-30,marginalised,730.4512877487949,0.004998581902714528,10.377939224243164
EDTRPAS1-30,marginalised,748.1831544673655,0.005017526470942497,10.353679656982422
EDTRPAS1-30,marginalised,766.345466176039,0.005036311824210616,10.3297700881958
EDTRPAS1-30,marginalised,784.948672022242,0.005054868485734026,10.306295394897461
EDTRPAS1-30,marginalised,804.0034748087689,0.005073128411844005,10.283330917358398
EDTRPAS1-30,marginalised,823.5208371513214,0.00509104048984858,10.260932922363281
EDTRPAS1-30,marginalised,843.5119877855234,0.005108580953350794,10.23912239074707
EDTRPAS1-30,marginalised,863.988428027044,0.00512575728590314,10.217884063720703
EDTRPAS1-30,marginalised,884.9619383885347,0.005142612334072726,10.197149276733398
EDTRPAS1-30,marginalised,906.4445853571987,0.005159214109680361,10.176839828491211
EDTRPAS1-30,marginalised,928.4487283368913,0.005175653792843747,10.156830787658691
EDTRPAS1-30,marginalised,950.9870267587265,0.0051920269301244165,10.137001991271973
EDTRPAS1-30,marginalised,974.072447364317,0.005208427471191766,10.117246627807617
EDTRPAS1-30,marginalised,997.7182716657953,0.005224934268136499,10.097463607788086
EDTRPAS1-30,marginalised,1021.9381035869415,0.005241607889506212,10.077584266662598
EDTRPAS1-30,marginalised,1046.7458772897992,0.0052584890660190954,10.057560920715332
EDTRPAS1-30,marginalised,1072.1558651912783,0.005275598644668044,10.037373542785645
EDTRPAS1-30,marginalised,1098.1826861743693,0.005292947916984378,10.017013549804688
EDTRPAS1-30,marginalised,1124.841313998684,0.005310546820760957,9.996472358703613
EDTRPAS1-30,marginalised,1152.1470859151625,0.005328400741254005,9.975747108459473
EDTRPAS1-30,marginalised,1180.1157114899097,0.005346521353268917,9.954829216003418
EDTRPAS1-30,marginalised,1208.7632816422226,0.005364922476274285,9.93370532989502
EDTRPAS1-30,marginalised,1238.1062779020278,0.005383615031064268,9.912369728088379
EDTRPAS1-30,marginalised,1268.161581892039,0.005402602420350433,9.89082145690918
EDTRPAS1-30,marginalised,1298.9464850400977,0.005421873409606315,9.869078636169434
EDTRPAS1-30,marginalised,1330.4786985272874,0.0054413976518724256,9.847183227539062
EDTRPAS1-30,marginalised,1362.7763634775304,0.0054611243739600916,9.825191497802734
EDTRPAS1-30,marginalised,1395.8580613945476,0.0054809883579975726,9.803179740905762
EDTRPAS1-30,marginalised,1429.742824852182,0.0055009100707119766,9.78123664855957
EDTRPAS1-30,marginalised,1464.4501484442108,0.00552080646529218,9.759454727172852
EDTRPAS1-30,marginalised,1500.0,0.005540597546568464,9.737918853759766
EDTRPAS1-30,marginalised,1536.4128320723887,0.005560218140948275,9.716697692871094
EDTRPAS1-30,marginalised,1573.709593704464,0.005579611461067409,9.695846557617188
EDTRPAS1-30,marginalised,1611.9117424819772,0.005598748005691219,9.67539119720459
EDTRPAS1-30,marginalised,1651.0412568783142,0.005617607356053611,9.655349731445312
EDTRPAS1-30,marginalised,1691.120648899178,0.0056361901577286775,9.635714530944824
EDTRPAS1-30,marginalised,1732.1729770341879,0.005654501841616368,9.616473197937012
EDTRPAS1-30,marginalised,1774.221859522903,0.005672555975766583,9.597609519958496
EDTRPAS1-30,marginalised,1817.2914879428822,0.005690366830914036,9.579100608825684
EDTRPAS1-30,marginalised,1861.4066411275794,0.005707946054951244,9.560935020446777
EDTRPAS1-30,marginalised,1906.5926994221177,0.0057253002699439925,9.543096542358398
EDTRPAS1-30,marginalised,1952.8756592851175,0.0057424306449849255,9.525583267211914
EDTRPAS1-30,marginalised,2000.2821482449854,0.005759335414722665,9.508394241333008
EDTRPAS1-30,marginalised,2048.83944021928,0.0057760104595269415,9.491527557373047
EDTRPAS1-30,marginalised,2098.5754712059406,0.005792450161386113,9.47498607635498
EDTRPAS1-30,marginalised,2149.5188553554426,0.005808650414903123,9.458771705627441
EDTRPAS1-30,marginalised,2201.698901433105,0.00582460806833818,9.44288158416748
EDTRPAS1-30,marginalised,2255.145629681001,0.005840325107236181,9.427314758300781
EDTRPAS1-30,marginalised,2309.889789089238,0.005855804588643947,9.412062644958496
EDTRPAS1-30,marginalised,2365.962875086459,0.00587104667913672,9.397122383117676
EDTRPAS1-30,marginalised,2423.39714765981,0.005886054677775078,9.382489204406738
EDTRPAS1-30,marginalised,2482.2256499147734,0.005900824903205015,9.368163108825684
EDTRPAS1-30,marginalised,2542.4822270855198,0.0059153470939961985,9.354153633117676
EDTRPAS1-30,marginalised,2604.201546006785,0.005929603422801346,9.340475082397461
EDTRPAS1-30,marginalised,2667.4191150583847,0.005943562713637677,9.327157020568848
EDTRPAS1-30,marginalised,2732.1713045939164,0.005957184602366486,9.314233779907227
EDTRPAS1-30,marginalised,2798.49536786537,0.005970416343538179,9.301755905151367
EDTRPAS1-30,marginalised,2866.4294624556605,0.005983197432897151,9.289775848388672
EDTRPAS1-30,marginalised,2936.012672231491,0.005995459708721509,9.278353691101074
EDTRPAS1-30,marginalised,3007.2850298290714,0.006007132653058106,9.267558097839355
EDTRPAS1-30,marginalised,3080.287539685718,0.0060181456512960795,9.257444381713867
EDTRPAS1-30,marginalised,3155.0622016305524,0.006028432922718588,9.24807357788086
EDTRPAS1-30,marginalised,3231.652035047826,0.006037929899173714,9.23949909210205
EDTRPAS1-30,marginalised,3310.101103626883,0.006046580808802341,9.231768608093262
EDTRPAS1-30,marginalised,3390.4545407128817,0.006054336810161406,9.224924087524414
EDTRPAS1-30,marginalised,3472.758575272909,0.006061154312136628,9.218998908996582
EDTRPAS1-30,marginalised,3557.0605584924797,0.006066994606766946,9.21402645111084
EDTRPAS1-30,marginalised,3643.4089910176185,0.006071827309239097,9.210029602050781
EDTRPAS1-30,marginalised,3731.8535508582527,0.0060756237392590815,9.207032203674316
EDTRPAS1-30,marginalised,3822.445121969022,0.006078361947890302,9.20505142211914
EDTRPAS1-30,marginalised,3915.235823523805,0.006080022645488574,9.204105377197266
EDTRPAS1-30,marginalised,4010.27903990099,0.006080587236920558,9.204208374023438
EDTRPAS1-30,marginalised,4107.629451396543,0.006080037700934231,9.205378532409668
EDTRPAS1-30,marginalised,4207.3430656827395,0.006078351451578205,9.20763874053955
EDTRPAS1-30,marginalised,4309.4772500305,0.00607550286511558,9.211014747619629
EDTRPAS1-30,marginalised,4414.090764313923,0.006071456466473634,9.215546607971191
EDTRPAS1-30,marginalised,4521.243794816081,0.0060661658841699795,9.221282958984375
EDTRPAS1-30,marginalised,4630.997988855397,0.00605957046070315,9.228288650512695
EDTRPAS1-30,marginalised,4743.416490252567,0.006051597901975109,9.236640930175781
EDTRPAS1-30,marginalised,4858.563975658549,0.00604215962157893,9.246437072753906
EDTRPAS1-30,marginalised,4976.506691764286,0.00603115559167675,9.257786750793457
EDTRPAS1-30,marginalised,5097.312493413845,0.006018473152682113,9.27081298828125
EDTRPAS1-30,marginalised,5221.0508826426185,0.006003991749025851,9.285652160644531
EDTRPAS1-30,marginalised,5347.793048663322,0.005987587392890793,9.302448272705078
EDTRPAS1-30,marginalised,5477.6119088225705,0.00596913714397794,9.3213472366333
EDTRPAS1-30,marginalised,5610.582150551681,0.005948524941470705,9.342495918273926
EDTRPAS1-30,marginalised,5746.780274335928,0.005925644145369522,9.366033554077148
EDTRPAS1-30,marginalised,5886.284637726807,0.005900404193535537,9.392097473144531
EDTRPAS1-30,marginalised,6029.175500422687,0.005872732447641521,9.420806884765625
EDTRPAS1-30,marginalised,6175.535070443915,0.005842571956360684,9.452279090881348
EDTRPAS1-30,marginalised,6325.447551428735,0.005809884158463659,9.486617088317871
EDTRPAS1-30,marginalised,6478.999191077314,0.00577465223312365,9.523909568786621
EDTRPAS1-30,marginalised,6636.27833077188,0.005736877405819164,9.564238548278809
EDTRPAS1-30,marginalised,6797.375456401226,0.005696582912164133,9.607666015625
EDTRPAS1-30,marginalised,6962.383250419175,0.005653818242255876,9.65423583984375
EDTRPAS1-30,marginalised,7131.396645166586,0.005608666571210505,9.703962326049805
EDTRPAS1-30,marginalised,7304.512877487944,0.0055612478424685325,9.756821632385254
EDTRPAS1-30,marginalised,7481.831544673663,0.005511726795047969,9.812743186950684
EDTRPAS1-30,marginalised,7663.454661760392,0.005460308364649859,9.87160873413086
EDTRPAS1-30,marginalised,7849.486720222415,0.0054072436104021905,9.933242797851562
EDTRPAS1-30,marginalised,8040.034748087692,0.0053528165368023186,9.997419357299805
EDTRPAS1-30,marginalised,8235.208371513208,0.005297333481076899,10.063874244689941
EDTRPAS1-30,marginalised,8435.119877855228,0.0052411074208739035,10.132315635681152
EDTRPAS1-30,marginalised,8639.884280270442,0.0051844428547648275,10.202441215515137
EDTRPAS1-30,marginalised,8849.619383885356,0.0051276195634650445,10.273959159851074
EDTRPAS1-30,marginalised,9064.445853571997,0.005070875721320968,10.346610069274902
EDTRPAS1-30,marginalised,9284.487283368906,0.005014401695868834,10.420172691345215
EDTRPAS1-30,marginalised,9509.870267587276,0.004958338008348596,10.494484901428223
EDTRPAS1-30,marginalised,9740.724473643171,0.004902765046605342,10.56944465637207
EDTRPAS1-30,marginalised,9977.182716657946,0.004847715847115772,10.644521713256836
EDTRPAS1-30,marginalised,10219.381035869426,0.00479317112691013,10.716153144836426
EDTRPAS1-30,marginalised,10467.458772897995,0.004739078055580797,10.788511276245117
EDTRPAS1-30,marginalised,10721.558651912776,0.004685354069458228,10.861709594726562
EDTRPAS1-30,marginalised,10981.826861743697,0.004631900008891373,10.935898780822754
EDTRPAS1-30,marginalised,11248.413139986853,0.004578613974146176,11.011240005493164
EDTRPAS1-30,marginalised,11521.470859151617,0.004525409521943562,11.08788776397705
EDTRPAS1-30,marginalised,11801.157114899099,0.0044722184468746476,11.165977478027344
EDTRPAS1-30,marginalised,12087.632816422241,0.004419017989121983,11.245585441589355
EDTRPAS1-30,marginalised,12381.062779020282,0.004365824430367157,11.326732635498047
EDTRPAS1-30,marginalised,12681.615818920382,0.004312701120504827,11.409368515014648
EDTRPAS1-30,marginalised,12989.464850400991,0.004259749732413569,11.493369102478027
EDTRPAS1-30,marginalised,13304.786985272876,0.004207101505842426,11.5785551071167
EDTRPAS1-30,marginalised,13627.763634775294,0.004154898405395931,11.664716720581055
EDTRPAS1-30,marginalised,13958.580613945493,0.00410327772671805,11.751627922058105
EDTRPAS1-30,marginalised,14297.42824852181,0.004052348782541067,11.839094161987305
EDTRPAS1-30,marginalised,14644.501484442098,0.0040021889208085495,11.926961898803711
EDTRPAS1-30,marginalised,15000.000000000004,0.003952828069310378,12.015152931213379
EDTRPAS1-34,marginalised,149.99999999999997,0.008923450959571701,0.08773790299892426
EDTRPAS1-34,marginalised,153.64128320723884,0.008741188834512005,0.0907733291387558
EDTRPAS1-34,marginalised,157.3709593704465,0.008583865446319653,0.09346792101860046
EDTRPAS1-34,marginalised,161.19117424819754,0.008449790067966308,0.09582237154245377
EDTRPAS1-34,marginalised,165.10412568783138,0.00833700927637172,0.09784805029630661
EDTRPAS1-34,marginalised,169.11206488991775,0.008244367345067534,0.09954716265201569
EDTRPAS1-34,marginalised,173.21729770341875,0.00817014864196155,0.1009359210729599
EDTRPAS1-34,marginalised,177.42218595229028,0.00811332874200571,0.10202206671237946
EDTRPAS1-34,marginalised,181.7291487942882,0.008072701301158513,0.10282027721405029
EDTRPAS1-34,marginalised,186.1406641127579,0.008046840645196729,0.10335119068622589
EDTRPAS1-34,marginalised,190.65926994221172,0.008034441686103072,0.10363610088825226
EDTRPAS1-34,marginalised,195.28756592851173,0.008033560115204163,0.10370893776416779
EDTRPAS1-34,marginalised,200.0282148244985,0.008042255571232206,0.10360480844974518
EDTRPAS1-34,marginalised,204.88394402192793,0.008058223531081118,0.10336586087942123
EDTRPAS1-34,marginalised,209.85754712059403,0.00807890762046648,0.10303862392902374
EDTRPAS1-34,marginalised,214.95188553554442,0.008101452892958045,0.10267414897680283
EDTRPAS1-34,marginalised,220.16989014331028,0.00812350226410442,0.10231436789035797
EDTRPAS1-34,marginalised,225.51456296810005,0.008142968826595777,0.10199612379074097
EDTRPAS1-34,marginalised,230.98897890892374,0.00815746545694698,0.10176083445549011
EDTRPAS1-34,marginalised,236.59628750864584,0.008166163890209998,0.10162229835987091
EDTRPAS1-34,marginalised,242.33971476598114,0.008168211502709861,0.10159571468830109
EDTRPAS1-34,marginalised,248.22256499147707,0.008163954320560714,0.10167554765939713
EDTRPAS1-34,marginalised,254.2482227085519,0.008154503466636561,0.10184267163276672
EDTRPAS1-34,marginalised,260.4201546006784,0.00814095172317856,0.10207976400852203
EDTRPAS1-34,marginalised,266.74191150583846,0.008126103906067854,0.10233862698078156
EDTRPAS1-34,marginalised,273.2171304593918,0.008112464630904724,0.10257656127214432
EDTRPAS1-34,marginalised,279.8495367865367,0.008103166769213705,0.10273921489715576
EDTRPAS1-34,marginalised,286.642946245566,0.008101448220482076,0.10277019441127777
EDTRPAS1-34,marginalised,293.601267223149,0.008110086547407951,0.10262197256088257
EDTRPAS1-34,marginalised,300.72850298290706,0.00813139253108623,0.10225501656532288
EDTRPAS1-34,marginalised,308.028753968572,0.008167590055607672,0.10163366049528122
EDTRPAS1-34,marginalised,315.5062201630549,0.008219604432459178,0.1007460355758667
EDTRPAS1-34,marginalised,323.1652035047825,0.00828727029781354,0.09960132837295532
EDTRPAS1-34,marginalised,331.01011036268847,0.008369499174647577,0.09822531044483185
EDTRPAS1-34,marginalised,339.0454540712878,0.008464152420284287,0.09666141122579575
EDTRPAS1-34,marginalised,347.27585752729084,0.008568389454524039,0.09496307373046875
EDTRPAS1-34,marginalised,355.7060558492482,0.008678388060960962,0.09319765865802765
EDTRPAS1-34,marginalised,364.3408991017618,0.008790000071021051,0.09143400937318802
EDTRPAS1-34,marginalised,373.1853550858255,0.008899768462192805,0.08972528576850891
EDTRPAS1-34,marginalised,382.2445121969018,0.00900405893831971,0.08812515437602997
EDTRPAS1-34,marginalised,391.5235823523804,0.009100082098669093,0.08667144179344177
EDTRPAS1-34,marginalised,401.02790399009854,0.00918591428836514,0.08538751304149628
EDTRPAS1-34,marginalised,410.7629451396542,0.009260442888436965,0.08428431302309036
EDTRPAS1-34,marginalised,420.73430656827423,0.009323383244576761,0.08336091041564941
EDTRPAS1-34,marginalised,430.94772500304947,0.009375105702481632,0.08260765671730042
EDTRPAS1-34,marginalised,441.4090764313922,0.00941643160844348,0.08200938254594803
EDTRPAS1-34,marginalised,452.12437948160846,0.009448501169242157,0.08154729008674622
EDTRPAS1-34,marginalised,463.09979888553966,0.0094725853052699,0.08120149374008179
EDTRPAS1-34,marginalised,474.341649025257,0.009490008048778736,0.080951988697052
EDTRPAS1-34,marginalised,485.85639756585437,0.009502028966799678,0.08078016340732574
EDTRPAS1-34,marginalised,497.6506691764285,0.009509805943489788,0.08066913485527039
EDTRPAS1-34,marginalised,509.73124934138394,0.009939519793318342,0.0746982991695404
EDTRPAS1-34,marginalised,522.1050882642612,0.010031067283765181,0.07346617430448532
EDTRPAS1-34,marginalised,534.7793048663325,0.010129836831727709,0.07215189188718796
EDTRPAS1-34,marginalised,547.7611908822564,0.010234374122013792,0.07077750563621521
EDTRPAS1-34,marginalised,561.0582150551679,0.010342496847415446,0.06937360763549805
EDTRPAS1-34,marginalised,574.6780274335932,0.01045161847697833,0.06797455251216888
EDTRPAS1-34,marginalised,588.62846377268,0.010559054080321126,0.06661424785852432
EDTRPAS1-34,marginalised,602.9175500422685,0.010662209420582842,0.06532387435436249
EDTRPAS1-34,marginalised,617.553507044392,0.010758787670853115,0.06412957608699799
EDTRPAS1-34,marginalised,632.5447551428733,0.010846915882316507,0.06305134296417236
EDTRPAS1-34,marginalised,647.8999191077319,0.010925104850547936,0.06210402771830559
EDTRPAS1-34,marginalised,663.6278330771872,0.010992272572458843,0.061297424137592316
EDTRPAS1-34,marginalised,679.7375456401224,0.011047587264399071,0.060638509690761566
EDTRPAS1-34,marginalised,696.2383250419168,0.011090451901181774,0.060131821781396866
EDTRPAS1-34,marginalised,713.1396645166584,0.011120389577614008,0.05978096276521683
EDTRPAS1-34,marginalised,730.4512877487949,0.01113708192344993,0.0595882311463356
EDTRPAS1-34,marginalised,748.1831544673655,0.011140376950542845,0.05955458804965019
EDTRPAS1-34,marginalised,766.345466176039,0.01113033968647457,0.05967908352613449
EDTRPAS1-34,marginalised,784.948672022242,0.011107284080067555,0.059958476573228836
EDTRPAS1-34,marginalised,804.0034748087689,0.011071766460765664,0.060387250036001205
EDTRPAS1-34,marginalised,823.5208371513214,0.011024516786132263,0.06095832958817482
EDTRPAS1-34,marginalised,843.5119877855234,0.01096633718891003,0.06166418269276619
EDTRPAS1-34,marginalised,863.988428027044,0.010897986017502928,0.06249810755252838
EDTRPAS1-34,marginalised,884.9619383885347,0.010820044140632057,0.06345581263303757
EDTRPAS1-34,marginalised,906.4445853571987,0.010732854277256232,0.0645361915230751
EDTRPAS1-34,marginalised,928.4487283368913,0.010636436819456217,0.06574249267578125
EDTRPAS1-34,marginalised,950.9870267587265,0.010530610644758197,0.06708098948001862
EDTRPAS1-34,marginalised,974.072447364317,0.010414997791654682,0.0685611441731453
EDTRPAS1-34,marginalised,997.7182716657953,0.010289100947122608,0.07019487023353577
EDTRPAS1-34,marginalised,1021.9381035869415,0.010152536615703658,0.07199366390705109
EDTRPAS1-34,marginalised,1046.7458772897992,0.010004881243527226,0.07397081702947617
EDTRPAS1-34,marginalised,1072.1558651912783,0.009845950281003787,0.07613776624202728
EDTRPAS1-34,marginalised,1098.1826861743693,0.009675586300375431,0.07850702106952667
EDTRPAS1-34,marginalised,1124.841313998684,0.009493799472509015,0.08109031617641449
EDTRPAS1-34,marginalised,1152.1470859151625,0.009300577979162407,0.08390140533447266
EDTRPAS1-34,marginalised,1180.1157114899097,0.009095897986612688,0.08695615828037262
EDTRPAS1-34,marginalised,1208.7632816422226,0.008879852446886551,0.0902709886431694
EDTRPAS1-34,marginalised,1238.1062779020278,0.008652557761942872,0.09386438131332397
EDTRPAS1-34,marginalised,1268.161581892039,0.008414296997074583,0.09775498509407043
EDTRPAS1-34,marginalised,1298.9464850400977,0.008165611940811685,0.10196001827716827
EDTRPAS1-34,marginalised,1330.4786985272874,0.007907445361336904,0.10649233311414719
EDTRPAS1-34,marginalised,1362.7763634775304,0.00764105316859734,0.11136109381914139
EDTRPAS1-34,marginalised,1395.8580613945476,0.00736817473426822,0.11656726151704788
EDTRPAS1-34,marginalised,1429.742824852182,0.0070906943254671045,0.12210830301046371
EDTRPAS1-34,marginalised,1464.4501484442108,0.006810726689158902,0.12797501683235168
EDTRPAS1-34,marginalised,1500.0,0.006530304966910298,0.13415640592575073
EDTRPAS1-34,marginalised,1536.4128320723887,0.006251333552983527,0.1406400203704834
EDTRPAS1-34,marginalised,1573.709593704464,0.005975477165534277,0.1474142074584961
EDTRPAS1-34,marginalised,1611.9117424819772,0.005703994177563666,0.1544727087020874
EDTRPAS1-34,marginalised,1651.0412568783142,0.005437908239790524,0.1618114560842514
EDTRPAS1-34,marginalised,1691.120648899178,0.005177808971862234,0.16943559050559998
EDTRPAS1-34,marginalised,1732.1729770341879,0.004924185624229672,0.17735153436660767
EDTRPAS1-34,marginalised,1774.221859522903,0.004677323257180503,0.1855710744857788
EDTRPAS1-34,marginalised,1817.2914879428822,0.004437460878285575,0.194107323884964
EDTRPAS1-34,marginalised,1861.4066411275794,0.004204775715665152,0.20297551155090332
EDTRPAS1-34,marginalised,1906.5926994221177,0.003979433677349756,0.21219149231910706
EDTRPAS1-34,marginalised,1952.8756592851175,0.0037616235147974364,0.22176995873451233
EDTRPAS1-34,marginalised,2000.2821482449854,0.003551531645850071,0.2317247986793518
EDTRPAS1-34,marginalised,2048.83944021928,0.003349334368568794,0.2420690655708313
EDTRPAS1-34,marginalised,2098.5754712059406,0.0031551292138643676,0.2528183162212372
EDTRPAS1-34,marginalised,2149.5188553554426,0.0029689253190748294,0.263992041349411
EDTRPAS1-34,marginalised,2201.698901433105,0.0027907032301452556,0.27561095356941223
EDTRPAS1-34,marginalised,2255.145629681001,0.0026203360584381224,0.28770333528518677
EDTRPAS1-34,marginalised,2309.889789089238,0.002457651347234353,0.30030256509780884
EDTRPAS1-34,marginalised,2365.962875086459,0.0023024444049131593,0.3134478032588959
EDTRPAS1-34,marginalised,2423.39714765981,0.0021544914935503743,0.3271842896938324
EDTRPAS1-34,marginalised,2482.2256499147734,0.0020135775125460637,0.34156185388565063
EDTRPAS1-34,marginalised,2542.4822270855198,0.0018795465070901361,0.3566291332244873
EDTRPAS1-34,marginalised,2604.201546006785,0.0017522229692569263,0.37244170904159546
EDTRPAS1-34,marginalised,2667.4191150583847,0.001631533397802292,0.3890451490879059
EDTRPAS1-34,marginalised,2732.1713045939164,0.001517428963636918,0.406480073928833
EDTRPAS1-34,marginalised,2798.49536786537,0.0014098608969962997,0.42478248476982117
EDTRPAS1-34,marginalised,2866.4294624556605,0.0013088084194642663,0.44397348165512085
EDTRPAS1-34,marginalised,2936.012672231491,0.0012142051699403384,0.46406975388526917
EDTRPAS1-34,marginalised,3007.2850298290714,0.0011259698160478203,0.48507291078567505
EDTRPAS1-34,marginalised,3080.287539685718,0.0010439516838069416,0.5069810152053833
EDTRPAS1-34,marginalised,3155.0622016305524,0.0009679588280644978,0.5297832489013672
EDTRPAS1-34,marginalised,3231.652035047826,0.0008977416672238452,0.5534656643867493
EDTRPAS1-34,marginalised,3310.101103626883,0.0008330002461639603,0.5780169367790222
EDTRPAS1-34,marginalised,3390.4545407128817,0.0007734201181934476,0.6034179925918579
EDTRPAS1-34,marginalised,3472.758575272909,0.0007186546233610202,0.6296575665473938
EDTRPAS1-34,marginalised,3557.0605584924797,0.0006683598213285356,0.6567201018333435
EDTRPAS1-34,marginalised,3643.4089910176185,0.0006221880606363915,0.6845958232879639
EDTRPAS1-34,marginalised,3731.8535508582527,0.0005798054351937641,0.7132747769355774
EDTRPAS1-34,marginalised,3822.445121969022,0.0005408847582600306,0.7427555322647095
EDTRPAS1-34,marginalised,3915.235823523805,0.000505116564200677,0.7730429768562317
EDTRPAS1-34,marginalised,4010.27903990099,0.0004722115060842023,0.8041471838951111
EDTRPAS1-34,marginalised,4107.629451396543,0.0004418860254279515,0.8361049294471741
EDTRPAS1-34,marginalised,4207.3430656827395,0.00041388336755539566,0.8689609169960022
EDTRPAS1-34,marginalised,4309.4772500305,0.0003879636654197282,0.9027807712554932
EDTRPAS1-34,marginalised,4414.090764313923,0.00036390602263674263,0.9376541972160339
EDTRPAS1-34,marginalised,4521.243794816081,0.00034151340943268437,0.973687469959259
EDTRPAS1-34,marginalised,4630.997988855397,0.00032060576562228986,1.0110149383544922
EDTRPAS1-34,marginalised,4743.416490252567,0.00030103126130252747,1.0497777462005615
EDTRPAS1-34,marginalised,4858.563975658549,0.0002826575057536878,1.090133547782898
EDTRPAS1-34,marginalised,4976.506691764286,0.00026537258723516603,1.1322495937347412
EDTRPAS1-34,marginalised,5097.312493413845,0.0002490854658692429,1.176291584968567
EDTRPAS1-34,marginalised,5221.0508826426185,0.00023372350084461087,1.2224187850952148
EDTRPAS1-34,marginalised,5347.793048663322,0.0002192273220758873,1.2707849740982056
EDTRPAS1-34,marginalised,5477.6119088225705,0.00020555150631791346,1.3215233087539673
EDTRPAS1-34,marginalised,5610.582150551681,0.00019265992555005072,1.3747432231903076
EDTRPAS1-34,marginalised,5746.780274335928,0.0001805219427656023,1.4305369853973389
EDTRPAS1-34,marginalised,5886.284637726807,0.0001691105441656497,1.4889724254608154
EDTRPAS1-34,marginalised,6029.175500422687,0.0001584006866386777,1.550089955329895
EDTRPAS1-34,marginalised,6175.535070443915,0.00014836570493797165,1.6139214038848877
EDTRPAS1-34,marginalised,6325.447551428735,0.00013897790791730086,1.6804834604263306
EDTRPAS1-34,marginalised,6478.999191077314,0.00013020891897016487,1.74977445602417
EDTRPAS1-34,marginalised,6636.27833077188,0.0001220289023586948,1.821784257888794
EDTRPAS1-34,marginalised,6797.375456401226,0.00011440748781682265,1.8964922428131104
EDTRPAS1-34,marginalised,6962.383250419175,0.00010731532084918069,1.9738467931747437
EDTRPAS1-34,marginalised,7131.396645166586,0.00010072429771659567,2.0537657737731934
EDTRPAS1-34,marginalised,7304.512877487944,9.46071455542194e-05,2.136136054992676
EDTRPAS1-34,marginalised,7481.831544673663,8.89390925546902e-05,2.2207796573638916
EDTRPAS1-34,marginalised,7663.454661760392,8.369615251682102e-05,2.3074746131896973
EDTRPAS1-34,marginalised,7849.486720222415,7.88551422789966e-05,2.3959500789642334
EDTRPAS1-34,marginalised,8040.034748087692,7.439344586939161e-05,2.485886335372925
EDTRPAS1-34,marginalised,8235.208371513208,7.028825638730051e-05,2.5769400596618652
EDTRPAS1-34,marginalised,8435.119877855228,6.651629468958126e-05,2.668759822845459
EDTRPAS1-34,marginalised,8639.884280270442,6.305386912143137e-05,2.7610080242156982
EDTRPAS1-34,marginalised,8849.619383885356,5.987710136127672e-05,2.853369951248169
EDTRPAS1-34,marginalised,9064.445853571997,5.6961682197201594e-05,2.945598840713501
EDTRPAS1-34,marginalised,9284.487283368906,5.428386343766204e-05,3.037494659423828
EDTRPAS1-34,marginalised,9509.870267587276,5.182025270182107e-05,3.1289443969726562
EDTRPAS1-34,marginalised,9740.724473643171,4.954860304221202e-05,3.2199015617370605
EDTRPAS1-34,marginalised,9977.182716657946,4.7447915802608764e-05,3.3103890419006348
EDTRPAS1-34,marginalised,10219.381035869426,4.5498531477474556e-05,3.4005088806152344
EDTRPAS1-34,marginalised,10467.458772897995,4.368265853278337e-05,3.490405797958374
EDTRPAS1-34,marginalised,10721.558651912776,4.198418161339159e-05,3.5802786350250244
EDTRPAS1-34,marginalised,10981.826861743697,4.0388970651013254e-05,3.670342445373535
EDTRPAS1-34,marginalised,11248.413139986853,3.88848078986449e-05,3.760826826095581
EDTRPAS1-34,marginalised,11521.470859151617,3.7461652245344926e-05,3.851930856704712
EDTRPAS1-34,marginalised,11801.157114899099,3.611121468007275e-05,3.943830966949463
EDTRPAS1-34,marginalised,12087.632816422241,3.4827321756674835e-05,4.036622524261475
EDTRPAS1-34,marginalised,12381.062779020282,3.3605380501048056e-05,4.130334854125977
EDTRPAS1-34,marginalised,12681.615818920382,3.24421885690474e-05,4.224916934967041
EDTRPAS1-34,marginalised,12989.464850400991,3.133559971572579e-05,4.320235729217529
EDTRPAS1-34,marginalised,13304.786985272876,3.028403300760648e-05,4.416098594665527
EDTRPAS1-34,marginalised,13627.763634775294,2.928609903789278e-05,4.51228141784668
EDTRPAS1-34,marginalised,13958.580613945493,2.83402809628693e-05,4.608552932739258
EDTRPAS1-34,marginalised,14297.42824852181,2.74445871404158e-05,4.704722881317139
EDTRPAS1-34,marginalised,14644.501484442098,2.6596594103517064e-05,4.800649166107178
EDTRPAS1-34,marginalised,15000.000000000004,2.579328599607528e-05,4.896270275115967
EDTRPAS1-43,marginalised,49.99999999999999,2.88354265e-316,2928.6748046875
EDTRPAS1-43,marginalised,51.21376106907962,2.7242125e-316,2937.9052734375
EDTRPAS1-43,marginalised,52.456986456815486,2.64444497e-316,2942.91064453125
EDTRPAS1-43,marginalised,53.73039141606588,2.6409765e-316,2943.130126953125
EDTRPAS1-43,marginalised,55.03470856261049,2.71677104e-316,2938.34130859375
EDTRPAS1-43,marginalised,56.37068829663924,2.8824548e-316,2928.70703125
EDTRPAS1-43,marginalised,57.739099234472896,3.1587521e-316,2914.751953125
EDTRPAS1-43,marginalised,59.14072865076346,3.5825393e-316,2897.31005859375
EDTRPAS1-43,marginalised,60.57638293142943,4.21769993e-316,2877.420166015625
EDTRPAS1-43,marginalised,62.046888037586,5.1792303e-316,2856.206787109375
EDTRPAS1-43,marginalised,63.55308998073723,6.6888777e-316,2834.769287109375
EDTRPAS1-43,marginalised,65.09585530950389,9.2235921e-316,2814.076416015625
EDTRPAS1-43,marginalised,66.67607160816621,1.39901264e-315,2794.898681640625
EDTRPAS1-43,marginalised,68.29464800730935,2.49348654e-315,2777.771240234375
EDTRPAS1-43,marginalised,69.95251570686466,6.235590906e-315,2762.9921875
EDTRPAS1-43,marginalised,71.65062851184811,1.5368428100709637e-12,731.19482421875
EDTRPAS1-43,marginalised,73.38996338110347,0.00024833603917419106,37.66893768310547
EDTRPAS1-43,marginalised,75.17152098936673,0.0011166247125370897,13.531582832336426
EDTRPAS1-43,marginalised,76.99632630297462,0.0023834273783816837,7.4699625968933105
EDTRPAS1-43,marginalised,78.86542916954859,0.0035626331009977054,5.360296249389648
EDTRPAS1-43,marginalised,80.77990492199369,0.0043479907367348705,4.417067527770996
EDTRPAS1-43,marginalised,82.74085499715908,0.004766601236276169,3.9378087520599365
EDTRPAS1-43,marginalised,84.74940756951734,0.004977385288923734,3.777550220489502
EDTRPAS1-43,marginalised,86.8067182002262,0.0050773697014661265,3.6869678497314453
EDTRPAS1-43,marginalised,88.91397050194611,0.005169175487089718,3.649066925048828
EDTRPAS1-43,marginalised,91.07237681979724,0.005203523768200428,3.5969836711883545
EDTRPAS1-43,marginalised,93.28317892884563,0.00517039376872849,3.5688414573669434
EDTRPAS1-43,marginalised,95.54764874852205,0.005167007564078991,3.4790844917297363
EDTRPAS1-43,marginalised,97.86708907438297,0.005186368959156028,3.494290828704834
EDTRPAS1-43,marginalised,100.24283432763565,0.005212625478890706,3.545436382293701
EDTRPAS1-43,marginalised,102.67625132285731,0.005238693230406609,3.6066792011260986
EDTRPAS1-43,marginalised,105.16874005435169,0.0052624356940254155,3.645479917526245
EDTRPAS1-43,marginalised,107.72173450159414,0.005283494518488631,3.583878993988037
EDTRPAS1-43,marginalised,110.33670345422946,0.0053020653239640465,3.537771463394165
EDTRPAS1-43,marginalised,113.015151357096,0.005318469498603193,3.502418279647827
EDTRPAS1-43,marginalised,115.75861917576368,0.005333010292354599,3.4748990535736084
EDTRPAS1-43,marginalised,118.5686852830828,0.0053459918004080025,3.4532480239868164
EDTRPAS1-43,marginalised,121.44696636725389,0.005357649472138076,3.4360909461975098
EDTRPAS1-43,marginalised,124.3951183619418,0.00536815862192966,3.4224205017089844
EDTRPAS1-43,marginalised,127.41483739896732,0.005377680839655548,3.4114670753479004
EDTRPAS1-43,marginalised,130.50786078412688,0.0053863196618278335,3.402649402618408
EDTRPAS1-43,marginalised,133.6759679966996,0.005394140461297409,3.3955178260803223
EDTRPAS1-43,marginalised,136.92098171321803,0.005401182238317208,3.3897347450256348
EDTRPAS1-43,marginalised,140.24476885609135,0.005407471156868497,3.3850314617156982
EDTRPAS1-43,marginalised,143.64924166768324,0.00541304083814994,3.3812074661254883
EDTRPAS1-43,marginalised,147.13635881046415,0.0054179239143065895,3.3780970573425293
EDTRPAS1-43,marginalised,150.70812649386957,0.005422163690477733,3.375567674636841
EDTRPAS1-43,marginalised,154.36659962851317,0.00542584624082114,3.373502731323242
EDTRPAS1-43,marginalised,158.11388300841898,0.005429042817900284,3.37180233001709
EDTRPAS1-43,marginalised,161.95213252195154,0.005431898608066293,3.3703694343566895
EDTRPAS1-43,marginalised,165.88355639214276,0.005434529343281293,3.3691112995147705
EDTRPAS1-43,marginalised,169.91041644712791,0.005437102826544218,3.3679451942443848
EDTRPAS1-43,marginalised,174.03502942142052,0.005439748061667302,3.366792678833008
EDTRPAS1-43,marginalised,178.25976828877745,0.005442614139378518,3.365581750869751
EDTRPAS1-43,marginalised,182.5870636274189,0.005445822903609437,3.364259958267212
EDTRPAS1-43,marginalised,187.01940501838925,0.0054494386715131585,3.362791061401367
EDTRPAS1-43,marginalised,191.55934247786433,0.005453488091424219,3.3611607551574707
EDTRPAS1-43,marginalised,196.2094879242268,0.00545792955811116,3.3593809604644775
EDTRPAS1-43,marginalised,200.97251668075629,0.005462672821596247,3.3574891090393066
EDTRPAS1-43,marginalised,205.85116901479742,0.00546757105564604,3.3555428981781006
EDTRPAS1-43,marginalised,210.84825171429105,0.005472416778981525,3.35361909866333
EDTRPAS1-43,marginalised,215.9666397025772,0.005477006673784448,3.3518011569976807
EDTRPAS1-43,marginalised,221.2092776923959,0.005481118680637768,3.3501763343811035
EDTRPAS1-43,marginalised,226.57918188004095,0.00548455054700408,3.348820686340332
EDTRPAS1-43,marginalised,232.07944168063906,0.005487152935999634,3.3477957248687744
EDTRPAS1-43,marginalised,237.71322150555272,0.005488832985097203,3.347132444381714
EDTRPAS1-43,marginalised,243.48376258293155,0.005489580209694853,3.3468408584594727
EDTRPAS1-43,marginalised,249.39438482245532,0.005489452998946424,3.3468902111053467
EDTRPAS1-43,marginalised,255.44848872534627,0.005488621093480696,3.3472189903259277
EDTRPAS1-43,marginalised,261.6495573407475,0.005487302904708582,3.3477399349212646
EDTRPAS1-43,marginalised,268.00115826958955,0.00548579502943929,3.3483352661132812
EDTRPAS1-43,marginalised,274.50694571710704,0.005484449042331481,3.3488657474517822
EDTRPAS1-43,marginalised,281.17066259517463,0.005483632342313344,3.3491878509521484
EDTRPAS1-43,marginalised,287.99614267568126,0.005483721861043247,3.349151849746704
EDTRPAS1-43,marginalised,294.9873127961781,0.0054850602440981435,3.3486223220825195
EDTRPAS1-43,marginalised,302.14819511906643,0.005487956664315915,3.3474843502044678
EDTRPAS1-43,marginalised,309.48290944563036,0.005492581310604048,3.345658540725708
EDTRPAS1-43,marginalised,316.9956755862423,0.005499075032223345,3.3431084156036377
EDTRPAS1-43,marginalised,324.69081578810557,0.0055073884014426875,3.339846134185791
EDTRPAS1-43,marginalised,332.5727572219317,0.005517376516985324,3.3359336853027344
EDTRPAS1-43,marginalised,340.6460345289807,0.005528807183886376,3.331475019454956
EDTRPAS1-43,marginalised,348.9152924299333,0.005541313654332819,3.326613187789917
EDTRPAS1-43,marginalised,357.38528839709295,0.00555447068138512,3.321518898010254
EDTRPAS1-43,marginalised,366.06089539145637,0.005567833650752894,3.3163652420043945
EDTRPAS1-43,marginalised,374.9471046662279,0.005580951615303012,3.311325788497925
EDTRPAS1-43,marginalised,384.0490286383877,0.00559343100476715,3.3065500259399414
EDTRPAS1-43,marginalised,393.37190382996977,0.005604947446158356,3.3021581172943115
EDTRPAS1-43,marginalised,402.9210938807411,0.005615262263065813,3.2982375621795654
EDTRPAS1-43,marginalised,412.70209263400915,0.005624245129229529,3.294833183288574
EDTRPAS1-43,marginalised,422.7205272973462,0.005631847559805556,3.2919583320617676
EDTRPAS1-43,marginalised,432.9821616800328,0.005638101424875054,3.2895989418029785
EDTRPAS1-43,marginalised,443.49289950909565,0.0056430971410574805,3.287717342376709
EDTRPAS1-43,marginalised,454.2587878258437,0.005646970628019454,3.2862601280212402
EDTRPAS1-43,marginalised,465.28602046484946,0.005649872096380853,3.2851696014404297
EDTRPAS1-43,marginalised,476.5809416173939,0.00565195992177815,3.2843854427337646
EDTRPAS1-43,marginalised,488.15004948140387,0.005653387411112226,3.2838494777679443
EDTRPAS1-43,marginalised,499.99999999999983,0.0056542940572818804,3.2835097312927246
EDTRPAS1-43,marginalised,512.1376106907965,0.005713863040612467,3.2613542079925537
EDTRPAS1-43,marginalised,524.5698645681549,0.00572704123893492,3.256504774093628
EDTRPAS1-43,marginalised,537.3039141606589,0.005741610186226338,3.2511651515960693
EDTRPAS1-43,marginalised,550.347085626105,0.005757483814542206,3.245372772216797
EDTRPAS1-43,marginalised,563.7068829663924,0.005774501358815383,3.239192485809326
EDTRPAS1-43,marginalised,577.390992344729,0.005792456368873862,3.2327046394348145
EDTRPAS1-43,marginalised,591.4072865076347,0.005811114386843947,3.2259981632232666
EDTRPAS1-43,marginalised,605.763829314294,0.005830247644293869,3.2191574573516846
EDTRPAS1-43,marginalised,620.4688803758602,0.005849644933983967,3.2122609615325928
EDTRPAS1-43,marginalised,635.5308998073724,0.0058691343682788265,3.2053699493408203
EDTRPAS1-43,marginalised,650.958553095039,0.005888581902784181,3.198530912399292
EDTRPAS1-43,marginalised,666.7607160816622,0.005907894577999313,3.191776990890503
EDTRPAS1-43,marginalised,682.9464800730931,0.005927002027751148,3.1851308345794678
EDTRPAS1-43,marginalised,699.5251570686473,0.005945856937160343,3.17860746383667
EDTRPAS1-43,marginalised,716.5062851184813,0.005964407048046677,3.1722230911254883
EDTRPAS1-43,marginalised,733.8996338110348,0.005982603635573559,3.165992021560669
EDTRPAS1-43,marginalised,751.7152098936674,0.006000386729524468,3.159933567047119
EDTRPAS1-43,marginalised,769.9632630297457,0.006017686802522155,3.1540677547454834
EDTRPAS1-43,marginalised,788.6542916954868,0.006034442939320867,3.14841365814209
EDTRPAS1-43,marginalised,807.799049219937,0.006050601613612466,3.1429858207702637
EDTRPAS1-43,marginalised,827.4085499715909,0.006066132294552001,3.137791633605957
EDTRPAS1-43,marginalised,847.4940756951737,0.0060810282565159635,3.1328306198120117
EDTRPAS1-43,marginalised,868.0671820022613,0.006095316704128995,3.1280906200408936
EDTRPAS1-43,marginalised,889.1397050194621,0.006109044333875852,3.1235547065734863
EDTRPAS1-43,marginalised,910.7237681979726,0.00612228146811479,3.119196653366089
EDTRPAS1-43,marginalised,932.8317892884564,0.006135104095272586,3.114989995956421
EDTRPAS1-43,marginalised,955.4764874852208,0.006147587021918849,3.1109089851379395
EDTRPAS1-43,marginalised,978.67089074383,0.006159788894529942,3.106933355331421
EDTRPAS1-43,marginalised,1002.4283432763567,0.006171757770019438,3.103046417236328
EDTRPAS1-43,marginalised,1026.7625132285732,0.006183516434410618,3.0992400646209717
EDTRPAS1-43,marginalised,1051.6874005435163,0.006195067994092369,3.095512628555298
EDTRPAS1-43,marginalised,1077.2173450159426,0.006206403590679117,3.0918662548065186
EDTRPAS1-43,marginalised,1103.3670345422947,0.006217502092393655,3.0883069038391113
EDTRPAS1-43,marginalised,1130.1515135709603,0.006228340811165944,3.08484148979187
EDTRPAS1-43,marginalised,1157.5861917576372,0.006238893569292061,3.081477165222168
EDTRPAS1-43,marginalised,1185.6868528308273,0.006249133003872387,3.0782220363616943
EDTRPAS1-43,marginalised,1214.4696636725403,0.006259031257612544,3.0750839710235596
EDTRPAS1-43,marginalised,1243.9511836194183,0.0062685515121005154,3.0720739364624023
EDTRPAS1-43,marginalised,1274.1483739896735,0.006277650448566774,3.069204568862915
EDTRPAS1-43,marginalised,1305.0786078412689,0.006286276009411892,3.06649112701416
EDTRPAS1-43,marginalised,1336.759679966995,0.006294363280341539,3.063953161239624
EDTRPAS1-43,marginalised,1369.2098171321818,0.0063018452074840225,3.061610460281372
EDTRPAS1-43,marginalised,1402.447688560914,0.006308650505893426,3.0594842433929443
EDTRPAS1-43,marginalised,1436.4924166768328,0.006314714092275759,3.057593584060669
EDTRPAS1-43,marginalised,1471.3635881046416,0.0063199785850706625,3.055955410003662
EDTRPAS1-43,marginalised,1507.0812649386949,0.006324399196696989,3.0545825958251953
EDTRPAS1-43,marginalised,1543.665996285132,0.006327945161086293,3.053483724594116
EDTRPAS1-43,marginalised,1581.13883008419,0.0063305956129073625,3.052664279937744
EDTRPAS1-43,marginalised,1619.5213252195158,0.006332339945008055,3.0521273612976074
EDTRPAS1-43,marginalised,1658.8355639214296,0.0063331734096193715,3.0518739223480225
EDTRPAS1-43,marginalised,1699.1041644712795,0.006333091531199593,3.0519051551818848
EDTRPAS1-43,marginalised,1740.3502942142056,0.006332088877216039,3.052222967147827
EDTRPAS1-43,marginalised,1782.597682887775,0.006330156724883202,3.0528299808502197
EDTRPAS1-43,marginalised,1825.8706362741877,0.006327282256621219,3.0537307262420654
EDTRPAS1-43,marginalised,1870.1940501838944,0.006323448109645169,3.054931640625
EDTRPAS1-43,marginalised,1915.5934247786438,0.006318635172636189,3.056439161300659
EDTRPAS1-43,marginalised,1962.0948792422685,0.006312820556683594,3.0582618713378906
EDTRPAS1-43,marginalised,2009.7251668075633,0.006305981941113609,3.060408115386963
EDTRPAS1-43,marginalised,2058.511690147973,0.0062980939706173645,3.062887668609619
EDTRPAS1-43,marginalised,2108.482517142913,0.0062891295901398945,3.06571102142334
EDTRPAS1-43,marginalised,2159.6663970257728,0.00627905760391866,3.0688908100128174
EDTRPAS1-43,marginalised,2212.0927769239593,0.006267841822506572,3.0724408626556396
EDTRPAS1-43,marginalised,2265.79181880041,0.006255438888369139,3.076378583908081
EDTRPAS1-43,marginalised,2320.794416806389,0.006241794249977857,3.0807249546051025
EDTRPAS1-43,marginalised,2377.13221505553,0.0062268456653673315,3.0855042934417725
EDTRPAS1-43,marginalised,2434.837625829316,0.006210517580099685,3.0907461643218994
EDTRPAS1-43,marginalised,2493.9438482245537,0.006192730011737509,3.096482515335083
EDTRPAS1-43,marginalised,2554.4848872534653,0.006173394964058793,3.102748394012451
EDTRPAS1-43,marginalised,2616.4955734074733,0.006152421551550398,3.1095821857452393
EDTRPAS1-43,marginalised,2680.0115826958963,0.00612972744849007,3.1170198917388916
EDTRPAS1-43,marginalised,2745.069457171071,0.006105235680335607,3.1250979900360107
EDTRPAS1-43,marginalised,2811.706625951744,0.006078887033141933,3.1338484287261963
EDTRPAS1-43,marginalised,2879.961426756816,0.006050637026920222,3.1433005332946777
EDTRPAS1-43,marginalised,2949.873127961782,0.00602046694709633,3.1534762382507324
EDTRPAS1-43,marginalised,3021.4819511906676,0.005988375370508876,3.164393424987793
EDTRPAS1-43,marginalised,3094.829094456304,0.005954384008064159,3.17606258392334
EDTRPAS1-43,marginalised,3169.9567558624212,0.0059185260887405595,3.1884942054748535
EDTRPAS1-43,marginalised,3246.908157881059,0.005880850594269519,3.201690435409546
EDTRPAS1-43,marginalised,3325.7275722193176,0.0058414164592231945,3.215654134750366
EDTRPAS1-43,marginalised,3406.4603452898104,0.00580028852313226,3.2303855419158936
EDTRPAS1-43,marginalised,3489.1529242993333,0.005757536401395876,3.2458837032318115
EDTRPAS1-43,marginalised,3573.8528839709275,0.005713229359283845,3.262148857116699
EDTRPAS1-43,marginalised,3660.6089539145673,0.005667440954383665,3.279179573059082
EDTRPAS1-43,marginalised,3749.47104666228,0.0056202424703390855,3.296975612640381
EDTRPAS1-43,marginalised,3840.4902863838747,0.0055716944779658426,3.3155417442321777
EDTRPAS1-43,marginalised,3933.719038299702,0.00552185428012137,3.334883689880371
EDTRPAS1-43,marginalised,4029.2109388074086,0.005470751233636991,3.3550190925598145
EDTRPAS1-43,marginalised,4127.020926340097,0.005418402824184914,3.3759713172912598
EDTRPAS1-43,marginalised,4227.205272973463,0.005364787763368956,3.397782802581787
EDTRPAS1-43,marginalised,4329.821616800325,0.005309867220831957,3.420504331588745
EDTRPAS1-43,marginalised,4434.9289950909615,0.005253569884655872,3.4442033767700195
EDTRPAS1-43,marginalised,4542.587878258434,0.0051957911049104735,3.4689700603485107
EDTRPAS1-43,marginalised,4652.8602046485,0.0051364148779591366,3.494901180267334
EDTRPAS1-43,marginalised,4765.80941617394,0.005075302706154648,3.522116184234619
EDTRPAS1-43,marginalised,4881.500494814036,0.005012319163634097,3.5507397651672363
EDTRPAS1-43,marginalised,5000.000000000004,0.004947330177023056,3.5809075832366943
EDTRPAS1-04/EDTRETN1-01,marginalised,249.9999999999999,0.005446632796939547,40.34343719482422
EDTRPAS1-04/EDTRETN1-01,marginalised,256.068805345398,0.005446552577512536,40.343727111816406
EDTRPAS1-04/EDTRETN1-01,marginalised,262.28493228407746,0.005446441023111162,40.34410858154297
EDTRPAS1-04/EDTRETN1-01,marginalised,268.65195708032917,0.005446324688508694,40.34453201293945
EDTRPAS1-04/EDTRETN1-01,marginalised,275.1735428130523,0.005446223515333524,40.344886779785156
EDTRPAS1-04/EDTRETN1-01,marginalised,281.8534414831962,0.005446165890666324,40.345096588134766
EDTRPAS1-04/EDTRETN1-01,marginalised,288.6954961723645,0.005446175438628302,40.345062255859375
EDTRPAS1-04/EDTRETN1-01,marginalised,295.70364325381706,0.005446274556769589,40.344696044921875
EDTRPAS1-04/EDTRETN1-01,marginalised,302.8819146571469,0.005446486712629277,40.34392547607422
EDTRPAS1-04/EDTRETN1-01,marginalised,310.23444018792975,0.005446822803700826,40.342708587646484
EDTRPAS1-04/EDTRETN1-01,marginalised,317.76544990368615,0.005447287745565995,40.34103012084961
EDTRPAS1-04/EDTRETN1-01,marginalised,325.4792765475195,0.00544787764286014,40.338897705078125
EDTRPAS1-04/EDTRETN1-01,marginalised,333.38035804083074,0.00544857649156074,40.33635330200195
EDTRPAS1-04/EDTRETN1-01,marginalised,341.4732400365465,0.005449368043600365,40.33348846435547
EDTRPAS1-04/EDTRETN1-01,marginalised,349.7625785343233,0.005450229253090573,40.330387115478516
EDTRPAS1-04/EDTRETN1-01,marginalised,358.25314255924064,0.0054511217156037964,40.3271598815918
EDTRPAS1-04/EDTRETN1-01,marginalised,366.9498169055171,0.005452015100065733,40.323917388916016
EDTRPAS1-04/EDTRETN1-01,marginalised,375.8576049468333,0.0054528824092600885,40.3207893371582
EDTRPAS1-04/EDTRETN1-01,marginalised,384.98163151487284,0.005453699137809245,40.31783676147461
EDTRPAS1-04/EDTRETN1-01,marginalised,394.327145847743,0.005454444002489903,40.31514358520508
EDTRPAS1-04/EDTRETN1-01,marginalised,403.89952460996847,0.005455104499504735,40.3127555847168
EDTRPAS1-04/EDTRETN1-01,marginalised,413.70427498579505,0.005455673732111756,40.310699462890625
EDTRPAS1-04/EDTRETN1-01,marginalised,423.74703784758645,0.0054561525288699,40.308963775634766
EDTRPAS1-04/EDTRETN1-01,marginalised,434.0335910011306,0.005456542296975791,40.30756378173828
EDTRPAS1-04/EDTRETN1-01,marginalised,444.56985250973065,0.005456852047453862,40.30643844604492
EDTRPAS1-04/EDTRETN1-01,marginalised,455.36188409898625,0.005457089951522323,40.30558395385742
EDTRPAS1-04/EDTRETN1-01,marginalised,466.41589464422776,0.005457267635117924,40.3049430847168
EDTRPAS1-04/EDTRETN1-01,marginalised,477.73824374260994,0.005457394396733458,40.30448532104492
EDTRPAS1-04/EDTRETN1-01,marginalised,489.33544537191494,0.005457480342977929,40.30417251586914
EDTRPAS1-04/EDTRETN1-01,marginalised,501.21417163817836,0.005460544559637349,40.29310607910156
EDTRPAS1-04/EDTRETN1-01,marginalised,513.3812566142866,0.005461262094180242,40.2905158996582
EDTRPAS1-04/EDTRETN1-01,marginalised,525.843700271758,0.0054620547813297605,40.287654876708984
EDTRPAS1-04/EDTRETN1-01,marginalised,538.6086725079707,0.00546291930647025,40.2845344543457
EDTRPAS1-04/EDTRETN1-01,marginalised,551.6835172711474,0.005463847583870565,40.281185150146484
EDTRPAS1-04/EDTRETN1-01,marginalised,565.0757567854796,0.005464825517007883,40.277652740478516
EDTRPAS1-04/EDTRETN1-01,marginalised,578.793095878818,0.005465839212921429,40.27399826049805
EDTRPAS1-04/EDTRETN1-01,marginalised,592.8434264154135,0.005466871979236992,40.27027130126953
EDTRPAS1-04/EDTRETN1-01,marginalised,607.2348318362696,0.005467908585119222,40.26652908325195
EDTRPAS1-04/EDTRETN1-01,marginalised,621.975591809709,0.005468936426822971,40.262821197509766
EDTRPAS1-04/EDTRETN1-01,marginalised,637.0741869948362,0.005469945661434115,40.25918197631836
EDTRPAS1-04/EDTRETN1-01,marginalised,652.5393039206339,0.005470927871798008,40.255638122558594
EDTRPAS1-04/EDTRETN1-01,marginalised,668.3798399834975,0.005471878418871134,40.2522087097168
EDTRPAS1-04/EDTRETN1-01,marginalised,684.6049085660902,0.0054727938757383136,40.248905181884766
EDTRPAS1-04/EDTRETN1-01,marginalised,701.2238442804569,0.005473670855080184,40.24574279785156
EDTRPAS1-04/EDTRETN1-01,marginalised,718.2462083384157,0.005474507665698249,40.24272155761719
EDTRPAS1-04/EDTRETN1-01,marginalised,735.6817940523201,0.005475301675351804,40.2398567199707
EDTRPAS1-04/EDTRETN1-01,marginalised,753.5406324693473,0.005476050581112901,40.237152099609375
EDTRPAS1-04/EDTRETN1-01,marginalised,771.8329981425659,0.0054767523608621645,40.234619140625
EDTRPAS1-04/EDTRETN1-01,marginalised,790.569415042095,0.005477404610717794,40.232261657714844
EDTRPAS1-04/EDTRETN1-01,marginalised,809.7606626097571,0.005478007090323038,40.23008346557617
EDTRPAS1-04/EDTRETN1-01,marginalised,829.417781960714,0.005478559868111979,40.228084564208984
EDTRPAS1-04/EDTRETN1-01,marginalised,849.5520822356397,0.005479063859995521,40.226261138916016
EDTRPAS1-04/EDTRETN1-01,marginalised,870.1751471071019,0.005479521806988649,40.22460174560547
EDTRPAS1-04/EDTRETN1-01,marginalised,891.2988414438875,0.005479936720651665,40.22309875488281
EDTRPAS1-04/EDTRETN1-01,marginalised,912.9353181370939,0.00548031133218155,40.221736907958984
EDTRPAS1-04/EDTRETN1-01,marginalised,935.0970250919463,0.005480648783710444,40.22051239013672
EDTRPAS1-04/EDTRETN1-01,marginalised,957.7967123893219,0.0054809511739541085,40.21941375732422
EDTRPAS1-04/EDTRETN1-01,marginalised,981.0474396211332,0.005481218450304201,40.21843719482422
EDTRPAS1-04/EDTRETN1-01,marginalised,1004.8625834037807,0.00548145232425505,40.21757888793945
EDTRPAS1-04/EDTRETN1-01,marginalised,1029.2558450739864,0.005481650983581827,40.21685028076172
EDTRPAS1-04/EDTRETN1-01,marginalised,1054.2412585714555,0.005481812327671324,40.216251373291016
EDTRPAS1-04/EDTRETN1-01,marginalised,1079.8331985128862,0.005481935447798937,40.21579360961914
EDTRPAS1-04/EDTRETN1-01,marginalised,1106.0463884619785,0.00548201682428647,40.21548080444336
EDTRPAS1-04/EDTRETN1-01,marginalised,1132.895909400204,0.00548205441252366,40.21532440185547
EDTRPAS1-04/EDTRETN1-01,marginalised,1160.3972084031943,0.005482044719030317,40.21533966064453
EDTRPAS1-04/EDTRETN1-01,marginalised,1188.5661075277637,0.005481984258309263,40.21553039550781
EDTRPAS1-04/EDTRETN1-01,marginalised,1217.418812914658,0.005481869877282621,40.215919494628906
EDTRPAS1-04/EDTRETN1-01,marginalised,1246.9719241122757,0.005481697352402266,40.216514587402344
EDTRPAS1-04/EDTRETN1-01,marginalised,1277.2424436267315,0.005481462416244877,40.21733093261719
EDTRPAS1-04/EDTRETN1-01,marginalised,1308.2477867037364,0.005481160017740596,40.218387603759766
EDTRPAS1-04/EDTRETN1-01,marginalised,1340.0057913479482,0.005480786969647929,40.219696044921875
EDTRPAS1-04/EDTRETN1-01,marginalised,1372.5347285855355,0.005480339756107029,40.221275329589844
EDTRPAS1-04/EDTRETN1-01,marginalised,1405.853312975872,0.005479814811881035,40.22312545776367
EDTRPAS1-04/EDTRETN1-01,marginalised,1439.9807133784066,0.005479211169401465,40.22526168823242
EDTRPAS1-04/EDTRETN1-01,marginalised,1474.9365639808907,0.005478528176522205,40.22768020629883
EDTRPAS1-04/EDTRETN1-01,marginalised,1510.7409755953308,0.005477766603306418,40.23038101196289
EDTRPAS1-04/EDTRETN1-01,marginalised,1547.4145472281518,0.005476926799613926,40.23336410522461
EDTRPAS1-04/EDTRETN1-01,marginalised,1584.9783779312106,0.005476009336681145,40.23662567138672
EDTRPAS1-04/EDTRETN1-01,marginalised,1623.454078940528,0.005475015361487561,40.24015808105469
EDTRPAS1-04/EDTRETN1-01,marginalised,1662.8637861096586,0.0054739449433301645,40.24396896362305
EDTRPAS1-04/EDTRETN1-01,marginalised,1703.230172644902,0.005472797161332766,40.24805450439453
EDTRPAS1-04/EDTRETN1-01,marginalised,1744.576462149665,0.0054715697122652,40.25243377685547
EDTRPAS1-04/EDTRETN1-01,marginalised,1786.9264419854635,0.0054702616785200974,40.257102966308594
EDTRPAS1-04/EDTRETN1-01,marginalised,1830.3044769572818,0.005468870428698452,40.26206970214844
EDTRPAS1-04/EDTRETN1-01,marginalised,1874.7355233311398,0.005467391946407454,40.26734924316406
EDTRPAS1-04/EDTRETN1-01,marginalised,1920.2451431919371,0.0054658238617334215,40.272953033447266
EDTRPAS1-04/EDTRETN1-01,marginalised,1966.8595191498491,0.005464163888494742,40.278892517089844
EDTRPAS1-04/EDTRETN1-01,marginalised,2014.605469403704,0.00546240760984796,40.285179138183594
EDTRPAS1-04/EDTRETN1-01,marginalised,2063.510463170046,0.005460552536938197,40.29182434082031
EDTRPAS1-04/EDTRETN1-01,marginalised,2113.602636486731,0.005458595249667797,40.29883575439453
EDTRPAS1-04/EDTRETN1-01,marginalised,2164.9108084001623,0.005456531372687354,40.30624008178711
EDTRPAS1-04/EDTRETN1-01,marginalised,2217.4644975454785,0.005454355796702067,40.314048767089844
EDTRPAS1-04/EDTRETN1-01,marginalised,2271.2939391292166,0.005452062209687979,40.32228469848633
EDTRPAS1-04/EDTRETN1-01,marginalised,2326.4301023242456,0.005449643145600588,40.33097839355469
EDTRPAS1-04/EDTRETN1-01,marginalised,2382.9047080869695,0.005447089309854584,40.34016418457031
EDTRPAS1-04/EDTRETN1-01,marginalised,2440.7502474070175,0.005444390859030958,40.349876403808594
EDTRPAS1-04/EDTRETN1-01,marginalised,2499.9999999999995,0.005441536826259881,40.36015701293945
EDTRPAS1-04/EDTRETN1-01,marginalised,2560.6880534539805,0.005438515358879985,40.37105178833008
EDTRPAS1-04/EDTRETN1-01,marginalised,2622.849322840773,0.005435315317379329,40.38260269165039
EDTRPAS1-04/EDTRETN1-01,marginalised,2686.5195708032948,0.005431924371499578,40.39484786987305
EDTRPAS1-04/EDTRETN1-01,marginalised,2751.735428130523,0.005428334809226768,40.4078254699707
EDTRPAS1-04/EDTRETN1-01,marginalised,2818.5344148319627,0.00542453733455609,40.42156982421875
EDTRPAS1-04/EDTRETN1-01,marginalised,2886.9549617236457,0.00542052574494014,40.43610382080078
EDTRPAS1-04/EDTRETN1-01,marginalised,2957.0364325381715,0.005416298392217256,40.45143127441406
EDTRPAS1-04/EDTRETN1-01,marginalised,3028.819146571467,0.005411851501644853,40.467586517333984
EDTRPAS1-04/EDTRETN1-01,marginalised,3102.3444018792984,0.005407186393998522,40.48454666137695
EDTRPAS1-04/EDTRETN1-01,marginalised,3177.654499036865,0.0054023047017744625,40.502315521240234
EDTRPAS1-04/EDTRETN1-01,marginalised,3254.792765475195,0.005397208087296076,40.52089309692383
EDTRPAS1-04/EDTRETN1-01,marginalised,3333.8035804083083,0.005391899475298253,40.5402717590332
EDTRPAS1-04/EDTRETN1-01,marginalised,3414.7324003654685,0.0053863819654681195,40.56044006347656
EDTRPAS1-04/EDTRETN1-01,marginalised,3497.625785343234,0.00538065877294615,40.581390380859375
EDTRPAS1-04/EDTRETN1-01,marginalised,3582.531425592404,0.005374732469462695,40.60311508178711
EDTRPAS1-04/EDTRETN1-01,marginalised,3669.498169055175,0.005368605661026565,40.625614166259766
EDTRPAS1-04/EDTRETN1-01,marginalised,3758.576049468334,0.005362280351026847,40.64887619018555
EDTRPAS1-04/EDTRETN1-01,marginalised,3849.8163151487256,0.0053557571921094525,40.672908782958984
EDTRPAS1-04/EDTRETN1-01,marginalised,3943.271458477431,0.005349035525394834,40.697715759277344
EDTRPAS1-04/EDTRETN1-01,marginalised,4038.995246099682,0.005342110483559452,40.72331237792969
EDTRPAS1-04/EDTRETN1-01,marginalised,4137.042749857955,0.0053349761250192414,40.74973678588867
EDTRPAS1-04/EDTRETN1-01,marginalised,4237.470378475865,0.005327620579646254,40.77702713012695
EDTRPAS1-04/EDTRETN1-01,marginalised,4340.335910011311,0.005320028382976301,40.80525207519531
EDTRPAS1-04/EDTRETN1-01,marginalised,4445.6985250973075,0.005312178923093584,40.83449172973633
EDTRPAS1-04/EDTRETN1-01,marginalised,4553.61884098986,0.0053040471186396754,40.864845275878906
EDTRPAS1-04/EDTRETN1-01,marginalised,4664.158946442283,0.0052956039655599136,40.896427154541016
EDTRPAS1-04/EDTRETN1-01,marginalised,4777.3824374261,0.005286815892473615,40.92937469482422
EDTRPAS1-04/EDTRETN1-01,marginalised,4893.3544537191465,0.005277647596343725,40.96382522583008
EDTRPAS1-04/EDTRETN1-01,marginalised,5012.141716381784,0.005268062680615816,40.99992752075195
EDTRPAS1-04/EDTRETN1-01,marginalised,5133.812566142862,0.005258025032858727,41.03783416748047
EDTRPAS1-04/EDTRETN1-01,marginalised,5258.437002717577,0.005247499776670484,41.07768630981445
EDTRPAS1-04/EDTRETN1-01,marginalised,5386.086725079708,0.005236454893734073,41.11962127685547
EDTRPAS1-04/EDTRETN1-01,marginalised,5516.83517271148,0.005224864282508608,41.16375732421875
EDTRPAS1-04/EDTRETN1-01,marginalised,5650.757567854802,0.005212705493494115,41.21019744873047
EDTRPAS1-04/EDTRETN1-01,marginalised,5787.930958788181,0.005199962870532611,41.259029388427734
EDTRPAS1-04/EDTRETN1-01,marginalised,5928.4342641541425,0.005186625690623495,41.31031036376953
EDTRPAS1-04/EDTRETN1-01,marginalised,6072.348318362697,0.005172687918056667,41.36408996582031
EDTRPAS1-04/EDTRETN1-01,marginalised,6219.755918097087,0.0051581492341684415,41.42040252685547
EDTRPAS1-04/EDTRETN1-01,marginalised,6370.741869948369,0.005143010355939481,41.4792594909668
EDTRPAS1-04/EDTRETN1-01,marginalised,6525.393039206339,0.0051272772284883415,41.54067611694336
EDTRPAS1-04/EDTRETN1-01,marginalised,6683.79839983497,0.0051109583704129135,41.604652404785156
EDTRPAS1-04/EDTRETN1-01,marginalised,6846.049085660904,0.005094065752648834,41.671165466308594
EDTRPAS1-04/EDTRETN1-01,marginalised,7012.238442804564,0.005076618404333539,41.740169525146484
EDTRPAS1-04/EDTRETN1-01,marginalised,7182.4620833841645,0.005058643350391979,41.81159591674805
EDTRPAS1-04/EDTRETN1-01,marginalised,7356.817940523203,0.005040177118392335,41.88533020019531
EDTRPAS1-04/EDTRETN1-01,marginalised,7535.406324693481,0.005021267257416482,41.961212158203125
EDTRPAS1-04/EDTRETN1-01,marginalised,7718.329981425661,0.0050019734244402215,42.03902816772461
EDTRPAS1-04/EDTRETN1-01,marginalised,7905.694150420944,0.004982365286309067,42.118526458740234
EDTRPAS1-04/EDTRETN1-01,marginalised,8097.60662609758,0.00496252028309935,42.19940948486328
EDTRPAS1-04/EDTRETN1-01,marginalised,8294.177819607141,0.004942520020910599,42.28136444091797
EDTRPAS1-04/EDTRETN1-01,marginalised,8495.520822356391,0.004922444490627159,42.36407470703125
EDTRPAS1-04/EDTRETN1-01,marginalised,8701.75147107103,0.004902369773675627,42.447227478027344
EDTRPAS1-04/EDTRETN1-01,marginalised,8912.988414438869,0.0048823615506457165,42.53056335449219
EDTRPAS1-04/EDTRETN1-01,marginalised,9129.353181370932,0.004862472832771518,42.613853454589844
EDTRPAS1-04/EDTRETN1-01,marginalised,9350.970250919465,0.004842740748588393,42.69693374633789
EDTRPAS1-04/EDTRETN1-01,marginalised,9577.96712389323,0.004823186824909605,42.77970886230469
EDTRPAS1-04/EDTRETN1-01,marginalised,9810.474396211343,0.0048038145583458565,42.86215591430664
EDTRPAS1-04/EDTRETN1-01,marginalised,10048.62583403781,0.0047846147548844765,42.94430923461914
EDTRPAS1-04/EDTRETN1-01,marginalised,10292.558450739876,0.004765562532757511,43.02626419067383
EDTRPAS1-04/EDTRETN1-01,marginalised,10542.412585714557,0.004746622495887467,43.10816955566406
EDTRPAS1-04/EDTRETN1-01,marginalised,10798.331985128854,0.004727752438603784,43.19020462036133
EDTRPAS1-04/EDTRETN1-01,marginalised,11060.463884619798,0.0047089067001545816,43.27256774902344
EDTRPAS1-04/EDTRETN1-01,marginalised,11328.959094002043,0.004690039835017826,43.35546112060547
EDTRPAS1-04/EDTRETN1-01,marginalised,11603.972084031937,0.004671113035564177,43.439064025878906
EDTRPAS1-04/EDTRETN1-01,marginalised,11885.661075277641,0.004652097470054659,43.52351379394531
EDTRPAS1-04/EDTRETN1-01,marginalised,12174.18812914657,0.00463297912703316,43.60887908935547
EDTRPAS1-04/EDTRETN1-01,marginalised,12469.71924112277,0.0046137593646256555,43.69517135620117
EDTRPAS1-04/EDTRETN1-01,marginalised,12772.424436267318,0.004594457109065124,43.782310485839844
EDTRPAS1-04/EDTRETN1-01,marginalised,13082.47786703738,0.004575105521256652,43.87016296386719
EDTRPAS1-04/EDTRETN1-01,marginalised,13400.057913479484,0.004555748011097082,43.958534240722656
EDTRPAS1-04/EDTRETN1-01,marginalised,13725.347285855345,0.004536431797224109,44.04720687866211
EDTRPAS1-04/EDTRETN1-01,marginalised,14058.533129758736,0.004517201859578361,44.135986328125
EDTRPAS1-04/EDTRETN1-01,marginalised,14399.807133784068,0.0044980939574181845,44.224693298339844
EDTRPAS1-04/EDTRETN1-01,marginalised,14749.365639808899,0.004479131070732601,44.313228607177734
EDTRPAS1-04/EDTRETN1-01,marginalised,15107.409755953326,0.004460320018186335,44.40153884887695
EDTRPAS1-04/EDTRETN1-01,marginalised,15474.145472281509,0.0044416514531158925,44.48966598510742
EDTRPAS1-04/EDTRETN1-01,marginalised,15849.783779312094,0.004423104896401328,44.577701568603516
EDTRPAS1-04/EDTRETN1-01,marginalised,16234.540789405284,0.00440465144809227,44.6657829284668
EDTRPAS1-04/EDTRETN1-01,marginalised,16628.637861096606,0.004386259699518164,44.754051208496094
EDTRPAS1-04/EDTRETN1-01,marginalised,17032.30172644904,0.004367903584104466,44.84263610839844
EDTRPAS1-04/EDTRETN1-01,marginalised,17445.764621496655,0.004349565048882494,44.93162536621094
EDTRPAS1-04/EDTRETN1-01,marginalised,17869.264419854655,0.004331238917432976,45.021053314208984
EDTRPAS1-04/EDTRETN1-01,marginalised,18303.044769572825,0.00431293296161703,45.110877990722656
EDTRPAS1-04/EDTRETN1-01,marginalised,18747.355233311384,0.004294669139652036,45.20099639892578
EDTRPAS1-04/EDTRETN1-01,marginalised,19202.45143191939,0.004276478138076689,45.291255950927734
EDTRPAS1-04/EDTRETN1-01,marginalised,19668.595191498494,0.004258399565835999,45.38146209716797
EDTRPAS1-04/EDTRETN1-01,marginalised,20146.05469403703,0.004240476276497751,45.47138595581055
EDTRPAS1-04/EDTRETN1-01,marginalised,20635.104631700466,0.0042227511148682,45.56081008911133
EDTRPAS1-04/EDTRETN1-01,marginalised,21136.026364867335,0.004205264620926837,45.64950942993164
EDTRPAS1-04/EDTRETN1-01,marginalised,21649.108084001607,0.004188052367292639,45.737300872802734
EDTRPAS1-04/EDTRETN1-01,marginalised,22174.64497545479,0.004171143276846657,45.82400131225586
EDTRPAS1-04/EDTRETN1-01,marginalised,22712.93939129219,0.004154561884376374,45.90946960449219
EDTRPAS1-04/EDTRETN1-01,marginalised,23264.301023242482,0.004138327668356935,45.99358367919922
EDTRPAS1-04/EDTRETN1-01,marginalised,23829.04708086968,0.004122455246156111,46.07624053955078
EDTRPAS1-04/EDTRETN1-01,marginalised,24407.502474070203,0.0041069602779917995,46.1573371887207
EDTRPAS1-04/EDTRETN1-01,marginalised,25000.0,0.004091857146455625,46.23676300048828
EDTRPAS1-05/EDTRETN1-03,marginalised,725.0,0.0012552375683254637,2.0802149772644043
EDTRPAS1-05/EDTRETN1-03,marginalised,742.5995355016545,0.0012758674058535172,2.0466818809509277
EDTRPAS1-05/EDTRETN1-03,marginalised,760.6263036238249,0.0012969146281416688,2.013517379760742
EDTRPAS1-05/EDTRETN1-03,marginalised,779.090675532955,0.0013183124139175438,1.9808380603790283
EDTRPAS1-05/EDTRETN1-03,marginalised,798.0032741578518,0.0013399757697959286,1.9487706422805786
EDTRPAS1-05/EDTRETN1-03,marginalised,817.3749803012693,0.0013618396276005595,1.9173953533172607
EDTRPAS1-05/EDTRETN1-03,marginalised,837.2169388998574,0.0013838534515546238,1.8867664337158203
EDTRPAS1-05/EDTRETN1-03,marginalised,857.5405654360698,0.0014060010740268437,1.8568789958953857
EDTRPAS1-05/EDTRETN1-03,marginalised,878.3575525057264,0.0014283154888914058,1.827665090560913
EDTRPAS1-05/EDTRETN1-03,marginalised,899.6798765449967,0.0014508656010507508,1.7990223169326782
EDTRPAS1-05/EDTRETN1-03,marginalised,921.5198047206902,0.0014737728887941322,1.7707867622375488
EDTRPAS1-05/EDTRETN1-03,marginalised,943.8899019878068,0.0014971765045717243,1.7427995204925537
EDTRPAS1-05/EDTRETN1-03,marginalised,966.8030383184096,0.0015212375963556894,1.7148919105529785
EDTRPAS1-05/EDTRETN1-03,marginalised,990.2723961059852,0.001546115554075946,1.686917781829834
EDTRPAS1-05/EDTRETN1-03,marginalised,1014.311477749538,0.0015719632506698725,1.6587611436843872
EDTRPAS1-05/EDTRETN1-03,marginalised,1038.9341134217982,0.0015989097493985134,1.630344271659851
EDTRPAS1-05/EDTRETN1-03,marginalised,1064.154469026,0.001627069801497884,1.6016206741333008
EDTRPAS1-05/EDTRETN1-03,marginalised,1089.9870543458171,0.0016565500431627875,1.5725679397583008
EDTRPAS1-05/EDTRETN1-03,marginalised,1116.4467313931316,0.001687451911509603,1.5431709289550781
EDTRPAS1-05/EDTRETN1-03,marginalised,1143.548722958455,0.0017198913690359818,1.5134176015853882
EDTRPAS1-05/EDTRETN1-03,marginalised,1171.308621368909,0.0017539954944459217,1.483293890953064
EDTRPAS1-05/EDTRETN1-03,marginalised,1199.7423974588062,0.001789922477106864,1.452771544456482
EDTRPAS1-05/EDTRETN1-03,marginalised,1228.866409758001,0.0018278373777223904,1.4218313694000244
EDTRPAS1-05/EDTRETN1-03,marginalised,1258.6974139032793,0.0018679154285367535,1.3904646635055542
EDTRPAS1-05/EDTRETN1-03,marginalised,1289.2525722782193,0.0019103246907083106,1.3586782217025757
EDTRPAS1-05/EDTRETN1-03,marginalised,1320.5494638870593,0.001955216644852229,1.326509952545166
EDTRPAS1-05/EDTRETN1-03,marginalised,1352.606094468261,0.0020027035426074245,1.2940270900726318
EDTRPAS1-05/EDTRETN1-03,marginalised,1385.4409068535692,0.0020528606743002117,1.261330008506775
EDTRPAS1-05/EDTRETN1-03,marginalised,1419.072791578554,0.0021057311694357016,1.2285330295562744
EDTRPAS1-05/EDTRETN1-03,marginalised,1453.5210977507177,0.002161312227365321,1.195771336555481
EDTRPAS1-05/EDTRETN1-03,marginalised,1488.8056441814304,0.0022196052809342727,1.1631641387939453
EDTRPAS1-05/EDTRETN1-03,marginalised,1524.9467307880989,0.002280598105167585,1.1308283805847168
EDTRPAS1-05/EDTRETN1-03,marginalised,1561.9651502731158,0.00234431970832213,1.098841667175293
EDTRPAS1-05/EDTRETN1-03,marginalised,1599.8822000863279,0.002410826970328326,1.0672670602798462
EDTRPAS1-05/EDTRETN1-03,marginalised,1638.7196946778913,0.002480248453242693,1.036124348640442
EDTRPAS1-05/EDTRETN1-03,marginalised,1678.4999780485728,0.0025527608389558495,1.0054210424423218
EDTRPAS1-05/EDTRETN1-03,marginalised,1719.2459366046999,0.002628621318120931,0.9751349687576294
EDTRPAS1-05/EDTRETN1-03,marginalised,1760.9810123251823,0.0027081385757495493,0.9452375173568726
EDTRPAS1-05/EDTRETN1-03,marginalised,1803.7292162481554,0.002791678943806306,0.9156957268714905
EDTRPAS1-05/EDTRETN1-03,marginalised,1847.5151422850256,0.0028796508797424196,0.8864789605140686
EDTRPAS1-05/EDTRETN1-03,marginalised,1892.3639813698387,0.0029725078440744125,0.8575619459152222
EDTRPAS1-05/EDTRETN1-03,marginalised,1938.3015359521432,0.0030707318431234475,0.8289287090301514
EDTRPAS1-05/EDTRETN1-03,marginalised,1985.3542348416622,0.003174858863876155,0.8005691170692444
EDTRPAS1-05/EDTRETN1-03,marginalised,2033.549148413324,0.0032854736585307166,0.772476851940155
EDTRPAS1-05/EDTRETN1-03,marginalised,2082.914004181406,0.0034032330918236237,0.7446494698524475
EDTRPAS1-05/EDTRETN1-03,marginalised,2133.4772027517292,0.0035289078812637785,0.7170781493186951
EDTRPAS1-05/EDTRETN1-03,marginalised,2185.267834161108,0.003663383252073872,0.6897569894790649
EDTRPAS1-05/EDTRETN1-03,marginalised,2238.315694613442,0.0038077337799033873,0.662666916847229
EDTRPAS1-05/EDTRETN1-03,marginalised,2292.651303622074,0.003963226146349299,0.6357892751693726
EDTRPAS1-05/EDTRETN1-03,marginalised,2348.3059215682965,0.004131384574643037,0.6090983152389526
EDTRPAS1-05/EDTRETN1-03,marginalised,2405.3115676860716,0.004314025963605586,0.5825675129890442
EDTRPAS1-05/EDTRETN1-03,marginalised,2463.701038483356,0.004513279231690113,0.5561754703521729
EDTRPAS1-05/EDTRETN1-03,marginalised,2523.5079266105986,0.004731658705816213,0.5299031138420105
EDTRPAS1-05/EDTRETN1-03,marginalised,2584.766640187272,0.0049720489124114725,0.5037461519241333
EDTRPAS1-05/EDTRETN1-03,marginalised,2647.5124225975733,0.005237746504312193,0.4777134656906128
EDTRPAS1-05/EDTRETN1-03,marginalised,2711.7813727666453,0.005532413007456997,0.4518360197544098
EDTRPAS1-05/EDTRETN1-03,marginalised,2777.6104659290318,0.0058601943263665865,0.4261535108089447
EDTRPAS1-05/EDTRETN1-03,marginalised,2845.0375749012874,0.006225558714594718,0.4007292687892914
EDTRPAS1-05/EDTRETN1-03,marginalised,2914.101491870965,0.0066333602659153735,0.37563541531562805
EDTRPAS1-05/EDTRETN1-03,marginalised,2984.841950714559,0.007088692661628318,0.3509570062160492
EDTRPAS1-05/EDTRETN1-03,marginalised,3057.299649857222,0.007596881511727619,0.32678061723709106
EDTRPAS1-05/EDTRETN1-03,marginalised,3131.5162756873683,0.008163356211701833,0.30319124460220337
EDTRPAS1-05/EDTRETN1-03,marginalised,3207.534526539742,0.00879349158340178,0.28026914596557617
EDTRPAS1-05/EDTRETN1-03,marginalised,3285.3981372605926,0.009492217790093255,0.258092999458313
EDTRPAS1-05/EDTRETN1-03,marginalised,3365.151904369262,0.010264044376072744,0.2367267608642578
EDTRPAS1-05/EDTRETN1-03,marginalised,3446.8417118305165,0.011112426693238817,0.21622984111309052
EDTRPAS1-05/EDTRETN1-03,marginalised,3530.5145574525063,0.01203953641294023,0.19665126502513885
EDTRPAS1-05/EDTRETN1-03,marginalised,3616.218579925604,0.013045583924551378,0.1780356466770172
EDTRPAS1-05/EDTRETN1-03,marginalised,3704.0030865175227,0.014128644953666277,0.16041770577430725
EDTRPAS1-05/EDTRETN1-03,marginalised,3793.918581440834,0.015284032191124494,0.14382685720920563
EDTRPAS1-05/EDTRETN1-03,marginalised,3886.0167949090505,0.016504056209992905,0.12828606367111206
EDTRPAS1-05/EDTRETN1-03,marginalised,3980.350712898051,0.017777882848040678,0.11381146311759949
EDTRPAS1-05/EDTRETN1-03,marginalised,4076.9746076300266,0.019091317270337697,0.10041490197181702
EDTRPAS1-05/EDTRETN1-03,marginalised,4175.94406879738,0.0204267566399624,0.08810555934906006
EDTRPAS1-05/EDTRETN1-03,marginalised,4277.316035544581,0.021763489156933765,0.07688966393470764
EDTRPAS1-05/EDTRETN1-03,marginalised,4381.148829226465,0.023077127657859468,0.06677865236997604
EDTRPAS1-05/EDTRETN1-03,marginalised,4487.5021869616385,0.024340032433700542,0.05778833478689194
EDTRPAS1-05/EDTRETN1-03,marginalised,4596.4372960005085,0.025521224427100055,0.049943529069423676
EDTRPAS1-05/EDTRETN1-03,marginalised,4708.0168289275325,0.026586333045221476,0.043282657861709595
EDTRPAS1-05/EDTRETN1-03,marginalised,4822.304979718007,0.027498317102395798,0.03785857558250427
EDTRPAS1-05/EDTRETN1-03,marginalised,4939.367500670222,0.028218090065915226,0.03374264016747475
EDTRPAS1-05/EDTRETN1-03,marginalised,5059.27174023403,0.02870649340329953,0.031023692339658737
EDTRPAS1-05/EDTRETN1-03,marginalised,5182.086681757842,0.028926636052411584,0.0298088900744915
EDTRPAS1-05/EDTRETN1-03,marginalised,5307.8829831761195,0.028847255349795275,0.03022204339504242
EDTRPAS1-05/EDTRETN1-03,marginalised,5436.733017660303,0.028446696229533542,0.032400645315647125
EDTRPAS1-05/EDTRETN1-03,marginalised,5568.7109152566145,0.02771691879758884,0.03649205341935158
EDTRPAS1-05/EDTRETN1-03,marginalised,5703.892605534565,0.02666668956035909,0.04264971986413002
EDTRPAS1-05/EDTRETN1-03,marginalised,5842.355861270739,0.025323535373922,0.051027338951826096
EDTRPAS1-05/EDTRETN1-03,marginalised,5984.180343193136,0.023732833360494553,0.06177706643939018
EDTRPAS1-05/EDTRETN1-03,marginalised,6129.447645811518,0.021955121733447356,0.07504379749298096
EDTRPAS1-05/EDTRETN1-03,marginalised,6278.241344360478,0.020060319748644643,0.09096632897853851
EDTRPAS1-05/EDTRETN1-03,marginalised,6430.64704288189,0.018121457509163,0.10967288911342621
EDTRPAS1-05/EDTRETN1-03,marginalised,6586.752423474725,0.01620762433552965,0.1312810182571411
EDTRPAS1-05/EDTRETN1-03,marginalised,6746.647296740321,0.01437818282523904,0.1558944433927536
EDTRPAS1-05/EDTRETN1-03,marginalised,6910.423653452208,0.012678580814393839,0.18360143899917603
EDTRPAS1-05/EDTRETN1-03,marginalised,7078.175717480347,0.011138746558026227,0.21446731686592102
EDTRPAS1-05/EDTRETN1-03,marginalised,7250.000000000001,0.009773494983569695,0.24852485954761505
EDTRPAS1-05/EDTRETN1-03,marginalised,7425.99535501654,0.008584341474762412,0.28577202558517456
EDTRPAS1-05/EDTRETN1-03,marginalised,7606.263036238237,0.0075628192580405994,0.32615983486175537
EDTRPAS1-05/EDTRETN1-03,marginalised,7790.906755329551,0.006693852409857207,0.3695888817310333
EDTRPAS1-05/EDTRETN1-03,marginalised,7980.032741578512,0.0059589169510929265,0.41591107845306396
EDTRPAS1-05/EDTRETN1-03,marginalised,8173.749803012694,0.005338709790184872,0.46492862701416016
EDTRPAS1-05/EDTRETN1-03,marginalised,8372.169388998567,0.004814806578122352,0.516410768032074
EDTRPAS1-05/EDTRETN1-03,marginalised,8575.405654360708,0.004370743394861347,0.5701020956039429
EDTRPAS1-05/EDTRETN1-03,marginalised,8783.575525057266,0.003992400009520948,0.6257412433624268
EDTRPAS1-05/EDTRETN1-03,marginalised,8996.79876544996,0.0036679924886734187,0.6830765008926392
EDTRPAS1-05/EDTRETN1-03,marginalised,9215.198047206904,0.0033878658282340385,0.7418838739395142
EDTRPAS1-05/EDTRETN1-03,marginalised,9438.899019878061,0.0031441674364045503,0.8019782900810242
EDTRPAS1-05/EDTRETN1-03,marginalised,9668.030383184088,0.0029305496913146763,0.8632223010063171
EDTRPAS1-05/EDTRETN1-03,marginalised,9902.723961059854,0.0027418712247148274,0.9255313873291016
EDTRPAS1-05/EDTRETN1-03,marginalised,10143.114777495373,0.0025739479185399403,0.9888816475868225
EDTRPAS1-05/EDTRETN1-03,marginalised,10389.341134217984,0.0024233854291642637,1.0532981157302856
EDTRPAS1-05/EDTRETN1-03,marginalised,10641.544690260002,0.0022874130614070898,1.1188538074493408
EDTRPAS1-05/EDTRETN1-03,marginalised,10899.870543458183,0.0021637746527038023,1.185659408569336
EDTRPAS1-05/EDTRETN1-03,marginalised,11164.467313931318,0.0020506379097943064,1.2538484334945679
EDTRPAS1-05/EDTRETN1-03,marginalised,11435.487229584543,0.0019465289688860334,1.3235549926757812
EDTRPAS1-05/EDTRETN1-03,marginalised,11713.086213689092,0.0018502684687697355,1.3949058055877686
EDTRPAS1-05/EDTRETN1-03,marginalised,11997.423974588064,0.0017609321868582721,1.4679867029190063
EDTRPAS1-05/EDTRETN1-03,marginalised,12288.664097580002,0.0016778012463513914,1.542831301689148
EDTRPAS1-05/EDTRETN1-03,marginalised,12586.974139032796,0.0016003175381315673,1.6194127798080444
EDTRPAS1-05/EDTRETN1-03,marginalised,12892.525722782184,0.001528046769099995,1.6976357698440552
EDTRPAS1-05/EDTRETN1-03,marginalised,13205.494638870585,0.0014606369314127965,1.7773398160934448
EDTRPAS1-05/EDTRETN1-03,marginalised,13526.060944682613,0.0013977822784475165,1.8583276271820068
EDTRPAS1-05/EDTRETN1-03,marginalised,13854.409068535682,0.0013391981857303926,1.940386414527893
EDTRPAS1-05/EDTRETN1-03,marginalised,14190.727915785541,0.0012846045498743175,2.0233030319213867
EDTRPAS1-05/EDTRETN1-03,marginalised,14535.210977507168,0.0012337090708121829,2.106912851333618
EDTRPAS1-05/EDTRETN1-03,marginalised,14888.05644181432,0.0011862092267079397,2.1911072731018066
EDTRPAS1-05/EDTRETN1-03,marginalised,15249.467307880992,0.0011417982082731857,2.275843620300293
EDTRPAS1-05/EDTRETN1-03,marginalised,15619.651502731147,0.0011001726508016885,2.3611533641815186
EDTRPAS1-05/EDTRETN1-03,marginalised,15998.822000863283,0.0010610421522300676,2.44712233543396
EDTRPAS1-05/EDTRETN1-03,marginalised,16387.196946778917,0.0010241437202057062,2.533865213394165
EDTRPAS1-05/EDTRETN1-03,marginalised,16784.999780485716,0.000989248705569702,2.6215097904205322
EDTRPAS1-05/EDTRETN1-03,marginalised,17192.459366047002,0.0009561674059019978,2.7101516723632812
EDTRPAS1-05/EDTRETN1-03,marginalised,17609.81012325181,0.0009247480784255359,2.799854278564453
EDTRPAS1-05/EDTRETN1-03,marginalised,18037.29216248154,0.0008948771718349588,2.890613079071045
EDTRPAS1-05/EDTRETN1-03,marginalised,18475.15142285026,0.0008664714054939604,2.9823482036590576
EDTRPAS1-05/EDTRETN1-03,marginalised,18923.639813698373,0.0008394693157303639,3.074928045272827
EDTRPAS1-05/EDTRETN1-03,marginalised,19383.015359521436,0.0008138242084770931,3.1681597232818604
EDTRPAS1-05/EDTRETN1-03,marginalised,19853.54234841661,0.0007894975590365528,3.2618141174316406
EDTRPAS1-05/EDTRETN1-03,marginalised,20335.49148413326,0.000766451636391185,3.3556346893310547
EDTRPAS1-05/EDTRETN1-03,marginalised,20829.140041814066,0.0007446471227271821,3.449366569519043
EDTRPAS1-05/EDTRETN1-03,marginalised,21334.772027517276,0.0007240397258644372,3.54276704788208
EDTRPAS1-05/EDTRETN1-03,marginalised,21852.678341611085,0.0007045804665265473,3.6356041431427
EDTRPAS1-05/EDTRETN1-03,marginalised,22383.156946134404,0.0006862160004464783,3.7276861667633057
EDTRPAS1-05/EDTRETN1-03,marginalised,22926.513036220724,0.0006688911233926966,3.8188326358795166
EDTRPAS1-05/EDTRETN1-03,marginalised,23483.05921568297,0.0006525494691463086,3.9089009761810303
EDTRPAS1-05/EDTRETN1-03,marginalised,24053.115676860696,0.0006371379809143873,3.9977424144744873
EDTRPAS1-05/EDTRETN1-03,marginalised,24637.010384833564,0.0006226066501255338,4.085214138031006
EDTRPAS1-05/EDTRETN1-03,marginalised,25235.07926610597,0.0006089097653567016,4.171179294586182
EDTRPAS1-05/EDTRETN1-03,marginalised,25847.66640187275,0.0005960084375910456,4.255466938018799
EDTRPAS1-05/EDTRETN1-03,marginalised,26475.124225975735,0.000583868963586643,4.337893962860107
EDTRPAS1-05/EDTRETN1-03,marginalised,27117.813727666435,0.000572463173074739,4.4182538986206055
EDTRPAS1-05/EDTRETN1-03,marginalised,27776.10465929035,0.0005617665254521252,4.496335506439209
EDTRPAS1-05/EDTRETN1-03,marginalised,28450.37574901288,0.0005517571302702131,4.571904182434082
EDTRPAS1-05/EDTRETN1-03,marginalised,29141.014918709632,0.0005424144131831551,4.6447367668151855
EDTRPAS1-05/EDTRETN1-03,marginalised,29848.419507145623,0.0005337181020385053,4.71461820602417
EDTRPAS1-05/EDTRETN1-03,marginalised,30572.996498572196,0.0005256465722580268,4.781367778778076
EDTRPAS1-05/EDTRETN1-03,marginalised,31315.162756873662,0.0005181760637300291,4.84483003616333
EDTRPAS1-05/EDTRETN1-03,marginalised,32075.345265397398,0.0005112807918706098,4.904902935028076
EDTRPAS1-05/EDTRETN1-03,marginalised,32853.9813726059,0.0005049326459441499,4.9615325927734375
EDTRPAS1-05/EDTRETN1-03,marginalised,33651.51904369266,0.0004991010289254519,5.014706134796143
EDTRPAS1-05/EDTRETN1-03,marginalised,34468.41711830514,0.000493753903897844,5.064461708068848
EDTRPAS1-05/EDTRETN1-03,marginalised,35305.1455745251,0.0004888585495981124,5.110879421234131
EDTRPAS1-05/EDTRETN1-03,marginalised,36162.18579925601,0.0004843815623517452,5.154078960418701
EDTRPAS1-05/EDTRETN1-03,marginalised,37040.0308651752,0.000480291108203456,5.1941819190979
EDTRPAS1-05/EDTRETN1-03,marginalised,37939.18581440838,0.0004765563183394522,5.2313456535339355
EDTRPAS1-05/EDTRETN1-03,marginalised,38860.16794909048,0.00047314881232825236,5.265714645385742
EDTRPAS1-05/EDTRETN1-03,marginalised,39803.507128980484,0.00047004311494862306,5.297431945800781
EDTRPAS1-05/EDTRETN1-03,marginalised,40769.74607630031,0.00046721664031043614,5.326629161834717
EDTRPAS1-05/EDTRETN1-03,marginalised,41759.44068797377,0.0004646500350086043,5.353420734405518
EDTRPAS1-05/EDTRETN1-03,marginalised,42773.16035544578,0.00046232679283464737,5.377905368804932
EDTRPAS1-05/EDTRETN1-03,marginalised,43811.48829226462,0.00046023240271594364,5.4001665115356445
EDTRPAS1-05/EDTRETN1-03,marginalised,44875.02186961643,0.00045835371527527146,5.420291423797607
EDTRPAS1-05/EDTRETN1-03,marginalised,45964.37296000505,0.0004566788823375429,5.438362121582031
EDTRPAS1-05/EDTRETN1-03,marginalised,47080.168289275294,0.00045519507598067025,5.454470634460449
EDTRPAS1-05/EDTRETN1-03,marginalised,48223.04979718012,0.00045389007775087175,5.468719005584717
EDTRPAS1-05/EDTRETN1-03,marginalised,49393.675006702186,0.0004527498200466845,5.481224536895752
EDTRPAS1-05/EDTRETN1-03,marginalised,50592.71740234027,0.00045176055944201533,5.492119312286377
EDTRPAS1-05/EDTRETN1-03,marginalised,51820.86681757847,0.0004509070861333507,5.501560688018799
EDTRPAS1-05/EDTRETN1-03,marginalised,53078.82983176116,0.000450174702354633,5.509679317474365
EDTRPAS1-05/EDTRETN1-03,marginalised,54367.33017660299,0.0004495486039241031,5.5166425704956055
EDTRPAS1-05/EDTRETN1-03,marginalised,55687.109152566205,0.00044901492914305126,5.522595405578613
EDTRPAS1-05/EDTRETN1-03,marginalised,57038.926055345604,0.0004485609945482604,5.527665615081787
EDTRPAS1-05/EDTRETN1-03,marginalised,58423.55861270735,0.0004481746885072432,5.531985759735107
EDTRPAS1-05/EDTRETN1-03,marginalised,59841.803431931316,0.0004478460345726629,5.535669326782227
EDTRPAS1-05/EDTRETN1-03,marginalised,61294.47645811524,0.0004475658076641347,5.538815021514893
EDTRPAS1-05/EDTRETN1-03,marginalised,62782.413443604746,0.00044732627238935484,5.54150390625
EDTRPAS1-05/EDTRETN1-03,marginalised,64306.47042881886,0.000447120852619483,5.543813228607178
EDTRPAS1-05/EDTRETN1-03,marginalised,65867.52423474732,0.0004469440685329692,5.54580020904541
EDTRPAS1-05/EDTRETN1-03,marginalised,67466.47296740316,0.0004467913322072693,5.547520160675049
EDTRPAS1-05/EDTRETN1-03,marginalised,69104.23653452203,0.00044665853922866737,5.549015522003174
EDTRPAS1-05/EDTRETN1-03,marginalised,70781.75717480356,0.0004465428808003631,5.550319671630859
EDTRPAS1-05/EDTRETN1-03,marginalised,72499.99999999996,0.0004464416661943463,5.551462650299072
EDTRPAS1-44,marginalised,10.000000000000002,1.11991955e-316,3303.34228515625
EDTRPAS1-44,marginalised,10.242752213815926,1.16524933e-316,3302.399169921875
EDTRPAS1-44,marginalised,10.4913972913631,1.2096055e-316,3301.541748046875
EDTRPAS1-44,marginalised,10.746078283213178,1.2533508e-316,3300.74951171875
EDTRPAS1-44,marginalised,11.006941712522098,1.297077e-316,3300.007568359375
EDTRPAS1-44,marginalised,11.274137659327856,1.34193906e-316,3299.2900390625
EDTRPAS1-44,marginalised,11.547819846894583,1.38917786e-316,3298.579345703125
EDTRPAS1-44,marginalised,11.828145730152695,1.4404638e-316,3297.857421875
EDTRPAS1-44,marginalised,12.115276586285885,1.49741954e-316,3297.1083984375
EDTRPAS1-44,marginalised,12.409377607517198,1.5617155e-316,3296.320068359375
EDTRPAS1-44,marginalised,12.710617996147455,1.6352129e-316,3295.48828125
EDTRPAS1-44,marginalised,13.019171061900781,1.7195823e-316,3294.611083984375
EDTRPAS1-44,marginalised,13.335214321633245,1.8162457e-316,3293.6962890625
EDTRPAS1-44,marginalised,13.658929601461868,1.92642505e-316,3292.75048828125
EDTRPAS1-44,marginalised,13.990503141372942,2.05101753e-316,3291.792236328125
EDTRPAS1-44,marginalised,14.330125702369628,2.18964133e-316,3290.837158203125
EDTRPAS1-44,marginalised,14.677992676220699,2.3414851e-316,3289.9052734375
EDTRPAS1-44,marginalised,15.034304197873343,2.50408625e-316,3289.015380859375
EDTRPAS1-44,marginalised,15.399265260594923,2.673579e-316,3288.1884765625
EDTRPAS1-44,marginalised,15.77308583390973,2.844933e-316,3287.439697265625
EDTRPAS1-44,marginalised,16.15598098439874,3.0120299e-316,3286.779541015625
EDTRPAS1-44,marginalised,16.54817099943182,3.16890395e-316,3286.212646484375
EDTRPAS1-44,marginalised,16.949881513903467,3.3104963e-316,3285.7421875
EDTRPAS1-44,marginalised,17.361343640045238,3.433867e-316,3285.358642578125
EDTRPAS1-44,marginalised,17.78279410038923,3.53876787e-316,3285.049072265625
EDTRPAS1-44,marginalised,18.214475363959455,3.627967e-316,3284.798095703125
EDTRPAS1-44,marginalised,18.656635785769122,3.7067429e-316,3277.117431640625
EDTRPAS1-44,marginalised,19.109529749704407,3.7822926e-316,3211.99658203125
EDTRPAS1-44,marginalised,19.57341781487661,3.86294884e-316,3145.558837890625
EDTRPAS1-44,marginalised,20.048566865527135,3.9572642e-316,3071.551025390625
EDTRPAS1-44,marginalised,20.535250264571467,4.073896e-316,2985.171142578125
EDTRPAS1-44,marginalised,21.033748010870337,4.2208336e-316,2883.54931640625
EDTRPAS1-44,marginalised,21.544346900318843,4.4056272e-316,2765.9853515625
EDTRPAS1-44,marginalised,22.0673406908459,4.63486283e-316,2633.98583984375
EDTRPAS1-44,marginalised,22.603030271419208,4.91317944e-316,2491.10986328125
EDTRPAS1-44,marginalised,23.151723835152733,5.24257207e-316,2342.58056640625
EDTRPAS1-44,marginalised,23.71373705661656,5.62002434e-316,2194.735107421875
EDTRPAS1-44,marginalised,24.2893932734508,9.826302948465247e-27,2054.468505859375
EDTRPAS1-44,marginalised,24.879023672388367,1.3243223827664411e-24,1928.669921875
EDTRPAS1-44,marginalised,25.482967479793473,1.1335158681955573e-23,1823.850830078125
EDTRPAS1-44,marginalised,26.10157215682537,5.409406369019263e-23,1745.9456787109375
EDTRPAS1-44,marginalised,26.735193599339915,1.3555513573759923e-22,1700.380126953125
EDTRPAS1-44,marginalised,27.384196342643627,1.5952990104514428e-22,1692.3770751953125
EDTRPAS1-44,marginalised,28.048953771218283,7.90980062060139e-23,1727.4176025390625
EDTRPAS1-44,marginalised,28.729848333536648,1.4576881377207158e-23,1811.86083984375
EDTRPAS1-44,marginalised,29.427271762092822,7.7500545695849705e-25,1953.6517333984375
EDTRPAS1-44,marginalised,30.14162529877391,5.73572073e-316,2163.171142578125
EDTRPAS1-44,marginalised,30.873319925702642,5.0191494e-316,2454.4013671875
EDTRPAS1-44,marginalised,31.62277660168379,4.30505024e-316,2846.611328125
EDTRPAS1-44,marginalised,32.390426504390305,3.6333696e-316,3284.643310546875
EDTRPAS1-44,marginalised,33.17671127842858,3.0267962e-316,3286.56591796875
EDTRPAS1-44,marginalised,33.98208328942561,2.49445523e-316,3288.8876953125
EDTRPAS1-44,marginalised,34.807005884284116,2.03647076e-316,3291.69677734375
EDTRPAS1-44,marginalised,35.651953657755485,1.64843293e-316,3295.118408203125
EDTRPAS1-44,marginalised,36.51741272548378,1.32432834e-316,3299.3095703125
EDTRPAS1-44,marginalised,37.403881003677874,1.05721763e-316,3304.469970703125
EDTRPAS1-44,marginalised,38.31186849557288,8.406102e-317,3310.826416015625
EDTRPAS1-44,marginalised,39.241897584845354,6.675476e-317,3318.625732421875
EDTRPAS1-44,marginalised,40.19450333615125,5.3118603e-317,3328.10205078125
EDTRPAS1-44,marginalised,41.17023380295948,4.2499655e-317,3339.44287109375
EDTRPAS1-44,marginalised,42.16965034285825,3.4304213e-317,3352.7431640625
EDTRPAS1-44,marginalised,43.19332794051545,2.801493e-317,3367.9619140625
EDTRPAS1-44,marginalised,44.24185553847917,2.3213734e-317,3384.867431640625
EDTRPAS1-44,marginalised,45.315836376008185,1.9562727e-317,3403.0087890625
EDTRPAS1-44,marginalised,46.41588833612781,1.679655e-317,3421.70458984375
EDTRPAS1-44,marginalised,47.54264430111056,1.472526e-317,3440.048095703125
EDTRPAS1-44,marginalised,48.69675251658631,1.320472e-317,3456.973876953125
EDTRPAS1-44,marginalised,49.878876964491056,1.2128986e-317,3471.33740234375
EDTRPAS1-44,marginalised,51.08969774506929,1.1428376e-317,3482.029541015625
EDTRPAS1-44,marginalised,52.32991146814949,1.1058024e-317,3488.109619140625
EDTRPAS1-44,marginalised,53.60023165391793,1.100839e-317,3488.91162109375
EDTRPAS1-44,marginalised,54.901389143421405,1.128711e-317,3484.1533203125
EDTRPAS1-44,marginalised,56.234132519034915,1.1932357e-317,3473.968017578125
EDTRPAS1-44,marginalised,57.5992285351363,1.3025275e-317,3458.900634765625
EDTRPAS1-44,marginalised,58.997462559235615,1.4708077e-317,3439.847900390625
EDTRPAS1-44,marginalised,60.42963902381327,1.7227036e-317,3417.9423828125
EDTRPAS1-44,marginalised,61.89658188912606,2.1028857e-317,3394.43603515625
EDTRPAS1-44,marginalised,63.39913511724846,2.695542e-317,3370.556884765625
EDTRPAS1-44,marginalised,64.93816315762116,3.677926e-317,3347.40234375
EDTRPAS1-44,marginalised,66.51455144438633,5.481763e-317,3325.85498046875
EDTRPAS1-44,marginalised,68.12920690579612,9.4217983e-317,3306.53955078125
EDTRPAS1-44,marginalised,69.78305848598664,2.1291157e-316,3289.814697265625
EDTRPAS1-44,marginalised,71.47705767941858,2.5686305321092937e-21,1594.9620361328125
EDTRPAS1-44,marginalised,73.21217907829133,8.567423071691422e-09,285.1656494140625
EDTRPAS1-44,marginalised,74.98942093324557,1.8196391133828015e-06,77.5440902709961
EDTRPAS1-44,marginalised,76.80980572767753,1.594368012332895e-05,26.149066925048828
EDTRPAS1-44,marginalised,78.67438076599402,7.313566040444844e-05,9.733138084411621
EDTRPAS1-44,marginalised,80.58421877614815,0.0002829008333325771,3.860259532928467
EDTRPAS1-44,marginalised,82.5404185268019,0.0009882847454088643,1.5892117023468018
EDTRPAS1-44,marginalised,84.54410545946924,0.0033553499113487535,0.8301218152046204
EDTRPAS1-44,marginalised,86.59643233600654,0.006880837105031442,0.4100838303565979
EDTRPAS1-44,marginalised,88.6985799018192,0.016084879473057583,0.3076134920120239
EDTRPAS1-44,marginalised,90.85175756516864,0.014657440185350463,0.21648983657360077
EDTRPAS1-44,marginalised,93.05720409296997,0.011584789931655168,0.33733272552490234
EDTRPAS1-44,marginalised,95.31618832347876,0.017591499195453886,0.2939929962158203
EDTRPAS1-44,marginalised,97.63000989628077,0.025328897190020606,0.21745836734771729
EDTRPAS1-44,marginalised,100.00000000000004,0.025756113544562226,0.21404677629470825
EDTRPAS1-44,marginalised,102.4275221381592,0.02228144972879022,0.24054305255413055
EDTRPAS1-44,marginalised,104.91397291363097,0.01842151343393275,0.2792297303676605
EDTRPAS1-44,marginalised,107.46078283213177,0.015339887101886242,0.32274100184440613
EDTRPAS1-44,marginalised,110.0694171252209,0.013147282807067623,0.36781641840934753
EDTRPAS1-44,marginalised,112.74137659327857,0.01167871278624191,0.41281256079673767
EDTRPAS1-44,marginalised,115.4781984689458,0.010743200326490327,0.45675575733184814
EDTRPAS1-44,marginalised,118.28145730152693,0.010183061885292633,0.4393182098865509
EDTRPAS1-44,marginalised,121.15276586285887,0.009878441563641585,0.41076529026031494
EDTRPAS1-44,marginalised,124.0937760751719,0.009741875340503454,0.38773101568222046
EDTRPAS1-44,marginalised,127.10617996147457,0.009711005895428993,0.3691348433494568
EDTRPAS1-44,marginalised,130.19171061900778,0.009742807762423937,0.35410696268081665
EDTRPAS1-44,marginalised,133.35214321633242,0.009808446270170645,0.3419545590877533
EDTRPAS1-44,marginalised,136.58929601461872,0.009889000695525936,0.33212384581565857
EDTRPAS1-44,marginalised,139.90503141372932,0.00997320518886984,0.3241572976112366
EDTRPAS1-44,marginalised,143.30125702369637,0.010054470078686763,0.3176901340484619
EDTRPAS1-44,marginalised,146.77992676220697,0.01012936101785933,0.3124304413795471
EDTRPAS1-44,marginalised,150.34304197873345,0.010196243597943112,0.3081466555595398
EDTRPAS1-44,marginalised,153.99265260594927,0.010254735169040562,0.3046520948410034
EDTRPAS1-44,marginalised,157.7308583390972,0.0103050165221259,0.30179888010025024
EDTRPAS1-44,marginalised,161.55980984398738,0.010347141483287818,0.2994824945926666
EDTRPAS1-44,marginalised,165.48170999431815,0.010381388131473,0.2976149022579193
EDTRPAS1-44,marginalised,169.49881513903458,0.010407968805355518,0.2961329221725464
EDTRPAS1-44,marginalised,173.6134364004524,0.010426662703376674,0.2949937582015991
EDTRPAS1-44,marginalised,177.82794100389225,0.01043785602288074,0.2941538989543915
EDTRPAS1-44,marginalised,182.14475363959448,0.010441141310985232,0.2935927212238312
EDTRPAS1-44,marginalised,186.56635785769126,0.010437005140225426,0.29327890276908875
EDTRPAS1-44,marginalised,191.09529749704396,0.010425817754493862,0.2931872308254242
EDTRPAS1-44,marginalised,195.73417814876615,0.01040824366590865,0.29329097270965576
EDTRPAS1-44,marginalised,200.48566865527133,0.010385640317888705,0.293550968170166
EDTRPAS1-44,marginalised,205.35250264571462,0.010359310943985182,0.2939315438270569
EDTRPAS1-44,marginalised,210.3374801087034,0.010330953244202721,0.2943902909755707
EDTRPAS1-44,marginalised,215.44346900318828,0.010302751859987636,0.2948753833770752
EDTRPAS1-44,marginalised,220.67340690845913,0.010276532969323108,0.2953428626060486
EDTRPAS1-44,marginalised,226.030302714192,0.010254027966662107,0.29575085639953613
EDTRPAS1-44,marginalised,231.5172383515274,0.010236827244306147,0.2960611879825592
EDTRPAS1-44,marginalised,237.13737056616563,0.010225977063499366,0.29624953866004944
EDTRPAS1-44,marginalised,242.8939327345078,0.01022147464181606,0.2963096797466278
EDTRPAS1-44,marginalised,248.79023672388362,0.010223395104131512,0.2962414026260376
EDTRPAS1-44,marginalised,254.82967479793467,0.010230368401454026,0.2960700988769531
EDTRPAS1-44,marginalised,261.0157215682535,0.010241042211658155,0.2958243191242218
EDTRPAS1-44,marginalised,267.3519359933992,0.010253074238941952,0.2955552935600281
EDTRPAS1-44,marginalised,273.84196342643605,0.010263973434340578,0.29531168937683105
EDTRPAS1-44,marginalised,280.48953771218277,0.010271059245735407,0.2951533794403076
EDTRPAS1-44,marginalised,287.29848333536654,0.010271517494040244,0.2951376140117645
EDTRPAS1-44,marginalised,294.27271762092806,0.010262675186639,0.29532238841056824
EDTRPAS1-44,marginalised,301.4162529877392,0.010242348048419985,0.2957528829574585
EDTRPAS1-44,marginalised,308.73319925702634,0.010208746442077572,0.29647088050842285
EDTRPAS1-44,marginalised,316.22776601683796,0.010160808303009581,0.2975035309791565
EDTRPAS1-44,marginalised,323.90426504390314,0.01009839503529859,0.29885920882225037
EDTRPAS1-44,marginalised,331.7671127842856,0.01002216355752478,0.30053219199180603
EDTRPAS1-44,marginalised,339.82083289425617,0.009933691329028127,0.3024977445602417
EDTRPAS1-44,marginalised,348.0700588428411,0.009835361604298388,0.30471450090408325
EDTRPAS1-44,marginalised,356.51953657755496,0.009730337206051126,0.3071187138557434
EDTRPAS1-44,marginalised,365.17412725483786,0.009622174892545396,0.309634268283844
EDTRPAS1-44,marginalised,374.0388100367785,0.009514411066049543,0.3121841549873352
EDTRPAS1-44,marginalised,383.1186849557287,0.009410594677006423,0.3146817088127136
EDTRPAS1-44,marginalised,392.4189758484536,0.009313692190115424,0.31705036759376526
EDTRPAS1-44,marginalised,401.9450333615123,0.009225935841773312,0.3192276358604431
EDTRPAS1-44,marginalised,411.7023380295949,0.009148825694370174,0.3211665749549866
EDTRPAS1-44,marginalised,421.69650342858216,0.009083031308025557,0.32284048199653625
EDTRPAS1-44,marginalised,431.93327940515445,0.009028534257715683,0.3242408037185669
EDTRPAS1-44,marginalised,442.41855538479183,0.008984718077726198,0.3253760039806366
EDTRPAS1-44,marginalised,453.15836376008156,0.008950538150940077,0.3262673616409302
EDTRPAS1-44,marginalised,464.1588833612782,0.008924799451821477,0.32694196701049805
EDTRPAS1-44,marginalised,475.4264430111055,0.0089061697163133,0.3274320662021637
EDTRPAS1-44,marginalised,486.96752516586315,0.008893354144944117,0.32777008414268494
EDTRPAS1-44,marginalised,498.7887696449107,0.00888511531447993,0.3279878795146942
EDTRPAS1-44,marginalised,510.8969774506926,0.008374173684518533,0.3421175479888916
EDTRPAS1-44,marginalised,523.299114681495,0.008258355994764679,0.3455039858818054
EDTRPAS1-44,marginalised,536.0023165391792,0.008129555846206973,0.34935620427131653
EDTRPAS1-44,marginalised,549.0138914342142,0.007988328457878354,0.3536890149116516
EDTRPAS1-44,marginalised,562.3413251903493,0.007835955143024242,0.3584979176521301
EDTRPAS1-44,marginalised,575.9922853513626,0.0076742799149932634,0.3637602925300598
EDTRPAS1-44,marginalised,589.9746255923563,0.007505354162917027,0.3694450259208679
EDTRPAS1-44,marginalised,604.2963902381329,0.00733135762159372,0.3755117654800415
EDTRPAS1-44,marginalised,618.9658188912607,0.007154289792226251,0.38192018866539
EDTRPAS1-44,marginalised,633.9913511724842,0.006975870924712341,0.3886331021785736
EDTRPAS1-44,marginalised,649.3816315762111,0.006797433694168263,0.39562177658081055
EDTRPAS1-44,marginalised,665.1455144438634,0.006620025513489363,0.40286242961883545
EDTRPAS1-44,marginalised,681.2920690579614,0.00644431089610277,0.4103431701660156
EDTRPAS1-44,marginalised,697.8305848598666,0.006270905635334729,0.418049693107605
EDTRPAS1-44,marginalised,714.7705767941853,0.006100247477806178,0.42597317695617676
EDTRPAS1-44,marginalised,732.1217907829127,0.005932856926804768,0.43409717082977295
EDTRPAS1-44,marginalised,749.8942093324558,0.005769317293003901,0.4423978328704834
EDTRPAS1-44,marginalised,768.0980572767755,0.005610220653119135,0.4508451223373413
EDTRPAS1-44,marginalised,786.7438076599396,0.0054561288583165725,0.45940452814102173
EDTRPAS1-44,marginalised,805.8421877614817,0.005307504905334577,0.4680408835411072
EDTRPAS1-44,marginalised,825.4041852680184,0.005164658599017211,0.47672080993652344
EDTRPAS1-44,marginalised,845.4410545946926,0.0050275704391830114,0.48542821407318115
EDTRPAS1-44,marginalised,865.9643233600657,0.0048960315020543915,0.4941571354866028
EDTRPAS1-44,marginalised,886.9857990181914,0.004769507178604566,0.5029251575469971
EDTRPAS1-44,marginalised,908.5175756516867,0.004647354970713127,0.5117619633674622
EDTRPAS1-44,marginalised,930.572040929699,0.004528809266880504,0.5207134485244751
EDTRPAS1-44,marginalised,953.1618832347878,0.004413111900468548,0.5298322439193726
EDTRPAS1-44,marginalised,976.3000989628069,0.004299577839358709,0.5391758680343628
EDTRPAS1-44,marginalised,999.9999999999998,0.004187715177063339,0.5487923622131348
SCTXSUS1-13/EDTRVFPS1-08,marginalised,92.82107890000002,0.005217591471923136,28.57842254638672
SCTXSUS1-13/EDTRVFPS1-08,marginalised,95.07433113917578,0.004908694007916846,29.467973709106445
SCTXSUS1-13/EDTRVFPS1-08,marginalised,97.3822815752861,0.004728764088038613,30.012657165527344
SCTXSUS1-13/EDTRVFPS1-08,marginalised,99.74625801917065,0.004623014425774351,30.344715118408203
SCTXSUS1-13/EDTRVFPS1-08,marginalised,102.16762051457147,0.00456042413874604,30.544740676879883
SCTXSUS1-13/EDTRVFPS1-08,marginalised,104.64776212059321,0.004522953206988596,30.664573669433594
SCTXSUS1-13/EDTRVFPS1-08,marginalised,107.18810971315885,0.004500045802437296,30.736833572387695
SCTXSUS1-13/EDTRVFPS1-08,marginalised,109.7901248059201,0.004485578463133551,30.781248092651367
SCTXSUS1-13/EDTRVFPS1-08,marginalised,112.45530439109648,0.004476056849218339,30.80934715270996
SCTXSUS1-13/EDTRVFPS1-08,marginalised,115.1851818007247,0.004469524832250589,30.827402114868164
SCTXSUS1-13/EDTRVFPS1-08,marginalised,117.98132758881628,0.004464901087030939,30.838603973388672
SCTXSUS1-13/EDTRVFPS1-08,marginalised,120.84535043492897,0.004461586667279239,30.845775604248047
SCTXSUS1-13/EDTRVFPS1-08,marginalised,123.77889806967289,0.004459235736731928,30.85006332397461
SCTXSUS1-13/EDTRVFPS1-08,marginalised,126.78365822268377,0.004457631376752058,30.85213279724121
SCTXSUS1-13/EDTRVFPS1-08,marginalised,129.86135959360757,0.004456615992468634,30.852519989013672
SCTXSUS1-13/EDTRVFPS1-08,marginalised,133.013772846657,0.004456059947111952,30.851619720458984
SCTXSUS1-13/EDTRVFPS1-08,marginalised,136.24271162931032,0.004455853074548447,30.849807739257812
SCTXSUS1-13/EDTRVFPS1-08,marginalised,139.5500336157403,0.004455894986452977,30.847412109375
SCTXSUS1-13/EDTRVFPS1-08,marginalised,142.93764157557104,0.00445609981724226,30.844707489013672
SCTXSUS1-13/EDTRVFPS1-08,marginalised,146.40748446858075,0.004456400344634025,30.8419132232666
SCTXSUS1-13/EDTRVFPS1-08,marginalised,149.9615585659776,0.00445674753745898,30.839191436767578
SCTXSUS1-13/EDTRVFPS1-08,marginalised,153.60190859889522,0.00445711642928149,30.836572647094727
SCTXSUS1-13/EDTRVFPS1-08,marginalised,157.33062893476853,0.004457502037412224,30.834095001220703
SCTXSUS1-13/EDTRVFPS1-08,marginalised,161.1498647822652,0.004457922092545331,30.831632614135742
SCTXSUS1-13/EDTRVFPS1-08,marginalised,165.0618134254684,0.004458413798366253,30.829044342041016
SCTXSUS1-13/EDTRVFPS1-08,marginalised,169.06872548801874,0.004459030381971514,30.82611083984375
SCTXSUS1-13/EDTRVFPS1-08,marginalised,173.17290622794394,0.004459831895434332,30.822589874267578
SCTXSUS1-13/EDTRVFPS1-08,marginalised,177.37671686392102,0.004460880733773268,30.818248748779297
SCTXSUS1-13/EDTRVFPS1-08,marginalised,181.68257593373275,0.004462230840925243,30.81285285949707
SCTXSUS1-13/EDTRVFPS1-08,marginalised,186.09296068570208,0.0044639188668361566,30.80626678466797
SCTXSUS1-13/EDTRVFPS1-08,marginalised,190.6104085039035,0.004465956645216575,30.798446655273438
SCTXSUS1-13/EDTRVFPS1-08,marginalised,195.23751836797135,0.004468322845314095,30.78945541381836
SCTXSUS1-13/EDTRVFPS1-08,marginalised,199.97695234834657,0.004470963443798631,30.779489517211914
SCTXSUS1-13/EDTRVFPS1-08,marginalised,204.83143713781885,0.0044737880852376444,30.76888656616211
SCTXSUS1-13/EDTRVFPS1-08,marginalised,209.80376562024898,0.004476678986595639,30.758071899414062
SCTXSUS1-13/EDTRVFPS1-08,marginalised,214.89679847737224,0.004479497433581873,30.74755096435547
SCTXSUS1-13/EDTRVFPS1-08,marginalised,220.11346583460593,0.004482100875854317,30.73785972595215
SCTXSUS1-13/EDTRVFPS1-08,marginalised,225.45676894681057,0.004484350419735694,30.729490280151367
SCTXSUS1-13/EDTRVFPS1-08,marginalised,230.92978192497293,0.004486132269653482,30.722858428955078
SCTXSUS1-13/EDTRVFPS1-08,marginalised,236.53565350480432,0.004487369437508123,30.718257904052734
SCTXSUS1-13/EDTRVFPS1-08,marginalised,242.27760885827308,0.0044880298120527455,30.715797424316406
SCTXSUS1-13/EDTRVFPS1-08,marginalised,248.15895144911053,0.004488130768562695,30.715394973754883
SCTXSUS1-13/EDTRVFPS1-08,marginalised,254.18306493336155,0.004487750211901181,30.716785430908203
SCTXSUS1-13/EDTRVFPS1-08,marginalised,260.3534151060706,0.004487012806150183,30.7194881439209
SCTXSUS1-13/EDTRVFPS1-08,marginalised,266.67355189522385,0.004486092630328647,30.72287368774414
SCTXSUS1-13/EDTRVFPS1-08,marginalised,273.147111404096,0.004485194702516701,30.726184844970703
SCTXSUS1-13/EDTRVFPS1-08,marginalised,279.7778180031729,0.0044845509478032425,30.728553771972656
SCTXSUS1-13/EDTRVFPS1-08,marginalised,286.56948647285884,0.004484396511936014,30.729116439819336
SCTXSUS1-13/EDTRVFPS1-08,marginalised,293.52602419819675,0.0044849574518523614,30.7270450592041
SCTXSUS1-13/EDTRVFPS1-08,marginalised,300.6514334168664,0.004486431444515805,30.721595764160156
SCTXSUS1-13/EDTRVFPS1-08,marginalised,307.9498135217539,0.004488970614063427,30.712228775024414
SCTXSUS1-13/EDTRVFPS1-08,marginalised,315.4253634194146,0.0044926667697250695,30.6986026763916
SCTXSUS1-13/EDTRVFPS1-08,marginalised,323.08238394578984,0.004497542122880428,30.680646896362305
SCTXSUS1-13/EDTRVFPS1-08,marginalised,330.92528034056687,0.004503541819735588,30.65860366821289
SCTXSUS1-13/EDTRVFPS1-08,marginalised,338.95856478159936,0.0045105359963581925,30.632932662963867
SCTXSUS1-13/EDTRVFPS1-08,marginalised,347.18685898085954,0.004518329188756052,30.60439109802246
SCTXSUS1-13/EDTRVFPS1-08,marginalised,355.61489684339966,0.004526670485279984,30.573917388916016
SCTXSUS1-13/EDTRVFPS1-08,marginalised,364.247527190865,0.004535280495104424,30.542526245117188
SCTXSUS1-13/EDTRVFPS1-08,marginalised,373.0897165511209,0.004543871981415006,30.511280059814453
SCTXSUS1-13/EDTRVFPS1-08,marginalised,382.1465520155949,0.0045521715516698815,30.481157302856445
SCTXSUS1-13/EDTRVFPS1-08,marginalised,391.42324416598575,0.004559944864218537,30.453012466430664
SCTXSUS1-13/EDTRVFPS1-08,marginalised,400.92513007201615,0.004567009977767756,30.427480697631836
SCTXSUS1-13/EDTRVFPS1-08,marginalised,410.6576763619577,0.004573246823896355,30.404983520507812
SCTXSUS1-13/EDTRVFPS1-08,marginalised,420.6264823676946,0.004578595439142167,30.385717391967773
SCTXSUS1-13/EDTRVFPS1-08,marginalised,430.8372833461309,0.0045830513100620345,30.369680404663086
SCTXSUS1-13/EDTRVFPS1-08,marginalised,441.2959537788021,0.004586656550960205,30.356731414794922
SCTXSUS1-13/EDTRVFPS1-08,marginalised,452.0085107515835,0.004589485872489206,30.346572875976562
SCTXSUS1-13/EDTRVFPS1-08,marginalised,462.9811174164417,0.004591631652362461,30.338871002197266
SCTXSUS1-13/EDTRVFPS1-08,marginalised,474.22008653722287,0.004593197637191409,30.333255767822266
SCTXSUS1-13/EDTRVFPS1-08,marginalised,485.7318841215119,0.004594285998843948,30.3293514251709
SCTXSUS1-13/EDTRVFPS1-08,marginalised,497.52313314065964,0.0045949919524555394,30.32682228088379
SCTXSUS1-13/EDTRVFPS1-08,marginalised,509.60061734011265,0.004633632721600688,30.18807601928711
SCTXSUS1-13/EDTRVFPS1-08,marginalised,521.9712851422396,0.004642540875536692,30.15618324279785
SCTXSUS1-13/EDTRVFPS1-08,marginalised,534.6422536439018,0.004652496041559978,30.120622634887695
SCTXSUS1-13/EDTRVFPS1-08,marginalised,547.620812711061,0.004663479455112876,30.08149528503418
SCTXSUS1-13/EDTRVFPS1-08,marginalised,560.9144291727891,0.004675423138835397,30.039087295532227
SCTXSUS1-13/EDTRVFPS1-08,marginalised,574.5307511170886,0.004688214777236038,29.99380111694336
SCTXSUS1-13/EDTRVFPS1-08,marginalised,588.4776122909881,0.00470172003877795,29.946157455444336
SCTXSUS1-13/EDTRVFPS1-08,marginalised,602.7630366074627,0.0047157951647626185,29.896678924560547
SCTXSUS1-13/EDTRVFPS1-08,marginalised,617.3952427617497,0.004730302374231605,29.84587287902832
SCTXSUS1-13/EDTRVFPS1-08,marginalised,632.3826489597327,0.0047451252014948115,29.794151306152344
SCTXSUS1-13/EDTRVFPS1-08,marginalised,647.7338777611081,0.004760168279058967,29.741867065429688
SCTXSUS1-13/EDTRVFPS1-08,marginalised,663.4577610401163,0.00477536648053195,29.68924331665039
SCTXSUS1-13/EDTRVFPS1-08,marginalised,679.5633450667009,0.0047906702601986486,29.636459350585938
SCTXSUS1-13/EDTRVFPS1-08,marginalised,696.0598957110105,0.004806047480477474,29.583614349365234
SCTXSUS1-13/EDTRVFPS1-08,marginalised,712.9569037742428,0.004821466875586023,29.53083610534668
SCTXSUS1-13/EDTRVFPS1-08,marginalised,730.2640904488973,0.004836893696161257,29.478229522705078
SCTXSUS1-13/EDTRVFPS1-08,marginalised,747.9914129115715,0.004852283021455607,29.42594337463379
SCTXSUS1-13/EDTRVFPS1-08,marginalised,766.1490700515301,0.0048675835254061075,29.374164581298828
SCTXSUS1-13/EDTRVFPS1-08,marginalised,784.7475083383322,0.004882735403809041,29.32306671142578
SCTXSUS1-13/EDTRVFPS1-08,marginalised,803.7974278318975,0.004897682460699106,29.272842407226562
SCTXSUS1-13/EDTRVFPS1-08,marginalised,823.3097883384714,0.004912382911693731,29.22362518310547
SCTXSUS1-13/EDTRVFPS1-08,marginalised,843.2958157160199,0.004926814006343088,29.175466537475586
SCTXSUS1-13/EDTRVFPS1-08,marginalised,863.767008332696,0.004940979384514669,29.12836265563965
SCTXSUS1-13/EDTRVFPS1-08,marginalised,884.7351436820888,0.004954911833162747,29.082185745239258
SCTXSUS1-13/EDTRVFPS1-08,marginalised,906.2122851590458,0.004968667557257439,29.036733627319336
SCTXSUS1-13/EDTRVFPS1-08,marginalised,928.2107890000004,0.004982320348488147,28.991764068603516
SCTXSUS1-13/EDTRVFPS1-08,marginalised,950.7433113917581,0.004995954539333092,28.94699478149414
SCTXSUS1-13/EDTRVFPS1-08,marginalised,973.8228157528604,0.005009649313989583,28.902172088623047
SCTXSUS1-13/EDTRVFPS1-08,marginalised,997.4625801917077,0.005023478442506343,28.857044219970703
SCTXSUS1-13/EDTRVFPS1-08,marginalised,1021.6762051457149,0.00503749462349906,28.811445236206055
SCTXSUS1-13/EDTRVFPS1-08,marginalised,1046.4776212059323,0.005051739708125833,28.765249252319336
SCTXSUS1-13/EDTRVFPS1-08,marginalised,1071.8810971315886,0.005066238764853183,28.7183780670166
SCTXSUS1-13/EDTRVFPS1-08,marginalised,1097.9012480592012,0.005081007341607942,28.670787811279297
SCTXSUS1-13/EDTRVFPS1-08,marginalised,1124.553043910965,0.005096058637463766,28.622446060180664
SCTXSUS1-13/EDTRVFPS1-08,marginalised,1151.8518180072474,0.0051114034855875125,28.57331657409668
SCTXSUS1-13/EDTRVFPS1-08,marginalised,1179.813275888163,0.005127057192337428,28.52336311340332
SCTXSUS1-13/EDTRVFPS1-08,marginalised,1208.45350434929,0.005143037431110772,28.4725399017334
SCTXSUS1-13/EDTRVFPS1-08,marginalised,1237.7889806967291,0.0051593587793494445,28.420799255371094
SCTXSUS1-13/EDTRVFPS1-08,marginalised,1267.836582226838,0.005176031656706987,28.368133544921875
SCTXSUS1-13/EDTRVFPS1-08,marginalised,1298.613595936076,0.005193051680988794,28.314546585083008
SCTXSUS1-13/EDTRVFPS1-08,marginalised,1330.137728466569,0.005210401846843069,28.260108947753906
SCTXSUS1-13/EDTRVFPS1-08,marginalised,1362.4271162931045,0.005228045891110252,28.2049503326416
SCTXSUS1-13/EDTRVFPS1-08,marginalised,1395.5003361574031,0.005245930136639229,28.14922332763672
SCTXSUS1-13/EDTRVFPS1-08,marginalised,1429.3764157557107,0.005263993949461718,28.093143463134766
SCTXSUS1-13/EDTRVFPS1-08,marginalised,1464.0748446858079,0.005282169527349631,28.036907196044922
SCTXSUS1-13/EDTRVFPS1-08,marginalised,1499.615585659775,0.005300392214850106,27.98072052001953
SCTXSUS1-13/EDTRVFPS1-08,marginalised,1536.0190859889537,0.005318603986990299,27.92474937438965
SCTXSUS1-13/EDTRVFPS1-08,marginalised,1573.3062893476856,0.00533676429125728,27.869131088256836
SCTXSUS1-13/EDTRVFPS1-08,marginalised,1611.4986478226524,0.0053548459298416,27.813922882080078
SCTXSUS1-13/EDTRVFPS1-08,marginalised,1650.6181342546843,0.005372839101340309,27.75916862487793
SCTXSUS1-13/EDTRVFPS1-08,marginalised,1690.6872548801864,0.005390747744775211,27.70484161376953
SCTXSUS1-13/EDTRVFPS1-08,marginalised,1731.7290622794412,0.00540858528437885,27.650890350341797
SCTXSUS1-13/EDTRVFPS1-08,marginalised,1773.7671686392107,0.005426372141637765,27.597251892089844
SCTXSUS1-13/EDTRVFPS1-08,marginalised,1816.8257593373278,0.005444128695405242,27.543861389160156
SCTXSUS1-13/EDTRVFPS1-08,marginalised,1860.9296068570213,0.005461872445800072,27.490663528442383
SCTXSUS1-13/EDTRVFPS1-08,marginalised,1906.1040850390336,0.005479622491328617,27.437593460083008
SCTXSUS1-13/EDTRVFPS1-08,marginalised,1952.375183679714,0.005497383833399295,27.384632110595703
SCTXSUS1-13/EDTRVFPS1-08,marginalised,1999.7695234834662,0.005515166367857312,27.331750869750977
SCTXSUS1-13/EDTRVFPS1-08,marginalised,2048.314371378189,0.005532971488083834,27.278940200805664
SCTXSUS1-13/EDTRVFPS1-08,marginalised,2098.037656202492,0.00555080259455365,27.22618865966797
SCTXSUS1-13/EDTRVFPS1-08,marginalised,2148.967984773723,0.005568665845047432,27.173465728759766
SCTXSUS1-13/EDTRVFPS1-08,marginalised,2201.13465834606,0.005586568954025002,27.12074851989746
SCTXSUS1-13/EDTRVFPS1-08,marginalised,2254.5676894681064,0.005604526117986849,27.067995071411133
SCTXSUS1-13/EDTRVFPS1-08,marginalised,2309.297819249728,0.0056225574448831445,27.01514434814453
SCTXSUS1-13/EDTRVFPS1-08,marginalised,2365.3565350480458,0.005640687393453661,26.96212387084961
SCTXSUS1-13/EDTRVFPS1-08,marginalised,2422.7760885827315,0.005658939779803282,26.908843994140625
SCTXSUS1-13/EDTRVFPS1-08,marginalised,2481.589514491106,0.005677339302123944,26.855247497558594
SCTXSUS1-13/EDTRVFPS1-08,marginalised,2541.830649333616,0.005695910364690471,26.801250457763672
SCTXSUS1-13/EDTRVFPS1-08,marginalised,2603.534151060704,0.005714667545646228,26.746809005737305
SCTXSUS1-13/EDTRVFPS1-08,marginalised,2666.7355189522414,0.005733617771270056,26.691898345947266
SCTXSUS1-13/EDTRVFPS1-08,marginalised,2731.471114040961,0.005752754468223871,26.636533737182617
SCTXSUS1-13/EDTRVFPS1-08,marginalised,2797.77818003173,0.005772060416648532,26.580759048461914
SCTXSUS1-13/EDTRVFPS1-08,marginalised,2865.694864728589,0.005791505553803964,26.5246524810791
SCTXSUS1-13/EDTRVFPS1-08,marginalised,2935.2602419819655,0.005811048562456418,26.46832275390625
SCTXSUS1-13/EDTRVFPS1-08,marginalised,3006.514334168667,0.005830642028520168,26.41189956665039
SCTXSUS1-13/EDTRVFPS1-08,marginalised,3079.49813521754,0.005850232086775734,26.35552406311035
SCTXSUS1-13/EDTRVFPS1-08,marginalised,3154.2536341941495,0.005869765546216313,26.29933738708496
SCTXSUS1-13/EDTRVFPS1-08,marginalised,3230.823839457902,0.0058891885902956,26.243478775024414
SCTXSUS1-13/EDTRVFPS1-08,marginalised,3309.2528034056663,0.005908451170930522,26.188074111938477
SCTXSUS1-13/EDTRVFPS1-08,marginalised,3389.5856478159976,0.0059275090205010445,26.133241653442383
SCTXSUS1-13/EDTRVFPS1-08,marginalised,3471.8685898085964,0.005946320850490414,26.079086303710938
SCTXSUS1-13/EDTRVFPS1-08,marginalised,3556.148968433994,0.00596484852577076,26.025684356689453
SCTXSUS1-13/EDTRVFPS1-08,marginalised,3642.475271908654,0.005983065012123384,25.973115921020508
SCTXSUS1-13/EDTRVFPS1-08,marginalised,3730.8971655112096,0.006000938286129806,25.921445846557617
SCTXSUS1-13/EDTRVFPS1-08,marginalised,3821.4655201559467,0.006018451410062193,25.870712280273438
SCTXSUS1-13/EDTRVFPS1-08,marginalised,3914.232441659858,0.006035586924214943,25.820941925048828
SCTXSUS1-13/EDTRVFPS1-08,marginalised,4009.2513007201587,0.006052336583011779,25.77214813232422
SCTXSUS1-13/EDTRVFPS1-08,marginalised,4106.5767636195815,0.00606869840321132,25.724313735961914
SCTXSUS1-13/EDTRVFPS1-08,marginalised,4206.264823676947,0.006084677188945572,25.677413940429688
SCTXSUS1-13/EDTRVFPS1-08,marginalised,4308.372833461313,0.006100282797644706,25.631399154663086
SCTXSUS1-13/EDTRVFPS1-08,marginalised,4412.959537788022,0.006115526556807344,25.586210250854492
SCTXSUS1-13/EDTRVFPS1-08,marginalised,4520.085107515832,0.006130426496383038,25.541780471801758
SCTXSUS1-13/EDTRVFPS1-08,marginalised,4629.8111741644225,0.0061449940748422045,25.497547149658203
SCTXSUS1-13/EDTRVFPS1-08,marginalised,4742.20086537223,0.006159239214021895,25.453081130981445
SCTXSUS1-13/EDTRVFPS1-08,marginalised,4857.318841215116,0.0061731664965616485,25.409130096435547
SCTXSUS1-13/EDTRVFPS1-08,marginalised,4975.231331406597,0.006186769652483881,25.365663528442383
SCTXSUS1-13/EDTRVFPS1-08,marginalised,5096.006173401123,0.006200033030563103,25.32267951965332
SCTXSUS1-13/EDTRVFPS1-08,marginalised,5219.712851422392,0.006212926017248755,25.28020668029785
SCTXSUS1-13/EDTRVFPS1-08,marginalised,5346.422536439019,0.0062254084308462935,25.238311767578125
SCTXSUS1-13/EDTRVFPS1-08,marginalised,5476.208127110616,0.006237425457439413,25.197092056274414
SCTXSUS1-13/EDTRVFPS1-08,marginalised,5609.144291727897,0.006248912407519861,25.156681060791016
SCTXSUS1-13/EDTRVFPS1-08,marginalised,5745.307511170882,0.006259794272620523,25.11723518371582
SCTXSUS1-13/EDTRVFPS1-08,marginalised,5884.776122909887,0.006269990701115859,25.078935623168945
SCTXSUS1-13/EDTRVFPS1-08,marginalised,6027.630366074628,0.006279420173152552,25.041973114013672
SCTXSUS1-13/EDTRVFPS1-08,marginalised,6173.952427617493,0.006287998474762262,25.006546020507812
SCTXSUS1-13/EDTRVFPS1-08,marginalised,6323.826489597334,0.006295645969455152,24.97284698486328
SCTXSUS1-13/EDTRVFPS1-08,marginalised,6477.338777611082,0.006302284025596537,24.941072463989258
SCTXSUS1-13/EDTRVFPS1-08,marginalised,6634.577610401159,0.0063078411590562515,24.91140365600586
SCTXSUS1-13/EDTRVFPS1-08,marginalised,6795.63345066701,0.006312249772022688,24.884017944335938
SCTXSUS1-13/EDTRVFPS1-08,marginalised,6960.598957110113,0.006315451149441836,24.859085083007812
SCTXSUS1-13/EDTRVFPS1-08,marginalised,7129.5690377424235,0.006317390911568736,24.836763381958008
SCTXSUS1-13/EDTRVFPS1-08,marginalised,7302.640904488974,0.006318031863277839,24.816082000732422
SCTXSUS1-13/EDTRVFPS1-08,marginalised,7479.914129115724,0.0063173457124586245,24.795848846435547
SCTXSUS1-13/EDTRVFPS1-08,marginalised,7661.490700515303,0.006315318450056788,24.778484344482422
SCTXSUS1-13/EDTRVFPS1-08,marginalised,7847.475083383316,0.006311957579404948,24.764066696166992
SCTXSUS1-13/EDTRVFPS1-08,marginalised,8037.974278318984,0.006307292833786981,24.752641677856445
SCTXSUS1-13/EDTRVFPS1-08,marginalised,8233.097883384717,0.006301368579473161,24.74420738220215
SCTXSUS1-13/EDTRVFPS1-08,marginalised,8432.958157160192,0.0062942516750466165,24.738725662231445
SCTXSUS1-13/EDTRVFPS1-08,marginalised,8637.67008332697,0.006286021451921043,24.73611831665039
SCTXSUS1-13/EDTRVFPS1-08,marginalised,8847.351436820883,0.006276762318246009,24.73626708984375
SCTXSUS1-13/EDTRVFPS1-08,marginalised,9062.122851590451,0.006266569919917258,24.73904037475586
SCTXSUS1-13/EDTRVFPS1-08,marginalised,9282.107890000007,0.006255528588460068,24.744285583496094
SCTXSUS1-14/EDTRVFPS1-07,marginalised,25.050809435,9.754501793162778e-05,128.75192260742188
SCTXSUS1-14/EDTRVFPS1-07,marginalised,25.658923379822713,8.102165860649003e-05,136.4665985107422
SCTXSUS1-14/EDTRVFPS1-07,marginalised,26.281799425281218,6.476723877675204e-05,145.1474151611328
SCTXSUS1-14/EDTRVFPS1-07,marginalised,26.919795924636528,4.9487219599698034e-05,155.09910583496094
SCTXSUS1-14/EDTRVFPS1-07,marginalised,27.57327993025436,3.59492593373401e-05,166.58343505859375
SCTXSUS1-14/EDTRVFPS1-07,marginalised,28.242627404777902,2.4756824656721916e-05,179.80157470703125
SCTXSUS1-14/EDTRVFPS1-07,marginalised,28.928223437426702,1.6169006228026613e-05,194.8460693359375
SCTXSUS1-14/EDTRVFPS1-07,marginalised,29.630462465546408,1.0055057418462115e-05,211.69422912597656
SCTXSUS1-14/EDTRVFPS1-07,marginalised,30.3497485015365,5.996374505242923e-06,230.16712951660156
SCTXSUS1-14/EDTRVFPS1-07,marginalised,31.086495365286954,3.460980327925238e-06,249.9585418701172
SCTXSUS1-14/EDTRVFPS1-07,marginalised,31.841126922257143,1.9534455055902007e-06,270.6383361816406
SCTXSUS1-14/EDTRVFPS1-07,marginalised,32.6140773273343,1.0898854682894072e-06,291.66888427734375
SCTXSUS1-14/EDTRVFPS1-07,marginalised,33.405791274611715,6.075159154209611e-07,312.5127258300781
SCTXSUS1-14/EDTRVFPS1-07,marginalised,34.21672425323017,3.4167143469162975e-07,332.62158203125
SCTXSUS1-14/EDTRVFPS1-07,marginalised,35.04734280943024,1.955477269103465e-07,351.4354553222656
SCTXSUS1-14/EDTRVFPS1-07,marginalised,35.898124814965705,1.1469086334937611e-07,368.47900390625
SCTXSUS1-14/EDTRVFPS1-07,marginalised,36.76955974203303,6.929582779142494e-08,383.420654296875
SCTXSUS1-14/EDTRVFPS1-07,marginalised,37.66214894487456,4.3274408685720305e-08,396.0707092285156
SCTXSUS1-14/EDTRVFPS1-07,marginalised,38.5764059482179,2.79712319875794e-08,406.3036804199219
SCTXSUS1-14/EDTRVFPS1-07,marginalised,39.51285674271707,1.870779563817645e-08,414.32562255859375
SCTXSUS1-14/EDTRVFPS1-07,marginalised,40.47204008756565,1.2927388501122822e-08,420.42010498046875
SCTXSUS1-14/EDTRVFPS1-07,marginalised,41.454507820455994,9.209882984028618e-09,425.1678466796875
SCTXSUS1-14/EDTRVFPS1-07,marginalised,42.4608251750625,6.749792753379163e-09,428.48590087890625
SCTXSUS1-14/EDTRVFPS1-07,marginalised,43.49157110623224,5.079115992516988e-09,430.71539306640625
SCTXSUS1-14/EDTRVFPS1-07,marginalised,44.54733862306928,3.9186595490472766e-09,432.3246765136719
SCTXSUS1-14/EDTRVFPS1-07,marginalised,45.62873513010505,3.097453139531238e-09,433.5136413574219
SCTXSUS1-14/EDTRVFPS1-07,marginalised,46.736382776750375,2.508038855914146e-09,435.21783447265625
SCTXSUS1-14/EDTRVFPS1-07,marginalised,47.87091881523084,2.0813944951822306e-09,435.9890441894531
SCTXSUS1-14/EDTRVFPS1-07,marginalised,49.0329959672108,1.772319270971892e-09,435.9124755859375
SCTXSUS1-14/EDTRVFPS1-07,marginalised,50.22328279931755,1.5508529330444148e-09,435.86273193359375
SCTXSUS1-14/EDTRVFPS1-07,marginalised,51.44246410778131,1.3971383093656202e-09,435.82305908203125
SCTXSUS1-14/EDTRVFPS1-07,marginalised,52.6912413124123,1.2984341653203465e-09,435.7704162597656
SCTXSUS1-14/EDTRVFPS1-07,marginalised,53.97033286014202,1.2473798917179584e-09,435.68292236328125
SCTXSUS1-14/EDTRVFPS1-07,marginalised,55.280474638360204,1.2408697946321758e-09,435.5461730957031
SCTXSUS1-14/EDTRVFPS1-07,marginalised,56.622420398285854,1.2795553392403297e-09,435.3584289550781
SCTXSUS1-14/EDTRVFPS1-07,marginalised,57.99694218861584,1.3680384907591626e-09,435.1337890625
SCTXSUS1-14/EDTRVFPS1-07,marginalised,59.40483079969991,1.5161199465597177e-09,434.89862060546875
SCTXSUS1-14/EDTRVFPS1-07,marginalised,60.84689621849867,1.741326638205075e-09,434.6860046386719
SCTXSUS1-14/EDTRVFPS1-07,marginalised,62.32396809458545,2.073536273041609e-09,434.527099609375
SCTXSUS1-14/EDTRVFPS1-07,marginalised,63.83689621746082,2.56354392865698e-09,431.923583984375
SCTXSUS1-14/EDTRVFPS1-07,marginalised,65.38655100545343,3.3006603506157567e-09,429.2938537597656
SCTXSUS1-14/EDTRVFPS1-07,marginalised,66.9738240064896,4.451539165070075e-09,427.2232971191406
SCTXSUS1-14/EDTRVFPS1-07,marginalised,68.59962841101894,6.352801603706827e-09,422.3198547363281
SCTXSUS1-14/EDTRVFPS1-07,marginalised,70.26489957739133,9.757281431918911e-09,415.77630615234375
SCTXSUS1-14/EDTRVFPS1-07,marginalised,71.97059556998788,1.6583926064444312e-08,405.2043151855469
SCTXSUS1-14/EDTRVFPS1-07,marginalised,73.71769771041438,3.261373919784675e-08,388.44403076171875
SCTXSUS1-14/EDTRVFPS1-07,marginalised,75.50721114207602,7.930874043655381e-08,362.3004150390625
SCTXSUS1-14/EDTRVFPS1-07,marginalised,77.34016540845656,2.5831860517657754e-07,322.7497863769531
SCTXSUS1-14/EDTRVFPS1-07,marginalised,79.21761504543574,1.1769307593764877e-06,268.342041015625
SCTXSUS1-14/EDTRVFPS1-07,marginalised,81.14064018798547,6.8846421044129865e-06,204.09490966796875
SCTXSUS1-14/EDTRVFPS1-07,marginalised,83.11034719159295,4.075530520099695e-05,142.00242614746094
SCTXSUS1-14/EDTRVFPS1-07,marginalised,85.12786926876989,0.00019089476586946528,93.21460723876953
SCTXSUS1-14/EDTRVFPS1-07,marginalised,87.19436714101253,0.0006348933313898268,60.92191696166992
SCTXSUS1-14/EDTRVFPS1-07,marginalised,89.31102970658839,0.0015198551944689547,41.83174514770508
SCTXSUS1-14/EDTRVFPS1-07,marginalised,91.4790747245338,0.0027741223222274678,31.155323028564453
SCTXSUS1-14/EDTRVFPS1-07,marginalised,93.69974951525509,0.004116678200547825,25.309669494628906
SCTXSUS1-14/EDTRVFPS1-07,marginalised,95.97433167813759,0.005274133340404043,22.081809997558594
SCTXSUS1-14/EDTRVFPS1-07,marginalised,98.30412982657475,0.006129340302914907,20.28275489807129
SCTXSUS1-14/EDTRVFPS1-07,marginalised,100.69048434083967,0.006698829262060079,19.27385902404785
SCTXSUS1-14/EDTRVFPS1-07,marginalised,103.13476813923332,0.007053211028487291,18.706756591796875
SCTXSUS1-14/EDTRVFPS1-07,marginalised,105.63838746795241,0.007264731378189198,18.38570213317871
SCTXSUS1-14/EDTRVFPS1-07,marginalised,108.2027827101313,0.00738845069933282,18.201902389526367
SCTXSUS1-14/EDTRVFPS1-07,marginalised,110.8294292145241,0.007460889441297288,18.094310760498047
SCTXSUS1-14/EDTRVFPS1-07,marginalised,113.5198381443022,0.007504375960623252,18.028745651245117
SCTXSUS1-14/EDTRVFPS1-07,marginalised,116.27555734645767,0.0075317997559750495,17.986379623413086
SCTXSUS1-14/EDTRVFPS1-07,marginalised,119.09817224231098,0.007550293092009098,17.957029342651367
SCTXSUS1-14/EDTRVFPS1-07,marginalised,121.989306739636,0.0075636965170075236,17.93524169921875
SCTXSUS1-14/EDTRVFPS1-07,marginalised,124.95062416692765,0.007574019695354908,17.91815948486328
SCTXSUS1-14/EDTRVFPS1-07,marginalised,127.98382823034798,0.007582326370883423,17.904247283935547
SCTXSUS1-14/EDTRVFPS1-07,marginalised,131.09066399390338,0.007589185314903344,17.892683029174805
SCTXSUS1-14/EDTRVFPS1-07,marginalised,134.27291888341534,0.00759492307019946,17.882959365844727
SCTXSUS1-14/EDTRVFPS1-07,marginalised,137.53242371486274,0.007599774159206968,17.87472152709961
SCTXSUS1-14/EDTRVFPS1-07,marginalised,140.871053747688,0.007603866026418005,17.86775016784668
SCTXSUS1-14/EDTRVFPS1-07,marginalised,144.29072976367135,0.00760732462880111,17.861841201782227
SCTXSUS1-14/EDTRVFPS1-07,marginalised,147.79341917199588,0.007610263615347754,17.8568172454834
SCTXSUS1-14/EDTRVFPS1-07,marginalised,151.38113714113857,0.007612740257349708,17.852581024169922
SCTXSUS1-14/EDTRVFPS1-07,marginalised,155.0559477582369,0.007614827770035452,17.848997116088867
SCTXSUS1-14/EDTRVFPS1-07,marginalised,158.81996521660074,0.007616574124071101,17.84599494934082
SCTXSUS1-14/EDTRVFPS1-07,marginalised,162.67535503205053,0.007617999349576972,17.843523025512695
SCTXSUS1-14/EDTRVFPS1-07,marginalised,166.62433528878256,0.0076191340366336775,17.841543197631836
SCTXSUS1-14/EDTRVFPS1-07,marginalised,170.66917791547846,0.007619990583927776,17.840003967285156
SCTXSUS1-14/EDTRVFPS1-07,marginalised,174.81220999239108,0.007620546947204525,17.83893394470215
SCTXSUS1-14/EDTRVFPS1-07,marginalised,179.05581509016181,0.007620828234695138,17.838300704956055
SCTXSUS1-14/EDTRVFPS1-07,marginalised,183.40243464113698,0.007620802777642109,17.8381290435791
SCTXSUS1-14/EDTRVFPS1-07,marginalised,187.85456934397345,0.007620503075149395,17.838363647460938
SCTXSUS1-14/EDTRVFPS1-07,marginalised,192.41478060234212,0.007619930128371943,17.839014053344727
SCTXSUS1-14/EDTRVFPS1-07,marginalised,197.08569199855452,0.007619120490091931,17.840011596679688
SCTXSUS1-14/EDTRVFPS1-07,marginalised,201.8699908029636,0.007618115862291441,17.841299057006836
SCTXSUS1-14/EDTRVFPS1-07,marginalised,206.77042952000573,0.007616968857720227,17.842798233032227
SCTXSUS1-14/EDTRVFPS1-07,marginalised,211.78982747177065,0.007615758912801591,17.84440040588379
SCTXSUS1-14/EDTRVFPS1-07,marginalised,216.93107242001716,0.007614555682946588,17.84600067138672
SCTXSUS1-14/EDTRVFPS1-07,marginalised,222.19712222755936,0.007613446564842869,17.84748649597168
SCTXSUS1-14/EDTRVFPS1-07,marginalised,227.5910065599859,0.007612511295692325,17.848743438720703
SCTXSUS1-14/EDTRVFPS1-07,marginalised,233.11582862868923,0.007611790869655553,17.849712371826172
SCTXSUS1-14/EDTRVFPS1-07,marginalised,238.77476697620384,0.007611346219318835,17.850303649902344
SCTXSUS1-14/EDTRVFPS1-07,marginalised,244.57107730488931,0.007611175741911835,17.85051727294922
SCTXSUS1-14/EDTRVFPS1-07,marginalised,250.50809435000008,0.007611267949546435,17.850378036499023
SCTXSUS1-14/EDTRVFPS1-07,marginalised,256.5892337982269,0.007611573948599974,17.849956512451172
SCTXSUS1-14/EDTRVFPS1-07,marginalised,262.8179942528121,0.007612018538436469,17.849332809448242
SCTXSUS1-14/EDTRVFPS1-07,marginalised,269.1979592463652,0.007612515989461797,17.848642349243164
SCTXSUS1-14/EDTRVFPS1-07,marginalised,275.7327993025434,0.007612945221951194,17.848047256469727
SCTXSUS1-14/EDTRVFPS1-07,marginalised,282.4262740477791,0.0076131975281956326,17.847694396972656
SCTXSUS1-14/EDTRVFPS1-07,marginalised,289.282234374267,0.007613154796265712,17.847753524780273
SCTXSUS1-14/EDTRVFPS1-07,marginalised,296.304624655464,0.007612711079861843,17.848360061645508
SCTXSUS1-14/EDTRVFPS1-07,marginalised,303.49748501536504,0.007611764429450946,17.849660873413086
SCTXSUS1-14/EDTRVFPS1-07,marginalised,310.8649536528693,0.007610241830174125,17.851757049560547
SCTXSUS1-14/EDTRVFPS1-07,marginalised,318.4112692225715,0.007608096536446856,17.85471534729004
SCTXSUS1-14/EDTRVFPS1-07,marginalised,326.140773273343,0.00760531830862503,17.858545303344727
SCTXSUS1-14/EDTRVFPS1-07,marginalised,334.0579127461171,0.007601924028349243,17.863222122192383
SCTXSUS1-14/EDTRVFPS1-07,marginalised,342.16724253230177,0.0075979634929657916,17.868688583374023
SCTXSUS1-14/EDTRVFPS1-07,marginalised,350.47342809430216,0.007593527757508176,17.87480926513672
SCTXSUS1-14/EDTRVFPS1-07,marginalised,358.9812481496573,0.007588754083501634,17.881410598754883
SCTXSUS1-14/EDTRVFPS1-07,marginalised,367.6955974203303,0.007583783101888152,17.888286590576172
SCTXSUS1-14/EDTRVFPS1-07,marginalised,376.6214894487457,0.007578798720618012,17.895193099975586
SCTXSUS1-14/EDTRVFPS1-07,marginalised,385.76405948217905,0.007573936892884332,17.90192985534668
SCTXSUS1-14/EDTRVFPS1-07,marginalised,395.1285674271704,0.007569348173199288,17.908296585083008
SCTXSUS1-14/EDTRVFPS1-07,marginalised,404.7204008756565,0.00756516477873389,17.914098739624023
SCTXSUS1-14/EDTRVFPS1-07,marginalised,414.5450782045599,0.007561458954692404,17.919248580932617
SCTXSUS1-14/EDTRVFPS1-07,marginalised,424.60825175062473,0.007558273853096405,17.923675537109375
SCTXSUS1-14/EDTRVFPS1-07,marginalised,434.9157110623225,0.007555632582699546,17.927350997924805
SCTXSUS1-14/EDTRVFPS1-07,marginalised,445.47338623069265,0.007553502762632661,17.93031883239746
SCTXSUS1-14/EDTRVFPS1-07,marginalised,456.28735130105036,0.007551832119173664,17.932640075683594
SCTXSUS1-14/EDTRVFPS1-07,marginalised,467.36382776750384,0.007550587897603582,17.934371948242188
SCTXSUS1-14/EDTRVFPS1-07,marginalised,478.709188152308,0.007549689015703853,17.935625076293945
SCTXSUS1-14/EDTRVFPS1-07,marginalised,490.32995967210815,0.007549077856021496,17.93647575378418
SCTXSUS1-14/EDTRVFPS1-07,marginalised,502.2328279931754,0.007525746664528673,17.969053268432617
SCTXSUS1-14/EDTRVFPS1-07,marginalised,514.424641077813,0.007519827317430315,17.977344512939453
SCTXSUS1-14/EDTRVFPS1-07,marginalised,526.9124131241232,0.0075130658509744,17.986820220947266
SCTXSUS1-14/EDTRVFPS1-07,marginalised,539.7033286014199,0.00750539937112151,17.997583389282227
SCTXSUS1-14/EDTRVFPS1-07,marginalised,552.8047463836022,0.00749681303515444,18.009660720825195
SCTXSUS1-14/EDTRVFPS1-07,marginalised,566.2242039828586,0.007487336972684747,18.023008346557617
SCTXSUS1-14/EDTRVFPS1-07,marginalised,579.9694218861586,0.007477009842100815,18.03758430480957
SCTXSUS1-14/EDTRVFPS1-07,marginalised,594.0483079969993,0.007465904464683766,18.053287506103516
SCTXSUS1-14/EDTRVFPS1-07,marginalised,608.4689621849863,0.007454113745082047,18.070005416870117
SCTXSUS1-14/EDTRVFPS1-07,marginalised,623.2396809458546,0.007441705660849327,18.08763313293457
SCTXSUS1-14/EDTRVFPS1-07,marginalised,638.3689621746083,0.0074287633403452916,18.10607147216797
SCTXSUS1-14/EDTRVFPS1-07,marginalised,653.8655100545337,0.0074153429251895735,18.125246047973633
SCTXSUS1-14/EDTRVFPS1-07,marginalised,669.738240064896,0.007401479646412902,18.145099639892578
SCTXSUS1-14/EDTRVFPS1-07,marginalised,685.9962841101889,0.007387209515053362,18.16560173034668
SCTXSUS1-14/EDTRVFPS1-07,marginalised,702.6489957739135,0.0073725651341785365,18.18669891357422
SCTXSUS1-14/EDTRVFPS1-07,marginalised,719.7059556998789,0.007357560886910824,18.2083797454834
SCTXSUS1-14/EDTRVFPS1-07,marginalised,737.1769771041434,0.007342235020624674,18.2305908203125
SCTXSUS1-14/EDTRVFPS1-07,marginalised,755.0721114207603,0.007326644460914967,18.25326156616211
SCTXSUS1-14/EDTRVFPS1-07,marginalised,773.4016540845649,0.0073108510992332945,18.276304244995117
SCTXSUS1-14/EDTRVFPS1-07,marginalised,792.1761504543576,0.00729491695084632,18.29962158203125
SCTXSUS1-14/EDTRVFPS1-07,marginalised,811.4064018798548,0.007278914409753801,18.323123931884766
SCTXSUS1-14/EDTRVFPS1-07,marginalised,831.1034719159289,0.0072628992711572995,18.34671974182129
SCTXSUS1-14/EDTRVFPS1-07,marginalised,851.2786926876989,0.0072469033742054954,18.370365142822266
SCTXSUS1-14/EDTRVFPS1-07,marginalised,871.9436714101247,0.007230915905201595,18.39407730102539
SCTXSUS1-14/EDTRVFPS1-07,marginalised,893.110297065884,0.0072149066143819265,18.41790199279785
SCTXSUS1-14/EDTRVFPS1-07,marginalised,914.7907472453381,0.0071988106427423645,18.44193458557129
SCTXSUS1-14/EDTRVFPS1-07,marginalised,936.9974951525503,0.007182547484461142,18.466297149658203
SCTXSUS1-14/EDTRVFPS1-07,marginalised,959.743316781376,0.007166003103864748,18.491172790527344
SCTXSUS1-14/EDTRVFPS1-07,marginalised,983.0412982657479,0.0071490993777876075,18.516677856445312
SCTXSUS1-14/EDTRVFPS1-07,marginalised,1006.904843408396,0.007131745222052649,18.542957305908203
SCTXSUS1-14/EDTRVFPS1-07,marginalised,1031.3476813923335,0.007113856865439949,18.570140838623047
SCTXSUS1-14/EDTRVFPS1-07,marginalised,1056.3838746795234,0.007095387461426018,18.59832191467285
SCTXSUS1-14/EDTRVFPS1-07,marginalised,1082.0278271013133,0.00707629086366584,18.62757682800293
SCTXSUS1-14/EDTRVFPS1-07,marginalised,1108.2942921452411,0.007056532161249421,18.65797233581543
SCTXSUS1-14/EDTRVFPS1-07,marginalised,1135.1983814430212,0.007036086285614398,18.68956756591797
SCTXSUS1-14/EDTRVFPS1-07,marginalised,1162.755573464577,0.007014909850983503,18.722431182861328
SCTXSUS1-14/EDTRVFPS1-07,marginalised,1190.981722423109,0.006992963679648091,18.75664710998535
SCTXSUS1-14/EDTRVFPS1-07,marginalised,1219.8930673963603,0.006970197072878704,18.79231834411621
SCTXSUS1-14/EDTRVFPS1-07,marginalised,1249.506241669277,0.00694656900969426,18.829530715942383
SCTXSUS1-14/EDTRVFPS1-07,marginalised,1279.838282303479,0.006922054811967382,18.86833381652832
SCTXSUS1-14/EDTRVFPS1-07,marginalised,1310.9066399390342,0.006896631448877519,18.90880584716797
SCTXSUS1-14/EDTRVFPS1-07,marginalised,1342.7291888341526,0.006870319635605363,18.9509220123291
SCTXSUS1-14/EDTRVFPS1-07,marginalised,1375.3242371486276,0.006843154080960425,18.994670867919922
SCTXSUS1-14/EDTRVFPS1-07,marginalised,1408.7105374768803,0.006815207562188484,19.039945602416992
SCTXSUS1-14/EDTRVFPS1-07,marginalised,1442.9072976367124,0.006786558359714782,19.08666229248047
SCTXSUS1-14/EDTRVFPS1-07,marginalised,1477.934191719959,0.00675731252751174,19.134654998779297
SCTXSUS1-14/EDTRVFPS1-07,marginalised,1513.8113714113858,0.006727547896746194,19.183820724487305
SCTXSUS1-14/EDTRVFPS1-07,marginalised,1550.5594775823695,0.006697360244885138,19.234031677246094
SCTXSUS1-14/EDTRVFPS1-07,marginalised,1588.1996521660064,0.006666795895301883,19.28521728515625
SCTXSUS1-14/EDTRVFPS1-07,marginalised,1626.7535503205042,0.006635908307308768,19.33730697631836
SCTXSUS1-14/EDTRVFPS1-07,marginalised,1666.243352887826,0.006604688261130232,19.39033317565918
SCTXSUS1-14/EDTRVFPS1-07,marginalised,1706.6917791547849,0.006573140287688215,19.444305419921875
SCTXSUS1-14/EDTRVFPS1-07,marginalised,1748.1220999239113,0.00654123282295318,19.499290466308594
SCTXSUS1-14/EDTRVFPS1-07,marginalised,1790.558150901617,0.006508918907600057,19.555391311645508
SCTXSUS1-14/EDTRVFPS1-07,marginalised,1834.0243464113685,0.006476167366310891,19.612689971923828
SCTXSUS1-14/EDTRVFPS1-07,marginalised,1878.5456934397348,0.006442942811897169,19.671262741088867
SCTXSUS1-14/EDTRVFPS1-07,marginalised,1924.1478060234215,0.006409213077978316,19.731201171875
SCTXSUS1-14/EDTRVFPS1-07,marginalised,1970.8569199855438,0.006374950451805507,19.7919921875
SCTXSUS1-14/EDTRVFPS1-07,marginalised,2018.6999080296364,0.006340142014417668,19.853567123413086
SCTXSUS1-14/EDTRVFPS1-07,marginalised,2067.704295200056,0.006304775677931592,19.916664123535156
SCTXSUS1-14/EDTRVFPS1-07,marginalised,2117.898274717707,0.006268827780882978,19.981340408325195
SCTXSUS1-14/EDTRVFPS1-07,marginalised,2169.310724200172,0.006232275891667577,20.04768180847168
SCTXSUS1-14/EDTRVFPS1-07,marginalised,2221.971222275592,0.006195091815029826,20.115787506103516
SCTXSUS1-14/EDTRVFPS1-07,marginalised,2275.9100655998595,0.006157213187599299,20.1857967376709
SCTXSUS1-14/EDTRVFPS1-07,marginalised,2331.158286286891,0.006118589749556029,20.25786018371582
SCTXSUS1-14/EDTRVFPS1-07,marginalised,2387.7476697620386,0.006079142256024807,20.332172393798828
SCTXSUS1-14/EDTRVFPS1-07,marginalised,2445.7107730488915,0.006038789116986282,20.408945083618164
SCTXSUS1-14/EDTRVFPS1-07,marginalised,2505.080943499999,0.005997446877039817,20.48841094970703
SCTXSUS1-10/EDTRVFPS1-15,marginalised,3.9212322850000003,9.589049328533614e-14,1021.7368774414062
SCTXSUS1-10/EDTRVFPS1-15,marginalised,4.016421066807022,9.695841019963085e-14,1021.6947021484375
SCTXSUS1-10/EDTRVFPS1-15,marginalised,4.1139205773654535,9.808006196133165e-14,1021.6514282226562
SCTXSUS1-10/EDTRVFPS1-15,marginalised,4.213786910127287,9.92601308327882e-14,1021.6067504882812
SCTXSUS1-10/EDTRVFPS1-15,marginalised,4.316077520225483,1.0050356156858703e-13,1021.5606689453125
SCTXSUS1-10/EDTRVFPS1-15,marginalised,4.420851257529071,1.0181524989508682e-13,1021.5131225585938
SCTXSUS1-10/EDTRVFPS1-15,marginalised,4.52816840050068,1.0319947955042027e-13,1021.4644165039062
SCTXSUS1-10/EDTRVFPS1-15,marginalised,4.6380906908759645,1.0466018550730538e-13,1021.4142456054688
SCTXSUS1-10/EDTRVFPS1-15,marginalised,4.75068136918488,1.0619966831595689e-13,1021.3626708984375
SCTXSUS1-10/EDTRVFPS1-15,marginalised,4.866005211135249,1.0781875587293822e-13,1021.31005859375
SCTXSUS1-10/EDTRVFPS1-15,marginalised,4.984128564879539,1.0951615886289254e-13,1021.2562255859375
SCTXSUS1-10/EDTRVFPS1-15,marginalised,5.105119389186307,1.1128900998218669e-13,1021.2017822265625
SCTXSUS1-10/EDTRVFPS1-15,marginalised,5.229047292538265,1.13133136813942e-13,1021.1467895507812
SCTXSUS1-10/EDTRVFPS1-15,marginalised,5.355983573179445,1.1504281358734112e-13,1021.0914306640625
SCTXSUS1-10/EDTRVFPS1-15,marginalised,5.486001260134549,1.1701255970472787e-13,1021.0361938476562
SCTXSUS1-10/EDTRVFPS1-15,marginalised,5.619175155224009,1.1903780150156377e-13,1020.981201171875
SCTXSUS1-10/EDTRVFPS1-15,marginalised,5.755581876099015,1.2111645648000876e-13,1020.9266357421875
SCTXSUS1-10/EDTRVFPS1-15,marginalised,5.8952999003211985,1.232495444677687e-13,1020.8719482421875
SCTXSUS1-10/EDTRVFPS1-15,marginalised,6.038409610512375,1.2544241958654685e-13,1020.8180541992188
SCTXSUS1-10/EDTRVFPS1-15,marginalised,6.184993340600298,1.2770533556275359e-13,1020.7637939453125
SCTXSUS1-10/EDTRVFPS1-15,marginalised,6.335135423187042,1.3005451561579433e-13,1020.7095336914062
SCTXSUS1-10/EDTRVFPS1-15,marginalised,6.488922238067276,1.325115436800381e-13,1020.6546630859375
SCTXSUS1-10/EDTRVFPS1-15,marginalised,6.646442261924296,1.351038193320768e-13,1020.5987548828125
SCTXSUS1-10/EDTRVFPS1-15,marginalised,6.807786119232479,1.3786458987024697e-13,1020.5413208007812
SCTXSUS1-10/EDTRVFPS1-15,marginalised,6.973046634395378,1.4083381381437035e-13,1020.48193359375
SCTXSUS1-10/EDTRVFPS1-15,marginalised,7.142318885149493,1.4405724822471023e-13,1020.4202270507812
SCTXSUS1-10/EDTRVFPS1-15,marginalised,7.315700257264424,1.4758793249702165e-13,1020.3554077148438
SCTXSUS1-10/EDTRVFPS1-15,marginalised,7.493290500570889,1.5148706117664445e-13,1020.287353515625
SCTXSUS1-10/EDTRVFPS1-15,marginalised,7.675191786348831,1.5582402838195135e-13,1020.2155151367188
SCTXSUS1-10/EDTRVFPS1-15,marginalised,7.861508766108625,1.6067805201752927e-13,1020.1394653320312
SCTXSUS1-10/EDTRVFPS1-15,marginalised,8.052348631799243,1.6613944215620016e-13,1020.05908203125
SCTXSUS1-10/EDTRVFPS1-15,marginalised,8.247821177477931,1.7231019899083005e-13,1019.974365234375
SCTXSUS1-10/EDTRVFPS1-15,marginalised,8.448038862476992,1.7930629069684831e-13,1019.8849487304688
SCTXSUS1-10/EDTRVFPS1-15,marginalised,8.653116876103914,1.8726014316341882e-13,1019.7911987304688
SCTXSUS1-10/EDTRVFPS1-15,marginalised,8.86317320391213,1.9632407232674643e-13,1019.6932983398438
SCTXSUS1-10/EDTRVFPS1-15,marginalised,9.078328695580495,2.0667544790841443e-13,1019.591552734375
SCTXSUS1-10/EDTRVFPS1-15,marginalised,9.298707134440571,2.1852306183669994e-13,1019.486572265625
SCTXSUS1-10/EDTRVFPS1-15,marginalised,9.524435308691709,2.3211794414904906e-13,1019.37890625
SCTXSUS1-10/EDTRVFPS1-15,marginalised,9.755643084344852,2.477690394485352e-13,1019.2689208984375
SCTXSUS1-10/EDTRVFPS1-15,marginalised,9.992463479937124,2.658597269935174e-13,1019.157470703125
SCTXSUS1-10/EDTRVFPS1-15,marginalised,10.235032743060076,2.868848513327585e-13,1019.044921875
SCTXSUS1-10/EDTRVFPS1-15,marginalised,10.483490428745702,3.114945273929119e-13,1018.9320068359375
SCTXSUS1-10/EDTRVFPS1-15,marginalised,10.737979479755305,3.4056447968198143e-13,1018.8189086914062
SCTXSUS1-10/EDTRVFPS1-15,marginalised,10.998646308817362,3.7531516714927647e-13,1018.7061157226562
SCTXSUS1-10/EDTRVFPS1-15,marginalised,11.265640882861739,4.1748883860893493e-13,1018.5938720703125
SCTXSUS1-10/EDTRVFPS1-15,marginalised,11.539116809298726,4.696507573804468e-13,1018.48193359375
SCTXSUS1-10/EDTRVFPS1-15,marginalised,11.819231424392502,5.356930923397606e-13,1018.370361328125
SCTXSUS1-10/EDTRVFPS1-15,marginalised,12.106145883779899,6.217063791921979e-13,1018.259033203125
SCTXSUS1-10/EDTRVFPS1-15,marginalised,12.40002525518651,7.37516405771436e-13,1018.147705078125
SCTXSUS1-10/EDTRVFPS1-15,marginalised,12.7010386133935,8.994761116272471e-13,1018.0359497070312
SCTXSUS1-10/EDTRVFPS1-15,marginalised,13.009359137509776,1.1356689130755407e-12,1017.9235229492188
SCTXSUS1-10/EDTRVFPS1-15,marginalised,13.325164210605463,1.495684950597302e-12,1017.809814453125
SCTXSUS1-10/EDTRVFPS1-15,marginalised,13.648635521763982,2.06951688163423e-12,1017.6949462890625
SCTXSUS1-10/EDTRVFPS1-15,marginalised,13.97995917061147,3.0242189798396702e-12,1017.5785522460938
SCTXSUS1-10/EDTRVFPS1-15,marginalised,14.319325774383687,4.6760490832938604e-12,981.0181884765625
SCTXSUS1-10/EDTRVFPS1-15,marginalised,14.666930577591987,7.633035747283673e-12,942.3555908203125
SCTXSUS1-10/EDTRVFPS1-15,marginalised,15.022973564351474,1.3077439174782572e-11,903.94775390625
SCTXSUS1-10/EDTRVFPS1-15,marginalised,15.387659573435917,2.332707282810366e-11,865.8445434570312
SCTXSUS1-10/EDTRVFPS1-15,marginalised,15.761198416125655,4.294748115207889e-11,828.1014404296875
SCTXSUS1-10/EDTRVFPS1-15,marginalised,16.1438049969163,8.095752897309972e-11,790.770751953125
SCTXSUS1-10/EDTRVFPS1-15,marginalised,16.535699437157703,1.5518577753154884e-10,753.897705078125
SCTXSUS1-10/EDTRVFPS1-15,marginalised,16.937107201694175,3.008780306117435e-10,717.5151977539062
SCTXSUS1-10/EDTRVFPS1-15,marginalised,17.348259228579064,5.876542538558849e-10,681.6441040039062
SCTXSUS1-10/EDTRVFPS1-15,marginalised,17.769392061938074,1.1529572498861705e-09,646.2919311523438
SCTXSUS1-10/EDTRVFPS1-15,marginalised,18.200747988057927,2.26792433281502e-09,611.45654296875
SCTXSUS1-10/EDTRVFPS1-15,marginalised,18.642575174778596,4.467488382480689e-09,577.1262817382812
SCTXSUS1-10/EDTRVFPS1-15,marginalised,19.09512781426933,8.807402227473608e-09,543.2848510742188
SCTXSUS1-10/EDTRVFPS1-15,marginalised,19.55866626927052,1.73725353795464e-08,509.915771484375
SCTXSUS1-10/EDTRVFPS1-15,marginalised,20.033457222885737,3.428393890413745e-08,477.0058898925781
SCTXSUS1-10/EDTRVFPS1-15,marginalised,20.51977383200995,6.769053686773794e-08,444.55096435546875
SCTXSUS1-10/EDTRVFPS1-15,marginalised,21.01789588448219,1.336961386280746e-07,412.56329345703125
SCTXSUS1-10/EDTRVFPS1-15,marginalised,21.528109960053257,2.640541245099552e-07,381.0766906738281
SCTXSUS1-10/EDTRVFPS1-15,marginalised,22.050709595260816,5.210913779846765e-07,350.1504821777344
SCTXSUS1-10/EDTRVFPS1-15,marginalised,22.585995452306967,1.0262346914584976e-06,319.8734436035156
SCTXSUS1-10/EDTRVFPS1-15,marginalised,23.13427549203535,2.0134854617089953e-06,290.36248779296875
SCTXSUS1-10/EDTRVFPS1-15,marginalised,23.695865151107256,3.927211935437491e-06,261.7599792480469
SCTXSUS1-10/EDTRVFPS1-15,marginalised,24.271087523478748,7.5960399281069165e-06,234.22607421875
SCTXSUS1-10/EDTRVFPS1-15,marginalised,24.8602735462832,1.4531192661082777e-05,207.9321746826172
SCTXSUS1-10/EDTRVFPS1-15,marginalised,25.46376219022616,2.7419081591012785e-05,183.0516357421875
SCTXSUS1-10/EDTRVFPS1-15,marginalised,26.081900654602112,5.089661385245847e-05,159.75375366210938
SCTXSUS1-10/EDTRVFPS1-15,marginalised,26.71504456704528,9.269918808393824e-05,138.1998291015625
SCTXSUS1-10/EDTRVFPS1-15,marginalised,27.363558188129414,0.0001652085112004726,118.54347229003906
SCTXSUS1-10/EDTRVFPS1-15,marginalised,28.02781462093433,0.00028715809419802165,100.93755340576172
SCTXSUS1-10/EDTRVFPS1-15,marginalised,28.70819602569973,0.0004844952225975671,85.54432678222656
SCTXSUS1-10/EDTRVFPS1-15,marginalised,29.405093839689744,0.0007874336982050454,72.55296325683594
SCTXSUS1-10/EDTRVFPS1-15,marginalised,30.118909002394716,0.0012170527692637657,62.203392028808594
SCTXSUS1-10/EDTRVFPS1-15,marginalised,30.85005218619987,0.0017518402915807883,54.821407318115234
SCTXSUS1-10/EDTRVFPS1-15,marginalised,31.598944032653552,0.00227742569979973,50.87256622314453
SCTXSUS1-10/EDTRVFPS1-15,marginalised,32.36601539447077,0.0025754106515564154,51.050113677978516
SCTXSUS1-10/EDTRVFPS1-15,marginalised,33.151707583411564,0.002445924327101756,56.424076080322266
SCTXSUS1-10/EDTRVFPS1-15,marginalised,33.9564726241767,0.0019044942725987832,68.6943130493164
SCTXSUS1-10/EDTRVFPS1-15,marginalised,34.78077351446655,0.0011960324625815357,89.0511245727539
SCTXSUS1-10/EDTRVFPS1-15,marginalised,35.625084491353256,0.0005924446072475875,116.97774505615234
SCTXSUS1-10/EDTRVFPS1-15,marginalised,36.48989130411878,0.00022295009910961876,154.85215759277344
SCTXSUS1-10/EDTRVFPS1-15,marginalised,37.3756914937165,6.100808375126863e-05,205.25286865234375
SCTXSUS1-10/EDTRVFPS1-15,marginalised,38.28299467901656,1.192909145796694e-05,269.93743896484375
SCTXSUS1-10/EDTRVFPS1-15,marginalised,39.212322850000014,1.7391919707808683e-06,348.5251159667969
SCTXSUS1-10/EDTRVFPS1-15,marginalised,40.16421066807024,2.0922351424488078e-07,437.351318359375
SCTXSUS1-10/EDTRVFPS1-15,marginalised,41.139205773654545,2.40386371768016e-08,529.54736328125
SCTXSUS1-10/EDTRVFPS1-15,marginalised,42.13786910127289,3.0993231305062197e-09,617.2741088867188
SCTXSUS1-10/EDTRVFPS1-15,marginalised,43.16077520225484,5.084497663280874e-10,694.311767578125
SCTXSUS1-10/EDTRVFPS1-15,marginalised,44.20851257529072,1.1272180450395998e-10,757.6633911132812
SCTXSUS1-10/EDTRVFPS1-15,marginalised,45.281684005006795,3.378385384740684e-11,807.2222900390625
SCTXSUS1-10/EDTRVFPS1-15,marginalised,46.380906908759655,1.3218290636356246e-11,844.7012329101562
SCTXSUS1-10/EDTRVFPS1-15,marginalised,47.506813691848805,6.444721054637666e-12,872.25537109375
SCTXSUS1-10/EDTRVFPS1-15,marginalised,48.6600521113525,3.748555554330629e-12,892.2620239257812
SCTXSUS1-10/EDTRVFPS1-15,marginalised,49.841285648795406,2.5119636057936197e-12,906.4263916015625
SCTXSUS1-10/EDTRVFPS1-15,marginalised,51.05119389186308,1.890811756415868e-12,915.75537109375
SCTXSUS1-10/EDTRVFPS1-15,marginalised,52.29047292538266,1.5718209158175738e-12,921.6993408203125
SCTXSUS1-10/EDTRVFPS1-15,marginalised,53.559835731794465,1.4286003332256579e-12,924.2257080078125
SCTXSUS1-10/EDTRVFPS1-15,marginalised,54.86001260134548,1.4136317271856599e-12,924.0863647460938
SCTXSUS1-10/EDTRVFPS1-15,marginalised,56.19175155224009,1.5247679010032537e-12,920.9693603515625
SCTXSUS1-10/EDTRVFPS1-15,marginalised,57.555818760990164,1.8053720609757436e-12,914.871337890625
SCTXSUS1-10/EDTRVFPS1-15,marginalised,58.952999003212014,2.38015290773145e-12,904.6299438476562
SCTXSUS1-10/EDTRVFPS1-15,marginalised,60.38409610512378,3.579158447285031e-12,889.0446166992188
SCTXSUS1-10/EDTRVFPS1-15,marginalised,61.84993340600296,6.378606516222204e-12,866.7680053710938
SCTXSUS1-10/EDTRVFPS1-15,marginalised,63.35135423187044,1.4285900724648052e-11,834.5563354492188
SCTXSUS1-10/EDTRVFPS1-15,marginalised,64.88922238067278,4.3810502296776527e-11,788.4985961914062
SCTXSUS1-10/EDTRVFPS1-15,marginalised,66.46442261924292,2.0637218229427882e-10,723.1106567382812
SCTXSUS1-10/EDTRVFPS1-15,marginalised,68.07786119232483,1.6950007420472702e-09,632.78271484375
SCTXSUS1-10/EDTRVFPS1-15,marginalised,69.73046634395378,2.6191141901602662e-08,514.6148681640625
SCTXSUS1-10/EDTRVFPS1-15,marginalised,71.42318885149494,6.930038734987691e-07,374.8205261230469
SCTXSUS1-10/EDTRVFPS1-15,marginalised,73.15700257264427,2.2036782957693986e-05,233.24717712402344
SCTXSUS1-10/EDTRVFPS1-15,marginalised,74.93290500570888,0.0005256386323954369,117.17377471923828
SCTXSUS1-10/EDTRVFPS1-15,marginalised,76.75191786348836,0.007747714580227162,43.787471771240234
SCTXSUS1-10/EDTRVFPS1-15,marginalised,78.61508766108626,0.09720673942072415,10.800004005432129
SCTXSUS1-10/EDTRVFPS1-15,marginalised,80.52348631799244,0.4017757572323265,4.381270885467529
SCTXSUS1-10/EDTRVFPS1-15,marginalised,82.47821177477934,0.10053838890759352,10.687355995178223
SCTXSUS1-10/EDTRVFPS1-15,marginalised,84.4803886247699,0.0332182831649276,20.812299728393555
SCTXSUS1-10/EDTRVFPS1-15,marginalised,86.53116876103923,0.01662859675679475,30.48689079284668
SCTXSUS1-10/EDTRVFPS1-15,marginalised,88.63173203912132,0.010697367650707229,38.19776916503906
SCTXSUS1-10/EDTRVFPS1-15,marginalised,90.78328695580497,0.008067817036777822,43.736595153808594
SCTXSUS1-10/EDTRVFPS1-15,marginalised,92.98707134440576,0.0067474414605588635,47.51741027832031
SCTXSUS1-10/EDTRVFPS1-15,marginalised,95.24435308691706,0.006034444381673293,49.970333099365234
SCTXSUS1-10/EDTRVFPS1-15,marginalised,97.55643084344854,0.005632694441531612,51.51081466674805
SCTXSUS1-10/EDTRVFPS1-15,marginalised,99.92463479937126,0.005400174409271056,52.46717834472656
SCTXSUS1-10/EDTRVFPS1-15,marginalised,102.35032743060069,0.005262581237121932,53.05704879760742
SCTXSUS1-10/EDTRVFPS1-15,marginalised,104.83490428745709,0.005178950427327392,53.42413330078125
SCTXSUS1-10/EDTRVFPS1-15,marginalised,107.37979479755307,0.005126127801809732,53.65894317626953
SCTXSUS1-10/EDTRVFPS1-15,marginalised,109.98646308817364,0.005090958598943095,53.81623458862305
SCTXSUS1-10/EDTRVFPS1-15,marginalised,112.6564088286174,0.005066019228844907,53.92806625366211
SCTXSUS1-10/EDTRVFPS1-15,marginalised,115.39116809298717,0.005047176182998712,54.01268768310547
SCTXSUS1-10/EDTRVFPS1-15,marginalised,118.1923142439251,0.005032150351733547,54.08024978637695
SCTXSUS1-10/EDTRVFPS1-15,marginalised,121.06145883779901,0.005019693792612431,54.13636779785156
SCTXSUS1-10/EDTRVFPS1-15,marginalised,124.00025255186513,0.005009110448579781,54.18413162231445
SCTXSUS1-10/EDTRVFPS1-15,marginalised,127.01038613393503,0.004999996754749921,54.22536087036133
SCTXSUS1-10/EDTRVFPS1-15,marginalised,130.09359137509773,0.004992095752852464,54.261165618896484
SCTXSUS1-10/EDTRVFPS1-15,marginalised,133.25164210605476,0.004985236906019093,54.292320251464844
SCTXSUS1-10/EDTRVFPS1-15,marginalised,136.48635521763987,0.0049792855758997645,54.319393157958984
SCTXSUS1-10/EDTRVFPS1-15,marginalised,139.79959170611474,0.004974128154515847,54.342891693115234
SCTXSUS1-10/EDTRVFPS1-15,marginalised,143.1932577438369,0.004969672889824604,54.36320877075195
SCTXSUS1-10/EDTRVFPS1-15,marginalised,146.66930577591984,0.004965831700748659,54.38075637817383
SCTXSUS1-10/EDTRVFPS1-15,marginalised,150.2297356435149,0.004962534451588943,54.39583206176758
SCTXSUS1-10/EDTRVFPS1-15,marginalised,153.8765957343592,0.0049597103357972815,54.40875244140625
SCTXSUS1-10/EDTRVFPS1-15,marginalised,157.61198416125657,0.004957302361147274,54.41978073120117
SCTXSUS1-10/EDTRVFPS1-15,marginalised,161.43804996916313,0.004955257734164608,54.42914962768555
SCTXSUS1-10/EDTRVFPS1-15,marginalised,165.356994371577,0.004953531699213014,54.43705749511719
SCTXSUS1-10/EDTRVFPS1-15,marginalised,169.37107201694178,0.004952082029875359,54.44369888305664
SCTXSUS1-10/EDTRVFPS1-15,marginalised,173.48259228579067,0.004950874676359387,54.4492301940918
SCTXSUS1-10/EDTRVFPS1-15,marginalised,177.69392061938063,0.00494987851400766,54.45378494262695
SCTXSUS1-10/EDTRVFPS1-15,marginalised,182.00747988057938,0.004949065044516762,54.45750427246094
SCTXSUS1-10/EDTRVFPS1-15,marginalised,186.42575174778602,0.0049484099168065265,54.46047592163086
SCTXSUS1-10/EDTRVFPS1-15,marginalised,190.95127814269333,0.00494788766752502,54.46283721923828
SCTXSUS1-10/EDTRVFPS1-15,marginalised,195.58666269270523,0.004947477402537058,54.464683532714844
SCTXSUS1-10/EDTRVFPS1-15,marginalised,200.33457222885733,0.0049471609610966215,54.46608352661133
SCTXSUS1-10/EDTRVFPS1-15,marginalised,205.19773832009966,0.00494691744382043,54.4671516418457
SCTXSUS1-10/EDTRVFPS1-15,marginalised,210.17895884482195,0.004946730184044571,54.46796798706055
SCTXSUS1-10/EDTRVFPS1-15,marginalised,215.28109960053243,0.004946587686761161,54.46856689453125
SCTXSUS1-10/EDTRVFPS1-15,marginalised,220.5070959526082,0.004946476643933937,54.46903610229492
SCTXSUS1-10/EDTRVFPS1-15,marginalised,225.85995452306963,0.004946387138707714,54.46941375732422
SCTXSUS1-10/EDTRVFPS1-15,marginalised,231.34275492035374,0.004946313091967349,54.4697265625
SCTXSUS1-10/EDTRVFPS1-15,marginalised,236.95865151107262,0.004946248382097133,54.470001220703125
SCTXSUS1-10/EDTRVFPS1-15,marginalised,242.7108752347873,0.004946192452842104,54.470245361328125
SCTXSUS1-10/EDTRVFPS1-15,marginalised,248.60273546283207,0.004946139304093357,54.470497131347656
SCTXSUS1-10/EDTRVFPS1-15,marginalised,254.63762190226154,0.0049460886451800825,54.47073745727539
SCTXSUS1-10/EDTRVFPS1-15,marginalised,260.8190065460214,0.004946042225853167,54.4709587097168
SCTXSUS1-10/EDTRVFPS1-15,marginalised,267.1504456704529,0.00494599910271302,54.47117233276367
SCTXSUS1-10/EDTRVFPS1-15,marginalised,273.63558188129394,0.00494596109007112,54.47135925292969
SCTXSUS1-10/EDTRVFPS1-15,marginalised,280.2781462093435,0.004945933964697159,54.471500396728516
SCTXSUS1-10/EDTRVFPS1-15,marginalised,287.0819602569974,0.004945921220270753,54.471561431884766
SCTXSUS1-10/EDTRVFPS1-15,marginalised,294.0509383968978,0.004945925004549061,54.471527099609375
SCTXSUS1-10/EDTRVFPS1-15,marginalised,301.1890900239472,0.004945952105057419,54.47138595581055
SCTXSUS1-10/EDTRVFPS1-15,marginalised,308.50052186199866,0.0049459958551973104,54.47113800048828
SCTXSUS1-10/EDTRVFPS1-15,marginalised,315.98944032653577,0.004946054642715854,54.470802307128906
SCTXSUS1-10/EDTRVFPS1-15,marginalised,323.6601539447076,0.0049461202487031085,54.470420837402344
SCTXSUS1-10/EDTRVFPS1-15,marginalised,331.517075834116,0.004946177864233465,54.47005844116211
SCTXSUS1-10/EDTRVFPS1-15,marginalised,339.564726241767,0.0049462143894260496,54.46978759765625
SCTXSUS1-10/EDTRVFPS1-15,marginalised,347.80773514466546,0.004946215817205077,54.46967315673828
SCTXSUS1-10/EDTRVFPS1-15,marginalised,356.2508449135328,0.0049461714424829,54.469764709472656
SCTXSUS1-10/EDTRVFPS1-15,marginalised,364.8989130411878,0.004946076117963222,54.4700927734375
SCTXSUS1-10/EDTRVFPS1-15,marginalised,373.7569149371648,0.004945931574805341,54.47066879272461
SCTXSUS1-10/EDTRVFPS1-15,marginalised,382.8299467901658,0.0049457445367424805,54.471439361572266
SCTXSUS1-10/EDTRVFPS1-15,marginalised,392.12322850000004,0.004945527905756904,54.47235870361328
SCTXSUS1-09/EDTRVFPS1-14,marginalised,25.999874490000003,8.22880392110042e-05,72.08268737792969
SCTXSUS1-09/EDTRVFPS1-14,marginalised,26.63102719913837,6.932567800150241e-05,76.25757598876953
SCTXSUS1-09/EDTRVFPS1-14,marginalised,27.27750128001665,5.671793560679559e-05,81.10248565673828
SCTXSUS1-09/EDTRVFPS1-14,marginalised,27.93966866232573,4.5007949411513055e-05,86.72012329101562
SCTXSUS1-09/EDTRVFPS1-14,marginalised,28.617910304432016,3.4662510358539095e-05,93.14810943603516
SCTXSUS1-09/EDTRVFPS1-14,marginalised,29.312616412550657,2.5971342436188996e-05,100.36808013916016
SCTXSUS1-09/EDTRVFPS1-14,marginalised,30.02418666523901,1.9007702198167088e-05,108.29961395263672
SCTXSUS1-09/EDTRVFPS1-14,marginalised,30.753030443339945,1.3655625591930215e-05,116.80532836914062
SCTXSUS1-09/EDTRVFPS1-14,marginalised,31.49956706550686,9.68020955228725e-06,125.7000961303711
SCTXSUS1-09/EDTRVFPS1-14,marginalised,32.264226029446355,6.803824083645646e-06,134.77024841308594
SCTXSUS1-09/EDTRVFPS1-14,marginalised,33.047447259016906,4.7613788385501135e-06,143.7949676513672
SCTXSUS1-09/EDTRVFPS1-14,marginalised,33.84968135732603,3.328838957111572e-06,152.5576171875
SCTXSUS1-09/EDTRVFPS1-14,marginalised,34.671389865971484,2.3311574040521585e-06,160.84474182128906
SCTXSUS1-09/EDTRVFPS1-14,marginalised,35.513045530575425,1.6386181969370414e-06,168.50962829589844
SCTXSUS1-09/EDTRVFPS1-14,marginalised,36.37513257276471,1.1582990974583666e-06,175.3970947265625
SCTXSUS1-09/EDTRVFPS1-14,marginalised,37.25814696875335,8.249162822722122e-07,181.40940856933594
SCTXSUS1-09/EDTRVFPS1-14,marginalised,38.16259673468773,5.930294967890397e-07,186.4954833984375
SCTXSUS1-09/EDTRVFPS1-14,marginalised,39.0890022189187,4.3115757862178423e-07,190.58641052246094
SCTXSUS1-09/EDTRVFPS1-14,marginalised,40.037896401368506,3.1756011291112277e-07,193.89773559570312
SCTXSUS1-09/EDTRVFPS1-14,marginalised,41.00982520016499,2.3728479823397205e-07,196.44448852539062
SCTXSUS1-09/EDTRVFPS1-14,marginalised,42.00534778571939,1.8008546802881746e-07,198.40516662597656
SCTXSUS1-09/EDTRVFPS1-14,marginalised,43.02503690242851,1.389574686879858e-07,199.82078552246094
SCTXSUS1-09/EDTRVFPS1-14,marginalised,44.06947919818613,1.0911277201895853e-07,201.42074584960938
SCTXSUS1-09/EDTRVFPS1-14,marginalised,45.139275561893584,8.727195041209431e-08,201.7280731201172
SCTXSUS1-09/EDTRVFPS1-14,marginalised,46.23504146916326,7.117916366594397e-08,202.4000244140625
SCTXSUS1-09/EDTRVFPS1-14,marginalised,47.35740733641428,5.927633632151772e-08,203.49070739746094
SCTXSUS1-09/EDTRVFPS1-14,marginalised,48.507018883563966,5.0482571435828734e-08,204.48849487304688
SCTXSUS1-09/EDTRVFPS1-14,marginalised,49.684537505523565,4.4046815876135055e-08,204.27049255371094
SCTXSUS1-09/EDTRVFPS1-14,marginalised,50.890640652712186,3.9449193478891984e-08,204.0938720703125
SCTXSUS1-09/EDTRVFPS1-14,marginalised,52.12602222080782,3.633872825688859e-08,203.95201110839844
SCTXSUS1-09/EDTRVFPS1-14,marginalised,53.39139294995974,3.449472305302897e-08,203.83465576171875
SCTXSUS1-09/EDTRVFPS1-14,marginalised,54.68748083369158,3.38011578881028e-08,203.73281860351562
SCTXSUS1-09/EDTRVFPS1-14,marginalised,56.01503153773104,3.423141003755505e-08,203.64324951171875
SCTXSUS1-09/EDTRVFPS1-14,marginalised,57.37480882900634,3.584599567781545e-08,203.5709686279297
SCTXSUS1-09/EDTRVFPS1-14,marginalised,58.76759501505702,3.8807468873858535e-08,203.52886962890625
SCTXSUS1-09/EDTRVFPS1-14,marginalised,60.19419139411124,4.341840637865599e-08,203.53414916992188
SCTXSUS1-09/EDTRVFPS1-14,marginalised,61.655418716089244,5.018876923523698e-08,203.6029510498047
SCTXSUS1-09/EDTRVFPS1-14,marginalised,63.15211765479709,5.995228404164811e-08,201.5667266845703
SCTXSUS1-09/EDTRVFPS1-14,marginalised,64.68514929158366,7.408064318133365e-08,199.91627502441406
SCTXSUS1-09/EDTRVFPS1-14,marginalised,66.25539561073822,9.491114659965284e-08,198.80569458007812
SCTXSUS1-09/EDTRVFPS1-14,marginalised,67.86376000691381,1.266376630412132e-07,196.46095275878906
SCTXSUS1-09/EDTRVFPS1-14,marginalised,69.5111678048689,1.773010363676915e-07,193.52444458007812
SCTXSUS1-09/EDTRVFPS1-14,marginalised,71.19856679182512,2.6365330399203866e-07,188.9800262451172
SCTXSUS1-09/EDTRVFPS1-14,marginalised,72.9269277627487,4.2435487560454135e-07,182.1757354736328
SCTXSUS1-09/EDTRVFPS1-14,marginalised,74.6972450788689,7.602770164184131e-07,171.5357666015625
SCTXSUS1-09/EDTRVFPS1-14,marginalised,76.51053723975345,1.5736414007726233e-06,155.58441162109375
SCTXSUS1-09/EDTRVFPS1-14,marginalised,78.36784746927303,3.900426331903145e-06,132.7316436767578
SCTXSUS1-09/EDTRVFPS1-14,marginalised,80.2702443157885,1.1607398981431346e-05,103.73736572265625
SCTXSUS1-09/EDTRVFPS1-14,marginalised,82.21882226690872,3.872146646472499e-05,72.89518737792969
SCTXSUS1-09/EDTRVFPS1-14,marginalised,84.21470237917173,0.000128068656183315,46.420745849609375
SCTXSUS1-09/EDTRVFPS1-14,marginalised,86.25903292301103,0.0003787716984827372,27.967430114746094
SCTXSUS1-09/EDTRVFPS1-14,marginalised,88.35299004337921,0.0009483826320870971,17.01019287109375
SCTXSUS1-09/EDTRVFPS1-14,marginalised,90.49777843640787,0.001952081918039101,11.114696502685547
SCTXSUS1-09/EDTRVFPS1-14,marginalised,92.6946320424939,0.0032792894070670935,8.08484172821045
SCTXSUS1-09/EDTRVFPS1-14,marginalised,94.94481475621069,0.004612453604852484,6.5222578048706055
SCTXSUS1-09/EDTRVFPS1-14,marginalised,97.24962115345198,0.0056915106986102195,5.703071594238281
SCTXSUS1-09/EDTRVFPS1-14,marginalised,99.61037723622803,0.006448354870711866,5.2641377449035645
SCTXSUS1-09/EDTRVFPS1-14,marginalised,102.0284411955414,0.0069362576178000224,5.023337364196777
SCTXSUS1-09/EDTRVFPS1-14,marginalised,104.50520419278187,0.007237214392074112,4.887342929840088
SCTXSUS1-09/EDTRVFPS1-14,marginalised,107.04209116009018,0.007420062296456691,4.8082170486450195
SCTXSUS1-09/EDTRVFPS1-14,marginalised,109.64056162014997,0.007532279620650933,4.760406017303467
SCTXSUS1-09/EDTRVFPS1-14,marginalised,112.30211052588123,0.007603593403386273,4.729987144470215
SCTXSUS1-09/EDTRVFPS1-14,marginalised,115.02826912051707,0.00765152221622562,4.709353446960449
SCTXSUS1-09/EDTRVFPS1-14,marginalised,117.82060581855892,0.007685953644145418,4.6943678855896
SCTXSUS1-09/EDTRVFPS1-14,marginalised,120.68072710811776,0.00771233322577354,4.682786464691162
SCTXSUS1-09/EDTRVFPS1-14,marginalised,123.61027847515888,0.007733555046475511,4.673433780670166
SCTXSUS1-09/EDTRVFPS1-14,marginalised,126.61094535018354,0.007751212644495092,4.665642738342285
SCTXSUS1-09/EDTRVFPS1-14,marginalised,129.68445407789196,0.007766179308989064,4.659046173095703
SCTXSUS1-09/EDTRVFPS1-14,marginalised,132.83257291038373,0.007778974814393189,4.653412818908691
SCTXSUS1-09/EDTRVFPS1-14,marginalised,136.05711302446983,0.007789943593886405,4.64859676361084
SCTXSUS1-09/EDTRVFPS1-14,marginalised,139.35992956367917,0.0077993512135802745,4.644474983215332
SCTXSUS1-09/EDTRVFPS1-14,marginalised,142.7429227055605,0.007807423824035744,4.640944957733154
SCTXSUS1-09/EDTRVFPS1-14,marginalised,146.20803875489352,0.00781432309556169,4.637933254241943
SCTXSUS1-09/EDTRVFPS1-14,marginalised,149.75727126343702,0.007820216545503472,4.63536262512207
SCTXSUS1-09/EDTRVFPS1-14,marginalised,153.39266217686014,0.0078252398734536,4.633174419403076
SCTXSUS1-09/EDTRVFPS1-14,marginalised,157.11630300951524,0.007829495235477699,4.631324768066406
SCTXSUS1-09/EDTRVFPS1-14,marginalised,160.93033604772845,0.007833062629912523,4.6297712326049805
SCTXSUS1-09/EDTRVFPS1-14,marginalised,164.83695558230113,0.007836021711001501,4.628480911254883
SCTXSUS1-09/EDTRVFPS1-14,marginalised,168.8384091709292,0.007838424319131013,4.627431392669678
SCTXSUS1-09/EDTRVFPS1-14,marginalised,172.9369989312694,0.007840307191698074,4.626598834991455
SCTXSUS1-09/EDTRVFPS1-14,marginalised,177.1350828653942,0.007841681853442898,4.625983238220215
SCTXSUS1-09/EDTRVFPS1-14,marginalised,181.4350762163982,0.007842582436073792,4.6255598068237305
SCTXSUS1-09/EDTRVFPS1-14,marginalised,185.83945285793735,0.007843042754026953,4.625319480895996
SCTXSUS1-09/EDTRVFPS1-14,marginalised,190.3507467174978,0.007843073688847,4.625252723693848
SCTXSUS1-09/EDTRVFPS1-14,marginalised,194.97155323421632,0.0078427060577945,4.625346660614014
SCTXSUS1-09/EDTRVFPS1-14,marginalised,199.70453085209004,0.007842015492118059,4.625574588775635
SCTXSUS1-09/EDTRVFPS1-14,marginalised,204.5524025494314,0.007841051231018512,4.625912189483643
SCTXSUS1-09/EDTRVFPS1-14,marginalised,209.51795740545546,0.007839909065622635,4.626323699951172
SCTXSUS1-09/EDTRVFPS1-14,marginalised,214.60405220489196,0.007838668536371657,4.626778602600098
SCTXSUS1-09/EDTRVFPS1-14,marginalised,219.81361308155235,0.007837458906451244,4.627222537994385
SCTXSUS1-09/EDTRVFPS1-14,marginalised,225.14963720179495,0.007836355733581638,4.627631664276123
SCTXSUS1-09/EDTRVFPS1-14,marginalised,230.61519448885355,0.007835463352209202,4.627960205078125
SCTXSUS1-09/EDTRVFPS1-14,marginalised,236.21342938902944,0.00783485078047171,4.628185749053955
SCTXSUS1-09/EDTRVFPS1-14,marginalised,241.9475626807533,0.007834559444849194,4.62829065322876
SCTXSUS1-09/EDTRVFPS1-14,marginalised,247.8208933275651,0.007834575816262946,4.6282782554626465
SCTXSUS1-09/EDTRVFPS1-14,marginalised,253.83680037607576,0.007834877622749363,4.628161430358887
SCTXSUS1-09/EDTRVFPS1-14,marginalised,259.9987449000001,0.00783537284258432,4.627970218658447
SCTXSUS1-09/EDTRVFPS1-14,marginalised,266.3102719913838,0.007835981756467304,4.627735137939453
SCTXSUS1-09/EDTRVFPS1-14,marginalised,272.7750128001667,0.007836564233353152,4.627511501312256
SCTXSUS1-09/EDTRVFPS1-14,marginalised,279.3966866232572,0.007836995272783007,4.627346038818359
SCTXSUS1-09/EDTRVFPS1-14,marginalised,286.1791030443202,0.007837120949819098,4.627297878265381
SCTXSUS1-09/EDTRVFPS1-14,marginalised,293.12616412550665,0.00783682190830579,4.6274094581604
SCTXSUS1-09/EDTRVFPS1-14,marginalised,300.24186665239006,0.007835976080377139,4.627731800079346
SCTXSUS1-09/EDTRVFPS1-14,marginalised,307.53030443339964,0.007834463519077373,4.6283063888549805
SCTXSUS1-09/EDTRVFPS1-14,marginalised,314.9956706550687,0.007832201595131842,4.629168510437012
SCTXSUS1-09/EDTRVFPS1-14,marginalised,322.64226029446365,0.007829116683195464,4.630346298217773
SCTXSUS1-09/EDTRVFPS1-14,marginalised,330.47447259016917,0.007825192719354675,4.631847858428955
SCTXSUS1-09/EDTRVFPS1-14,marginalised,338.4968135732602,0.007820437338448599,4.633666515350342
SCTXSUS1-09/EDTRVFPS1-14,marginalised,346.713898659715,0.007814915265895832,4.635778903961182
SCTXSUS1-09/EDTRVFPS1-14,marginalised,355.1304553057543,0.007808729797938817,4.638152122497559
SCTXSUS1-09/EDTRVFPS1-14,marginalised,363.7513257276472,0.007802066365077754,4.640712261199951
SCTXSUS1-09/EDTRVFPS1-14,marginalised,372.5814696875336,0.007795139318393052,4.643379211425781
SCTXSUS1-09/EDTRVFPS1-14,marginalised,381.62596734687725,0.00778816252396136,4.646067142486572
SCTXSUS1-09/EDTRVFPS1-14,marginalised,390.8900221891874,0.007781391047167958,4.648682594299316
SCTXSUS1-09/EDTRVFPS1-14,marginalised,400.37896401368516,0.007775022325054747,4.6511430740356445
SCTXSUS1-09/EDTRVFPS1-14,marginalised,410.09825200165,0.007769241600002411,4.65338134765625
SCTXSUS1-09/EDTRVFPS1-14,marginalised,420.05347785719414,0.007764166294352927,4.655351161956787
SCTXSUS1-09/EDTRVFPS1-14,marginalised,430.250369024285,0.007759840591957483,4.657027721405029
SCTXSUS1-09/EDTRVFPS1-14,marginalised,440.6947919818614,0.0077562858090253406,4.658409118652344
SCTXSUS1-09/EDTRVFPS1-14,marginalised,451.3927556189359,0.007753457457688035,4.65950870513916
SCTXSUS1-09/EDTRVFPS1-14,marginalised,462.35041469163264,0.0077512879634103506,4.66035270690918
SCTXSUS1-09/EDTRVFPS1-14,marginalised,473.5740733641431,0.007749689034614335,4.660974025726318
SCTXSUS1-09/EDTRVFPS1-14,marginalised,485.0701888356398,0.007748571256404783,4.661409854888916
SCTXSUS1-09/EDTRVFPS1-14,marginalised,496.84537505523576,0.007747842341164483,4.6616950035095215
SCTXSUS1-09/EDTRVFPS1-14,marginalised,508.906406527122,0.007706476231586175,4.67787504196167
SCTXSUS1-09/EDTRVFPS1-14,marginalised,521.2602222080781,0.007696142949708786,4.68194055557251
SCTXSUS1-09/EDTRVFPS1-14,marginalised,533.9139294995978,0.00768425876266986,4.6866278648376465
SCTXSUS1-09/EDTRVFPS1-14,marginalised,546.874808336916,0.007670728480348851,4.691979885101318
SCTXSUS1-09/EDTRVFPS1-14,marginalised,560.1503153773106,0.007655528563170581,4.698011875152588
SCTXSUS1-09/EDTRVFPS1-14,marginalised,573.7480882900636,0.007638679544434327,4.704721450805664
SCTXSUS1-09/EDTRVFPS1-14,marginalised,587.6759501505697,0.007620266022450287,4.71208381652832
SCTXSUS1-09/EDTRVFPS1-14,marginalised,601.9419139411131,0.00760039583031984,4.720063209533691
SCTXSUS1-09/EDTRVFPS1-14,marginalised,616.5541871608925,0.007579187524942449,4.728616237640381
SCTXSUS1-09/EDTRVFPS1-14,marginalised,631.521176547971,0.0075567795997008745,4.737700462341309
SCTXSUS1-09/EDTRVFPS1-14,marginalised,646.8514929158367,0.007533270134800741,4.747278213500977
SCTXSUS1-09/EDTRVFPS1-14,marginalised,662.5539561073817,0.007508744822938626,4.757321834564209
SCTXSUS1-09/EDTRVFPS1-14,marginalised,678.6376000691382,0.007483273815713272,4.767813682556152
SCTXSUS1-09/EDTRVFPS1-14,marginalised,695.1116780486892,0.007456916996392998,4.7787322998046875
SCTXSUS1-09/EDTRVFPS1-14,marginalised,711.9856679182514,0.0074297151737448865,4.790070056915283
SCTXSUS1-09/EDTRVFPS1-14,marginalised,729.2692776274879,0.007401735868433334,4.8018059730529785
SCTXSUS1-09/EDTRVFPS1-14,marginalised,746.9724507886885,0.007373072052077565,4.813905715942383
SCTXSUS1-09/EDTRVFPS1-14,marginalised,765.1053723975346,0.007343831920473601,4.826327323913574
SCTXSUS1-09/EDTRVFPS1-14,marginalised,783.6784746927304,0.00731416359044552,4.839018821716309
SCTXSUS1-09/EDTRVFPS1-14,marginalised,802.7024431578845,0.007284191899375217,4.851923942565918
SCTXSUS1-09/EDTRVFPS1-14,marginalised,822.1882226690881,0.007254073818689488,4.864985466003418
SCTXSUS1-09/EDTRVFPS1-14,marginalised,842.1470237917174,0.007223871169206663,4.878170013427734
SCTXSUS1-09/EDTRVFPS1-14,marginalised,862.5903292301106,0.007193639997555684,4.891464710235596
SCTXSUS1-09/EDTRVFPS1-14,marginalised,883.5299004337922,0.007163336035039731,4.904881000518799
SCTXSUS1-09/EDTRVFPS1-14,marginalised,904.9777843640782,0.007132885808889502,4.918460845947266
SCTXSUS1-09/EDTRVFPS1-14,marginalised,926.9463204249399,0.007102143888226902,4.9322662353515625
SCTXSUS1-09/EDTRVFPS1-14,marginalised,949.4481475621071,0.007070942445441327,4.94638204574585
SCTXSUS1-09/EDTRVFPS1-14,marginalised,972.4962115345201,0.007039101699206671,4.9608941078186035
SCTXSUS1-09/EDTRVFPS1-14,marginalised,996.1037723622806,0.007006444990467456,4.97589111328125
SCTXSUS1-09/EDTRVFPS1-14,marginalised,1020.2844119554134,0.0069728305191619835,4.991448402404785
SCTXSUS1-09/EDTRVFPS1-14,marginalised,1045.0520419278198,0.0069381507613576685,5.007631301879883
SCTXSUS1-09/EDTRVFPS1-14,marginalised,1070.420911600902,0.006902321110993738,5.024493217468262
SCTXSUS1-09/EDTRVFPS1-14,marginalised,1096.4056162015,0.006865281560253557,5.042078971862793
SCTXSUS1-09/EDTRVFPS1-14,marginalised,1123.0211052588127,0.006826974800983933,5.060430526733398
SCTXSUS1-09/EDTRVFPS1-14,marginalised,1150.2826912051698,0.006787356225935555,5.079590320587158
SCTXSUS1-09/EDTRVFPS1-14,marginalised,1178.2060581855894,0.006746356052923313,5.0996174812316895
SCTXSUS1-09/EDTRVFPS1-14,marginalised,1206.807271081178,0.006703916793346964,5.120560169219971
SCTXSUS1-09/EDTRVFPS1-14,marginalised,1236.102784751589,0.0066599587027316035,5.14248514175415
SCTXSUS1-09/EDTRVFPS1-14,marginalised,1266.1094535018367,0.006614433253492449,5.165447235107422
SCTXSUS1-09/EDTRVFPS1-14,marginalised,1296.8445407789197,0.00656732311307317,5.189488410949707
SCTXSUS1-09/EDTRVFPS1-14,marginalised,1328.3257291038376,0.0065186449813531494,5.21462869644165
SCTXSUS1-09/EDTRVFPS1-14,marginalised,1360.5711302446985,0.006468478850997761,5.240863800048828
SCTXSUS1-09/EDTRVFPS1-14,marginalised,1393.5992956367909,0.006416958736042036,5.268164157867432
SCTXSUS1-09/EDTRVFPS1-14,marginalised,1427.4292270556052,0.006364253905173504,5.296472072601318
SCTXSUS1-09/EDTRVFPS1-14,marginalised,1462.0803875489355,0.006310553216720362,5.325711250305176
SCTXSUS1-09/EDTRVFPS1-14,marginalised,1497.5727126343704,0.006256065966358311,5.355804443359375
SCTXSUS1-09/EDTRVFPS1-14,marginalised,1533.9266217686018,0.006200970991740132,5.3866801261901855
SCTXSUS1-09/EDTRVFPS1-14,marginalised,1571.1630300951526,0.006145422837802931,5.418273448944092
SCTXSUS1-09/EDTRVFPS1-14,marginalised,1609.3033604772847,0.006089519314521924,5.45054817199707
SCTXSUS1-09/EDTRVFPS1-14,marginalised,1648.3695558230115,0.006033323930925179,5.483491897583008
SCTXSUS1-09/EDTRVFPS1-14,marginalised,1688.3840917092923,0.005976841122656635,5.517116546630859
SCTXSUS1-09/EDTRVFPS1-14,marginalised,1729.3699893126943,0.00592005699442214,5.551455497741699
SCTXSUS1-09/EDTRVFPS1-14,marginalised,1771.3508286539422,0.005862925906064738,5.586559772491455
SCTXSUS1-09/EDTRVFPS1-14,marginalised,1814.3507621639824,0.005805397447348177,5.62248420715332
SCTXSUS1-09/EDTRVFPS1-14,marginalised,1858.394528579374,0.005747420880868824,5.659289360046387
SCTXSUS1-09/EDTRVFPS1-14,marginalised,1903.5074671749785,0.005688959935529688,5.697029113769531
SCTXSUS1-09/EDTRVFPS1-14,marginalised,1949.7155323421655,0.005629990514726439,5.735750198364258
SCTXSUS1-09/EDTRVFPS1-14,marginalised,1997.0453085208992,0.005570503989359437,5.775498390197754
SCTXSUS1-09/EDTRVFPS1-14,marginalised,2045.5240254943146,0.005510491065727659,5.816257476806641
SCTXSUS1-09/EDTRVFPS1-14,marginalised,2095.1795740545554,0.005449952820749349,5.85706901550293
SCTXSUS1-09/EDTRVFPS1-14,marginalised,2146.04052204892,0.005388876285880323,5.899012565612793
SCTXSUS1-09/EDTRVFPS1-14,marginalised,2198.136130815526,0.005327239020516744,5.942145824432373
SCTXSUS1-09/EDTRVFPS1-14,marginalised,2251.496372017948,0.005264989602997873,5.986550331115723
SCTXSUS1-09/EDTRVFPS1-14,marginalised,2306.151944888536,0.005202070014200021,6.0323262214660645
SCTXSUS1-09/EDTRVFPS1-14,marginalised,2362.134293890295,0.0051383982638129435,6.079589366912842
SCTXSUS1-09/EDTRVFPS1-14,marginalised,2419.4756268075334,0.0050738816181165975,6.128476142883301
SCTXSUS1-09/EDTRVFPS1-14,marginalised,2478.2089332756514,0.0050084241515642195,6.17913818359375
SCTXSUS1-09/EDTRVFPS1-14,marginalised,2538.368003760758,0.004941934950859087,6.231730937957764
SCTXSUS1-09/EDTRVFPS1-14,marginalised,2599.987449000001,0.004874348392456548,6.286399841308594
SCTXSUS1-04/EDTRVFPS1-20,marginalised,687.6359499999999,8.690984695413658e-05,127.24797821044922
SCTXSUS1-04/EDTRVFPS1-20,marginalised,704.3284649161915,8.947507154642671e-05,126.2022476196289
SCTXSUS1-04/EDTRVFPS1-20,marginalised,721.4261943273892,9.21198779963385e-05,125.15760040283203
SCTXSUS1-04/EDTRVFPS1-20,marginalised,738.9389749051657,9.484000653205676e-05,124.11643981933594
SCTXSUS1-04/EDTRVFPS1-20,marginalised,756.8768821084756,9.76287486366449e-05,123.08212280273438
SCTXSUS1-04/EDTRVFPS1-20,marginalised,775.2502359802683,0.00010047690901810155,122.05834197998047
SCTXSUS1-04/EDTRVFPS1-20,marginalised,794.0696070848211,0.000103373713568938,121.04889678955078
SCTXSUS1-04/EDTRVFPS1-20,marginalised,813.3458225891985,0.00010630874094208487,120.05695343017578
SCTXSUS1-04/EDTRVFPS1-20,marginalised,833.0899724923447,0.000109273711154874,119.084716796875
SCTXSUS1-04/EDTRVFPS1-20,marginalised,853.3134160053812,0.00011226468326460505,118.13265991210938
SCTXSUS1-04/EDTRVFPS1-20,marginalised,874.0277880867947,0.00011528308218894784,117.19939422607422
SCTXSUS1-04/EDTRVFPS1-20,marginalised,895.2450061362653,0.00011833756499345286,116.28175354003906
SCTXSUS1-04/EDTRVFPS1-20,marginalised,916.9772768509873,0.00012144170424848057,115.37530517578125
SCTXSUS1-04/EDTRVFPS1-20,marginalised,939.2371032484349,0.00012461413284743186,114.4746322631836
SCTXSUS1-04/EDTRVFPS1-20,marginalised,962.0372918595963,0.0001278764327404063,113.57426452636719
SCTXSUS1-04/EDTRVFPS1-20,marginalised,985.3909600968357,0.0001312503014487135,112.66911315917969
SCTXSUS1-04/EDTRVFPS1-20,marginalised,1009.3115438006054,0.00013475688726688093,111.75498962402344
SCTXSUS1-04/EDTRVFPS1-20,marginalised,1033.8128049693619,0.000138414917919701,110.8287124633789
SCTXSUS1-04/EDTRVFPS1-20,marginalised,1058.9088396771183,0.0001422404891275717,109.88835906982422
SCTXSUS1-04/EDTRVFPS1-20,marginalised,1084.6140861832055,0.0001462483257420606,108.93247985839844
SCTXSUS1-04/EDTRVFPS1-20,marginalised,1110.9433332388965,0.0001504522265615676,107.96031188964844
SCTXSUS1-04/EDTRVFPS1-20,marginalised,1137.9117285956738,0.00015486581443996042,106.97130584716797
SCTXSUS1-04/EDTRVFPS1-20,marginalised,1165.5347877200445,0.00015950573230507595,105.96446228027344
SCTXSUS1-04/EDTRVFPS1-20,marginalised,1193.8284027198958,0.00016439066108874748,104.9388198852539
SCTXSUS1-04/EDTRVFPS1-20,marginalised,1222.8088514875542,0.00016954050295160946,103.8933334350586
SCTXSUS1-04/EDTRVFPS1-20,marginalised,1252.4928070647854,0.000174976563949837,102.8271255493164
SCTXSUS1-04/EDTRVFPS1-20,marginalised,1282.8973472351342,0.0001807186503990537,101.739990234375
SCTXSUS1-04/EDTRVFPS1-20,marginalised,1314.0399643491248,0.00018678235356211055,100.63276672363281
SCTXSUS1-04/EDTRVFPS1-20,marginalised,1345.9385753879596,0.00019317966805442753,99.50704956054688
SCTXSUS1-04/EDTRVFPS1-20,marginalised,1378.6115322715275,0.00019991544467894089,98.36568450927734
SCTXSUS1-04/EDTRVFPS1-20,marginalised,1412.0776324166352,0.0002069879884802565,97.2123794555664
SCTXSUS1-04/EDTRVFPS1-20,marginalised,1446.3561295515426,0.00021439087148193204,96.05139923095703
SCTXSUS1-04/EDTRVFPS1-20,marginalised,1481.4667447930296,0.00022211500467214206,94.8867416381836
SCTXSUS1-04/EDTRVFPS1-20,marginalised,1517.4296779923475,0.00023014929054101762,93.72238159179688
SCTXSUS1-04/EDTRVFPS1-20,marginalised,1554.265619356609,0.00023848586837328317,92.55872344970703
SCTXSUS1-04/EDTRVFPS1-20,marginalised,1591.9957613522886,0.00024712096027612883,91.40055847167969
SCTXSUS1-04/EDTRVFPS1-20,marginalised,1630.6418108976723,0.0002560578073173462,90.24895477294922
SCTXSUS1-04/EDTRVFPS1-20,marginalised,1670.226001851294,0.0002653059620909379,89.10403442382812
SCTXSUS1-04/EDTRVFPS1-20,marginalised,1710.7711078035263,0.00027488248906052835,87.96500396728516
SCTXSUS1-04/EDTRVFPS1-20,marginalised,1752.3004551786876,0.0002848104756212915,86.8306884765625
SCTXSUS1-04/EDTRVFPS1-20,marginalised,1794.8379366552153,0.0002951164481881846,85.69969177246094
SCTXSUS1-04/EDTRVFPS1-20,marginalised,1838.4080249116014,0.0003058311997777026,84.5704574584961
SCTXSUS1-04/EDTRVFPS1-20,marginalised,1883.0357867060266,0.0003169846204094206,83.44188690185547
SCTXSUS1-04/EDTRVFPS1-20,marginalised,1928.7468972977765,0.0003286086615436392,82.31295776367188
SCTXSUS1-04/EDTRVFPS1-20,marginalised,1975.5676552187379,0.00034073293595240445,81.18306732177734
SCTXSUS1-04/EDTRVFPS1-20,marginalised,2023.5249974034864,0.0003533890136140661,80.05175018310547
SCTXSUS1-04/EDTRVFPS1-20,marginalised,2072.646514686642,0.00036660934207607824,78.91867065429688
SCTXSUS1-04/EDTRVFPS1-20,marginalised,2122.9604676764466,0.0003804300888207279,77.7833251953125
SCTXSUS1-04/EDTRVFPS1-20,marginalised,2174.4958030136613,0.0003948930779660138,76.64508819580078
SCTXSUS1-04/EDTRVFPS1-20,marginalised,2227.2821700251598,0.0004100467877783102,75.50312805175781
SCTXSUS1-04/EDTRVFPS1-20,marginalised,2281.349937781794,0.00042595101812215063,74.35604858398438
SCTXSUS1-04/EDTRVFPS1-20,marginalised,2336.7302125703295,0.00044267557124189153,73.20233917236328
SCTXSUS1-04/EDTRVFPS1-20,marginalised,2393.4548557895278,0.00046030242557265134,72.04009246826172
SCTXSUS1-04/EDTRVFPS1-20,marginalised,2451.556502280668,0.0004789245026939919,70.86742401123047
SCTXSUS1-04/EDTRVFPS1-20,marginalised,2511.0685791030114,0.0004986465548306237,69.68238067626953
SCTXSUS1-04/EDTRVFPS1-20,marginalised,2572.025324765098,0.0005195781246390821,68.4834976196289
SCTXSUS1-04/EDTRVFPS1-20,marginalised,2634.461808922833,0.0005418353504323512,67.26957702636719
SCTXSUS1-04/EDTRVFPS1-20,marginalised,2698.413952555783,0.0005655354192264137,66.04017639160156
SCTXSUS1-04/EDTRVFPS1-20,marginalised,2763.918548633252,0.0005907934077430865,64.7955322265625
SCTXSUS1-04/EDTRVFPS1-20,marginalised,2831.013283282014,0.0006177162534448619,63.53676986694336
SCTXSUS1-04/EDTRVFPS1-20,marginalised,2899.7367574679142,0.000646409346627339,62.26546859741211
SCTXSUS1-04/EDTRVFPS1-20,marginalised,2970.128509203789,0.0006769638610257222,60.98408126831055
SCTXSUS1-04/EDTRVFPS1-20,marginalised,3042.2290362964873,0.0007094668582493652,59.69526290893555
SCTXSUS1-04/EDTRVFPS1-20,marginalised,3116.079819646096,0.0007440022222076518,58.401885986328125
SCTXSUS1-04/EDTRVFPS1-20,marginalised,3191.7233471107147,0.0007806479033178457,57.10690689086914
SCTXSUS1-04/EDTRVFPS1-20,marginalised,3269.2031379506216,0.0008194827762399863,55.81311798095703
SCTXSUS1-04/EDTRVFPS1-20,marginalised,3348.5637678657727,0.0008605908820428379,54.52302169799805
SCTXSUS1-04/EDTRVFPS1-20,marginalised,3429.8508946410907,0.000904059339880716,53.238922119140625
SCTXSUS1-04/EDTRVFPS1-20,marginalised,3513.1112844143595,0.0009499795944852145,51.96281814575195
SCTXSUS1-04/EDTRVFPS1-20,marginalised,3598.3928385816853,0.00099845402130273,50.6964225769043
SCTXSUS1-04/EDTRVFPS1-20,marginalised,3685.7446213561893,0.0010495930094208778,49.4411506652832
SCTXSUS1-04/EDTRVFPS1-20,marginalised,3775.216887995628,0.0011035191718974833,48.196800231933594
SCTXSUS1-04/EDTRVFPS1-20,marginalised,3866.861113715245,0.0011603768868325135,46.962074279785156
SCTXSUS1-04/EDTRVFPS1-20,marginalised,3960.7300233025503,0.0012203342217029904,45.74024200439453
SCTXSUS1-04/EDTRVFPS1-20,marginalised,4056.877621450943,0.0012835993445104656,44.531150817871094
SCTXSUS1-04/EDTRVFPS1-20,marginalised,4155.35922382969,0.001350429861723017,43.33403015136719
SCTXSUS1-04/EDTRVFPS1-20,marginalised,4256.231488908201,0.001421139683835052,42.147682189941406
SCTXSUS1-04/EDTRVFPS1-20,marginalised,4359.552450552748,0.0014961147696754358,40.97046661376953
SCTXSUS1-04/EDTRVFPS1-20,marginalised,4465.3815514145845,0.0015758270635244024,39.80030059814453
SCTXSUS1-04/EDTRVFPS1-20,marginalised,4573.779677128448,0.0016608399843388178,38.63486099243164
SCTXSUS1-04/EDTRVFPS1-20,marginalised,4684.8091913413655,0.0017518113261990227,37.47188186645508
SCTXSUS1-04/EDTRVFPS1-20,marginalised,4798.533971591701,0.0018495084791066152,36.30906677246094
SCTXSUS1-04/EDTRVFPS1-20,marginalised,4915.019446059177,0.0019548035692906023,35.144412994384766
SCTXSUS1-04/EDTRVFPS1-20,marginalised,5034.332631207091,0.0020686727074119234,33.976463317871094
SCTXSUS1-04/EDTRVFPS1-20,marginalised,5156.542170338223,0.0021922007390009863,32.80432891845703
SCTXSUS1-04/EDTRVFPS1-20,marginalised,5281.7183730866955,0.0023265739105518607,31.627805709838867
SCTXSUS1-04/EDTRVFPS1-20,marginalised,5409.933255868595,0.002473066827639004,30.447587966918945
SCTXSUS1-04/EDTRVFPS1-20,marginalised,5541.260583314449,0.0026330490858680515,29.26507568359375
SCTXSUS1-04/EDTRVFPS1-20,marginalised,5675.775910707504,0.002807973533444724,28.082521438598633
SCTXSUS1-04/EDTRVFPS1-20,marginalised,5813.556627452233,0.0029993802530921053,26.902759552001953
SCTXSUS1-04/EDTRVFPS1-20,marginalised,5954.682001598056,0.0032089031196371313,25.72910499572754
SCTXSUS1-04/EDTRVFPS1-20,marginalised,6099.233225443838,0.0034382640524894905,24.56528091430664
SCTXSUS1-04/EDTRVFPS1-20,marginalised,6247.293462249446,0.0036893159765708262,23.415029525756836
SCTXSUS1-04/EDTRVFPS1-20,marginalised,6398.947894081321,0.003964016971119731,22.28219985961914
SCTXSUS1-04/EDTRVFPS1-20,marginalised,6554.283770819426,0.004264455016314793,21.170589447021484
SCTXSUS1-04/EDTRVFPS1-20,marginalised,6713.390460353839,0.004592799561210939,20.08397102355957
SCTXSUS1-04/EDTRVFPS1-20,marginalised,6876.359499999994,0.004951279403540009,19.02600860595703
SCTXSUS1-04/EDTRVFPS1-20,marginalised,7043.284649161917,0.0053420821927681935,18.00044059753418
SCTXSUS1-04/EDTRVFPS1-20,marginalised,7214.2619432738875,0.005767228283450948,17.000198364257812
SCTXSUS1-04/EDTRVFPS1-20,marginalised,7389.389749051665,0.006228402044938343,16.027484893798828
SCTXSUS1-04/EDTRVFPS1-20,marginalised,7568.768821084757,0.006726789711163976,15.09743881225586
SCTXSUS1-04/EDTRVFPS1-20,marginalised,7752.502359802691,0.007262852318963682,14.213590621948242
SCTXSUS1-04/EDTRVFPS1-20,marginalised,7940.696070848212,0.007836156466338355,13.379112243652344
SCTXSUS1-04/EDTRVFPS1-20,marginalised,8133.458225891987,0.008445226357148396,12.596597671508789
SCTXSUS1-04/EDTRVFPS1-20,marginalised,8330.899724923456,0.009087451943649226,11.867921829223633
SCTXSUS1-04/EDTRVFPS1-20,marginalised,8533.134160053814,0.009759083136110567,11.194110870361328
SCTXSUS1-04/EDTRVFPS1-20,marginalised,8740.277880867941,0.010455297264622137,10.575316429138184
SCTXSUS1-04/EDTRVFPS1-20,marginalised,8952.450061362655,0.01117034010638999,10.010826110839844
SCTXSUS1-04/EDTRVFPS1-20,marginalised,9169.772768509876,0.011897711509272987,9.499200820922852
SCTXSUS1-04/EDTRVFPS1-20,marginalised,9392.371032484343,0.012630382710282174,9.038402557373047
SCTXSUS1-04/EDTRVFPS1-20,marginalised,9620.372918595964,0.013360967903526033,8.613576889038086
SCTXSUS1-04/EDTRVFPS1-20,marginalised,9853.909600968349,0.014081926414637498,8.219151496887207
SCTXSUS1-04/EDTRVFPS1-20,marginalised,10093.115438006065,0.014785612041327341,7.867648601531982
SCTXSUS1-04/EDTRVFPS1-20,marginalised,10338.128049693622,0.015464329348774833,7.556436538696289
SCTXSUS1-04/EDTRVFPS1-20,marginalised,10589.088396771194,0.01611032216690865,7.283074378967285
SCTXSUS1-04/EDTRVFPS1-20,marginalised,10846.140861832057,0.01671567064855017,7.0454535484313965
SCTXSUS1-04/EDTRVFPS1-20,marginalised,11109.433332388957,0.01727226056078147,6.841835975646973
SCTXSUS1-04/EDTRVFPS1-20,marginalised,11379.11728595675,0.01777173142015992,6.6709089279174805
SCTXSUS1-04/EDTRVFPS1-20,marginalised,11655.347877200447,0.018205611759934168,6.531764030456543
SCTXSUS1-04/EDTRVFPS1-20,marginalised,11938.28402719895,0.018565605283729286,6.4238386154174805
SCTXSUS1-04/EDTRVFPS1-20,marginalised,12228.088514875546,0.018844085102374522,6.346827507019043
SCTXSUS1-04/EDTRVFPS1-20,marginalised,12524.928070647846,0.01903477691481734,6.294543266296387
SCTXSUS1-04/EDTRVFPS1-20,marginalised,12828.973472351356,0.01913349749374951,6.248561382293701
SCTXSUS1-04/EDTRVFPS1-20,marginalised,13140.39964349125,0.019138783086974046,6.232486248016357
SCTXSUS1-04/EDTRVFPS1-20,marginalised,13459.385753879611,0.0190522618454009,6.2458624839782715
SCTXSUS1-04/EDTRVFPS1-20,marginalised,13786.115322715277,0.01887862296191599,6.287991523742676
SCTXSUS1-04/EDTRVFPS1-20,marginalised,14120.776324166343,0.018625166498287906,6.357954025268555
SCTXSUS1-04/EDTRVFPS1-20,marginalised,14463.561295515443,0.018301051953519862,6.454676628112793
SCTXSUS1-04/EDTRVFPS1-20,marginalised,14814.6674479303,0.017916390668290955,6.577045917510986
SCTXSUS1-04/EDTRVFPS1-20,marginalised,15174.296779923465,0.01748139749198243,6.724020004272461
SCTXSUS1-04/EDTRVFPS1-20,marginalised,15542.656193566107,0.017005745272219715,6.8947367668151855
SCTXSUS1-04/EDTRVFPS1-20,marginalised,15919.957613522889,0.01649819746709941,7.088562488555908
SCTXSUS1-04/EDTRVFPS1-20,marginalised,16306.418108976712,0.015966506359996226,7.284005641937256
SCTXSUS1-04/EDTRVFPS1-20,marginalised,16702.260018512945,0.015417488370439061,7.491873264312744
SCTXSUS1-04/EDTRVFPS1-20,marginalised,17107.711078035252,0.014857230067468266,7.72194766998291
SCTXSUS1-04/EDTRVFPS1-20,marginalised,17523.004551786893,0.014291270176891998,7.974088668823242
SCTXSUS1-04/EDTRVFPS1-20,marginalised,17948.37936655216,0.013724737247176036,8.248054504394531
SCTXSUS1-04/EDTRVFPS1-20,marginalised,18384.080249116036,0.013162422732862106,8.5433988571167
SCTXSUS1-04/EDTRVFPS1-20,marginalised,18830.35786706027,0.01260873980313057,8.859426498413086
SCTXSUS1-04/EDTRVFPS1-20,marginalised,19287.468972977753,0.012067663526354728,9.195137977600098
SCTXSUS1-04/EDTRVFPS1-20,marginalised,19755.6765521874,0.011542611132611954,9.549281120300293
SCTXSUS1-04/EDTRVFPS1-20,marginalised,20235.24997403487,0.01103637393111522,9.920368194580078
SCTXSUS1-04/EDTRVFPS1-20,marginalised,20726.46514686641,0.01055107523819759,10.298089981079102
SCTXSUS1-04/EDTRVFPS1-20,marginalised,21229.60467676447,0.010088154962244016,10.666519165039062
SCTXSUS1-04/EDTRVFPS1-20,marginalised,21744.9580301366,0.009648429878238019,11.04703140258789
SCTXSUS1-04/EDTRVFPS1-20,marginalised,22272.82170025162,0.009232172476747229,11.437967300415039
SCTXSUS1-04/EDTRVFPS1-20,marginalised,22813.499377817945,0.008839211955284339,11.837740898132324
SCTXSUS1-04/EDTRVFPS1-20,marginalised,23367.302125703318,0.00846906283183113,12.244811058044434
SCTXSUS1-04/EDTRVFPS1-20,marginalised,23934.5485578953,0.008121023546144098,12.657684326171875
SCTXSUS1-04/EDTRVFPS1-20,marginalised,24515.565022806662,0.007794278890219227,13.074882507324219
SCTXSUS1-04/EDTRVFPS1-20,marginalised,25110.68579103014,0.0074879689326264095,13.494876861572266
SCTXSUS1-04/EDTRVFPS1-20,marginalised,25720.253247650984,0.007201250791629518,13.916065216064453
SCTXSUS1-04/EDTRVFPS1-20,marginalised,26344.618089228312,0.006933318939251424,14.336742401123047
SCTXSUS1-04/EDTRVFPS1-20,marginalised,26984.139525557857,0.006683418731580115,14.755066871643066
SCTXSUS1-04/EDTRVFPS1-20,marginalised,27639.185486332528,0.006450840724520881,15.148728370666504
SCTXSUS1-04/EDTRVFPS1-20,marginalised,28310.132832820123,0.006234905329581867,15.531938552856445
SCTXSUS1-04/EDTRVFPS1-20,marginalised,28997.36757467915,0.0060349448020630934,15.907696723937988
SCTXSUS1-04/EDTRVFPS1-20,marginalised,29701.28509203787,0.00585028073674306,16.27408218383789
SCTXSUS1-04/EDTRVFPS1-20,marginalised,30422.290362964908,0.005680215083568809,16.629295349121094
SCTXSUS1-04/EDTRVFPS1-20,marginalised,31160.79819646094,0.005524015121975386,16.971725463867188
SCTXSUS1-04/EDTRVFPS1-20,marginalised,31917.23347110718,0.005380912989405392,17.300025939941406
SCTXSUS1-04/EDTRVFPS1-20,marginalised,32692.031379506254,0.005250109895400623,17.613128662109375
SCTXSUS1-04/EDTRVFPS1-20,marginalised,33485.63767865771,0.0051307823035523815,17.910297393798828
SCTXSUS1-04/EDTRVFPS1-20,marginalised,34298.50894641095,0.005022096326144682,18.19110107421875
SCTXSUS1-04/EDTRVFPS1-20,marginalised,35131.11284414357,0.0049232209180482545,18.455411911010742
SCTXSUS1-04/EDTRVFPS1-20,marginalised,35983.92838581683,0.004833344311844202,18.70335578918457
SCTXSUS1-04/EDTRVFPS1-20,marginalised,36857.44621356193,0.004751691465669435,18.935253143310547
SCTXSUS1-04/EDTRVFPS1-20,marginalised,37752.168879956254,0.004677534691977609,19.151582717895508
SCTXSUS1-04/EDTRVFPS1-20,marginalised,38668.611137152424,0.0046102102978485245,19.352872848510742
SCTXSUS1-04/EDTRVFPS1-20,marginalised,39607.30023302555,0.004549123403085073,19.539701461791992
SCTXSUS1-04/EDTRVFPS1-20,marginalised,40568.776214509475,0.004493753636722248,19.71259307861328
SCTXSUS1-04/EDTRVFPS1-20,marginalised,41553.59223829694,0.0044436522744794255,19.872028350830078
SCTXSUS1-04/EDTRVFPS1-20,marginalised,42562.31488908198,0.004398436460297674,20.01844024658203
SCTXSUS1-04/EDTRVFPS1-20,marginalised,43595.52450552754,0.004357775453511244,20.15218734741211
SCTXSUS1-04/EDTRVFPS1-20,marginalised,44653.81551414581,0.004321377446037888,20.273630142211914
SCTXSUS1-04/EDTRVFPS1-20,marginalised,45737.796771284455,0.004288973997416386,20.383136749267578
SCTXSUS1-04/EDTRVFPS1-20,marginalised,46848.09191341371,0.004260303618248459,20.481143951416016
SCTXSUS1-04/EDTRVFPS1-20,marginalised,47985.339715916976,0.004235104212514719,20.568161010742188
SCTXSUS1-04/EDTRVFPS1-20,marginalised,49150.19446059174,0.004213102815674085,20.64481544494629
SCTXSUS1-04/EDTRVFPS1-20,marginalised,50343.32631207097,0.004194017898210582,20.711204528808594
SCTXSUS1-04/EDTRVFPS1-20,marginalised,51565.421703382286,0.004177560670115774,20.766361236572266
SCTXSUS1-04/EDTRVFPS1-20,marginalised,52817.18373086692,0.004163441778586303,20.813966751098633
SCTXSUS1-04/EDTRVFPS1-20,marginalised,54099.33255868601,0.004151378395474354,20.854846954345703
SCTXSUS1-04/EDTRVFPS1-20,marginalised,55412.60583314455,0.004141101574933086,20.88982391357422
SCTXSUS1-04/EDTRVFPS1-20,marginalised,56757.759107075006,0.004132362007332027,20.919681549072266
SCTXSUS1-04/EDTRVFPS1-20,marginalised,58135.566274522294,0.004124933774857666,20.945138931274414
SCTXSUS1-04/EDTRVFPS1-20,marginalised,59546.82001598062,0.00411861673787926,20.96685028076172
SCTXSUS1-04/EDTRVFPS1-20,marginalised,60992.33225443833,0.00411323590661202,20.985382080078125
SCTXSUS1-04/EDTRVFPS1-20,marginalised,62472.93462249442,0.004108641393899454,21.001235961914062
SCTXSUS1-04/EDTRVFPS1-20,marginalised,63989.47894081328,0.004104705695844804,21.014841079711914
SCTXSUS1-04/EDTRVFPS1-20,marginalised,65542.8377081942,0.0041013221965071215,21.026554107666016
SCTXSUS1-04/EDTRVFPS1-20,marginalised,67133.90460353835,0.004098401004982147,21.036678314208984
SCTXSUS1-04/EDTRVFPS1-20,marginalised,68763.59500000002,0.004095868152887697,21.045467376708984
EDTRVFPS1-11,marginalised,135.37219044999998,0.006171520613787497,9.126959800720215
EDTRVFPS1-11,marginalised,138.65838034208483,0.006161023423137118,9.139688491821289
EDTRVFPS1-11,marginalised,142.024343221302,0.006152081230832077,9.150551795959473
EDTRVFPS1-11,marginalised,145.47201559457423,0.006144470787775659,9.159818649291992
EDTRVFPS1-11,marginalised,149.00338097795898,0.0061380003655348205,9.167716026306152
EDTRVFPS1-11,marginalised,152.62047103780472,0.006132511281825775,9.174421310424805
EDTRVFPS1-11,marginalised,156.32536675961035,0.006127875347792237,9.18009090423584
EDTRVFPS1-11,marginalised,160.12019964525837,0.006123994174955773,9.18483829498291
EDTRVFPS1-11,marginalised,164.0071529393118,0.00612079722933295,9.188754081726074
EDTRVFPS1-11,marginalised,167.9884628850783,0.006118236231597428,9.19188117980957
EDTRVFPS1-11,marginalised,172.066420011167,0.006116280073526505,9.19426155090332
EDTRVFPS1-11,marginalised,176.24337044927614,0.006114907955117812,9.195915222167969
EDTRVFPS1-11,marginalised,180.52171728397016,0.006114104212168881,9.196857452392578
EDTRVFPS1-11,marginalised,184.9039219352238,0.00611384664148153,9.197114944458008
EDTRVFPS1-11,marginalised,189.39250557452604,0.006114102129311174,9.196728706359863
EDTRVFPS1-11,marginalised,193.99005057536215,0.006114819407773863,9.195758819580078
EDTRVFPS1-11,marginalised,198.6992019989052,0.006115926775875206,9.194295883178711
EDTRVFPS1-11,marginalised,203.5226691157744,0.006117332496099033,9.192460060119629
EDTRVFPS1-11,marginalised,208.4632269647324,0.00611892385514866,9.190394401550293
EDTRVFPS1-11,marginalised,213.52371794922243,0.006120583204997226,9.188247680664062
EDTRVFPS1-11,marginalised,218.70705347266053,0.006122186152781676,9.186175346374512
EDTRVFPS1-11,marginalised,224.01621561342495,0.0061236192624313955,9.184326171875
EDTRVFPS1-11,marginalised,229.45425884050738,0.00612478362186312,9.182823181152344
EDTRVFPS1-11,marginalised,235.0243117708099,0.00612561079722947,9.181756973266602
EDTRVFPS1-11,marginalised,240.72957896910273,0.006126060661456744,9.181172370910645
EDTRVFPS1-11,marginalised,246.57334279167526,0.006126132769702274,9.181077003479004
EDTRVFPS1-11,marginalised,252.55896527474223,0.006125863307323041,9.181416511535645
EDTRVFPS1-11,marginalised,258.68989006869253,0.0061253287550113306,9.182096481323242
EDTRVFPS1-11,marginalised,264.96964441928986,0.006124638705815158,9.182978630065918
EDTRVFPS1-11,marginalised,271.40184119696994,0.006123931718490492,9.183880805969238
EDTRVFPS1-11,marginalised,277.9901809753982,0.006123368694446362,9.184600830078125
EDTRVFPS1-11,marginalised,284.73845416048465,0.006123119120587677,9.184918403625488
EDTRVFPS1-11,marginalised,291.65054317108286,0.0061233475711927575,9.184622764587402
EDTRVFPS1-11,marginalised,298.7304246726226,0.006124202485805912,9.183528900146484
EDTRVFPS1-11,marginalised,305.98217186496737,0.006125796512133883,9.181489944458008
EDTRVFPS1-11,marginalised,313.4099568258099,0.0061281965415384025,9.178418159484863
EDTRVFPS1-11,marginalised,321.0180529109518,0.00613141033523504,9.174308776855469
EDTRVFPS1-11,marginalised,328.8108372128529,0.006135388767368936,9.169225692749023
EDTRVFPS1-11,marginalised,336.7927930788617,0.0061400218602114635,9.163312911987305
EDTRVFPS1-11,marginalised,344.9685126905756,0.006145153544174407,9.156771659851074
EDTRVFPS1-11,marginalised,353.342699705818,0.006150592466681601,9.149847030639648
EDTRVFPS1-11,marginalised,361.92017196474626,0.006156139828407101,9.142791748046875
EDTRVFPS1-11,marginalised,370.7058642616545,0.006161596651125175,9.135858535766602
EDTRVFPS1-11,marginalised,379.70483118406077,0.0061667860455066606,9.12927532196045
EDTRVFPS1-11,marginalised,388.92225002071365,0.00617157658485591,9.123201370239258
EDTRVFPS1-11,marginalised,398.3634237401935,0.006175868294947485,9.117764472961426
EDTRVFPS1-11,marginalised,408.03378404181586,0.006179607439867379,9.113031387329102
EDTRVFPS1-11,marginalised,417.93889448059986,0.006182779789279849,9.109017372131348
EDTRVFPS1-11,marginalised,428.0844536680944,0.0061854003956077815,9.105703353881836
EDTRVFPS1-11,marginalised,438.4762985509051,0.006187509283025285,9.10303783416748
EDTRVFPS1-11,marginalised,449.1204077688095,0.006189158944298343,9.100954055786133
EDTRVFPS1-11,marginalised,460.0229050943884,0.006190411985540897,9.099370956420898
EDTRVFPS1-11,marginalised,471.1900629561576,0.0061913303199822335,9.098210334777832
EDTRVFPS1-11,marginalised,482.62830604722524,0.0061919742204849335,9.097397804260254
EDTRVFPS1-11,marginalised,494.3442150215442,0.0061924001409277675,9.0968599319458
EDTRVFPS1-11,marginalised,506.3445302799017,0.0062105399676160205,9.073979377746582
EDTRVFPS1-11,marginalised,518.6361558478047,0.006214462452824797,9.069036483764648
EDTRVFPS1-11,marginalised,531.2261633475078,0.006218692882032268,9.06370735168457
EDTRVFPS1-11,marginalised,544.1217960664626,0.006223174177807611,9.058062553405762
EDTRVFPS1-11,marginalised,557.3304731245257,0.006227820036340244,9.052210807800293
EDTRVFPS1-11,marginalised,570.8597937423312,0.006232527710607671,9.046278953552246
EDTRVFPS1-11,marginalised,584.7175416132765,0.006237187838178012,9.04040241241455
EDTRVFPS1-11,marginalised,598.9116893816388,0.00624169678637435,9.034710884094238
EDTRVFPS1-11,marginalised,613.4504032294016,0.006245963221124406,9.029315948486328
EDTRVFPS1-11,marginalised,628.3420475744225,0.006249913703423675,9.024307250976562
EDTRVFPS1-11,marginalised,643.5951898826547,0.006253493164835928,9.019753456115723
EDTRVFPS1-11,marginalised,659.2186055971841,0.0062566624968957785,9.015700340270996
EDTRVFPS1-11,marginalised,675.2212831869199,0.006259394744332451,9.012181282043457
EDTRVFPS1-11,marginalised,691.6124293178453,0.006261671118151832,9.009217262268066
EDTRVFPS1-11,marginalised,708.401474149797,0.006263478128557119,9.00682544708252
EDTRVFPS1-11,marginalised,725.5980767618297,0.00626480544116936,9.005017280578613
EDTRVFPS1-11,marginalised,743.2121307092809,0.0062656467311433366,9.003800392150879
EDTRVFPS1-11,marginalised,761.253769715733,0.006266000964282905,9.003175735473633
EDTRVFPS1-11,marginalised,779.7333735031542,0.006265873769729327,9.003138542175293
EDTRVFPS1-11,marginalised,798.6615737635592,0.0062652782407204245,9.00367259979248
EDTRVFPS1-11,marginalised,818.04926027564,0.006264233277402115,9.004755973815918
EDTRVFPS1-11,marginalised,837.9075871698798,0.006262762364929683,9.006361961364746
EDTRVFPS1-11,marginalised,858.2479793457438,0.006260887663997251,9.008462905883789
EDTRVFPS1-11,marginalised,879.0821390446662,0.006258627004411896,9.011038780212402
EDTRVFPS1-11,marginalised,900.4220525825793,0.006255990149442927,9.014077186584473
EDTRVFPS1-11,marginalised,922.2799972458885,0.0062529754773185744,9.01758098602295
EDTRVFPS1-11,marginalised,944.668548354847,0.006249570748969781,9.021565437316895
EDTRVFPS1-11,marginalised,967.6005864983885,0.006245753707713731,9.026057243347168
EDTRVFPS1-11,marginalised,991.0893049445955,0.0062414948440743506,9.03109359741211
EDTRVFPS1-11,marginalised,1015.1482172310542,0.006236760532470153,9.036717414855957
EDTRVFPS1-11,marginalised,1039.791164939466,0.006231515736438749,9.042972564697266
EDTRVFPS1-11,marginalised,1065.0323256589954,0.006225726270497856,9.049903869628906
EDTRVFPS1-11,marginalised,1090.8862211429198,0.006219358353899953,9.057557106018066
EDTRVFPS1-11,marginalised,1117.367725663293,0.0062123777260418575,9.065978050231934
EDTRVFPS1-11,marginalised,1144.492074568416,0.006204748901181803,9.075214385986328
EDTRVFPS1-11,marginalised,1172.2748730480412,0.00619643140044052,9.085322380065918
EDTRVFPS1-11,marginalised,1200.7321051113606,0.006187380988984579,9.096362113952637
EDTRVFPS1-11,marginalised,1229.8801427829244,0.006177551711917358,9.108397483825684
EDTRVFPS1-11,marginalised,1259.7357555218034,0.006166894944784107,9.121499061584473
EDTRVFPS1-11,marginalised,1290.316119869404,0.006155368500351439,9.13572883605957
EDTRVFPS1-11,marginalised,1321.6388293314699,0.0061429404748546,9.151138305664062
EDTRVFPS1-11,marginalised,1353.7219045000002,0.006129592124665652,9.167763710021973
EDTRVFPS1-11,marginalised,1386.5838034208487,0.006115322056572636,9.18562126159668
EDTRVFPS1-11,marginalised,1420.2434322130189,0.006100147792762844,9.204704284667969
EDTRVFPS1-11,marginalised,1454.720155945744,0.006084101479396553,9.22498893737793
EDTRVFPS1-11,marginalised,1490.0338097795902,0.006067226417511432,9.245668411254883
EDTRVFPS1-11,marginalised,1526.2047103780474,0.006049567983394601,9.267349243164062
EDTRVFPS1-11,marginalised,1563.2536675961037,0.006031171955221412,9.290083885192871
EDTRVFPS1-11,marginalised,1601.2019964525841,0.0060120714324488015,9.313847541809082
EDTRVFPS1-11,marginalised,1640.0715293931185,0.005992286434725322,9.338630676269531
EDTRVFPS1-11,marginalised,1679.8846288507832,0.005971825943429741,9.3644380569458
EDTRVFPS1-11,marginalised,1720.6642001116704,0.005950680946604001,9.391298294067383
EDTRVFPS1-11,marginalised,1762.4337044927618,0.005928833587535866,9.4192533493042
EDTRVFPS1-11,marginalised,1805.2171728397022,0.005906259885904917,9.44835090637207
EDTRVFPS1-11,marginalised,1849.0392193522384,0.005882931779936337,9.47865104675293
EDTRVFPS1-11,marginalised,1893.9250557452608,0.005858825608295477,9.510208129882812
EDTRVFPS1-11,marginalised,1939.90050575362,0.0058339193783108955,9.543074607849121
EDTRVFPS1-11,marginalised,1986.9920199890544,0.005808195075821566,9.577302932739258
EDTRVFPS1-11,marginalised,2035.2266911577444,0.005781640234566208,9.612936973571777
EDTRVFPS1-11,marginalised,2084.6322696473244,0.005754239512366346,9.650030136108398
EDTRVFPS1-11,marginalised,2135.2371794922246,0.005725977211165565,9.68863582611084
EDTRVFPS1-11,marginalised,2187.070534726604,0.005696828347423796,9.728824615478516
EDTRVFPS1-11,marginalised,2240.1621561342517,0.005666758534414841,9.770684242248535
EDTRVFPS1-11,marginalised,2294.542588405074,0.0056357225080374,9.814318656921387
EDTRVFPS1-11,marginalised,2350.2431177081,0.00560365808003147,9.859861373901367
EDTRVFPS1-11,marginalised,2407.295789691028,0.005570497815377449,9.907463073730469
EDTRVFPS1-11,marginalised,2465.7334279167508,0.005536164187746843,9.957295417785645
EDTRVFPS1-11,marginalised,2525.589652747425,0.005500575591077007,10.009539604187012
EDTRVFPS1-11,marginalised,2586.8989006869256,0.005463656548502443,10.064386367797852
EDTRVFPS1-11,marginalised,2649.696444192899,0.005425343090432936,10.1220121383667
EDTRVFPS1-11,marginalised,2714.0184119697,0.005385589398996077,10.182580947875977
EDTRVFPS1-11,marginalised,2779.90180975398,0.005344375826668239,10.24621868133545
EDTRVFPS1-11,marginalised,2847.3845416048475,0.005301705846735186,10.313034057617188
EDTRVFPS1-11,marginalised,2916.5054317108293,0.005257613214431602,10.383086204528809
EDTRVFPS1-11,marginalised,2987.304246726224,0.005212155265980262,10.456408500671387
EDTRVFPS1-11,marginalised,3059.8217186496768,0.005165413485360211,10.532983779907227
EDTRVFPS1-11,marginalised,3134.0995682580997,0.005117475350632844,10.612798690795898
EDTRVFPS1-11,marginalised,3210.1805291095156,0.0050684477599531545,10.69580078125
EDTRVFPS1-11,marginalised,3288.10837212853,0.005018431402608404,10.781938552856445
EDTRVFPS1-11,marginalised,3367.9279307886145,0.004967530741840673,10.87115478515625
EDTRVFPS1-11,marginalised,3449.6851269057597,0.004915843994652789,10.963397026062012
EDTRVFPS1-11,marginalised,3533.426997058181,0.004863465897508847,11.058616638183594
EDTRVFPS1-11,marginalised,3619.2017196474667,0.004810484593427231,11.156761169433594
EDTRVFPS1-11,marginalised,3707.058642616546,0.004756979721180164,11.257798194885254
EDTRVFPS1-11,marginalised,3797.048311840605,0.004703016889445685,11.361715316772461
EDTRVFPS1-11,marginalised,3889.222500207141,0.004648652102069491,11.468511581420898
EDTRVFPS1-11,marginalised,3983.6342374019364,0.00459391359651555,11.578245162963867
EDTRVFPS1-11,marginalised,4080.337840418156,0.004538815216983301,11.690996170043945
EDTRVFPS1-11,marginalised,4179.388944805999,0.004483336366535679,11.806926727294922
EDTRVFPS1-11,marginalised,4280.844536680941,0.004427433767629388,11.926265716552734
EDTRVFPS1-11,marginalised,4384.762985509055,0.004371037212537711,12.049297332763672
EDTRVFPS1-11,marginalised,4491.204077688096,0.004314048775802335,12.174281120300293
EDTRVFPS1-11,marginalised,4600.22905094389,0.00425635571047764,12.302438735961914
EDTRVFPS1-11,marginalised,4711.900629561581,0.004197835659656526,12.43550968170166
EDTRVFPS1-11,marginalised,4826.283060472249,0.004138360320673296,12.574039459228516
EDTRVFPS1-11,marginalised,4943.442150215447,0.004077813443635137,12.718597412109375
EDTRVFPS1-11,marginalised,5063.4453027990185,0.004016090111700185,12.869771957397461
EDTRVFPS1-11,marginalised,5186.361558478044,0.003953114564386885,13.028133392333984
EDTRVFPS1-11,marginalised,5312.261633475085,0.0038888419664612267,13.19422721862793
EDTRVFPS1-11,marginalised,5441.217960664627,0.0038232678305383017,13.368537902832031
EDTRVFPS1-11,marginalised,5573.304731245253,0.0037564280032254893,13.55147933959961
EDTRVFPS1-11,marginalised,5708.597937423313,0.0036883995295693495,13.743385314941406
EDTRVFPS1-11,marginalised,5847.175416132761,0.0036192911393301166,13.944524765014648
EDTRVFPS1-11,marginalised,5989.116893816395,0.0035492421802540254,14.155073165893555
EDTRVFPS1-11,marginalised,6134.504032294017,0.0034784114418608056,14.375151634216309
EDTRVFPS1-11,marginalised,6283.420475744231,0.0034069712396515533,14.60482406616211
EDTRVFPS1-11,marginalised,6435.951898826548,0.003335094942219637,14.844121932983398
EDTRVFPS1-11,marginalised,6592.186055971837,0.0032629626764196003,15.093032836914062
EDTRVFPS1-11,marginalised,6752.212831869207,0.003190755811933849,15.351482391357422
EDTRVFPS1-11,marginalised,6916.1242931784545,0.0031186608456160985,15.614385604858398
EDTRVFPS1-11,marginalised,7084.014741497965,0.00304687505735075,15.884445190429688
EDTRVFPS1-11,marginalised,7255.980767618299,0.0029756086946689155,16.163108825683594
EDTRVFPS1-11,marginalised,7432.121307092804,0.002905088765449106,16.449840545654297
EDTRVFPS1-11,marginalised,7612.537697157325,0.0028355539930859162,16.743921279907227
EDTRVFPS1-11,marginalised,7797.333735031544,0.0027672489164200335,17.04448699951172
EDTRVFPS1-11,marginalised,7986.615737635601,0.0027004157386468198,17.350482940673828
EDTRVFPS1-11,marginalised,8180.492602756409,0.002635281359026888,17.660743713378906
EDTRVFPS1-11,marginalised,8379.075871698793,0.0025720427924076825,17.97407341003418
EDTRVFPS1-11,marginalised,8582.479793457449,0.002510858310048975,18.289276123046875
EDTRVFPS1-11,marginalised,8790.821390446665,0.0024518366369432757,18.605262756347656
EDTRVFPS1-11,marginalised,9004.220525825787,0.0023950351230944016,18.92052459716797
EDTRVFPS1-11,marginalised,9222.799972458895,0.0023404598704403396,19.22766876220703
EDTRVFPS1-11,marginalised,9446.685483548472,0.0022880652692781962,19.53350067138672
EDTRVFPS1-11,marginalised,9676.005864983877,0.0022377666203534665,19.837772369384766
EDTRVFPS1-11,marginalised,9910.893049445956,0.002189442426385976,20.14051628112793
EDTRVFPS1-11,marginalised,10151.482172310552,0.0021429447682590483,20.441993713378906
EDTRVFPS1-11,marginalised,10397.911649394653,0.002098111023225336,20.742639541625977
EDTRVFPS1-11,marginalised,10650.323256589956,0.0020547703647774305,21.04306411743164
EDTRVFPS1-11,marginalised,10908.86221142921,0.0020127534220266757,21.343990325927734
EDTRVFPS1-11,marginalised,11173.677256632933,0.001971903720998556,21.64617156982422
EDTRVFPS1-11,marginalised,11444.920745684152,0.0019320852014039964,21.950315475463867
EDTRVFPS1-11,marginalised,11722.748730480425,0.0018931889311187722,22.257034301757812
EDTRVFPS1-11,marginalised,12007.32105111361,0.0018551398354599814,22.564008712768555
EDTRVFPS1-11,marginalised,12298.801427829236,0.0018178989693415336,22.86914825439453
EDTRVFPS1-11,marginalised,12597.357555218048,0.0017814601645091664,23.177268981933594
EDTRVFPS1-11,marginalised,12903.161198694032,0.0017458460344572544,23.488021850585938
EDTRVFPS1-11,marginalised,13216.38829331469,0.0017110990283913832,23.80081558227539
EDTRVFPS1-11,marginalised,13537.219045000003,0.0016772682039653904,24.11492919921875
EDTRVFPS1-12,marginalised,57.41024650000003,1.2504856057593675e-10,700.6270751953125
EDTRVFPS1-12,marginalised,58.80389294335932,1.4761938362040491e-10,700.1146240234375
EDTRVFPS1-12,marginalised,60.23137046265884,1.8697563046752931e-10,699.5086059570312
EDTRVFPS1-12,marginalised,61.693500314756534,2.5939083429842373e-10,697.2640380859375
EDTRVFPS1-12,marginalised,63.19112369270259,4.092373203048234e-10,690.405029296875
EDTRVFPS1-12,marginalised,64.72510220969454,7.883467846274431e-10,674.4534912109375
EDTRVFPS1-12,marginalised,66.29631839478108,2.122665323356931e-09,641.6182861328125
EDTRVFPS1-12,marginalised,67.90567620059886,1.0071388072203091e-08,580.455810546875
EDTRVFPS1-12,marginalised,69.55410152343514,1.0974891050398401e-07,479.9833984375
EDTRVFPS1-12,marginalised,71.24254273591428,2.713712553026889e-06,344.0732421875
EDTRVFPS1-12,marginalised,72.97197123261617,8.453795656463645e-05,204.4183807373047
EDTRVFPS1-12,marginalised,74.74338198893905,0.0015053755825948467,101.18850708007812
EDTRVFPS1-12,marginalised,76.55779413352948,0.010932900159432409,47.29391098022461
EDTRVFPS1-12,marginalised,78.41625153460728,0.02836866891677319,29.245803833007812
EDTRVFPS1-12,marginalised,80.31982340052451,0.027789426265061375,29.257863998413086
EDTRVFPS1-12,marginalised,82.26960489490266,0.018501052979739255,35.789669036865234
EDTRVFPS1-12,marginalised,84.2667177667025,0.012339458295898442,43.3084716796875
EDTRVFPS1-12,marginalised,86.31231099558937,0.009045228956468131,49.716739654541016
EDTRVFPS1-12,marginalised,88.40756145296416,0.007276843864664341,54.53132629394531
EDTRVFPS1-12,marginalised,90.5536745790416,0.006294740798733576,57.87537384033203
EDTRVFPS1-12,marginalised,92.75188507636443,0.005735420624712048,60.06252670288086
EDTRVFPS1-12,marginalised,95.0034576201532,0.005413807840130763,61.447696685791016
EDTRVFPS1-12,marginalised,97.30968758589916,0.0052298865601752825,62.26652145385742
EDTRVFPS1-12,marginalised,99.67190179462047,0.005126736109554884,62.7387809753418
EDTRVFPS1-12,marginalised,102.09145927620912,0.0050708638163829926,62.99515914916992
EDTRVFPS1-12,marginalised,104.56975205130894,0.005042275951610752,63.12275314331055
EDTRVFPS1-12,marginalised,107.1082059321727,0.00502906899570487,63.17674255371094
EDTRVFPS1-12,marginalised,109.70828134296137,0.00502426187711488,63.19059371948242
EDTRVFPS1-12,marginalised,112.3714741599558,0.005023853440942031,63.18381881713867
EDTRVFPS1-12,marginalised,115.09931657216451,0.005025623420345731,63.165435791015625
EDTRVFPS1-12,marginalised,117.8933779628238,0.005028377624298526,63.14099884033203
EDTRVFPS1-12,marginalised,120.75526581229511,0.005031500487340865,63.11609649658203
EDTRVFPS1-12,marginalised,123.68662662288162,0.005034684779680297,63.09205627441406
EDTRVFPS1-12,marginalised,126.68914686609432,0.005037779850417802,63.06949234008789
EDTRVFPS1-12,marginalised,129.76455395291384,0.005040718371944134,63.048622131347656
EDTRVFPS1-12,marginalised,132.91461722760442,0.0050434652847861266,63.029510498046875
EDTRVFPS1-12,marginalised,136.14114898565416,0.005046000835963591,63.01216125488281
EDTRVFPS1-12,marginalised,139.44600551642515,0.005048314851941878,62.99655532836914
EDTRVFPS1-12,marginalised,142.8310881711151,0.005050402486254811,62.982627868652344
EDTRVFPS1-12,marginalised,146.2983444566427,0.0050522657052656005,62.970306396484375
EDTRVFPS1-12,marginalised,149.84976915608817,0.005053910449530905,62.95951843261719
EDTRVFPS1-12,marginalised,153.48740547633273,0.005055355117651267,62.95009231567383
EDTRVFPS1-12,marginalised,157.2133462235568,0.005056621236889215,62.94188690185547
EDTRVFPS1-12,marginalised,161.0297350072746,0.005057743039537643,62.93468475341797
EDTRVFPS1-12,marginalised,164.93876747359536,0.00505875921415874,62.928245544433594
EDTRVFPS1-12,marginalised,168.9426925684239,0.005059712236842771,62.92234420776367
EDTRVFPS1-12,marginalised,173.04381383132468,0.005060648471188384,62.91667556762695
EDTRVFPS1-12,marginalised,177.24449072079503,0.005061613577141969,62.91102600097656
EDTRVFPS1-12,marginalised,181.54713997170992,0.0050626439259722445,62.90515899658203
EDTRVFPS1-12,marginalised,185.95423698571813,0.0050637711703315335,62.89891815185547
EDTRVFPS1-12,marginalised,190.46831725539138,0.005065006827693937,62.89220428466797
EDTRVFPS1-12,marginalised,195.0919778229454,0.005066351769048792,62.885032653808594
EDTRVFPS1-12,marginalised,199.82787877437013,0.005067784290676516,62.877464294433594
EDTRVFPS1-12,marginalised,204.67874476983198,0.0050692698136701785,62.86968994140625
EDTRVFPS1-12,marginalised,209.64736661122612,0.005070754844044133,62.861968994140625
EDTRVFPS1-12,marginalised,214.7366028477813,0.005072180575982234,62.85457229614258
EDTRVFPS1-12,marginalised,219.9493814206423,0.005073483125133289,62.84784698486328
EDTRVFPS1-12,marginalised,225.28870134737272,0.005074603184581238,62.84206771850586
EDTRVFPS1-12,marginalised,230.75763444735165,0.005075491481598935,62.83747863769531
EDTRVFPS1-12,marginalised,236.3593271090537,0.005076113772628659,62.83426284790039
EDTRVFPS1-12,marginalised,242.09700210023,0.005076457308435763,62.83246994018555
EDTRVFPS1-12,marginalised,247.97396042203295,0.005076535477434627,62.83203887939453
EDTRVFPS1-12,marginalised,253.99358320814804,0.005076381772096648,62.83277893066406
EDTRVFPS1-12,marginalised,260.1593336700295,0.005076056356537971,62.834415435791016
EDTRVFPS1-12,marginalised,266.47475908935706,0.005075638500788919,62.836509704589844
EDTRVFPS1-12,marginalised,272.9434928588577,0.005075226922493213,62.83858108520508
EDTRVFPS1-12,marginalised,279.5692565726716,0.005074927614513364,62.840091705322266
EDTRVFPS1-12,marginalised,286.35586216746043,0.005074852429095078,62.8404655456543
EDTRVFPS1-12,marginalised,293.30721411549206,0.005075107038496594,62.83916091918945
EDTRVFPS1-12,marginalised,300.4273116709638,0.0050757843950604365,62.835731506347656
EDTRVFPS1-12,marginalised,307.7202511708531,0.005076954011098561,62.82979202270508
EDTRVFPS1-12,marginalised,315.19022839162477,0.005078653576374425,62.82117462158203
EDTRVFPS1-12,marginalised,322.84154096314614,0.005080888052757688,62.80984878540039
EDTRVFPS1-12,marginalised,330.6785908412007,0.005083622328952874,62.795997619628906
EDTRVFPS1-12,marginalised,338.7058868400239,0.005086787930368934,62.77997589111328
EDTRVFPS1-12,marginalised,346.92804722631405,0.005090283497257722,62.76227951049805
EDTRVFPS1-12,marginalised,355.3498023762161,0.00509398960022479,62.74353790283203
EDTRVFPS1-12,marginalised,363.97599749680387,0.0050977744960224265,62.72439956665039
EDTRVFPS1-12,marginalised,372.81159541362473,0.0051015101998328795,62.70552062988281
EDTRVFPS1-12,marginalised,381.86167942591516,0.005105080916807971,62.68748092651367
EDTRVFPS1-12,marginalised,391.1314562311259,0.005108388409280385,62.67078399658203
EDTRVFPS1-12,marginalised,400.62625892044076,0.005111365739838373,62.655757904052734
EDTRVFPS1-12,marginalised,410.3515500470137,0.005113970235465959,62.642616271972656
EDTRVFPS1-12,marginalised,420.3129247686845,0.005116186970557769,62.631431579589844
EDTRVFPS1-12,marginalised,430.51611406698856,0.0051180215985641994,62.6221809387207
EDTRVFPS1-12,marginalised,440.96698804430804,0.0051194983723714975,62.61473083496094
EDTRVFPS1-12,marginalised,451.67155930105724,0.005120652504389555,62.608917236328125
EDTRVFPS1-12,marginalised,462.6359863948595,0.005121525896795623,62.60450744628906
EDTRVFPS1-12,marginalised,473.8665773836861,0.005122161280971536,62.6013069152832
EDTRVFPS1-12,marginalised,485.36979345501214,0.005122603392946262,62.59907913208008
EDTRVFPS1-12,marginalised,497.1522526430708,0.0051228907392584285,62.597633361816406
EDTRVFPS1-12,marginalised,509.2207336363383,0.005137822850755944,62.52241134643555
EDTRVFPS1-12,marginalised,521.5821796774574,0.0051411437172165855,62.50569152832031
EDTRVFPS1-12,marginalised,534.2437025578212,0.005144798719050458,62.48728942871094
EDTRVFPS1-12,marginalised,547.2125867091335,0.005148760512611902,62.467350006103516
EDTRVFPS1-12,marginalised,560.4962933942915,0.005152984115243132,62.446102142333984
EDTRVFPS1-12,marginalised,574.1024649999999,0.005157410757900078,62.423824310302734
EDTRVFPS1-12,marginalised,588.0389294335923,0.0051619726672320326,62.4008674621582
EDTRVFPS1-12,marginalised,602.313704626588,0.0051666063797950424,62.37754440307617
EDTRVFPS1-12,marginalised,616.9350031475649,0.00517124983240048,62.35416793823242
EDTRVFPS1-12,marginalised,631.9112369270255,0.005175854797671329,62.33098602294922
EDTRVFPS1-12,marginalised,647.251022096945,0.0051803841264508035,62.30815505981445
EDTRVFPS1-12,marginalised,662.9631839478097,0.005184809075647708,62.28585433959961
EDTRVFPS1-12,marginalised,679.0567620059888,0.005189112998001448,62.264129638671875
EDTRVFPS1-12,marginalised,695.5410152343509,0.005193280006876854,62.24308395385742
EDTRVFPS1-12,marginalised,712.4254273591423,0.005197301258748443,62.222747802734375
EDTRVFPS1-12,marginalised,729.7197123261611,0.005201166422564336,62.20317077636719
EDTRVFPS1-12,marginalised,747.4338198893901,0.005204860030776783,62.18442916870117
EDTRVFPS1-12,marginalised,765.5779413352943,0.005208374097591355,62.16656494140625
EDTRVFPS1-12,marginalised,784.1625153460724,0.005211696540854422,62.14963150024414
EDTRVFPS1-12,marginalised,803.198234005244,0.005214818213473973,62.13368606567383
EDTRVFPS1-12,marginalised,822.696048949026,0.005217737803798716,62.11872100830078
EDTRVFPS1-12,marginalised,842.6671776670244,0.005220455877936445,62.10475158691406
EDTRVFPS1-12,marginalised,863.123109955893,0.005222980691075361,62.09171676635742
EDTRVFPS1-12,marginalised,884.0756145296409,0.0052253258701868074,62.07955551147461
EDTRVFPS1-12,marginalised,905.5367457904146,0.0052275037727976,62.06821823120117
EDTRVFPS1-12,marginalised,927.5188507636445,0.0052295307851631225,62.05759811401367
EDTRVFPS1-12,marginalised,950.0345762015314,0.005231418723192853,62.04764938354492
EDTRVFPS1-12,marginalised,973.096875858991,0.005233178910051321,62.038291931152344
EDTRVFPS1-12,marginalised,996.719017946204,0.005234814725461449,62.0295295715332
EDTRVFPS1-12,marginalised,1020.9145927620906,0.005236328362959557,62.02132797241211
EDTRVFPS1-12,marginalised,1045.6975205130886,0.005237716403365024,62.01369857788086
EDTRVFPS1-12,marginalised,1071.082059321726,0.005238970736405197,62.00669479370117
EDTRVFPS1-12,marginalised,1097.082813429612,0.005240085661670311,62.00032424926758
EDTRVFPS1-12,marginalised,1123.714741599557,0.005241048699096836,61.994651794433594
EDTRVFPS1-12,marginalised,1150.9931657216443,0.005241849831611196,61.989723205566406
EDTRVFPS1-12,marginalised,1178.9337796282373,0.005242476912630448,61.98560333251953
EDTRVFPS1-12,marginalised,1207.5526581229503,0.0052429180454198155,61.982322692871094
EDTRVFPS1-12,marginalised,1236.8662662288143,0.005243156786291478,61.979984283447266
EDTRVFPS1-12,marginalised,1266.8914686609435,0.005243179228762734,61.978633880615234
EDTRVFPS1-12,marginalised,1297.6455395291375,0.005242968758038357,61.978355407714844
EDTRVFPS1-12,marginalised,1329.1461722760434,0.005242505736185904,61.979251861572266
EDTRVFPS1-12,marginalised,1361.4114898565406,0.005241776935253858,61.981380462646484
EDTRVFPS1-12,marginalised,1394.4600551642504,0.005240768476600296,61.98481369018555
EDTRVFPS1-12,marginalised,1428.3108817111502,0.005239469715167682,61.98960876464844
EDTRVFPS1-12,marginalised,1462.983444566426,0.005237874725694372,61.99579620361328
EDTRVFPS1-12,marginalised,1498.4976915608793,0.005235980952070522,62.003395080566406
EDTRVFPS1-12,marginalised,1534.8740547633263,0.005233789416126268,62.01240921020508
EDTRVFPS1-12,marginalised,1572.133462235567,0.005231300452349505,62.022850036621094
EDTRVFPS1-12,marginalised,1610.2973500727448,0.005228516999360386,62.03469467163086
EDTRVFPS1-12,marginalised,1649.3876747359525,0.005225441005469073,62.04794692993164
EDTRVFPS1-12,marginalised,1689.4269256842363,0.005222068525576557,62.06262969970703
EDTRVFPS1-12,marginalised,1730.4381383132459,0.00521839698902715,62.07875061035156
EDTRVFPS1-12,marginalised,1772.444907207949,0.005214420779066038,62.096343994140625
EDTRVFPS1-12,marginalised,1815.471399717098,0.005210130597003345,62.11545181274414
EDTRVFPS1-12,marginalised,1859.5423698571801,0.005205515853033386,62.13614273071289
EDTRVFPS1-12,marginalised,1904.6831725539125,0.005200567684519629,62.158443450927734
EDTRVFPS1-12,marginalised,1950.9197782294527,0.005195276642674568,62.18241500854492
EDTRVFPS1-12,marginalised,1998.2787877437,0.005189631557572191,62.2081184387207
EDTRVFPS1-12,marginalised,2046.7874476983166,0.00518362134524499,62.235618591308594
EDTRVFPS1-12,marginalised,2096.4736661122597,0.005177238484856919,62.26494598388672
EDTRVFPS1-12,marginalised,2147.3660284778116,0.005170467399223443,62.296199798583984
EDTRVFPS1-12,marginalised,2199.4938142064216,0.005163295918846487,62.329429626464844
EDTRVFPS1-12,marginalised,2252.887013473726,0.005155703906302697,62.36476135253906
EDTRVFPS1-12,marginalised,2307.576344473513,0.005147668296112506,62.402313232421875
EDTRVFPS1-12,marginalised,2363.5932710905354,0.00513916303493307,62.44221115112305
EDTRVFPS1-12,marginalised,2420.9700210022984,0.005130154612083252,62.484642028808594
EDTRVFPS1-12,marginalised,2479.7396042203277,0.005120608184677272,62.529788970947266
EDTRVFPS1-12,marginalised,2539.9358320814786,0.005110482406818961,62.577877044677734
EDTRVFPS1-12,marginalised,2601.5933367002935,0.005099742085234647,62.62908935546875
EDTRVFPS1-12,marginalised,2664.747590893569,0.00508834583361177,62.68367385864258
EDTRVFPS1-12,marginalised,2729.4349285885755,0.005076261757438116,62.741798400878906
EDTRVFPS1-12,marginalised,2795.6925657267116,0.00506346270222402,62.80363464355469
EDTRVFPS1-12,marginalised,2863.5586216746024,0.005049926866216037,62.86935043334961
EDTRVFPS1-12,marginalised,2933.0721411549184,0.005035643740321476,62.93901443481445
EDTRVFPS1-12,marginalised,3004.273116709638,0.005020608360323239,63.01271057128906
EDTRVFPS1-12,marginalised,3077.2025117085286,0.00500482642356106,63.090457916259766
EDTRVFPS1-12,marginalised,3151.902283916243,0.0049883044071315705,63.17229080200195
EDTRVFPS1-12,marginalised,3228.4154096314596,0.004971056827301239,63.25817108154297
EDTRVFPS1-12,marginalised,3306.7859084120046,0.004953101150303679,63.34806442260742
EDTRVFPS1-12,marginalised,3387.058868400233,0.004934452491353603,63.44197082519531
EDTRVFPS1-12,marginalised,3469.280472263138,0.004915130419020934,63.53984069824219
EDTRVFPS1-12,marginalised,3553.4980237621585,0.004895152714756459,63.64164352416992
EDTRVFPS1-12,marginalised,3639.759974968033,0.004874535934804149,63.747352600097656
EDTRVFPS1-12,marginalised,3728.1159541362445,0.00485329696744596,63.85694122314453
EDTRVFPS1-12,marginalised,3818.616794259152,0.004831447747365017,63.97040939331055
EDTRVFPS1-12,marginalised,3911.3145623112496,0.004808994930058429,64.0877914428711
EDTRVFPS1-12,marginalised,4006.2625892044052,0.004785938316449733,64.20914459228516
EDTRVFPS1-12,marginalised,4103.515500470137,0.0047622643958554894,64.33197021484375
EDTRVFPS1-12,marginalised,4203.129247686843,0.00473795157035071,64.4582748413086
EDTRVFPS1-12,marginalised,4305.161140669883,0.004712960419020887,64.58908081054688
EDTRVFPS1-12,marginalised,4409.669880443077,0.004687239439193903,64.72476196289062
EDTRVFPS1-12,marginalised,4516.715593010569,0.0046607219676455805,64.86576080322266
EDTRVFPS1-12,marginalised,4626.359863948588,0.0046333268466999585,65.01261901855469
EDTRVFPS1-12,marginalised,4738.665773836858,0.004604966125998722,65.16596221923828
EDTRVFPS1-12,marginalised,4853.697934550119,0.004575543238301,65.32644653320312
EDTRVFPS1-12,marginalised,4971.522526430696,0.004544961566247419,65.49478912353516
EDTRVFPS1-12,marginalised,5092.20733636338,0.004513124613280251,65.67172241210938
EDTRVFPS1-12,marginalised,5215.821796774575,0.0044799453902607715,65.85796356201172
EDTRVFPS1-12,marginalised,5342.437025578199,0.004445348801825839,66.05419921875
EDTRVFPS1-12,marginalised,5472.12586709133,0.004409277514256628,66.26103973388672
EDTRVFPS1-12,marginalised,5604.962933942917,0.004371693767297483,66.47901916503906
EDTRVFPS1-12,marginalised,5741.024649999996,0.004332578378189401,66.70861053466797
EDTRVFPS1-18,marginalised,44.968614454999994,1.0148797967618515e-06,329.22760009765625
EDTRVFPS1-18,marginalised,46.0602375261186,7.448016667880704e-07,333.875732421875
EDTRVFPS1-18,marginalised,47.17835998895384,5.777967951993918e-07,336.9809265136719
EDTRVFPS1-18,marginalised,48.32362512210616,4.7054671885965204e-07,338.97540283203125
EDTRVFPS1-18,marginalised,49.496691819906346,4.004102642360654e-07,340.267822265625
EDTRVFPS1-18,marginalised,50.698234971491026,3.5501295316487265e-07,340.8907165527344
EDTRVFPS1-18,marginalised,51.92894584907994,3.274732956873217e-07,341.1994934082031
EDTRVFPS1-18,marginalised,53.18953250567908,3.141458436135533e-07,341.1605529785156
EDTRVFPS1-18,marginalised,54.48072018243785,3.1358131967558136e-07,340.68902587890625
EDTRVFPS1-18,marginalised,55.80325172589512,3.2620294807191706e-07,339.75299072265625
EDTRVFPS1-18,marginalised,57.15788801535391,3.5456579553862605e-07,338.38641357421875
EDTRVFPS1-18,marginalised,58.5454084006309,4.0440974942683017e-07,336.27398681640625
EDTRVFPS1-18,marginalised,59.96661115043195,4.872514130247795e-07,333.198486328125
EDTRVFPS1-18,marginalised,61.42231391161256,6.266791222563582e-07,328.5301513671875
EDTRVFPS1-18,marginalised,62.91335417958656,8.749058843384879e-07,321.5986328125
EDTRVFPS1-18,marginalised,64.44058978015457,1.362134591177703e-06,311.0335693359375
EDTRVFPS1-18,marginalised,66.0048993630282,2.4699456829397396e-06,294.7178955078125
EDTRVFPS1-18,marginalised,67.60718290733544,5.5782543968431685e-06,269.63580322265625
EDTRVFPS1-18,marginalised,69.24836223939683,1.7159930866380667e-05,232.02706909179688
EDTRVFPS1-18,marginalised,70.92938156307083,7.742686209948831e-05,180.08384704589844
EDTRVFPS1-18,marginalised,72.65120800297382,0.0004923972158370679,118.75032806396484
EDTRVFPS1-18,marginalised,74.41483216088612,0.003553502847680858,62.73436737060547
EDTRVFPS1-18,marginalised,76.22126868566568,0.021922500653882127,27.109872817993164
EDTRVFPS1-18,marginalised,78.07155685699598,0.06725500876503075,14.359114646911621
EDTRVFPS1-18,marginalised,79.96676118330515,0.054262811378474385,16.33599853515625
EDTRVFPS1-18,marginalised,81.90797201419882,0.027241668652116958,24.214242935180664
EDTRVFPS1-18,marginalised,83.89630616776077,0.015329294935934165,32.816036224365234
EDTRVFPS1-18,marginalised,85.93290757308102,0.010217506854844488,40.03769302368164
EDTRVFPS1-18,marginalised,88.01894792838141,0.007778599810067985,45.424129486083984
EDTRVFPS1-18,marginalised,90.15562737511773,0.006509017457465829,49.16942596435547
EDTRVFPS1-18,marginalised,92.34417518844508,0.0058106135908162215,51.63492202758789
EDTRVFPS1-18,marginalised,94.58585048444513,0.005415299027879607,53.20146942138672
EDTRVFPS1-18,marginalised,96.88194294452124,0.005189641604643009,54.14664077758789
EDTRVFPS1-18,marginalised,99.23377355737821,0.005061673807995801,54.70347213745117
EDTRVFPS1-18,marginalised,101.6426953790144,0.004990429516914836,55.017269134521484
EDTRVFPS1-18,marginalised,104.11009431116173,0.004951920027863738,55.184844970703125
EDTRVFPS1-18,marginalised,106.63738989862365,0.004931983516549846,55.26779556274414
EDTRVFPS1-18,marginalised,109.22603614596784,0.004922324713847319,55.3010139465332
EDTRVFPS1-18,marginalised,111.87752235404503,0.004918175708941938,55.308837890625
EDTRVFPS1-18,marginalised,114.59337397681352,0.00491686037531587,55.30474853515625
EDTRVFPS1-18,marginalised,117.3751534989643,0.0049169248883465955,55.29537582397461
EDTRVFPS1-18,marginalised,120.22446133484995,0.004917604907882559,55.284175872802734
EDTRVFPS1-18,marginalised,123.14293674923613,0.0049185114095813024,55.27287292480469
EDTRVFPS1-18,marginalised,126.13225880040328,0.004919462456749693,55.262203216552734
EDTRVFPS1-18,marginalised,129.19414730614338,0.0049203724724184855,55.25249481201172
EDTRVFPS1-18,marginalised,132.33036383320606,0.004921206953680886,55.24382781982422
EDTRVFPS1-18,marginalised,135.5427127107637,0.004921959505487551,55.23616409301758
EDTRVFPS1-18,marginalised,138.83304206847907,0.004922624057148785,55.22944259643555
EDTRVFPS1-18,marginalised,142.20324489977136,0.0049232079252702005,55.22357940673828
EDTRVFPS1-18,marginalised,145.65526015089412,0.0049237178666501095,55.21849822998047
EDTRVFPS1-18,marginalised,149.1910738364505,0.00492416065548408,55.21409606933594
EDTRVFPS1-18,marginalised,152.81272018198771,0.004924540795055817,55.210330963134766
EDTRVFPS1-18,marginalised,156.52228279432882,0.0049248694518179885,55.207088470458984
EDTRVFPS1-18,marginalised,160.32189586031336,0.004925150440990311,55.20431900024414
EDTRVFPS1-18,marginalised,164.21374537463907,0.004925395274023792,55.201942443847656
EDTRVFPS1-18,marginalised,168.2000703975089,0.004925607317636513,55.19990539550781
EDTRVFPS1-18,marginalised,172.2831643428077,0.004925797019730421,55.1981315612793
EDTRVFPS1-18,marginalised,176.46537629755065,0.004925968069830781,55.19656753540039
EDTRVFPS1-18,marginalised,180.7491123733597,0.00492612918981641,55.19517135620117
EDTRVFPS1-18,marginalised,185.1368370907492,0.004926282231942328,55.19390106201172
EDTRVFPS1-18,marginalised,189.63107479701512,0.0049264304094156055,55.19272232055664
EDTRVFPS1-18,marginalised,194.2344111185418,0.004926575275047727,55.19163513183594
EDTRVFPS1-18,marginalised,198.94949444836763,0.0049267160459326945,55.190616607666016
EDTRVFPS1-18,marginalised,203.77903746985766,0.004926852107973317,55.18965148925781
EDTRVFPS1-18,marginalised,208.7258187173661,0.004926978663883931,55.188777923583984
EDTRVFPS1-18,marginalised,213.7926841747843,0.004927093600015886,55.1879997253418
EDTRVFPS1-18,marginalised,218.98254891289207,0.0049271952549924105,55.187313079833984
EDTRVFPS1-18,marginalised,224.29839876645792,0.0049272799152326715,55.186737060546875
EDTRVFPS1-18,marginalised,229.7432920520504,0.004927345874064101,55.18629455566406
EDTRVFPS1-18,marginalised,235.32036132754956,0.004927393268099725,55.18596267700195
EDTRVFPS1-18,marginalised,241.03281519437215,0.00492742317052731,55.18574523925781
EDTRVFPS1-18,marginalised,246.883940143444,0.004927436211128541,55.18565368652344
EDTRVFPS1-18,marginalised,252.87710244598594,0.004927433926388382,55.18563461303711
EDTRVFPS1-18,marginalised,259.01575009019786,0.004927419413036258,55.185707092285156
EDTRVFPS1-18,marginalised,265.3034147649564,0.004927398639382076,55.185821533203125
EDTRVFPS1-18,marginalised,271.74371389166816,0.004927376351943997,55.185943603515625
EDTRVFPS1-18,marginalised,278.34035270544456,0.004927357749943256,55.18602752685547
EDTRVFPS1-18,marginalised,285.09712638679974,0.004927351665610015,55.18606948852539
EDTRVFPS1-18,marginalised,292.0179222450952,0.0049273632623679665,55.18599319458008
EDTRVFPS1-18,marginalised,299.1067219549872,0.0049273989765407835,55.18577575683594
EDTRVFPS1-18,marginalised,306.36760384716695,0.004927460729879918,55.18540954589844
EDTRVFPS1-18,marginalised,313.804745254705,0.004927549446402284,55.184879302978516
EDTRVFPS1-18,marginalised,321.4224249163569,0.004927660470099689,55.1842041015625
EDTRVFPS1-18,marginalised,329.2250254382097,0.004927784715486212,55.18342590332031
EDTRVFPS1-18,marginalised,337.2170358150827,0.004927913053275666,55.182594299316406
EDTRVFPS1-18,marginalised,345.40305401313816,0.004928032959535534,55.18177795410156
EDTRVFPS1-18,marginalised,353.78778961518526,0.004928133905510253,55.18102264404297
EDTRVFPS1-18,marginalised,362.3760665301978,0.00492820819199339,55.180381774902344
EDTRVFPS1-18,marginalised,371.17282576860936,0.0049282525783262655,55.17988204956055
EDTRVFPS1-18,marginalised,380.1831282849733,0.004928262321143745,55.17954635620117
EDTRVFPS1-18,marginalised,389.41215788963734,0.004928244717735607,55.17935562133789
EDTRVFPS1-18,marginalised,398.86522423109193,0.0049282052578272185,55.17928695678711
EDTRVFPS1-18,marginalised,408.5477658507199,0.004928150322393824,55.1793212890625
EDTRVFPS1-18,marginalised,418.4653533117011,0.004928089059920391,55.179412841796875
EDTRVFPS1-18,marginalised,428.6236924038689,0.004928027316544287,55.17953872680664
EDTRVFPS1-18,marginalised,439.0286274263681,0.004927969754592296,55.17967224121094
EDTRVFPS1-18,marginalised,449.6861445500002,0.0049279206696235915,55.1797981262207
EDTRVFPS1-18,marginalised,460.60237526118584,0.004927880241604047,55.179908752441406
EDTRVFPS1-18,marginalised,471.7835998895385,0.004927848956033474,55.17999267578125
EDTRVFPS1-18,marginalised,483.23625122106165,0.004927825763739746,55.180057525634766
EDTRVFPS1-18,marginalised,494.96691819906334,0.004927811391608381,55.18009948730469
EDTRVFPS1-18,marginalised,506.9823497149106,0.004926779327492034,55.18360137939453
EDTRVFPS1-18,marginalised,519.2894584907996,0.004926450135144193,55.1848258972168
EDTRVFPS1-18,marginalised,531.895325056791,0.004926042554734112,55.18637466430664
EDTRVFPS1-18,marginalised,544.8072018243786,0.004925542986684907,55.18832015991211
EDTRVFPS1-18,marginalised,558.0325172589509,0.004924938697111164,55.190711975097656
EDTRVFPS1-18,marginalised,571.5788801535397,0.004924222926729354,55.19359588623047
EDTRVFPS1-18,marginalised,585.4540840063091,0.0049233854901882665,55.19701385498047
EDTRVFPS1-18,marginalised,599.6661115043197,0.004922427623622165,55.20096969604492
EDTRVFPS1-18,marginalised,614.2231391161257,0.004921345923982307,55.20549011230469
EDTRVFPS1-18,marginalised,629.1335417958658,0.004920142933671251,55.2105598449707
EDTRVFPS1-18,marginalised,644.4058978015457,0.004918820591154901,55.2161750793457
EDTRVFPS1-18,marginalised,660.0489936302822,0.0049173800101044085,55.22233963012695
EDTRVFPS1-18,marginalised,676.0718290733546,0.00491582210666002,55.22904586791992
EDTRVFPS1-18,marginalised,692.4836223939684,0.004914150986648893,55.23628234863281
EDTRVFPS1-18,marginalised,709.2938156307084,0.004912365805051757,55.24405288696289
EDTRVFPS1-18,marginalised,726.5120800297383,0.004910469161632032,55.252342224121094
EDTRVFPS1-18,marginalised,744.1483216088615,0.004908466217611605,55.261131286621094
EDTRVFPS1-18,marginalised,762.2126868566563,0.004906364344309709,55.27039337158203
EDTRVFPS1-18,marginalised,780.7155685699607,0.004904173095209986,55.28007888793945
EDTRVFPS1-18,marginalised,799.6676118330516,0.004901903776412282,55.29014205932617
EDTRVFPS1-18,marginalised,819.0797201419883,0.004899567210007234,55.300537109375
EDTRVFPS1-18,marginalised,838.9630616776079,0.004897172049516659,55.31121826171875
EDTRVFPS1-18,marginalised,859.3290757308097,0.004894725212341695,55.32216262817383
EDTRVFPS1-18,marginalised,880.1894792838151,0.004892225158025797,55.333370208740234
EDTRVFPS1-18,marginalised,901.5562737511775,0.004889665638979789,55.344871520996094
EDTRVFPS1-18,marginalised,923.4417518844509,0.004887040029674944,55.35669708251953
EDTRVFPS1-18,marginalised,945.8585048444515,0.004884327687188106,55.368934631347656
EDTRVFPS1-18,marginalised,968.8194294452118,0.004881517097932841,55.38164520263672
EDTRVFPS1-18,marginalised,992.3377355737833,0.004878588631230506,55.39491653442383
EDTRVFPS1-18,marginalised,1016.4269537901441,0.004875524679960043,55.40882873535156
EDTRVFPS1-18,marginalised,1041.1009431116177,0.004872312213857007,55.42344665527344
EDTRVFPS1-18,marginalised,1066.3738989862368,0.004868939742999591,55.438819885253906
EDTRVFPS1-18,marginalised,1092.2603614596785,0.004865395957211656,55.455013275146484
EDTRVFPS1-18,marginalised,1118.7752235404505,0.004861671440600612,55.47206115722656
EDTRVFPS1-18,marginalised,1145.9337397681356,0.004857754712758659,55.490028381347656
EDTRVFPS1-18,marginalised,1173.751534989642,0.00485363413313855,55.50897216796875
EDTRVFPS1-18,marginalised,1202.2446133485007,0.004849296740659901,55.528953552246094
EDTRVFPS1-18,marginalised,1231.4293674923615,0.004844728841095091,55.55004119873047
EDTRVFPS1-18,marginalised,1261.322588004033,0.004839915466079186,55.57231140136719
EDTRVFPS1-18,marginalised,1291.941473061434,0.00483484753757477,55.59580993652344
EDTRVFPS1-18,marginalised,1323.3036383320598,0.00482951787717798,55.62059020996094
EDTRVFPS1-18,marginalised,1355.4271271076386,0.004823923104189886,55.64665222167969
EDTRVFPS1-18,marginalised,1388.330420684791,0.0048180693263913344,55.67399215698242
EDTRVFPS1-18,marginalised,1422.0324489977138,0.004811968904144821,55.70254898071289
EDTRVFPS1-18,marginalised,1456.5526015089415,0.004805637004200516,55.732269287109375
EDTRVFPS1-18,marginalised,1491.9107383645041,0.004799087895694964,55.763084411621094
EDTRVFPS1-18,marginalised,1528.1272018198788,0.004792342061189368,55.79490661621094
EDTRVFPS1-18,marginalised,1565.2228279432884,0.004785411692270799,55.82768630981445
EDTRVFPS1-18,marginalised,1603.218958603134,0.0047783094024596694,55.861366271972656
EDTRVFPS1-18,marginalised,1642.1374537463912,0.004771037081215088,55.89594650268555
EDTRVFPS1-18,marginalised,1682.0007039750878,0.004763594513614194,55.931427001953125
EDTRVFPS1-18,marginalised,1722.8316434280791,0.004755976297537187,55.96785354614258
EDTRVFPS1-18,marginalised,1764.6537629755069,0.00474817345011398,56.00525665283203
EDTRVFPS1-18,marginalised,1807.4911237335975,0.004740173654832042,56.0437126159668
EDTRVFPS1-18,marginalised,1851.368370907494,0.004731965213606876,56.08328628540039
EDTRVFPS1-18,marginalised,1896.3107479701498,0.004723535600935232,56.12404251098633
EDTRVFPS1-18,marginalised,1942.3441111854183,0.004714875092621899,56.166038513183594
EDTRVFPS1-18,marginalised,1989.4949444836768,0.004705975697516981,56.209327697753906
EDTRVFPS1-18,marginalised,2037.7903746985753,0.004696829115840216,56.25395202636719
EDTRVFPS1-18,marginalised,2087.2581871736634,0.004687425627194227,56.29997253417969
EDTRVFPS1-18,marginalised,2137.9268417478434,0.004677758548882469,56.347434997558594
EDTRVFPS1-18,marginalised,2189.825489128921,0.004667814120024354,56.396427154541016
EDTRVFPS1-18,marginalised,2242.9839876645797,0.00465757526884895,56.44703674316406
EDTRVFPS1-18,marginalised,2297.432920520502,0.0046470243178488345,56.49937057495117
EDTRVFPS1-18,marginalised,2353.2036132754984,0.004636132999136356,56.55358123779297
EDTRVFPS1-18,marginalised,2410.328151943722,0.004624875302176299,56.60982131958008
EDTRVFPS1-18,marginalised,2468.8394014344385,0.004613217788790126,56.66828536987305
EDTRVFPS1-18,marginalised,2528.7710244598597,0.004601128984132281,56.72914505004883
EDTRVFPS1-18,marginalised,2590.157500901977,0.0045885744173890216,56.79220199584961
EDTRVFPS1-18,marginalised,2653.0341476495673,0.004575526196224689,56.856719970703125
EDTRVFPS1-18,marginalised,2717.437138916682,0.004561961961324243,56.92409133911133
EDTRVFPS1-18,marginalised,2783.4035270544437,0.0045478629103532136,56.99443435668945
EDTRVFPS1-18,marginalised,2850.971263867998,0.0045332238395867225,57.06782913208008
EDTRVFPS1-18,marginalised,2920.1792224509495,0.004518044694210627,57.14430618286133
EDTRVFPS1-18,marginalised,2991.0672195498755,0.004502332287608217,57.223873138427734
EDTRVFPS1-18,marginalised,3063.6760384716704,0.004486103511772607,57.30649948120117
EDTRVFPS1-18,marginalised,3138.0474525470477,0.004469375848296229,57.392127990722656
EDTRVFPS1-18,marginalised,3214.224249163572,0.0044521726828620775,57.480690002441406
EDTRVFPS1-18,marginalised,3292.250254382098,0.004434515301974027,57.572113037109375
EDTRVFPS1-18,marginalised,3372.1703581508305,0.004416427583582003,57.66632080078125
EDTRVFPS1-18,marginalised,3454.0305401313826,0.004397931711136028,57.76324462890625
EDTRVFPS1-18,marginalised,3537.87789615185,0.0043790463438902385,57.862823486328125
EDTRVFPS1-18,marginalised,3623.760665301982,0.004359792338192622,57.964996337890625
EDTRVFPS1-18,marginalised,3711.728257686091,0.004340184633324951,58.06971740722656
EDTRVFPS1-18,marginalised,3801.831282849737,0.004320237459373997,58.176971435546875
EDTRVFPS1-18,marginalised,3894.1215788963746,0.004299955526243567,58.28675079345703
EDTRVFPS1-18,marginalised,3988.652242310917,0.004279340668883683,58.39910888671875
EDTRVFPS1-18,marginalised,4085.477658507203,0.00425838484810476,58.514129638671875
EDTRVFPS1-18,marginalised,4184.653533117012,0.004237067997941762,58.6319580078125
EDTRVFPS1-18,marginalised,4286.236924038687,0.004215359583605649,58.752838134765625
EDTRVFPS1-18,marginalised,4390.286274263685,0.004193220191662294,58.87704849243164
EDTRVFPS1-18,marginalised,4496.861445499999,0.004170591897228552,59.00496292114258
