SampleID,sigma_model,tau2,posterior_density,chi2_sigma_min_at_tau2
EDTRPAS1-41,marginalised,10.000000000000002,2.256610330367905e-10,1681.594482421875
EDTRPAS1-41,marginalised,10.29386850802772,2.381228772729715e-10,1680.808349609375
EDTRPAS1-41,marginalised,10.596372886056479,2.5040272602679183e-10,1680.10595703125
EDTRPAS1-41,marginalised,10.907766915109555,2.626881644898852e-10,1679.462890625
EDTRPAS1-41,marginalised,11.228311834035289,2.753636767982124e-10,1678.8565673828125
EDTRPAS1-41,marginalised,11.55827655866908,2.8899254093219537e-10,1678.2596435546875
EDTRPAS1-41,marginalised,11.89793790743586,3.042855885909827e-10,1677.64892578125
EDTRPAS1-41,marginalised,12.24758083358232,3.220811153729405e-10,1677.0076904296875
EDTRPAS1-41,marginalised,12.60749866423369,3.433318268442555e-10,1676.3231201171875
EDTRPAS1-41,marginalised,12.977993346475667,3.691071863986803e-10,1675.593505859375
EDTRPAS1-41,marginalised,13.359375700667911,4.005941025655679e-10,1674.82275390625
EDTRPAS1-41,marginalised,13.751965681201613,4.39078108132561e-10,1674.023193359375
EDTRPAS1-41,marginalised,14.15609264491992,4.858731401047849e-10,1673.2154541015625
EDTRPAS1-41,marginalised,14.572095627426394,5.421568540359016e-10,1672.4197998046875
EDTRPAS1-41,marginalised,15.000323627513296,6.086612882571199e-10,1671.6636962890625
EDTRPAS1-41,marginalised,15.44113589994832,6.852007858848804e-10,1670.9700927734375
EDTRPAS1-41,marginalised,15.894902256865421,7.701041436313701e-10,1670.35595703125
EDTRPAS1-41,marginalised,16.362003378012563,8.598429485790232e-10,1669.8365478515625
EDTRPAS1-41,marginalised,16.842831130116664,9.493068409526884e-10,1669.414306640625
EDTRPAS1-41,marginalised,17.337788895633683,1.0331209667740006e-09,1669.082763671875
EDTRPAS1-41,marginalised,17.84729191115962,1.1078173262437626e-09,1668.8297119140625
EDTRPAS1-41,marginalised,18.371767615786382,1.173758378678347e-09,1668.6328125
EDTRPAS1-41,marginalised,18.91165600969469,1.2359262299785763e-09,1668.4661865234375
EDTRPAS1-41,marginalised,19.467410023284927,1.3034778650425463e-09,1668.3016357421875
EDTRPAS1-41,marginalised,20.039495897155582,1.3891922115956692e-09,1668.116455078125
EDTRPAS1-41,marginalised,20.628393573248047,1.5101284866142018e-09,1667.8880615234375
EDTRPAS1-41,marginalised,21.234597097485942,1.6905884719676084e-09,1667.6038818359375
EDTRPAS1-41,marginalised,21.85861503424673,1.9688212224194225e-09,1667.260986328125
EDTRPAS1-41,marginalised,22.50097089301336,2.4093773908507225e-09,1666.8634033203125
EDTRPAS1-41,marginalised,23.16220356756385,3.1223970758246285e-09,1666.4273681640625
EDTRPAS1-41,marginalised,23.842867788067274,4.281714722407786e-09,1665.9775390625
EDTRPAS1-41,marginalised,24.54353458646542,6.101709515721575e-09,1665.5447998046875
EDTRPAS1-41,marginalised,25.264791775530544,8.680426819042683e-09,1632.35498046875
EDTRPAS1-41,marginalised,26.007244442001152,1.1651670312846915e-08,1536.8282470703125
EDTRPAS1-41,marginalised,26.771515454209453,1.3906943384904303e-08,1483.3743896484375
EDTRPAS1-41,marginalised,27.5582459846264,1.4043842097185509e-08,1480.294921875
EDTRPAS1-41,marginalised,28.368096047762698,1.1636353932757849e-08,1536.57763671875
EDTRPAS1-41,marginalised,29.201745053876998,7.906996890905306e-09,1663.42578125
EDTRPAS1-41,marginalised,30.059892378955855,4.618425383045822e-09,1665.8896484375
EDTRPAS1-41,marginalised,30.943257951443606,2.5657699382609566e-09,1666.7626953125
EDTRPAS1-41,marginalised,31.852582856214354,1.5053245795715104e-09,1667.9097900390625
EDTRPAS1-41,marginalised,32.78862995629285,9.640698930237224e-10,1669.3709716796875
EDTRPAS1-41,marginalised,33.75218453284572,6.59053604576392e-10,1671.2059326171875
EDTRPAS1-41,marginalised,34.74405494398007,4.684140839786999e-10,1673.51123046875
EDTRPAS1-41,marginalised,35.76507330290212,3.401086842931783e-10,1676.4307861328125
EDTRPAS1-41,marginalised,36.81609617600469,2.4944466022920616e-10,1680.16552734375
EDTRPAS1-41,marginalised,37.89800530146943,1.8351176480373403e-10,1684.9686279296875
EDTRPAS1-41,marginalised,39.011708328986366,1.3494056175386323e-10,1691.13525390625
EDTRPAS1-41,marginalised,40.158139581211515,9.910700247164904e-11,1698.961181640625
EDTRPAS1-41,marginalised,41.33826083760145,7.282687423434099e-11,1708.692138671875
EDTRPAS1-41,marginalised,42.553062141282105,5.3750861241319676e-11,1720.43701171875
EDTRPAS1-41,marginalised,43.803562629629035,4.008029853634981e-11,1734.0867919921875
EDTRPAS1-41,marginalised,45.090811389255805,3.042539417863592e-11,1749.23046875
EDTRPAS1-41,marginalised,46.415888336127786,2.371700067910132e-11,1765.1134033203125
EDTRPAS1-41,marginalised,47.779905121539684,1.9149069467771973e-11,1780.6434326171875
EDTRPAS1-41,marginalised,49.184006064716954,1.613649118580914e-11,1794.4820556640625
EDTRPAS1-41,marginalised,50.629369112823404,1.4280611662134464e-11,1805.2044677734375
EDTRPAS1-41,marginalised,52.117206829180404,1.333869386160941e-11,1811.518798828125
EDTRPAS1-41,marginalised,53.64876741052672,1.320152172290512e-11,1812.4940185546875
EDTRPAS1-41,marginalised,55.22533573417245,1.3888468232137406e-11,1807.744873046875
EDTRPAS1-41,marginalised,56.84823443592554,1.557182630038497e-11,1797.51904296875
EDTRPAS1-41,marginalised,58.51882501969507,1.8651690317261377e-11,1782.66552734375
EDTRPAS1-41,marginalised,60.238508999702354,2.3925948161696544e-11,1764.4898681640625
EDTRPAS1-41,marginalised,62.00872907625803,3.297678808247537e-11,1744.5257568359375
EDTRPAS1-41,marginalised,63.83097034609151,4.916461900285629e-11,1724.29736328125
EDTRPAS1-41,marginalised,65.70676154824824,8.085031248765704e-11,1705.117919921875
EDTRPAS1-41,marginalised,67.6376763465999,1.5631192828662165e-10,1687.9473876953125
EDTRPAS1-41,marginalised,69.6253346500436,4.724132781379703e-10,1673.353515625
EDTRPAS1-41,marginalised,71.67140397149747,3.4121246016265404e-07,800.3064575195312
EDTRPAS1-41,marginalised,73.77760082683305,0.0010510743201424398,40.06852722167969
EDTRPAS1-41,marginalised,75.94569217491764,0.006268211086416626,9.632843017578125
EDTRPAS1-41,marginalised,78.17749689997515,0.013142521662738873,5.116847515106201
EDTRPAS1-41,marginalised,80.47488733750887,0.014832987606584134,4.438076019287109
EDTRPAS1-41,marginalised,82.8397908450661,0.013854819456708599,4.339351177215576
EDTRPAS1-41,marginalised,85.27419141916288,0.01273411297701189,4.419672012329102
EDTRPAS1-41,marginalised,87.7801313597248,0.01194720861811029,4.652509689331055
EDTRPAS1-41,marginalised,90.35971298344073,0.011495171495024653,4.677257537841797
EDTRPAS1-41,marginalised,93.01510038746638,0.011210155803250495,4.621119022369385
EDTRPAS1-41,marginalised,95.74852126495767,0.011083700084032628,4.652834415435791
EDTRPAS1-41,marginalised,98.562268773957,0.011038099827981577,4.743678569793701
EDTRPAS1-41,marginalised,101.45870346119995,0.011029394283152616,4.79222297668457
EDTRPAS1-41,marginalised,104.44025524245689,0.011036995656395487,4.722280502319336
EDTRPAS1-41,marginalised,107.50942544107036,0.011050929016903134,4.6758246421813965
EDTRPAS1-41,marginalised,110.6687888863988,0.011066238724583947,4.643514156341553
EDTRPAS1-41,marginalised,113.92099607392683,0.011080650429584107,4.62058687210083
EDTRPAS1-41,marginalised,117.26877538885445,0.011093235536686672,4.604289531707764
EDTRPAS1-41,marginalised,120.71493539503047,0.011103759075564174,4.592811584472656
EDTRPAS1-41,marginalised,124.26236719115045,0.011112303284429923,4.584874153137207
EDTRPAS1-41,marginalised,127.91404683619601,0.011119115243362508,4.579514026641846
EDTRPAS1-41,marginalised,131.67303784615004,0.011124483503513664,4.576013565063477
EDTRPAS1-41,marginalised,135.54249376408256,0.011128662555682631,4.573827266693115
EDTRPAS1-41,marginalised,139.52566080576327,0.011131901524876524,4.572546005249023
EDTRPAS1-41,marginalised,143.62588058302035,0.011134436489032309,4.57187032699585
EDTRPAS1-41,marginalised,147.8465929071303,0.011136418868139878,4.5715861320495605
EDTRPAS1-41,marginalised,152.19133867459024,0.01113796794742335,4.5715436935424805
EDTRPAS1-41,marginalised,156.66376283769452,0.011139190447610187,4.571645736694336
EDTRPAS1-41,marginalised,161.26761746240663,0.011140097901815272,4.571832180023193
EDTRPAS1-41,marginalised,166.00676487609283,0.011140720348832844,4.572074890136719
EDTRPAS1-41,marginalised,170.88518090775736,0.011141010990576688,4.5723652839660645
EDTRPAS1-41,marginalised,175.9069582234983,0.011140933101519639,4.57270622253418
EDTRPAS1-41,marginalised,181.0763097599816,0.011140466849876086,4.573108673095703
EDTRPAS1-41,marginalised,186.39757225881465,0.011139583741422012,4.57357931137085
EDTRPAS1-41,marginalised,191.8752099047833,0.01113827591692001,4.574123382568359
EDTRPAS1-41,marginalised,197.51381807100566,0.011136602254771037,4.574732303619385
EDTRPAS1-41,marginalised,203.31812717414408,0.011134664874781618,4.575385093688965
EDTRPAS1-41,marginalised,209.2930066429096,0.011132569204481852,4.576050758361816
EDTRPAS1-41,marginalised,215.44346900318828,0.011130510306921231,4.576688766479492
EDTRPAS1-41,marginalised,221.77467408321655,0.011128647545802084,4.577255725860596
EDTRPAS1-41,marginalised,228.29193334233335,0.011127140240356315,4.577709197998047
EDTRPAS1-41,marginalised,235.0007143269408,0.011126131606934988,4.5780205726623535
EDTRPAS1-41,marginalised,241.90664525741136,0.011125662261974366,4.578176498413086
EDTRPAS1-41,marginalised,249.01551974978992,0.011125703851973673,4.578182697296143
EDTRPAS1-41,marginalised,256.3333016762516,0.011126187385079854,4.578067302703857
EDTRPAS1-41,marginalised,263.8661301683935,0.011126910161648922,4.577878475189209
EDTRPAS1-41,marginalised,271.6203247675568,0.01112767727962545,4.5776777267456055
EDTRPAS1-41,marginalised,279.60239072650137,0.011128202657865032,4.577539443969727
EDTRPAS1-41,marginalised,287.81902446687934,0.01112823760294441,4.5775346755981445
EDTRPAS1-41,marginalised,296.2771191970868,0.011127504564613835,4.577734470367432
EDTRPAS1-41,marginalised,304.9837706952066,0.011125817205910927,4.578197479248047
EDTRPAS1-41,marginalised,313.94628326189337,0.011123013503761095,4.5789666175842285
EDTRPAS1-41,marginalised,323.1721758481953,0.011119014335047733,4.580060005187988
EDTRPAS1-41,marginalised,332.6691883634533,0.01111387162575905,4.581472873687744
EDTRPAS1-41,marginalised,342.4452881685692,0.01110765109781328,4.583170413970947
EDTRPAS1-41,marginalised,352.50867676009113,0.011100636770022845,4.585092067718506
EDTRPAS1-41,marginalised,362.86779665072237,0.01109311985711473,4.587155342102051
EDTRPAS1-41,marginalised,373.5313384520277,0.011085449266748116,4.589261531829834
EDTRPAS1-41,marginalised,384.508248165277,0.011077989701794064,4.591311931610107
EDTRPAS1-41,marginalised,395.8077346865451,0.011071066915522867,4.593216896057129
EDTRPAS1-41,marginalised,407.43927753236164,0.011064925525756811,4.594908237457275
EDTRPAS1-41,marginalised,419.4126347923942,0.011059715658424795,4.596344470977783
EDTRPAS1-41,marginalised,431.73785131583566,0.011055489688797314,4.597509860992432
EDTRPAS1-41,marginalised,444.4252671383633,0.011052213745363384,4.598413944244385
EDTRPAS1-41,marginalised,457.4855261567403,0.011049792200315278,4.599082946777344
EDTRPAS1-41,marginalised,470.929585058336,0.01104809733548143,4.599550724029541
EDTRPAS1-41,marginalised,484.76872251305645,0.011046983777804,4.59985876083374
EDTRPAS1-41,marginalised,499.01454863539783,0.011046318302379125,4.600042343139648
EDTRPAS1-41,marginalised,513.6790147245588,0.011010656167842386,4.609921455383301
EDTRPAS1-41,marginalised,528.7744232907841,0.011000517555321788,4.6127400398254395
EDTRPAS1-41,marginalised,544.313438376352,0.010988798411619425,4.616003036499023
EDTRPAS1-41,marginalised,560.3090961798615,0.010975504076610864,4.619711399078369
EDTRPAS1-41,marginalised,576.774815992735,0.010960728599622513,4.623841285705566
EDTRPAS1-41,marginalised,593.7244114571095,0.010944629775864157,4.628352165222168
EDTRPAS1-41,marginalised,611.1721021545629,0.010927385897559318,4.633195400238037
EDTRPAS1-41,marginalised,629.1325255353954,0.010909171368877452,4.6383256912231445
EDTRPAS1-41,marginalised,647.620749198475,0.010890136725491464,4.643701553344727
EDTRPAS1-41,marginalised,666.6522835319498,0.010870383824919666,4.649296760559082
EDTRPAS1-41,marginalised,686.2430947254303,0.010849981401050925,4.655093669891357
EDTRPAS1-41,marginalised,706.4096181645588,0.010828980675301808,4.6610798835754395
EDTRPAS1-41,marginalised,727.1687722192036,0.010807439836847151,4.667239665985107
EDTRPAS1-41,marginalised,748.5379724368439,0.010785443471856433,4.673551082611084
EDTRPAS1-41,marginalised,770.5351461530547,0.010763107191131195,4.679981708526611
EDTRPAS1-41,marginalised,793.1787475313464,0.010740568854709344,4.686492919921875
EDTRPAS1-41,marginalised,816.4877730449793,0.010717959463472189,4.693048000335693
EDTRPAS1-41,marginalised,840.4817774137395,0.010695378415434536,4.6996169090271
EDTRPAS1-41,marginalised,865.1808900090454,0.01067285365703852,4.706192970275879
EDTRPAS1-41,marginalised,890.6058317411504,0.010650337736352085,4.712790012359619
EDTRPAS1-41,marginalised,916.7779324426059,0.010627712428274315,4.719441890716553
EDTRPAS1-41,marginalised,943.7191487625702,0.010604798792905018,4.726202964782715
EDTRPAS1-41,marginalised,971.4520825869745,0.010581395797954094,4.733133316040039
EDTRPAS1-41,marginalised,999.9999999999998,0.010557318248035647,4.74029016494751
EDTRPAS1-35,marginalised,49.99999999999999,1.9764789911930875e-10,1339.636962890625
EDTRPAS1-35,marginalised,51.46934254013858,1.811214234040258e-10,1346.40380859375
EDTRPAS1-35,marginalised,52.98186443028238,1.7536891688083525e-10,1348.9844970703125
EDTRPAS1-35,marginalised,54.53883457554776,1.8002065105655202e-10,1346.867431640625
EDTRPAS1-35,marginalised,56.14155917017645,1.9644889637337365e-10,1340.054443359375
EDTRPAS1-35,marginalised,57.791382793345406,2.2839730869922937e-10,1329.07275390625
EDTRPAS1-35,marginalised,59.48968953717931,2.8346129401331074e-10,1314.88330078125
EDTRPAS1-35,marginalised,61.23790416791161,3.76365764475329e-10,1298.7166748046875
EDTRPAS1-35,marginalised,63.037493321168455,5.369810263679601e-10,1281.8677978515625
EDTRPAS1-35,marginalised,64.88996673237834,8.33812196003673e-10,1265.508544921875
EDTRPAS1-35,marginalised,66.79687850333957,1.4650049880315022e-09,1250.5574951171875
EDTRPAS1-35,marginalised,68.75982840600807,3.340249915943291e-09,1237.6043701171875
EDTRPAS1-35,marginalised,70.78046322459961,2.765718149735238e-08,1226.921630859375
EDTRPAS1-35,marginalised,72.86047813713198,6.388989091684213e-05,189.8072967529297
EDTRPAS1-35,marginalised,75.00161813756648,0.0017523705971911098,22.55870819091797
EDTRPAS1-35,marginalised,77.2056794997416,0.0147530291281149,4.604641914367676
EDTRPAS1-35,marginalised,79.47451128432712,0.026024405947657408,2.835599899291992
EDTRPAS1-35,marginalised,81.81001689006284,0.01708538223582808,3.5348143577575684
EDTRPAS1-35,marginalised,84.21415565058334,0.011521078196024317,4.48486328125
EDTRPAS1-35,marginalised,86.68894447816842,0.009028531992495648,5.101592540740967
EDTRPAS1-35,marginalised,89.23645955579812,0.007817640925861352,5.51331901550293
EDTRPAS1-35,marginalised,91.85883807893192,0.007220463497093755,5.796072006225586
EDTRPAS1-35,marginalised,94.55828004847345,0.006910484119454774,5.890283584594727
EDTRPAS1-35,marginalised,97.33705011642465,0.0067499253631606165,6.015835762023926
EDTRPAS1-35,marginalised,100.19747948577792,0.006669143556049456,6.122110843658447
EDTRPAS1-35,marginalised,103.14196786624025,0.006630134987602293,6.151163101196289
EDTRPAS1-35,marginalised,106.17298548742973,0.006612353963125276,6.107994079589844
EDTRPAS1-35,marginalised,109.29307517123365,0.006604977055416644,6.075315952301025
EDTRPAS1-35,marginalised,112.50485446506681,0.006602493548379783,6.050133228302002
EDTRPAS1-35,marginalised,115.81101783781926,0.006602239886282595,6.030663013458252
EDTRPAS1-35,marginalised,119.21433894033639,0.006602946182527094,6.015635013580322
EDTRPAS1-35,marginalised,122.7176729323271,0.006604074304770572,6.004050254821777
EDTRPAS1-35,marginalised,126.32395887765273,0.006605352200703976,5.995128631591797
EDTRPAS1-35,marginalised,130.03622221000577,0.006606655287697883,5.988245010375977
EDTRPAS1-35,marginalised,133.8575772710473,0.006607924424107253,5.982928276062012
EDTRPAS1-35,marginalised,137.79122992313202,0.0066091221656733095,5.9788103103637695
EDTRPAS1-35,marginalised,141.8404802388135,0.006610211633175177,5.97561502456665
EDTRPAS1-35,marginalised,146.008725269385,0.006611179646617956,5.973129749298096
EDTRPAS1-35,marginalised,150.29946189477928,0.006612029493780342,5.971194267272949
EDTRPAS1-35,marginalised,154.71628975721805,0.006612751834072477,5.9696879386901855
EDTRPAS1-35,marginalised,159.2629142810718,0.006613383882603689,5.968499660491943
EDTRPAS1-35,marginalised,163.94314978146426,0.006613944708354208,5.967548847198486
EDTRPAS1-35,marginalised,168.76092266422862,0.006614473314132557,5.966758728027344
EDTRPAS1-35,marginalised,173.72027471990037,0.006615038613880226,5.966069221496582
EDTRPAS1-35,marginalised,178.8253665145106,0.006615656256016202,5.965428352355957
EDTRPAS1-35,marginalised,184.0804808800235,0.006616359161926493,5.964795112609863
EDTRPAS1-35,marginalised,189.49002650734718,0.006617174307934422,5.964144706726074
EDTRPAS1-35,marginalised,195.05854164493184,0.006618097109623817,5.963465690612793
EDTRPAS1-35,marginalised,200.7906979060577,0.006619096014741803,5.962769985198975
EDTRPAS1-35,marginalised,206.6913041880074,0.006620130031225445,5.962075710296631
EDTRPAS1-35,marginalised,212.76531070641065,0.006621142119476064,5.961413383483887
EDTRPAS1-35,marginalised,219.0178131481453,0.006622058128943061,5.960819721221924
EDTRPAS1-35,marginalised,225.45405694627917,0.006622818774098278,5.960331916809082
EDTRPAS1-35,marginalised,232.07944168063906,0.006623376078058406,5.959972858428955
EDTRPAS1-35,marginalised,238.89952560769854,0.006623705026994126,5.959758281707764
EDTRPAS1-35,marginalised,245.9200303235849,0.006623799345517074,5.959689140319824
EDTRPAS1-35,marginalised,253.14684556411717,0.006623688132067306,5.959743976593018
EDTRPAS1-35,marginalised,260.58603414590215,0.0066234412983989,5.9598870277404785
EDTRPAS1-35,marginalised,268.24383705263375,0.006623129820274385,5.960068702697754
EDTRPAS1-35,marginalised,276.1266786708625,0.006622862541582394,5.960224628448486
EDTRPAS1-35,marginalised,284.241172179628,0.006622750189654355,5.960288047790527
EDTRPAS1-35,marginalised,292.5941250984757,0.006622913497359317,5.960191249847412
EDTRPAS1-35,marginalised,301.19254499851206,0.006623430222636062,5.95987606048584
EDTRPAS1-35,marginalised,310.04364538129045,0.006624389227317446,5.959305286407471
EDTRPAS1-35,marginalised,319.1548517304579,0.0066257844738082374,5.958462715148926
EDTRPAS1-35,marginalised,328.53380774124156,0.006627614181606244,5.957365036010742
EDTRPAS1-35,marginalised,338.18838173299986,0.0066297972441750645,5.956052303314209
EDTRPAS1-35,marginalised,348.12667325021835,0.006632236790123499,5.954587936401367
EDTRPAS1-35,marginalised,358.3570198574877,0.006634798650147662,5.953052997589111
EDTRPAS1-35,marginalised,368.8880041341656,0.006637345680954065,5.951526165008545
EDTRPAS1-35,marginalised,379.72846087458856,0.006639762653697707,5.950078964233398
EDTRPAS1-35,marginalised,390.8874844998762,0.006641953838990831,5.948767185211182
EDTRPAS1-35,marginalised,402.3744366875448,0.0066438582623934385,5.947628021240234
EDTRPAS1-35,marginalised,414.19895422533097,0.0066454478795162,5.94667911529541
EDTRPAS1-35,marginalised,426.3709570958148,0.006646725592298249,5.945912837982178
EDTRPAS1-35,marginalised,438.9006567986245,0.006647711525487853,5.945323467254639
EDTRPAS1-35,marginalised,451.79856491720415,0.006648442458043164,5.944886684417725
EDTRPAS1-35,marginalised,465.0755019373324,0.00664895972511766,5.944577217102051
EDTRPAS1-35,marginalised,478.7426063247889,0.00664930630532333,5.944370269775391
EDTRPAS1-35,marginalised,492.8113438697855,0.006649521537964055,5.944241523742676
EDTRPAS1-35,marginalised,507.2935173060003,0.006657013650668748,5.939767360687256
EDTRPAS1-35,marginalised,522.2012762122849,0.006658989956648771,5.9385881423950195
EDTRPAS1-35,marginalised,537.5471272053524,0.006661162776168096,5.937291622161865
EDTRPAS1-35,marginalised,553.3439444319946,0.006663490434698341,5.935903549194336
EDTRPAS1-35,marginalised,569.6049803696347,0.006665911711193286,5.934459686279297
EDTRPAS1-35,marginalised,586.3438769442729,0.006668357251274518,5.933001518249512
EDTRPAS1-35,marginalised,603.5746769751529,0.0066707601843882585,5.931569576263428
EDTRPAS1-35,marginalised,621.3118359557528,0.006673063517859256,5.930196285247803
EDTRPAS1-35,marginalised,639.5702341809807,0.006675224015107874,5.928908348083496
EDTRPAS1-35,marginalised,658.365189230751,0.006677212376688215,5.927721977233887
EDTRPAS1-35,marginalised,677.7124688204135,0.0066790090743813705,5.926649570465088
EDTRPAS1-35,marginalised,697.6283040288171,0.006680603040015654,5.925697326660156
EDTRPAS1-35,marginalised,718.1294029151026,0.006681984578477839,5.924870491027832
EDTRPAS1-35,marginalised,739.2329645356522,0.006683147131615343,5.924172878265381
EDTRPAS1-35,marginalised,760.9566933729519,0.006684085711088278,5.92360782623291
EDTRPAS1-35,marginalised,783.3188141884733,0.0066847977157363575,5.923176288604736
EDTRPAS1-35,marginalised,806.338087312034,0.00668528724106671,5.922876358032227
EDTRPAS1-35,marginalised,830.033824380465,0.006685561490981513,5.922703266143799
EDTRPAS1-35,marginalised,854.4259045387877,0.006685631875559413,5.9226508140563965
EDTRPAS1-35,marginalised,879.5347911174923,0.006685509637494319,5.922712326049805
EDTRPAS1-35,marginalised,905.381548799909,0.006685202963673019,5.922882080078125
EDTRPAS1-35,marginalised,931.9878612940743,0.006684715452057057,5.923159122467041
EDTRPAS1-35,marginalised,959.3760495239175,0.006684043525934457,5.923544406890869
EDTRPAS1-35,marginalised,987.5690903550293,0.006683177971327542,5.924044132232666
EDTRPAS1-35,marginalised,1016.5906358707215,0.00668210480506414,5.924666404724121
EDTRPAS1-35,marginalised,1046.465033214549,0.006680808192103774,5.92542028427124
EDTRPAS1-35,marginalised,1077.2173450159426,0.006679270709188962,5.926316261291504
EDTRPAS1-35,marginalised,1108.8733704160838,0.006677473514040752,5.927365779876709
EDTRPAS1-35,marginalised,1141.4596667116678,0.006675397910671721,5.928579807281494
EDTRPAS1-35,marginalised,1175.0035716347052,0.006673021576720728,5.929972171783447
EDTRPAS1-35,marginalised,1209.533226287058,0.006670318924531634,5.931558132171631
EDTRPAS1-35,marginalised,1245.0775987489508,0.006667262791942077,5.933353900909424
EDTRPAS1-35,marginalised,1281.6665083812595,0.006663824435054017,5.935377597808838
EDTRPAS1-35,marginalised,1319.330650841969,0.006659978824143958,5.937644004821777
EDTRPAS1-35,marginalised,1358.1016238377854,0.0066557064737757425,5.9401655197143555
EDTRPAS1-35,marginalised,1398.0119536325083,0.0066509993719082935,5.942947864532471
EDTRPAS1-35,marginalised,1439.0951223343982,0.006645858250933628,5.9459919929504395
EDTRPAS1-35,marginalised,1481.3855959854354,0.006640293541961591,5.949292182922363
EDTRPAS1-35,marginalised,1524.9188534760344,0.0066343217664627556,5.952840328216553
EDTRPAS1-35,marginalised,1569.7314163094684,0.006627959082673949,5.956627368927002
EDTRPAS1-35,marginalised,1615.8608792409782,0.006621218014821407,5.960647106170654
EDTRPAS1-35,marginalised,1663.345941817268,0.006614103817504889,5.964897155761719
EDTRPAS1-35,marginalised,1712.226440842848,0.0066066128576854335,5.969382286071777
EDTRPAS1-35,marginalised,1762.5433838004574,0.0065987331006864625,5.974109649658203
EDTRPAS1-35,marginalised,1814.3389832536138,0.00659044777527784,5.979091644287109
EDTRPAS1-35,marginalised,1867.6566922601403,0.006581737963090798,5.984340190887451
EDTRPAS1-35,marginalised,1922.541240826387,0.006572583421697741,5.989870548248291
EDTRPAS1-35,marginalised,1979.0386734327274,0.006562965875435905,5.995694637298584
EDTRPAS1-35,marginalised,2037.1963876618101,0.006552866563744908,6.001826763153076
EDTRPAS1-35,marginalised,2097.063173961973,0.006542267486337681,6.008280277252197
EDTRPAS1-35,marginalised,2158.6892565791804,0.006531145125150639,6.015071392059326
EDTRPAS1-35,marginalised,2222.126335691819,0.006519468709294552,6.022222518920898
EDTRPAS1-35,marginalised,2287.427630783704,0.006507199875249546,6.029759883880615
EDTRPAS1-35,marginalised,2354.6479252916824,0.006494290654334379,6.037716865539551
EDTRPAS1-35,marginalised,2423.8436125652847,0.006480681023467649,6.046135425567627
EDTRPAS1-35,marginalised,2495.072743176992,0.006466305104534846,6.055059909820557
EDTRPAS1-35,marginalised,2568.395073622796,0.0064510951263637645,6.064540386199951
EDTRPAS1-35,marginalised,2643.8721164539234,0.006434983219983106,6.0746235847473145
EDTRPAS1-35,marginalised,2721.5671918817625,0.006417913930242194,6.085351467132568
EDTRPAS1-35,marginalised,2801.5454808993104,0.006399845365277936,6.096761226654053
EDTRPAS1-35,marginalised,2883.8740799636776,0.006380750600662545,6.108877658843994
EDTRPAS1-35,marginalised,2968.6220572855505,0.006360628021024231,6.121713638305664
EDTRPAS1-35,marginalised,3055.860510772818,0.006339487089627312,6.135272026062012
EDTRPAS1-35,marginalised,3145.6626276769803,0.006317353315971299,6.149548530578613
EDTRPAS1-35,marginalised,3238.1037459923787,0.006294259677660285,6.164535045623779
EDTRPAS1-35,marginalised,3333.2614176597526,0.006270242133858837,6.180219650268555
EDTRPAS1-35,marginalised,3431.215473627155,0.006245341025752219,6.196586608886719
EDTRPAS1-35,marginalised,3532.0480908227973,0.006219591826405595,6.213626861572266
EDTRPAS1-35,marginalised,3635.8438610960216,0.006193029987337339,6.231330394744873
EDTRPAS1-35,marginalised,3742.689862184224,0.006165685499998946,6.249687194824219
EDTRPAS1-35,marginalised,3852.6757307652774,0.006137581661094056,6.2686967849731445
EDTRPAS1-35,marginalised,3965.893737656736,0.006108728118530141,6.288366317749023
EDTRPAS1-35,marginalised,4082.438865224901,0.006079114695990152,6.308714389801025
EDTRPAS1-35,marginalised,4202.408887068701,0.0060487076176844005,6.329782485961914
EDTRPAS1-35,marginalised,4325.904450045231,0.0060174394125588155,6.3516316413879395
EDTRPAS1-35,marginalised,4453.029158705756,0.005985221008593622,6.374345302581787
EDTRPAS1-35,marginalised,4583.889662213034,0.005951924605799514,6.3980326652526855
EDTRPAS1-35,marginalised,4718.595743812856,0.005917405785423787,6.422826290130615
EDTRPAS1-35,marginalised,4857.260412934877,0.005881501702039375,6.448870658874512
EDTRPAS1-35,marginalised,5000.000000000004,0.005844045430217866,6.4763264656066895
EDTRPAS1-29,marginalised,575.0000000000001,1.209595352570359e-05,243.7801971435547
EDTRPAS1-29,marginalised,591.8974392115938,1.234622181312922e-05,241.7367706298828
EDTRPAS1-29,marginalised,609.2914409482476,1.261412628242896e-05,239.60499572753906
EDTRPAS1-29,marginalised,627.1965976187995,1.289703560602714e-05,237.41339111328125
EDTRPAS1-29,marginalised,645.6279304570292,1.3192790227535416e-05,235.18472290039062
EDTRPAS1-29,marginalised,664.6009021234721,1.3499927545730534e-05,232.93455505371094
EDTRPAS1-29,marginalised,684.131429677562,1.3817594606214606e-05,230.67286682128906
EDTRPAS1-29,marginalised,704.2358979309834,1.4145252916474289e-05,228.4065399169922
EDTRPAS1-29,marginalised,724.9311731934372,1.4482322856382348e-05,226.14212036132812
EDTRPAS1-29,marginalised,746.2346174223509,1.4827832800408755e-05,223.8879852294922
EDTRPAS1-29,marginalised,768.1641027884049,1.5180272295360315e-05,221.65509033203125
EDTRPAS1-29,marginalised,790.7380266690927,1.553782148751278e-05,219.4549102783203
EDTRPAS1-29,marginalised,813.9753270828954,1.5898513758790728e-05,217.29872131347656
EDTRPAS1-29,marginalised,837.8954985770177,1.6260990521409757e-05,215.192626953125
EDTRPAS1-29,marginalised,862.5186085820145,1.662473803355789e-05,213.1375732421875
EDTRPAS1-29,marginalised,887.8653142470284,1.6990621422295486e-05,211.1267547607422
EDTRPAS1-29,marginalised,913.9568797697618,1.7360602310827668e-05,209.14810180664062
EDTRPAS1-29,marginalised,940.8151942357225,1.773772843000092e-05,207.18527221679688
EDTRPAS1-29,marginalised,968.4627899817083,1.8125586064768855e-05,205.22088623046875
EDTRPAS1-29,marginalised,996.9228614989368,1.8527648467304536e-05,203.23995971679688
EDTRPAS1-29,marginalised,1026.2192848916782,1.8947070855759807e-05,201.2307586669922
EDTRPAS1-29,marginalised,1056.376637907717,1.9386449414104046e-05,199.1857452392578
EDTRPAS1-29,marginalised,1087.4202205574445,1.984781605557951e-05,197.1010284423828
EDTRPAS1-29,marginalised,1119.3760763388832,2.033310158088062e-05,194.97390747070312
EDTRPAS1-29,marginalised,1152.271014086446,2.0844345811551116e-05,192.80213928222656
EDTRPAS1-29,marginalised,1186.1326304617628,2.138400410618506e-05,190.58253479003906
EDTRPAS1-29,marginalised,1220.9893331054416,2.1954902923476188e-05,188.3114776611328
EDTRPAS1-29,marginalised,1256.870364469187,2.2560026185325705e-05,185.98577880859375
EDTRPAS1-29,marginalised,1293.8058263482683,2.320213869828458e-05,183.60438537597656
EDTRPAS1-29,marginalised,1331.8267051349214,2.3883199907530743e-05,181.17001342773438
EDTRPAS1-29,marginalised,1370.9648978138684,2.4604169374294324e-05,178.68922424316406
EDTRPAS1-29,marginalised,1411.2532387217616,2.5364744362562097e-05,176.17263793945312
EDTRPAS1-29,marginalised,1452.7255270930063,2.6163635960001044e-05,173.6331329345703
EDTRPAS1-29,marginalised,1495.4165554150663,2.6999002679733727e-05,171.08392333984375
EDTRPAS1-29,marginalised,1539.3621386170435,2.7869062018056865e-05,168.5365447998047
EDTRPAS1-29,marginalised,1584.5991441160181,2.877263227989715e-05,165.99948120117188
EDTRPAS1-29,marginalised,1631.1655227463552,2.9709494154942337e-05,163.4776153564453
EDTRPAS1-29,marginalised,1679.1003405979275,3.0680905244876995e-05,160.97149658203125
EDTRPAS1-29,marginalised,1728.4438117899617,3.168918026977973e-05,158.479248046875
EDTRPAS1-29,marginalised,1779.2373322080073,3.27377451532398e-05,155.9969482421875
EDTRPAS1-29,marginalised,1831.5235142323254,3.3830597020591696e-05,153.5203094482422
EDTRPAS1-29,marginalised,1885.3462224868388,3.497206486980214e-05,151.0453338623047
EDTRPAS1-29,marginalised,1940.7506106386288,3.616656995581914e-05,148.56893920898438
EDTRPAS1-29,marginalised,1997.783159278854,3.741861295006976e-05,146.0887908935547
EDTRPAS1-29,marginalised,2056.4917149168714,3.8732824706921204e-05,143.60336303710938
EDTRPAS1-29,marginalised,2116.9255301202697,4.011446315179763e-05,141.11077880859375
EDTRPAS1-29,marginalised,2179.135304834492,4.1569768203178907e-05,138.6085205078125
EDTRPAS1-29,marginalised,2243.1732289167157,4.310618905378521e-05,136.09329223632812
EDTRPAS1-29,marginalised,2309.093025919663,4.473322429668023e-05,133.56015014648438
EDTRPAS1-29,marginalised,2376.9499981620847,4.646214754819924e-05,131.00352478027344
EDTRPAS1-29,marginalised,2446.8010731237223,4.830643372590087e-05,128.41697692871094
EDTRPAS1-29,marginalised,2518.704851203671,5.028140928247468e-05,125.79444885253906
EDTRPAS1-29,marginalised,2592.7216548822103,5.2403951370524325e-05,123.1308822631836
EDTRPAS1-29,marginalised,2668.913579327349,5.4691905438899227e-05,120.42312622070312
EDTRPAS1-29,marginalised,2747.344544488533,5.716329613389495e-05,117.67089080810547
EDTRPAS1-29,marginalised,2828.080348721226,5.9836245449921375e-05,114.87629699707031
EDTRPAS1-29,marginalised,2911.188723987347,6.272806061308908e-05,112.04460144042969
EDTRPAS1-29,marginalised,2996.7393926778745,6.585566208588048e-05,109.18305206298828
EDTRPAS1-29,marginalised,3084.804126105288,6.92354105327351e-05,106.3004379272461
EDTRPAS1-29,marginalised,3175.4568047149182,7.288424988317186e-05,103.4057846069336
EDTRPAS1-29,marginalised,3268.7734800657217,7.68199294704775e-05,100.50798034667969
EDTRPAS1-29,marginalised,3364.83243863247,8.106189855949932e-05,97.61508178710938
EDTRPAS1-29,marginalised,3463.7142674828883,8.563198625963653e-05,94.73405456542969
EDTRPAS1-29,marginalised,3565.5019218848397,9.055440751958102e-05,91.87106323242188
EDTRPAS1-29,marginalised,3670.280794900265,9.585690634628256e-05,89.03095245361328
EDTRPAS1-29,marginalised,3778.1387890242772,0.00010157121046574406,86.21761322021484
EDTRPAS1-29,marginalised,3889.166389929498,0.00010773493730288352,83.43340301513672
EDTRPAS1-29,marginalised,4003.45674237751,0.00011439370360716147,80.67911529541016
EDTRPAS1-29,marginalised,4121.105728361109,0.00012160410510798165,77.95356750488281
EDTRPAS1-29,marginalised,4242.212047542904,0.0001294379238338191,75.2535400390625
EDTRPAS1-29,marginalised,4366.877300057768,0.00013798663263029956,72.57379150390625
EDTRPAS1-29,marginalised,4495.206071748576,0.00014736608066045828,69.90756225585938
EDTRPAS1-29,marginalised,4627.306021906765,0.00015772254685599121,67.24700164794922
EDTRPAS1-29,marginalised,4763.287973591306,0.00016923866693390545,64.5841293334961
EDTRPAS1-29,marginalised,4903.26600660187,0.00018214048370157604,61.911441802978516
EDTRPAS1-29,marginalised,5047.357553184181,0.00019670559764988917,59.222991943359375
EDTRPAS1-29,marginalised,5195.6834965478465,0.00021327232811499898,56.5151252746582
EDTRPAS1-29,marginalised,5348.368272279322,0.0002322521982252727,53.78700637817383
EDTRPAS1-29,marginalised,5505.539972735071,0.0002541447814259646,51.04100799560547
EDTRPAS1-29,marginalised,5667.330454502532,0.00027955834680808866,48.28262710571289
EDTRPAS1-29,marginalised,5833.875449019002,0.00030923854768587786,45.52005386352539
EDTRPAS1-29,marginalised,6005.314676441277,0.0003441087308095994,42.763526916503906
EDTRPAS1-29,marginalised,6181.791962861551,0.00038532227362488285,40.024681091308594
EDTRPAS1-29,marginalised,6363.455360967937,0.0004343436315046359,37.315452575683594
EDTRPAS1-29,marginalised,6550.457274250799,0.000493044590293286,34.648033142089844
EDTRPAS1-29,marginalised,6742.954584859138,0.0005638459375362678,32.03425979614258
EDTRPAS1-29,marginalised,6941.108785214258,0.0006498844467702311,29.486196517944336
EDTRPAS1-29,marginalised,7145.086113491157,0.0007552424990785422,27.01600456237793
EDTRPAS1-29,marginalised,7355.057693081278,0.0008852333935917724,24.636146545410156
EDTRPAS1-29,marginalised,7571.199676153635,0.001046759072325932,22.35934829711914
EDTRPAS1-29,marginalised,7793.693391434755,0.0012487888966904695,20.19784927368164
EDTRPAS1-29,marginalised,8022.725496331395,0.0015029668011068995,18.162687301635742
EDTRPAS1-29,marginalised,8258.488133523679,0.0018244255075232,16.262758255004883
EDTRPAS1-29,marginalised,8501.179092159999,0.0022328695102046964,14.504045486450195
EDTRPAS1-29,marginalised,8751.001973788947,0.002754083651952933,12.889081954956055
EDTRPAS1-29,marginalised,9008.166363167442,0.0034220045860972174,11.416927337646484
EDTRPAS1-29,marginalised,9272.88800408839,0.00428156403611621,10.083581924438477
EDTRPAS1-29,marginalised,9545.388980375346,0.005392669179805948,8.882590293884277
EDTRPAS1-29,marginalised,9825.897902196059,0.006835550385857914,7.805885314941406
EDTRPAS1-29,marginalised,10114.650097851161,0.008717705032892226,6.8446526527404785
EDTRPAS1-29,marginalised,10411.887811198952,0.011182212295686115,5.990097999572754
EDTRPAS1-29,marginalised,10717.860404881852,0.014415832364812831,5.234102249145508
EDTRPAS1-29,marginalised,11032.82456952505,0.018652162314823195,4.56972599029541
EDTRPAS1-29,marginalised,11357.044539082835,0.02415827164055124,3.9915812015533447
EDTRPAS1-29,marginalised,11690.792312513295,0.031183533451024203,3.495932102203369
EDTRPAS1-29,marginalised,12034.347881967313,0.039838479131779604,3.0805788040161133
EDTRPAS1-29,marginalised,12387.999467683338,0.04988045024348484,2.74450421333313
EDTRPAS1-29,marginalised,12752.043759784963,0.06045051424945228,2.487318515777588
EDTRPAS1-29,marginalised,13126.786167184178,0.0699529845519648,2.3086225986480713
EDTRPAS1-29,marginalised,13512.541073799108,0.07637496842016182,2.2074642181396484
EDTRPAS1-29,marginalised,13909.632102301166,0.0781206106526609,2.18202543258667
EDTRPAS1-29,marginalised,14318.392385612933,0.07486056229974013,2.229619264602661
EDTRPAS1-29,marginalised,14739.164846384481,0.0676677743243643,2.346999168395996
EDTRPAS1-29,marginalised,15172.30248468264,0.058349347427620525,2.530834674835205
EDTRPAS1-29,marginalised,15618.16867413453,0.048603223867675474,2.778200149536133
EDTRPAS1-29,marginalised,16077.137466773844,0.03956062011985511,3.0869054794311523
EDTRPAS1-29,marginalised,16549.593906845577,0.03176095185540238,3.455571413040161
EDTRPAS1-29,marginalised,17035.93435383251,0.025330494122688865,3.8834309577941895
EDTRPAS1-29,marginalised,17536.566814974394,0.02017370728368027,4.369942665100098
EDTRPAS1-29,marginalised,18051.911287558883,0.01610585750750901,4.914311408996582
EDTRPAS1-29,marginalised,18582.400111271247,0.012926006333705855,5.515048980712891
EDTRPAS1-29,marginalised,19128.478330898582,0.01045013826828912,6.169732093811035
EDTRPAS1-29,marginalised,19690.60406969275,0.0085230498805402,6.874876022338867
EDTRPAS1-29,marginalised,20269.248913705258,0.007019396886963976,7.6260986328125
EDTRPAS1-29,marginalised,20864.898307416555,0.005840724100592157,8.418351173400879
EDTRPAS1-29,marginalised,21478.05196099161,0.0049109770291717505,9.24626636505127
EDTRPAS1-29,marginalised,22109.224269503447,0.004172095424361589,10.104416847229004
EDTRPAS1-29,marginalised,22758.944744476365,0.00358002366173723,10.987565994262695
EDTRPAS1-29,marginalised,23427.758458110813,0.0031014890283200783,11.890702247619629
EDTRPAS1-29,marginalised,24116.22650056269,0.002711383830166348,12.808999061584473
EDTRPAS1-29,marginalised,24824.926450660572,0.002390757997559673,13.737618446350098
EDTRPAS1-29,marginalised,25554.452860455916,0.0021252532462918126,14.671537399291992
EDTRPAS1-29,marginalised,26305.417754012593,0.0019039380687885757,15.605339050292969
EDTRPAS1-29,marginalised,27078.451140854344,0.0017184147866118574,16.533164978027344
EDTRPAS1-29,marginalised,27874.20154450077,0.0015621727308669253,17.448699951171875
EDTRPAS1-29,marginalised,28693.336546535404,0.0014300942401768003,18.34538459777832
EDTRPAS1-29,marginalised,29536.543346662154,0.0013181038892273527,19.216676712036133
EDTRPAS1-29,marginalised,30404.529339220113,0.0012229096209910603,20.056407928466797
EDTRPAS1-29,marginalised,31298.02270664027,0.001141815441724456,20.859155654907227
EDTRPAS1-29,marginalised,32217.773030342065,0.0010725917609095866,21.62051010131836
EDTRPAS1-29,marginalised,33164.551919582285,0.0010133769574357642,22.337297439575195
EDTRPAS1-29,marginalised,34139.15365878383,0.0009626089717361436,23.007633209228516
EDTRPAS1-29,marginalised,35142.395873887406,0.0009189723449734502,23.630895614624023
EDTRPAS1-29,marginalised,36175.12021828527,0.0008813606393806367,24.20754051208496
EDTRPAS1-29,marginalised,37238.19307891235,0.0008488497037449756,24.738798141479492
EDTRPAS1-29,marginalised,38332.50630308715,0.0008206695751680908,25.22644805908203
EDTRPAS1-29,marginalised,39458.97794671228,0.0007961892066660279,25.672433853149414
EDTRPAS1-29,marginalised,40618.55304446217,0.0007748950697173295,26.078672409057617
EDTRPAS1-29,marginalised,41812.20440260424,0.0007563746643063465,26.446853637695312
EDTRPAS1-29,marginalised,43040.93341511857,0.0007402968621369144,26.778413772583008
EDTRPAS1-29,marginalised,44305.77090380069,0.0007263921703579516,27.07462501525879
EDTRPAS1-29,marginalised,45607.77798305246,0.0007144343082764339,27.33673667907715
EDTRPAS1-29,marginalised,46948.046950086355,0.000704223518415392,27.566190719604492
EDTRPAS1-29,marginalised,48327.70220129006,0.0006955742750703865,27.764772415161133
EDTRPAS1-29,marginalised,49747.90117552015,0.0006883085275102973,27.93467903137207
EDTRPAS1-29,marginalised,51209.83532511619,0.0006822529907856648,28.07849884033203
EDTRPAS1-29,marginalised,52714.73111544989,0.0006772403548403041,28.199108123779297
EDTRPAS1-29,marginalised,54263.85105384784,0.0006731129590512319,28.299497604370117
EDTRPAS1-29,marginalised,55858.49474875109,0.0006697260562384846,28.382617950439453
EDTRPAS1-29,marginalised,57500.00000000004,0.0006669508150242785,28.451231002807617
EDTRPAS1-46,marginalised,1175.0000000000002,1.0060511128689902e-05,320.872314453125
EDTRPAS1-46,marginalised,1209.5295496932567,1.0312339670605523e-05,317.8299560546875
EDTRPAS1-46,marginalised,1245.0738141116362,1.0578053439754796e-05,314.711181640625
EDTRPAS1-46,marginalised,1281.6626125253727,1.08587526577722e-05,311.51312255859375
EDTRPAS1-46,marginalised,1319.3266404991464,1.115525723022397e-05,308.2367248535156
EDTRPAS1-46,marginalised,1358.0974956436166,1.1467872236272264e-05,304.8896179199219
EDTRPAS1-46,marginalised,1398.0077041237134,1.1796428341564538e-05,301.48370361328125
EDTRPAS1-46,marginalised,1439.0907479459224,1.2140233106373653e-05,298.03558349609375
EDTRPAS1-46,marginalised,1481.3810930474583,1.2498257980168487e-05,294.5633850097656
EDTRPAS1-46,marginalised,1524.9142182108908,1.2869468017195413e-05,291.0834045410156
EDTRPAS1-46,marginalised,1569.7266448284795,1.3252988279990995e-05,287.6089782714844
EDTRPAS1-46,marginalised,1615.8559675411893,1.3648383653421688e-05,284.14776611328125
EDTRPAS1-46,marginalised,1663.3408857780905,1.4055719366718229e-05,280.7027587890625
EDTRPAS1-46,marginalised,1712.2212362226012,1.4475597969453446e-05,277.2721862792969
EDTRPAS1-46,marginalised,1762.538026232812,1.490907716776561e-05,273.8511657714844
EDTRPAS1-46,marginalised,1814.3334682439274,1.5357459271332098e-05,270.4335632324219
EDTRPAS1-46,marginalised,1867.651015181687,1.5822170051134966e-05,267.0138244628906
EDTRPAS1-46,marginalised,1922.5353969164762,1.6304656005202398e-05,263.5868835449219
EDTRPAS1-46,marginalised,1979.032657788708,1.680629635143482e-05,260.1491394042969
EDTRPAS1-46,marginalised,2037.1901952369574,1.7328497000312196e-05,256.6977233886719
EDTRPAS1-46,marginalised,2097.056799561255,1.7872702239749513e-05,253.23040771484375
EDTRPAS1-46,marginalised,2158.6826948548996,1.8440657954916037e-05,249.74392700195312
EDTRPAS1-46,marginalised,2222.119581139126,1.9034491915729865e-05,246.2334442138672
EDTRPAS1-46,marginalised,2287.4206777359786,1.9656862589937913e-05,242.69277954101562
EDTRPAS1-46,marginalised,2354.6407679157805,2.031101034378875e-05,239.11399841308594
EDTRPAS1-46,marginalised,2423.8362448566454,2.100083611786712e-05,235.4878387451172
EDTRPAS1-46,marginalised,2495.065158954598,2.1730754854429757e-05,231.8047637939453
EDTRPAS1-46,marginalised,2568.3872665239905,2.2505451474365958e-05,228.05667114257812
EDTRPAS1-46,marginalised,2643.8640799290692,2.3329833770345608e-05,224.23703002929688
EDTRPAS1-46,marginalised,2721.558919188752,2.4208569389918077e-05,220.34320068359375
EDTRPAS1-46,marginalised,2801.5369650979046,2.514596101420219e-05,216.37608337402344
EDTRPAS1-46,marginalised,2883.8653139096864,2.6145676388682685e-05,212.3411407470703
EDTRPAS1-46,marginalised,2968.6130336248384,2.7210828094379386e-05,208.24668884277344
EDTRPAS1-46,marginalised,3055.8512219351323,2.834390609335498e-05,204.1038055419922
EDTRPAS1-46,marginalised,3145.6530658696074,2.954704433914413e-05,199.92465209960938
EDTRPAS1-46,marginalised,3238.093903193599,3.082218352224338e-05,195.72174072265625
EDTRPAS1-46,marginalised,3333.251285612114,3.21713522162528e-05,191.506103515625
EDTRPAS1-46,marginalised,3431.2050438305437,3.359665619921297e-05,187.2882537841797
EDTRPAS1-46,marginalised,3532.0373545273096,3.510060114909522e-05,183.07676696777344
EDTRPAS1-46,marginalised,3635.83280929462,3.668600632899795e-05,178.8789825439453
EDTRPAS1-46,marginalised,3742.678485605183,3.835617158212946e-05,174.70057678222656
EDTRPAS1-46,marginalised,3852.664019864406,4.0115109047985815e-05,170.5457763671875
EDTRPAS1-46,marginalised,3965.8816826093675,4.1968126443802066e-05,166.41595458984375
EDTRPAS1-46,marginalised,4082.426455917654,4.3922149804669595e-05,162.30995178222656
EDTRPAS1-46,marginalised,4202.396113090994,4.5986495593959104e-05,158.22354125976562
EDTRPAS1-46,marginalised,4325.891300680547,4.817340468185974e-05,154.14906311035156
EDTRPAS1-46,marginalised,4453.015622922654,5.049876809165552e-05,150.07618713378906
EDTRPAS1-46,marginalised,4583.875728655893,5.2982347018085046e-05,145.9923553466797
EDTRPAS1-46,marginalised,4718.58140079235,5.564819625363393e-05,141.8839874267578
EDTRPAS1-46,marginalised,4857.2456484181685,5.852479060221335e-05,137.73731994628906
EDTRPAS1-46,marginalised,4999.9848016006445,6.164505753259782e-05,133.5400390625
EDTRPAS1-46,marginalised,5146.918608981408,6.504581987017803e-05,129.28269958496094
EDTRPAS1-46,marginalised,5298.1703382375545,6.876799926087024e-05,124.95934295654297
EDTRPAS1-46,marginalised,5453.866879495012,7.28559189589796e-05,120.5685043334961
EDTRPAS1-46,marginalised,5614.138851780909,7.735716537517103e-05,116.1136703491211
EDTRPAS1-46,marginalised,5779.120712604239,8.232264267055627e-05,111.60269165039062
EDTRPAS1-46,marginalised,5948.9508707567475,8.78072237170879e-05,107.04696655273438
EDTRPAS1-46,marginalised,6123.771802428694,9.387061785442334e-05,102.46054077148438
EDTRPAS1-46,marginalised,6303.730170736886,0.00010057877540508228,97.85880279541016
EDTRPAS1-46,marginalised,6488.976948765261,0.00010800551998813683,93.25774383544922
EDTRPAS1-46,marginalised,6679.667546221251,0.00011623382875949575,88.67346954345703
EDTRPAS1-46,marginalised,6875.96193981417,0.0001253563272634281,84.12242889404297
EDTRPAS1-46,marginalised,7078.024807465025,0.00013547442435424422,79.62207794189453
EDTRPAS1-46,marginalised,7286.025666460317,0.00014669645849852163,75.1910171508789
EDTRPAS1-46,marginalised,7500.139015665752,0.0001591340025725477,70.84968566894531
EDTRPAS1-46,marginalised,7720.544481919167,0.00017289893641033333,66.61943054199219
EDTRPAS1-46,marginalised,7947.426970725488,0.00018809918456208448,62.52186584472656
EDTRPAS1-46,marginalised,8180.976821380122,0.00020483819834583842,58.576988220214844
EDTRPAS1-46,marginalised,8421.389966650951,0.00022321475506848637,54.801849365234375
EDTRPAS1-46,marginalised,8668.868097152881,0.00024332799163928498,51.20879364013672
EDTRPAS1-46,marginalised,8923.618830552821,0.00026528484604995234,47.804771423339844
EDTRPAS1-46,marginalised,9185.85588574708,0.00028921156003650924,44.590965270996094
EDTRPAS1-46,marginalised,9455.799262157292,0.00031526737394149977,41.56330108642578
EDTRPAS1-46,marginalised,9733.675424295267,0.0003436621600666566,38.71308135986328
EDTRPAS1-46,marginalised,10019.717491751637,0.00037467363294382827,36.02851867675781
EDTRPAS1-46,marginalised,10314.165434767663,0.00040867078111537266,33.49559020996094
EDTRPAS1-46,marginalised,10617.266275554284,0.0004461364313840651,31.099538803100586
EDTRPAS1-46,marginalised,10929.274295527297,0.00048769113887954464,28.82613182067871
EDTRPAS1-46,marginalised,11250.451248632526,0.0005341214121432273,26.662504196166992
EDTRPAS1-46,marginalised,11581.066580939945,0.0005864017270782093,24.59842872619629
EDTRPAS1-46,marginalised,11921.397656690993,0.0006457168405205847,22.626920700073242
EDTRPAS1-46,marginalised,12271.729990988682,0.0007134869809625463,20.744367599487305
EDTRPAS1-46,marginalised,12632.357489325766,0.0007913878921523478,18.950456619262695
EDTRPAS1-46,marginalised,13003.582694151857,0.0008813950817420355,17.247175216674805
EDTRPAS1-46,marginalised,13385.717038686402,0.0009858475322936681,15.63764762878418
EDTRPAS1-46,marginalised,13779.081108190398,0.0011075601791811285,14.124847412109375
EDTRPAS1-46,marginalised,14184.004908916078,0.0012500214329860052,12.710319519042969
EDTRPAS1-46,marginalised,14600.828144960175,0.0014176925825509859,11.393550872802734
EDTRPAS1-46,marginalised,15029.90050325303,0.0016164607006491879,10.17186450958252
EDTRPAS1-46,marginalised,15471.581946922628,0.0018543007629792446,9.04079818725586
EDTRPAS1-46,marginalised,15926.2430172797,0.002142201873721245,7.994967937469482
EDTRPAS1-46,marginalised,16394.26514467718,0.0024954725914322078,7.028984069824219
EDTRPAS1-46,marginalised,16876.04096850489,0.0029356013258092176,6.138237476348877
EDTRPAS1-46,marginalised,17371.974666587805,0.0034929406777135965,5.319377422332764
EDTRPAS1-46,marginalised,17882.48229426435,0.004210640891015389,4.5704026222229
EDTRPAS1-46,marginalised,18407.992133429103,0.005150436319326616,3.8904106616973877
EDTRPAS1-46,marginalised,18948.94505183278,0.006401006055074755,3.279160261154175
EDTRPAS1-46,marginalised,19505.794872940907,0.00808979182991728,2.7364885807037354
EDTRPAS1-46,marginalised,20079.00875666149,0.010398099747098299,2.261868476867676
EDTRPAS1-46,marginalised,20669.067591261046,0.01357642979654207,1.8541017770767212
EDTRPAS1-46,marginalised,21276.466396797838,0.017948258326273295,1.511187195777893
EDTRPAS1-46,marginalised,21901.71474041072,0.02386983638715717,1.2303802967071533
EDTRPAS1-46,marginalised,22545.337163812033,0.03158090961969184,1.0083286762237549
EDTRPAS1-46,marginalised,23207.873623343163,0.04086418644658824,0.8412957191467285
EDTRPAS1-46,marginalised,23889.87994296193,0.050564564933591676,0.7253137826919556
EDTRPAS1-46,marginalised,24591.928280541877,0.058427437340685236,0.6563199162483215
EDTRPAS1-46,marginalised,25314.607607874623,0.06199442676339609,0.6302049160003662
EDTRPAS1-46,marginalised,26058.52420477794,0.060289671033473026,0.6428020000457764
EDTRPAS1-46,marginalised,26824.302167724163,0.054501281745446765,0.6898456811904907
EDTRPAS1-46,marginalised,27612.58393341554,0.046866657318408916,0.7669286727905273
EDTRPAS1-46,marginalised,28424.030817745832,0.03923789654756426,0.8694926500320435
EDTRPAS1-46,marginalised,29259.32357060031,0.03257098156532407,0.9928722977638245
EDTRPAS1-46,marginalised,30119.162946959565,0.02713144647468197,1.1323878765106201
EDTRPAS1-46,marginalised,31004.27029478623,0.022837821989624554,1.2834845781326294
EDTRPAS1-46,marginalised,31915.38816018792,0.019492048868422394,1.441888689994812
EDTRPAS1-46,marginalised,32853.28091036391,0.016888511984680395,1.6037533283233643
EDTRPAS1-46,marginalised,33818.73537485832,0.01485248897524852,1.7657643556594849
EDTRPAS1-46,marginalised,34812.56150565769,0.013246968924286884,1.92520272731781
EDTRPAS1-46,marginalised,35835.59305668677,0.011968261927284837,2.0799560546875
EDTRPAS1-46,marginalised,36888.688283272466,0.010939150039577211,2.228464126586914
EDTRPAS1-46,marginalised,37972.73066216294,0.010102461314528247,2.3696236610412598
EDTRPAS1-46,marginalised,39088.62963270576,0.009415838812394462,2.5026865005493164
EDTRPAS1-46,marginalised,40237.32135980688,0.00884788315262227,2.6271352767944336
EDTRPAS1-46,marginalised,41419.76951931071,0.008375171455835042,2.742605209350586
EDTRPAS1-46,marginalised,42636.96610645988,0.007980181535086586,2.8488025665283203
EDTRPAS1-46,marginalised,43889.93226811325,0.007649610779366047,2.945498466491699
EDTRPAS1-46,marginalised,45179.71915942004,0.007373131170732604,3.0325570106506348
EDTRPAS1-46,marginalised,46507.408825669045,0.007142518827778387,3.1099674701690674
EDTRPAS1-46,marginalised,47874.11511005249,0.00695094810629838,3.177910089492798
EDTRPAS1-46,marginalised,49280.984588106316,0.006792614665861954,3.236760139465332
EDTRPAS1-46,marginalised,50729.19752961068,0.006662410744154913,3.2871103286743164
EDTRPAS1-46,marginalised,52219.968888757685,0.0065558411067226955,3.329710006713867
EDTRPAS1-46,marginalised,53754.549323416984,0.006468917533647753,3.365427017211914
EDTRPAS1-46,marginalised,55334.22624435447,0.00639818524009943,3.39516019821167
EDTRPAS1-46,marginalised,56960.324895284124,0.006340631315132107,3.419811248779297
EDTRPAS1-46,marginalised,58634.209464659245,0.006293764208789391,3.4401965141296387
EDTRPAS1-46,marginalised,60357.28423013564,0.006255486052933465,3.4570577144622803
EDTRPAS1-46,marginalised,62130.994736667126,0.006224089500723571,3.4710323810577393
EDTRPAS1-46,marginalised,63956.82900922135,0.00619820371139167,3.482653856277466
EDTRPAS1-46,marginalised,65836.31880113372,0.006176722912124312,3.4923670291900635
EDTRPAS1-46,marginalised,67771.04087914634,0.006158783260779746,3.5005276203155518
EDTRPAS1-46,marginalised,69762.61834621035,0.006143689698849148,3.507427930831909
EDTRPAS1-46,marginalised,71812.72200316114,0.006130904922705646,3.5132977962493896
EDTRPAS1-46,marginalised,73923.07175040896,0.006119997769974697,3.5183234214782715
EDTRPAS1-46,marginalised,76095.4380308208,0.006110630572518199,3.522653102874756
EDTRPAS1-46,marginalised,78331.6433150041,0.006102523238118219,3.5264105796813965
EDTRPAS1-46,marginalised,80633.56363023804,0.0060954682478486935,3.5296878814697266
EDTRPAS1-46,marginalised,83003.13013433565,0.006089289969960218,3.5325639247894287
EDTRPAS1-46,marginalised,85442.3307357564,0.00608385155145566,3.535099983215332
EDTRPAS1-46,marginalised,87953.21176132915,0.0060790368508362586,3.537348508834839
EDTRPAS1-46,marginalised,90537.87967298391,0.006074750869079624,3.539353132247925
EDTRPAS1-46,marginalised,93198.50283493318,0.006070919656746526,3.541146993637085
EDTRPAS1-46,marginalised,95937.31333278507,0.006067477477117912,3.5427606105804443
EDTRPAS1-46,marginalised,98756.60884611437,0.006064366312151438,3.5442209243774414
EDTRPAS1-46,marginalised,101658.75457606281,0.006061552723662452,3.5455422401428223
EDTRPAS1-46,marginalised,104646.18522958516,0.0060589940031029865,3.5467453002929688
EDTRPAS1-46,marginalised,107721.40706200618,0.006056660338500423,3.5478429794311523
EDTRPAS1-46,marginalised,110886.99997960198,0.0060545181300783995,3.548851728439331
EDTRPAS1-46,marginalised,114145.6197039695,0.006052550448230778,3.549778938293457
EDTRPAS1-46,marginalised,117499.99999999996,0.0060507366311956115,3.5506339073181152
EDTRPAS1-30,marginalised,149.99999999999997,0.0054830695845055925,10.951361656188965
EDTRPAS1-30,marginalised,154.4080276204157,0.0054850577647758084,10.941047668457031
EDTRPAS1-30,marginalised,158.9455932908471,0.005486838760600205,10.932579040527344
EDTRPAS1-30,marginalised,163.61650372664326,0.005488529015980175,10.925483703613281
EDTRPAS1-30,marginalised,168.42467751052925,0.0054902883032511415,10.919297218322754
EDTRPAS1-30,marginalised,173.3741483800361,0.005492313378610083,10.91356372833252
EDTRPAS1-30,marginalised,178.46906861153784,0.005494785582030322,10.907889366149902
EDTRPAS1-30,marginalised,183.7137125037347,0.005497860690036387,10.901938438415527
EDTRPAS1-30,marginalised,189.11247996350525,0.00550161008893344,10.89553165435791
EDTRPAS1-30,marginalised,194.66990019713492,0.005506016960774294,10.888596534729004
EDTRPAS1-30,marginalised,200.39063551001857,0.005510957315165659,10.881240844726562
EDTRPAS1-30,marginalised,206.2794852180241,0.005516179047871571,10.873729705810547
EDTRPAS1-30,marginalised,212.34138967379872,0.005521373108036279,10.866442680358887
EDTRPAS1-30,marginalised,218.58143441139583,0.005526170583184556,10.85980224609375
EDTRPAS1-30,marginalised,225.00485441269933,0.005530213475255867,10.85424518585205
EDTRPAS1-30,marginalised,231.6170384992247,0.005533218182446316,10.850118637084961
EDTRPAS1-30,marginalised,238.42353385298122,0.005535003436362642,10.847625732421875
EDTRPAS1-30,marginalised,245.43005067018836,0.005535553391353166,10.84677505493164
EDTRPAS1-30,marginalised,252.64246695174987,0.005535006098958014,10.847380638122559
EDTRPAS1-30,marginalised,260.0668334345051,0.005533662134694696,10.849038124084473
EDTRPAS1-30,marginalised,267.70937866739416,0.005531971539986417,10.85116195678711
EDTRPAS1-30,marginalised,275.5765142367956,0.0055304921169950375,10.85303783416748
EDTRPAS1-30,marginalised,283.6748401454202,0.005529818689328401,10.853874206542969
EDTRPAS1-30,marginalised,292.01115034927375,0.005530553171808635,10.852909088134766
EDTRPAS1-30,marginalised,300.59243845733357,0.005533208907426694,10.849461555480957
EDTRPAS1-30,marginalised,309.4259035987206,0.005538186216290887,10.843034744262695
EDTRPAS1-30,marginalised,318.518956462289,0.005545663673728368,10.83339786529541
EDTRPAS1-30,marginalised,327.8792255137008,0.0055556249531596704,10.820602416992188
EDTRPAS1-30,marginalised,337.51456339520024,0.005567780729356416,10.805036544799805
EDTRPAS1-30,marginalised,347.4330535134576,0.005581660511454902,10.787331581115723
EDTRPAS1-30,marginalised,357.643016821009,0.005596612403508217,10.76834487915039
EDTRPAS1-30,marginalised,368.1530187969811,0.005611903037943796,10.749011039733887
EDTRPAS1-30,marginalised,378.97187663295796,0.005626801513550592,10.730260848999023
EDTRPAS1-30,marginalised,390.1086666300171,0.005640673830990739,10.712870597839355
EDTRPAS1-30,marginalised,401.5727318131416,0.005653033579487694,10.697439193725586
EDTRPAS1-30,marginalised,413.3736897693958,0.005663588242191524,10.684304237365723
EDTRPAS1-30,marginalised,425.5214407164403,0.005672229349069659,10.673580169677734
EDTRPAS1-30,marginalised,438.0261758081548,0.005679012606182159,10.665179252624512
EDTRPAS1-30,marginalised,450.89838568433765,0.005684109214637575,10.658882141113281
EDTRPAS1-30,marginalised,464.14886927165384,0.005687757170310017,10.654376983642578
EDTRPAS1-30,marginalised,477.7887428432151,0.0056902271207987555,10.651330947875977
EDTRPAS1-30,marginalised,491.8294493443925,0.0056917762163987105,10.649418830871582
EDTRPAS1-30,marginalised,506.28276799268554,0.005745829678671196,10.583311080932617
EDTRPAS1-30,marginalised,521.1608241597008,0.0057612743990800115,10.56460952758789
EDTRPAS1-30,marginalised,536.4760995435315,0.005778915446775817,10.543346405029297
EDTRPAS1-30,marginalised,552.2414426400701,0.005798680635038901,10.51965045928955
EDTRPAS1-30,marginalised,568.4700795220413,0.005820345359216095,10.493824005126953
EDTRPAS1-30,marginalised,585.1756249347952,0.0058435808837285115,10.466302871704102
EDTRPAS1-30,marginalised,602.3720937181727,0.005868015148006213,10.437554359436035
EDTRPAS1-30,marginalised,620.0739125640218,0.00589329339350077,10.408016204833984
EDTRPAS1-30,marginalised,638.2959321192316,0.005919118595859175,10.37805461883545
EDTRPAS1-30,marginalised,657.0534394444355,0.005945276756851528,10.347920417785645
EDTRPAS1-30,marginalised,676.3621708388371,0.005971620159135822,10.317792892456055
EDTRPAS1-30,marginalised,696.2383250419168,0.005998059502174564,10.287772178649902
EDTRPAS1-30,marginalised,716.6985768230952,0.006024509642189806,10.257953643798828
EDTRPAS1-30,marginalised,737.7600909707543,0.006050883374985962,10.228435516357422
EDTRPAS1-30,marginalised,759.4405366923511,0.006077057250388042,10.199344635009766
EDTRPAS1-30,marginalised,781.758102437706,0.0061028902662114155,10.170830726623535
EDTRPAS1-30,marginalised,804.7315111579009,0.0061282448639933765,10.14303970336914
EDTRPAS1-30,marginalised,828.380036012587,0.00615301413820507,10.116067886352539
EDTRPAS1-30,marginalised,852.7235165388835,0.006177162437583174,10.089942932128906
EDTRPAS1-30,marginalised,877.7823752954265,0.006200726512751278,10.064605712890625
EDTRPAS1-30,marginalised,903.5776349955357,0.006223822958104577,10.039926528930664
EDTRPAS1-30,marginalised,930.1309361438708,0.006246626019646788,10.015705108642578
EDTRPAS1-30,marginalised,957.464555191373,0.0062693306667510685,9.991731643676758
EDTRPAS1-30,marginalised,985.601423223724,0.0062921193149215425,9.967809677124023
EDTRPAS1-30,marginalised,1014.5651451989991,0.006315137200899908,9.943787574768066
EDTRPAS1-30,marginalised,1044.3800197506544,0.00633848026989661,9.919572830200195
EDTRPAS1-30,marginalised,1075.0710595724627,0.006362206983817028,9.895105361938477
EDTRPAS1-30,marginalised,1106.6640124024962,0.006386334296438512,9.870377540588379
EDTRPAS1-30,marginalised,1139.185382623765,0.006410880122284247,9.84537410736084
EDTRPAS1-30,marginalised,1172.6624534996279,0.0064358623402794735,9.820083618164062
EDTRPAS1-30,marginalised,1207.1233100626337,0.0064613067849623885,9.794487953186035
EDTRPAS1-30,marginalised,1242.596862675992,0.006487236628974729,9.768570899963379
EDTRPAS1-30,marginalised,1279.1128712874436,0.006513656589021202,9.742334365844727
EDTRPAS1-30,marginalised,1316.7019703958726,0.006540533372393057,9.715818405151367
EDTRPAS1-30,marginalised,1355.3956947516117,0.00656778877666218,9.689107894897461
EDTRPAS1-30,marginalised,1395.2265058119963,0.006595297502092486,9.662327766418457
EDTRPAS1-30,marginalised,1436.2278189743658,0.006622903131457645,9.635631561279297
EDTRPAS1-30,marginalised,1478.4340316093555,0.006650442372398222,9.609174728393555
EDTRPAS1-30,marginalised,1521.880551918,0.006677754581830327,9.583108901977539
EDTRPAS1-30,marginalised,1566.603828636854,0.006704724082767143,9.557536125183105
EDTRPAS1-30,marginalised,1612.6413816160562,0.006731268492107648,9.532523155212402
EDTRPAS1-30,marginalised,1660.0318332959828,0.006757349524334518,9.508097648620605
EDTRPAS1-30,marginalised,1708.8149411089032,0.006782967595003181,9.48425006866455
EDTRPAS1-30,marginalised,1759.0316308328177,0.006808139944510218,9.460954666137695
EDTRPAS1-30,marginalised,1810.7240309254578,0.006832897696981311,9.43817138671875
EDTRPAS1-30,marginalised,1863.9355078672575,0.006857262525305153,9.415876388549805
EDTRPAS1-30,marginalised,1918.710702542941,0.006881249092386746,9.394043922424316
EDTRPAS1-30,marginalised,1975.0955676922515,0.006904860207648271,9.37266731262207
EDTRPAS1-30,marginalised,2033.1374064612394,0.006928089656664681,9.351743698120117
EDTRPAS1-30,marginalised,2092.8849120864497,0.006950926646390774,9.331276893615723
EDTRPAS1-30,marginalised,2154.388208745306,0.006973363700507571,9.311264991760254
EDTRPAS1-30,marginalised,2217.698893606955,0.006995394392931883,9.291707038879395
EDTRPAS1-30,marginalised,2282.8700801188543,0.007017021826050254,9.27259349822998
EDTRPAS1-30,marginalised,2349.9564425654185,0.0070382501180889555,9.253914833068848
EDTRPAS1-30,marginalised,2419.014261936101,0.0070590851758828175,9.235657691955566
EDTRPAS1-30,marginalised,2490.101473141394,0.007079522101228571,9.217819213867188
EDTRPAS1-30,marginalised,2563.277713616362,0.00709954004292569,9.200411796569824
EDTRPAS1-30,marginalised,2638.6043733524752,0.0071190947838080665,9.183466911315918
EDTRPAS1-30,marginalised,2716.1446463997254,0.00713811508607961,9.167037010192871
EDTRPAS1-30,marginalised,2795.963583882221,0.007156504894775459,9.151196479797363
EDTRPAS1-30,marginalised,2878.1281485717504,0.007174143411387311,9.136038780212402
EDTRPAS1-30,marginalised,2962.707271065086,0.007190892889577651,9.121672630310059
EDTRPAS1-30,marginalised,3049.7719076121625,0.007206610465966427,9.108206748962402
EDTRPAS1-30,marginalised,3139.3950996436456,0.007221156541195548,9.095748901367188
EDTRPAS1-30,marginalised,3231.652035047826,0.007234405060904693,9.084393501281738
EDTRPAS1-30,marginalised,3326.6201112482495,0.007246237616447874,9.074230194091797
EDTRPAS1-30,marginalised,3424.3790001350017,0.007256555452463568,9.06533145904541
EDTRPAS1-30,marginalised,3525.0107149041132,0.00726527573067945,9.057754516601562
EDTRPAS1-30,marginalised,3628.599678861172,0.0072723292414782585,9.051551818847656
EDTRPAS1-30,marginalised,3735.2327962468503,0.007277658582721888,9.046761512756348
EDTRPAS1-30,marginalised,3844.9995251437763,0.007281216097610408,9.04341983795166
EDTRPAS1-30,marginalised,3957.9919525259043,0.007282962447928871,9.041555404663086
EDTRPAS1-30,marginalised,4074.3048715133536,0.007282862273648081,9.041194915771484
EDTRPAS1-30,marginalised,4194.035860897522,0.007280875166788168,9.042369842529297
EDTRPAS1-30,marginalised,4317.285367003192,0.007276950282495349,9.045124053955078
EDTRPAS1-30,marginalised,4444.1567879563045,0.007271013964329279,9.049521446228027
EDTRPAS1-30,marginalised,4574.756560428101,0.007262970643141732,9.055644035339355
EDTRPAS1-30,marginalised,4709.194248928402,0.007252686912060366,9.063610076904297
EDTRPAS1-30,marginalised,4847.582637722931,0.0072399992859059365,9.073565483093262
EDTRPAS1-30,marginalised,4990.037825451802,0.007224708020184401,9.08569049835205
EDTRPAS1-30,marginalised,5136.679322528541,0.007206586792428961,9.100194931030273
EDTRPAS1-30,marginalised,5287.630151401369,0.00718538852232662,9.11731243133545
EDTRPAS1-30,marginalised,5443.0169497608385,0.007160865025380366,9.137289047241211
EDTRPAS1-30,marginalised,5602.970076780417,0.0071327747700301505,9.16037654876709
EDTRPAS1-30,marginalised,5767.623722479158,0.007100900008633089,9.186821937561035
EDTRPAS1-30,marginalised,5937.116020298179,0.007065059894447522,9.216852188110352
EDTRPAS1-30,marginalised,6111.589162985427,0.007025111887780964,9.250683784484863
EDTRPAS1-30,marginalised,6291.189521885916,0.0069809633750921845,9.28850269317627
EDTRPAS1-30,marginalised,6476.067769737538,0.006932561955111779,9.330477714538574
EDTRPAS1-30,marginalised,6666.379007075453,0.006879903697378144,9.376752853393555
EDTRPAS1-30,marginalised,6862.282892351108,0.006823041886110051,9.427436828613281
EDTRPAS1-30,marginalised,7063.943775875043,0.006762096279730532,9.482593536376953
EDTRPAS1-30,marginalised,7271.53083769585,0.006697268301005177,9.542224884033203
EDTRPAS1-30,marginalised,7485.218229530971,0.00662886050813366,9.606240272521973
EDTRPAS1-30,marginalised,7705.185220868384,0.006557287219367427,9.674445152282715
EDTRPAS1-30,marginalised,7931.616349361765,0.006483058760410853,9.746536254882812
EDTRPAS1-30,marginalised,8164.701575645284,0.006406762961638048,9.822113990783691
EDTRPAS1-30,marginalised,8404.636442697925,0.006329028813073912,9.900702476501465
EDTRPAS1-30,marginalised,8651.622239891027,0.006250478304285123,9.981792449951172
EDTRPAS1-30,marginalised,8905.866171856645,0.006171675458770359,10.064888000488281
EDTRPAS1-30,marginalised,9167.581532318449,0.006093087969584614,10.149553298950195
EDTRPAS1-30,marginalised,9436.987883030935,0.006015062919577082,10.235447883605957
EDTRPAS1-30,marginalised,9714.31123797713,0.005937815925433602,10.322348594665527
EDTRPAS1-30,marginalised,9999.784252979252,0.005861431072276558,10.410161018371582
EDTRPAS1-30,marginalised,10293.646420881458,0.005785876133996895,10.498927116394043
EDTRPAS1-30,marginalised,10596.144272468386,0.005711028462524945,10.588793754577637
EDTRPAS1-30,marginalised,10907.531583288059,0.005636708215790507,10.67999267578125
EDTRPAS1-30,marginalised,11228.069586552665,0.005562708631628315,10.772818565368652
EDTRPAS1-30,marginalised,11558.027192295825,0.005488845270176996,10.867549896240234
EDTRPAS1-30,marginalised,11897.681212970201,0.005414990278157743,10.9644193649292
EDTRPAS1-30,marginalised,12247.316595674696,0.005341112339735712,11.063549995422363
EDTRPAS1-30,marginalised,12607.226661206098,0.005267285706386338,11.1649169921875
EDTRPAS1-30,marginalised,12977.713350135686,0.005193694586888278,11.268342971801758
EDTRPAS1-30,marginalised,13359.087476117262,0.005120591076640162,11.373527526855469
EDTRPAS1-30,marginalised,13751.668986639093,0.005048263575183266,11.480081558227539
EDTRPAS1-30,marginalised,14155.787231438559,0.004976974838010998,11.587618827819824
EDTRPAS1-30,marginalised,14571.781238804624,0.004906917857683259,11.695823669433594
EDTRPAS1-30,marginalised,15000.000000000004,0.0048381829912861815,11.804509162902832
EDTRPAS1-34,marginalised,149.99999999999997,0.006651735120477524,0.24493077397346497
EDTRPAS1-34,marginalised,154.4080276204157,0.006947152808061345,0.23590609431266785
EDTRPAS1-34,marginalised,158.9455932908471,0.007225639184994676,0.22858040034770966
EDTRPAS1-34,marginalised,163.61650372664326,0.007480716963589439,0.22263085842132568
EDTRPAS1-34,marginalised,168.42467751052925,0.007710271425695328,0.217778742313385
EDTRPAS1-34,marginalised,173.3741483800361,0.007915623363098579,0.21378663182258606
EDTRPAS1-34,marginalised,178.46906861153784,0.008100692250720095,0.21044635772705078
EDTRPAS1-34,marginalised,183.7137125037347,0.008269196055550085,0.20760074257850647
EDTRPAS1-34,marginalised,189.11247996350525,0.008425107692609972,0.2051258385181427
EDTRPAS1-34,marginalised,194.66990019713492,0.00857180140989161,0.2029256373643875
EDTRPAS1-34,marginalised,200.39063551001857,0.008709555350979718,0.20096151530742645
EDTRPAS1-34,marginalised,206.2794852180241,0.008838536062005515,0.1992020457983017
EDTRPAS1-34,marginalised,212.34138967379872,0.008956363599615035,0.19765383005142212
EDTRPAS1-34,marginalised,218.58143441139583,0.009059794850701484,0.1963353008031845
EDTRPAS1-34,marginalised,225.00485441269933,0.009145367097904537,0.19526787102222443
EDTRPAS1-34,marginalised,231.6170384992247,0.009209939687767035,0.19447261095046997
EDTRPAS1-34,marginalised,238.42353385298122,0.009252185267020424,0.1939515620470047
EDTRPAS1-34,marginalised,245.43005067018836,0.009272672293183515,0.1936900019645691
EDTRPAS1-34,marginalised,252.64246695174987,0.009273995287722582,0.19365257024765015
EDTRPAS1-34,marginalised,260.0668334345051,0.00926131616763206,0.19377925992012024
EDTRPAS1-34,marginalised,267.70937866739416,0.00924206898723837,0.1939851939678192
EDTRPAS1-34,marginalised,275.5765142367956,0.009224458268565593,0.19417622685432434
EDTRPAS1-34,marginalised,283.6748401454202,0.009217239266549094,0.1942524015903473
EDTRPAS1-34,marginalised,292.01115034927375,0.009229847266891111,0.19410403072834015
EDTRPAS1-34,marginalised,300.59243845733357,0.009269421123880385,0.19365301728248596
EDTRPAS1-34,marginalised,309.4259035987206,0.009342157452720328,0.1928352266550064
EDTRPAS1-34,marginalised,318.518956462289,0.009451651387751291,0.1916235387325287
EDTRPAS1-34,marginalised,327.8792255137008,0.009597501453277597,0.1900443732738495
EDTRPAS1-34,marginalised,337.51456339520024,0.009776746293005378,0.18815380334854126
EDTRPAS1-34,marginalised,347.4330535134576,0.009982179912780149,0.18605275452136993
EDTRPAS1-34,marginalised,357.643016821009,0.010204844805558416,0.18384949862957
EDTRPAS1-34,marginalised,368.1530187969811,0.010434157050072664,0.181655615568161
EDTRPAS1-34,marginalised,378.97187663295796,0.010657971778972576,0.1795855164527893
EDTRPAS1-34,marginalised,390.1086666300171,0.01086667720185435,0.1777145117521286
EDTRPAS1-34,marginalised,401.5727318131416,0.011052723226759466,0.17609253525733948
EDTRPAS1-34,marginalised,413.3736897693958,0.011211418426097013,0.1747417449951172
EDTRPAS1-34,marginalised,425.5214407164403,0.011341156553019637,0.1736590415239334
EDTRPAS1-34,marginalised,438.0261758081548,0.011442776645403642,0.17282415926456451
EDTRPAS1-34,marginalised,450.89838568433765,0.011519007051049853,0.17220526933670044
EDTRPAS1-34,marginalised,464.14886927165384,0.011573512564639895,0.17176659405231476
EDTRPAS1-34,marginalised,477.7887428432151,0.011610362999196103,0.17147177457809448
EDTRPAS1-34,marginalised,491.8294493443925,0.01163343361387953,0.17128795385360718
EDTRPAS1-34,marginalised,506.28276799268554,0.012424847482264833,0.16530054807662964
EDTRPAS1-34,marginalised,521.1608241597008,0.012644131944791366,0.16374333202838898
EDTRPAS1-34,marginalised,536.4760995435315,0.012889459873109715,0.1620490401983261
EDTRPAS1-34,marginalised,552.2414426400701,0.013156782750291505,0.16025756299495697
EDTRPAS1-34,marginalised,568.4700795220413,0.013439017473180988,0.15842479467391968
EDTRPAS1-34,marginalised,585.1756249347952,0.013727212492218248,0.15661200881004333
EDTRPAS1-34,marginalised,602.3720937181727,0.01401158667876474,0.15487807989120483
EDTRPAS1-34,marginalised,620.0739125640218,0.01428290277658976,0.15327157080173492
EDTRPAS1-34,marginalised,638.2959321192316,0.014533107046778524,0.15182892978191376
EDTRPAS1-34,marginalised,657.0534394444355,0.014755735882540493,0.15057453513145447
EDTRPAS1-34,marginalised,676.3621708388371,0.014945697870100055,0.14952410757541656
EDTRPAS1-34,marginalised,696.2383250419168,0.015099057531288994,0.148687481880188
EDTRPAS1-34,marginalised,716.6985768230952,0.015212713281578564,0.14807145297527313
EDTRPAS1-34,marginalised,737.7600909707543,0.01528440225372423,0.14768047630786896
EDTRPAS1-34,marginalised,759.4405366923511,0.015312897257390509,0.1475161761045456
EDTRPAS1-34,marginalised,781.758102437706,0.01529831245073885,0.14757603406906128
EDTRPAS1-34,marginalised,804.7315111579009,0.015242192470314234,0.14785292744636536
EDTRPAS1-34,marginalised,828.380036012587,0.015147315823275411,0.148335799574852
EDTRPAS1-34,marginalised,852.7235165388835,0.015017102806611804,0.14901214838027954
EDTRPAS1-34,marginalised,877.7823752954265,0.014854834797675515,0.1498716175556183
EDTRPAS1-34,marginalised,903.5776349955357,0.014663122343815931,0.15090852975845337
EDTRPAS1-34,marginalised,930.1309361438708,0.01444331147392014,0.15212532877922058
EDTRPAS1-34,marginalised,957.464555191373,0.014195882035430821,0.15353094041347504
EDTRPAS1-34,marginalised,985.601423223724,0.01392054812828866,0.15514105558395386
EDTRPAS1-34,marginalised,1014.5651451989991,0.013617058476754762,0.1569741815328598
EDTRPAS1-34,marginalised,1044.3800197506544,0.013285453486514812,0.15905070304870605
EDTRPAS1-34,marginalised,1075.0710595724627,0.0129263890855957,0.16139107942581177
EDTRPAS1-34,marginalised,1106.6640124024962,0.01254119023591953,0.1640155017375946
EDTRPAS1-34,marginalised,1139.185382623765,0.012131576212693082,0.16694557666778564
EDTRPAS1-34,marginalised,1172.6624534996279,0.011699633267747972,0.17020449042320251
EDTRPAS1-34,marginalised,1207.1233100626337,0.011247342363723989,0.17382103204727173
EDTRPAS1-34,marginalised,1242.596862675992,0.010777109049741308,0.17782588303089142
EDTRPAS1-34,marginalised,1279.1128712874436,0.01029192220565465,0.1822499930858612
EDTRPAS1-34,marginalised,1316.7019703958726,0.009795577301327517,0.18712100386619568
EDTRPAS1-34,marginalised,1355.3956947516117,0.00929289336647575,0.19245804846286774
EDTRPAS1-34,marginalised,1395.2265058119963,0.008789393643552839,0.1982700675725937
EDTRPAS1-34,marginalised,1436.2278189743658,0.008291034980307284,0.20455269515514374
EDTRPAS1-34,marginalised,1478.4340316093555,0.007803336859448371,0.2112937569618225
EDTRPAS1-34,marginalised,1521.880551918,0.007331232368592857,0.21847140789031982
EDTRPAS1-34,marginalised,1566.603828636854,0.006878075565069358,0.22606921195983887
EDTRPAS1-34,marginalised,1612.6413816160562,0.006446126621084294,0.23407168686389923
EDTRPAS1-34,marginalised,1660.0318332959828,0.006036312313743828,0.24247416853904724
EDTRPAS1-34,marginalised,1708.8149411089032,0.005648560280528012,0.25128382444381714
EDTRPAS1-34,marginalised,1759.0316308328177,0.005282341681973555,0.26051396131515503
EDTRPAS1-34,marginalised,1810.7240309254578,0.004936742957813517,0.2701870799064636
EDTRPAS1-34,marginalised,1863.9355078672575,0.004610805761339689,0.28032881021499634
EDTRPAS1-34,marginalised,1918.710702542941,0.004303679525575681,0.29096391797065735
EDTRPAS1-34,marginalised,1975.0955676922515,0.004014578386364206,0.30211615562438965
EDTRPAS1-34,marginalised,2033.1374064612394,0.0037427351706592013,0.31380969285964966
EDTRPAS1-34,marginalised,2092.8849120864497,0.0034873903504926682,0.32606977224349976
EDTRPAS1-34,marginalised,2154.388208745306,0.003247701951779572,0.3389270305633545
EDTRPAS1-34,marginalised,2217.698893606955,0.0030227884869210788,0.3524184823036194
EDTRPAS1-34,marginalised,2282.8700801188543,0.0028117153063252553,0.366591215133667
EDTRPAS1-34,marginalised,2349.9564425654185,0.002613484952418799,0.3815078139305115
EDTRPAS1-34,marginalised,2419.014261936101,0.0024271677841053918,0.3972407281398773
EDTRPAS1-34,marginalised,2490.101473141394,0.0022519153265243568,0.41387253999710083
EDTRPAS1-34,marginalised,2563.277713616362,0.0020870281876353095,0.4314904808998108
EDTRPAS1-34,marginalised,2638.6043733524752,0.0019319609118439176,0.4501798748970032
EDTRPAS1-34,marginalised,2716.1446463997254,0.0017863292059121414,0.47001779079437256
EDTRPAS1-34,marginalised,2795.963583882221,0.0016498575765412507,0.4910699725151062
EDTRPAS1-34,marginalised,2878.1281485717504,0.0015223943309900074,0.5133755207061768
EDTRPAS1-34,marginalised,2962.707271065086,0.0014037653521969706,0.5369606018066406
EDTRPAS1-34,marginalised,3049.7719076121625,0.0012937968364884387,0.5618273615837097
EDTRPAS1-34,marginalised,3139.3950996436456,0.0011922370006617019,0.5879656076431274
EDTRPAS1-34,marginalised,3231.652035047826,0.001098757588627099,0.6153557896614075
EDTRPAS1-34,marginalised,3326.6201112482495,0.001012953893287087,0.6439744234085083
EDTRPAS1-34,marginalised,3424.3790001350017,0.0009343697795055683,0.6737959384918213
EDTRPAS1-34,marginalised,3525.0107149041132,0.0008625100856468425,0.704797625541687
EDTRPAS1-34,marginalised,3628.599678861172,0.0007968702019546842,0.7369579076766968
EDTRPAS1-34,marginalised,3735.2327962468503,0.0007369424874016388,0.7702617049217224
EDTRPAS1-34,marginalised,3844.9995251437763,0.000682228656708893,0.8047025203704834
EDTRPAS1-34,marginalised,3957.9919525259043,0.0006322406634692176,0.840292751789093
EDTRPAS1-34,marginalised,4074.3048715133536,0.0005865113699271362,0.8770642876625061
EDTRPAS1-34,marginalised,4194.035860897522,0.0005445908740534052,0.9150850176811218
EDTRPAS1-34,marginalised,4317.285367003192,0.0005060531324695423,0.9544644951820374
EDTRPAS1-34,marginalised,4444.1567879563045,0.00047051020455807013,0.9953468441963196
EDTRPAS1-34,marginalised,4574.756560428101,0.0004376067540452001,1.0379266738891602
EDTRPAS1-34,marginalised,4709.194248928402,0.0004070319645632074,1.0824371576309204
EDTRPAS1-34,marginalised,4847.582637722931,0.00037852598708344336,1.1291347742080688
EDTRPAS1-34,marginalised,4990.037825451802,0.0003518737280170434,1.1782982349395752
EDTRPAS1-34,marginalised,5136.679322528541,0.0003269033565786627,1.2302188873291016
EDTRPAS1-34,marginalised,5287.630151401369,0.0003034909268992617,1.2851603031158447
EDTRPAS1-34,marginalised,5443.0169497608385,0.0002815422718395763,1.3433732986450195
EDTRPAS1-34,marginalised,5602.970076780417,0.0002609913215763137,1.405063509941101
EDTRPAS1-34,marginalised,5767.623722479158,0.0002417885945112126,1.4703888893127441
EDTRPAS1-34,marginalised,5937.116020298179,0.00022389136158450674,1.539463996887207
EDTRPAS1-34,marginalised,6111.589162985427,0.00020725751752314166,1.6123610734939575
EDTRPAS1-34,marginalised,6291.189521885916,0.0001918403476693452,1.6891182661056519
EDTRPAS1-34,marginalised,6476.067769737538,0.00017758737680337726,1.7697466611862183
EDTRPAS1-34,marginalised,6666.379007075453,0.00016444109501732884,1.8542331457138062
EDTRPAS1-34,marginalised,6862.282892351108,0.0001523410499342986,1.9425327777862549
EDTRPAS1-34,marginalised,7063.943775875043,0.0001412271538820886,2.0345499515533447
EDTRPAS1-34,marginalised,7271.53083769585,0.00013104164192402436,2.130115509033203
EDTRPAS1-34,marginalised,7485.218229530971,0.00012173023296953661,2.2289600372314453
EDTRPAS1-34,marginalised,7705.185220868384,0.00011324092072423174,2.330713987350464
EDTRPAS1-34,marginalised,7931.616349361765,0.00010552319902533012,2.434901237487793
EDTRPAS1-34,marginalised,8164.701575645284,9.852648468446755e-05,2.5409648418426514
EDTRPAS1-34,marginalised,8404.636442697925,9.21989614040091e-05,2.648301601409912
EDTRPAS1-34,marginalised,8651.622239891027,8.648643468645504e-05,2.75632905960083
EDTRPAS1-34,marginalised,8905.866171856645,8.133335956887659e-05,2.864518880844116
EDTRPAS1-34,marginalised,9167.581532318449,7.668346020059645e-05,2.9724504947662354
EDTRPAS1-34,marginalised,9436.987883030935,7.24809669027e-05,3.079841136932373
EDTRPAS1-34,marginalised,9714.31123797713,6.867223919135075e-05,3.1865572929382324
EDTRPAS1-34,marginalised,9999.784252979252,6.520669860914562e-05,3.2926197052001953
EDTRPAS1-34,marginalised,10293.646420881458,6.203781737068267e-05,3.398186445236206
EDTRPAS1-34,marginalised,10596.144272468386,5.912381345238925e-05,3.503532886505127
EDTRPAS1-34,marginalised,10907.531583288059,5.642826515845566e-05,3.609003782272339
EDTRPAS1-34,marginalised,11228.069586552665,5.3920162968837134e-05,3.714986562728882
EDTRPAS1-34,marginalised,11558.027192295825,5.1574362669694194e-05,3.8218445777893066
EDTRPAS1-34,marginalised,11897.681212970201,4.937159130819202e-05,3.9298455715179443
EDTRPAS1-34,marginalised,12247.316595674696,4.7297726913104164e-05,4.03914737701416
EDTRPAS1-34,marginalised,12607.226661206098,4.5343489384095534e-05,4.1497297286987305
EDTRPAS1-34,marginalised,12977.713350135686,4.350284671227299e-05,4.261415481567383
EDTRPAS1-34,marginalised,13359.087476117262,4.17719417816835e-05,4.373887062072754
EDTRPAS1-34,marginalised,13751.668986639093,4.0147374652544706e-05,4.486765384674072
EDTRPAS1-34,marginalised,14155.787231438559,3.862525234514803e-05,4.599669933319092
EDTRPAS1-34,marginalised,14571.781238804624,3.7200318891218495e-05,4.712306976318359
EDTRPAS1-34,marginalised,15000.000000000004,3.586576925816994e-05,4.824533462524414
EDTRPAS1-43,marginalised,49.99999999999999,1.1438324934953917e-14,2928.6748046875
EDTRPAS1-43,marginalised,51.46934254013858,1.0383492624123235e-14,2939.31396484375
EDTRPAS1-43,marginalised,52.98186443028238,9.999687251890609e-15,2943.6044921875
EDTRPAS1-43,marginalised,54.53883457554776,1.025385477089927e-14,2940.734619140625
EDTRPAS1-43,marginalised,56.14155917017645,1.1228522108360507e-14,2930.665771484375
EDTRPAS1-43,marginalised,57.791382793345406,1.3166535318663901e-14,2914.151123046875
EDTRPAS1-43,marginalised,59.48968953717931,1.6586099686889318e-14,2892.61572265625
EDTRPAS1-43,marginalised,61.23790416791161,2.2548339464610976e-14,2867.909912109375
EDTRPAS1-43,marginalised,63.037493321168455,3.331849041597967e-14,2842.010986328125
EDTRPAS1-43,marginalised,64.88996673237834,5.436423618013318e-14,2816.736572265625
EDTRPAS1-43,marginalised,66.79687850333957,1.028585215962408e-13,2793.53076171875
EDTRPAS1-43,marginalised,68.75982840600807,2.77315712429963e-13,2773.34375
EDTRPAS1-43,marginalised,70.78046322459961,9.323567534379205e-11,2080.054443359375
EDTRPAS1-43,marginalised,72.86047813713198,8.739280500769659e-05,61.3201904296875
EDTRPAS1-43,marginalised,75.00161813756648,0.0013442271185072103,14.594106674194336
EDTRPAS1-43,marginalised,77.2056794997416,0.003170410388774122,7.120918273925781
EDTRPAS1-43,marginalised,79.47451128432712,0.004771088022926359,4.875175952911377
EDTRPAS1-43,marginalised,81.81001689006284,0.005668408593473095,4.1075215339660645
EDTRPAS1-43,marginalised,84.21415565058334,0.006116156170164835,3.7832884788513184
EDTRPAS1-43,marginalised,86.68894447816842,0.006297777758323499,3.628164291381836
EDTRPAS1-43,marginalised,89.23645955579812,0.006285191027747464,3.5709590911865234
EDTRPAS1-43,marginalised,91.85883807893192,0.0064122016815900615,3.54061222076416
EDTRPAS1-43,marginalised,94.55828004847345,0.006434371257907759,3.532855987548828
EDTRPAS1-43,marginalised,97.33705011642465,0.006411699836946287,3.6822316646575928
EDTRPAS1-43,marginalised,100.19747948577792,0.0063971429605901835,3.5515079498291016
EDTRPAS1-43,marginalised,103.14196786624025,0.006394629548523157,3.481283187866211
EDTRPAS1-43,marginalised,106.17298548742973,0.006399766981420162,3.4452908039093018
EDTRPAS1-43,marginalised,109.29307517123365,0.0064091832607930275,3.427372932434082
EDTRPAS1-43,marginalised,112.50485446506681,0.006420995775361735,3.4198901653289795
EDTRPAS1-43,marginalised,115.81101783781926,0.006434120114306975,3.4187490940093994
EDTRPAS1-43,marginalised,119.21433894033639,0.006447909007929465,3.4214744567871094
EDTRPAS1-43,marginalised,122.7176729323271,0.006461870655797658,3.426440715789795
EDTRPAS1-43,marginalised,126.32395887765273,0.006475628305390026,3.4325461387634277
EDTRPAS1-43,marginalised,130.03622221000577,0.006488878151315994,3.4390499591827393
EDTRPAS1-43,marginalised,133.8575772710473,0.006501346234538223,3.4454734325408936
EDTRPAS1-43,marginalised,137.79122992313202,0.006512820080225192,3.4515380859375
EDTRPAS1-43,marginalised,141.8404802388135,0.006523160726933298,3.4570889472961426
EDTRPAS1-43,marginalised,146.008725269385,0.006532253804929379,3.462066888809204
EDTRPAS1-43,marginalised,150.29946189477928,0.006540127461023509,3.4664509296417236
EDTRPAS1-43,marginalised,154.71628975721805,0.006546866207035713,3.470248222351074
EDTRPAS1-43,marginalised,159.2629142810718,0.0065526432381491665,3.4734630584716797
EDTRPAS1-43,marginalised,163.94314978146426,0.006557694137108062,3.476097822189331
EDTRPAS1-43,marginalised,168.76092266422862,0.006562337273564684,3.478142738342285
EDTRPAS1-43,marginalised,173.72027471990037,0.006566875968913054,3.4795801639556885
EDTRPAS1-43,marginalised,178.8253665145106,0.0065716212830599,3.4803969860076904
EDTRPAS1-43,marginalised,184.0804808800235,0.006576834889301161,3.4805920124053955
EDTRPAS1-43,marginalised,189.49002650734718,0.00658264241324757,3.480191230773926
EDTRPAS1-43,marginalised,195.05854164493184,0.006589084846051943,3.4792606830596924
EDTRPAS1-43,marginalised,200.7906979060577,0.006595986296413394,3.4779040813446045
EDTRPAS1-43,marginalised,206.6913041880074,0.006603101102818042,3.4762675762176514
EDTRPAS1-43,marginalised,212.76531070641065,0.006610027070793077,3.4745256900787354
EDTRPAS1-43,marginalised,219.0178131481453,0.006616314913006965,3.4728615283966064
EDTRPAS1-43,marginalised,225.45405694627917,0.0066215584975846745,3.4714462757110596
EDTRPAS1-43,marginalised,232.07944168063906,0.006625425762176708,3.4704086780548096
EDTRPAS1-43,marginalised,238.89952560769854,0.006627712199507818,3.469843864440918
EDTRPAS1-43,marginalised,245.9200303235849,0.006628419665330813,3.4697623252868652
EDTRPAS1-43,marginalised,253.14684556411717,0.006627725070535784,3.470109701156616
EDTRPAS1-43,marginalised,260.58603414590215,0.006626045872348699,3.47076416015625
EDTRPAS1-43,marginalised,268.24383705263375,0.006623966579549013,3.4715309143066406
EDTRPAS1-43,marginalised,276.1266786708625,0.00662217685441555,3.472181797027588
EDTRPAS1-43,marginalised,284.241172179628,0.006621440494309307,3.472465991973877
EDTRPAS1-43,marginalised,292.5941250984757,0.006622497653624042,3.4721267223358154
EDTRPAS1-43,marginalised,301.19254499851206,0.006626019997847998,3.4709513187408447
EDTRPAS1-43,marginalised,310.04364538129045,0.006632464196379122,3.468784809112549
EDTRPAS1-43,marginalised,319.1548517304579,0.006642035693292004,3.4655678272247314
EDTRPAS1-43,marginalised,328.53380774124156,0.006654656881220183,3.4613289833068848
EDTRPAS1-43,marginalised,338.18838173299986,0.006669938243968884,3.4562158584594727
EDTRPAS1-43,marginalised,348.12667325021835,0.006687226815643648,3.4504482746124268
EDTRPAS1-43,marginalised,358.3570198574877,0.006705690695011393,3.4443166255950928
EDTRPAS1-43,marginalised,368.8880041341656,0.006724410666473642,3.438136577606201
EDTRPAS1-43,marginalised,379.72846087458856,0.006742489638795227,3.4321892261505127
EDTRPAS1-43,marginalised,390.8874844998762,0.006759181822767896,3.4267234802246094
EDTRPAS1-43,marginalised,402.3744366875448,0.0067739355895632,3.421912670135498
EDTRPAS1-43,marginalised,414.19895422533097,0.006786444183703676,3.4178473949432373
EDTRPAS1-43,marginalised,426.3709570958148,0.006796617098963803,3.414551258087158
EDTRPAS1-43,marginalised,438.9006567986245,0.006804557679696154,3.411984443664551
EDTRPAS1-43,marginalised,451.79856491720415,0.006810489613541089,3.4100699424743652
EDTRPAS1-43,marginalised,465.0755019373324,0.006814716445418361,3.4087073802948
EDTRPAS1-43,marginalised,478.7426063247889,0.006817560224843656,3.407792091369629
EDTRPAS1-43,marginalised,492.8113438697855,0.006819334519149116,3.4072208404541016
EDTRPAS1-43,marginalised,507.2935173060003,0.006883445255575413,3.386763334274292
EDTRPAS1-43,marginalised,522.2012762122849,0.006901337465170943,3.3811137676239014
EDTRPAS1-43,marginalised,537.5471272053524,0.006921588227615654,3.374751329421997
EDTRPAS1-43,marginalised,553.3439444319946,0.006944030610355048,3.3677380084991455
EDTRPAS1-43,marginalised,569.6049803696347,0.006968328012307018,3.3601906299591064
EDTRPAS1-43,marginalised,586.3438769442729,0.006994035660296183,3.352255344390869
EDTRPAS1-43,marginalised,603.5746769751529,0.007020677510541951,3.344087839126587
EDTRPAS1-43,marginalised,621.3118359557528,0.007047815045278569,3.3358256816864014
EDTRPAS1-43,marginalised,639.5702341809807,0.007075088855833776,3.3275790214538574
EDTRPAS1-43,marginalised,658.365189230751,0.00710224352344701,3.319427490234375
EDTRPAS1-43,marginalised,677.7124688204135,0.00712910608644603,3.3114185333251953
EDTRPAS1-43,marginalised,697.6283040288171,0.007155560052142568,3.3035874366760254
EDTRPAS1-43,marginalised,718.1294029151026,0.0071815085764008165,3.2959585189819336
EDTRPAS1-43,marginalised,739.2329645356522,0.007206844878017624,3.2885594367980957
EDTRPAS1-43,marginalised,760.9566933729519,0.007231443940154316,3.281423807144165
EDTRPAS1-43,marginalised,783.3188141884733,0.007255172167873887,3.274585723876953
EDTRPAS1-43,marginalised,806.338087312034,0.0072779141481368465,3.268073797225952
EDTRPAS1-43,marginalised,830.033824380465,0.007299597341354534,3.2619025707244873
EDTRPAS1-43,marginalised,854.4259045387877,0.007320214616798274,3.2560698986053467
EDTRPAS1-43,marginalised,879.5347911174923,0.0073398268056897135,3.2505528926849365
EDTRPAS1-43,marginalised,905.381548799909,0.007358557013347335,3.245314598083496
EDTRPAS1-43,marginalised,931.9878612940743,0.007376556015180724,3.2403085231781006
EDTRPAS1-43,marginalised,959.3760495239175,0.007393974452986527,3.2354910373687744
EDTRPAS1-43,marginalised,987.5690903550293,0.0074109375794223975,3.2308244705200195
EDTRPAS1-43,marginalised,1016.5906358707215,0.0074275226969792016,3.226287364959717
EDTRPAS1-43,marginalised,1046.465033214549,0.007443761468782363,3.2218706607818604
EDTRPAS1-43,marginalised,1077.2173450159426,0.007459641432169725,3.2175769805908203
EDTRPAS1-43,marginalised,1108.8733704160838,0.007475125511028202,3.2134158611297607
EDTRPAS1-43,marginalised,1141.4596667116678,0.007490162366328146,3.2094011306762695
EDTRPAS1-43,marginalised,1175.0035716347052,0.00750470243901302,3.20554518699646
EDTRPAS1-43,marginalised,1209.533226287058,0.007518689559834956,3.2018630504608154
EDTRPAS1-43,marginalised,1245.0775987489508,0.007532055787989361,3.1983728408813477
EDTRPAS1-43,marginalised,1281.6665083812595,0.0075447131943568654,3.1950974464416504
EDTRPAS1-43,marginalised,1319.330650841969,0.007556552774683581,3.1920652389526367
EDTRPAS1-43,marginalised,1358.1016238377854,0.007567441977108339,3.1893110275268555
EDTRPAS1-43,marginalised,1398.0119536325083,0.007577237521314055,3.186870813369751
EDTRPAS1-43,marginalised,1439.0951223343982,0.007585806089247211,3.184778928756714
EDTRPAS1-43,marginalised,1481.3855959854354,0.007593030475460596,3.1830639839172363
EDTRPAS1-43,marginalised,1524.9188534760344,0.007598823930362623,3.1817467212677
EDTRPAS1-43,marginalised,1569.7314163094684,0.0076031324324297355,3.1808395385742188
EDTRPAS1-43,marginalised,1615.8608792409782,0.007605926037861193,3.1803486347198486
EDTRPAS1-43,marginalised,1663.345941817268,0.007607193180015818,3.18027663230896
EDTRPAS1-43,marginalised,1712.226440842848,0.007606924977795626,3.1806256771087646
EDTRPAS1-43,marginalised,1762.5433838004574,0.007605107758767248,3.181399345397949
EDTRPAS1-43,marginalised,1814.3389832536138,0.007601720904915879,3.182605028152466
EDTRPAS1-43,marginalised,1867.6566922601403,0.007596733748256348,3.1842525005340576
EDTRPAS1-43,marginalised,1922.541240826387,0.0075901050928253375,3.186354637145996
EDTRPAS1-43,marginalised,1979.0386734327274,0.007581790885154282,3.1889259815216064
EDTRPAS1-43,marginalised,2037.1963876618101,0.007571742525744931,3.1919829845428467
EDTRPAS1-43,marginalised,2097.063173961973,0.00755990778880281,3.1955432891845703
EDTRPAS1-43,marginalised,2158.6892565791804,0.0075462247303239695,3.1996281147003174
EDTRPAS1-43,marginalised,2222.126335691819,0.007530619601884346,3.20426344871521
EDTRPAS1-43,marginalised,2287.427630783704,0.007513000936054315,3.2094812393188477
EDTRPAS1-43,marginalised,2354.6479252916824,0.007493255226026269,3.215319871902466
EDTRPAS1-43,marginalised,2423.8436125652847,0.0074712388124231165,3.221829891204834
EDTRPAS1-43,marginalised,2495.072743176992,0.007446791992039702,3.2290663719177246
EDTRPAS1-43,marginalised,2568.395073622796,0.007419732053696543,3.2370941638946533
EDTRPAS1-43,marginalised,2643.8721164539234,0.007389879098910515,3.2459795475006104
EDTRPAS1-43,marginalised,2721.5671918817625,0.007357064012912214,3.255788803100586
EDTRPAS1-43,marginalised,2801.5454808993104,0.007321143417307812,3.266582489013672
EDTRPAS1-43,marginalised,2883.8740799636776,0.007282019253270227,3.2784135341644287
EDTRPAS1-43,marginalised,2968.6220572855505,0.007239641068265063,3.2913222312927246
EDTRPAS1-43,marginalised,3055.860510772818,0.007194008924603313,3.3053383827209473
EDTRPAS1-43,marginalised,3145.6626276769803,0.007145172850781665,3.3204774856567383
EDTRPAS1-43,marginalised,3238.1037459923787,0.0070932132929199445,3.3367505073547363
EDTRPAS1-43,marginalised,3333.2614176597526,0.007038238277751882,3.3541605472564697
EDTRPAS1-43,marginalised,3431.215473627155,0.006980374031022932,3.372709274291992
EDTRPAS1-43,marginalised,3532.0480908227973,0.006919756555601002,3.392393112182617
EDTRPAS1-43,marginalised,3635.8438610960216,0.006856529022312702,3.413210391998291
EDTRPAS1-43,marginalised,3742.689862184224,0.006790828017022489,3.4351603984832764
EDTRPAS1-43,marginalised,3852.6757307652774,0.006722783761547521,3.458249092102051
EDTRPAS1-43,marginalised,3965.893737656736,0.006652495555070195,3.4824883937835693
EDTRPAS1-43,marginalised,4082.438865224901,0.006580019665750039,3.507913112640381
EDTRPAS1-43,marginalised,4202.408887068701,0.006505351256593282,3.5345778465270996
EDTRPAS1-43,marginalised,4325.904450045231,0.00642841630494739,3.562570810317993
EDTRPAS1-43,marginalised,4453.029158705756,0.0063490700072506385,3.5920114517211914
EDTRPAS1-43,marginalised,4583.889662213034,0.00626709938179441,3.623054265975952
EDTRPAS1-43,marginalised,4718.595743812856,0.0061822411650370845,3.655890703201294
EDTRPAS1-43,marginalised,4857.260412934877,0.006094205793401318,3.6907382011413574
EDTRPAS1-43,marginalised,5000.000000000004,0.006002703416497679,3.727835178375244
EDTRPAS1-04/EDTRETN1-01,marginalised,249.9999999999999,0.006498278454870551,40.540409088134766
EDTRPAS1-04/EDTRETN1-01,marginalised,257.3467127006928,0.006498180540891912,40.54084396362305
EDTRPAS1-04/EDTRETN1-01,marginalised,264.9093221514118,0.006498052750227456,40.541385650634766
EDTRPAS1-04/EDTRETN1-01,marginalised,272.6941728777387,0.006497925562685119,40.541900634765625
EDTRPAS1-04/EDTRETN1-01,marginalised,280.70779585088206,0.006497844210489618,40.5422477722168
EDTRPAS1-04/EDTRETN1-01,marginalised,288.9569139667268,0.0064978488151870035,40.54224395751953
EDTRPAS1-04/EDTRETN1-01,marginalised,297.4484476858963,0.006497976118329476,40.541751861572266
EDTRPAS1-04/EDTRETN1-01,marginalised,306.1895208395578,0.006498259284015889,40.5406608581543
EDTRPAS1-04/EDTRETN1-01,marginalised,315.187466605842,0.0064987083134590016,40.53890609741211
EDTRPAS1-04/EDTRETN1-01,marginalised,324.4498336618915,0.006499335035913604,40.53648376464844
EDTRPAS1-04/EDTRETN1-01,marginalised,333.9843925166976,0.006500107251882723,40.53346252441406
EDTRPAS1-04/EDTRETN1-01,marginalised,343.7991420300401,0.006501003377663571,40.52997970581055
EDTRPAS1-04/EDTRETN1-01,marginalised,353.9023161229978,0.006501975655792635,40.52619934082031
EDTRPAS1-04/EDTRETN1-01,marginalised,364.30239068565965,0.006502973303602727,40.52233123779297
EDTRPAS1-04/EDTRETN1-01,marginalised,375.0080906878322,0.006503941547029841,40.518550872802734
EDTRPAS1-04/EDTRETN1-01,marginalised,386.02839749870776,0.006504846481814045,40.51503372192383
EDTRPAS1-04/EDTRETN1-01,marginalised,397.3725564216353,0.006505654014756128,40.511898040771484
EDTRPAS1-04/EDTRETN1-01,marginalised,409.0500844503139,0.006506344652662604,40.50921630859375
EDTRPAS1-04/EDTRETN1-01,marginalised,421.0707782529164,0.0065069125056419555,40.50701141357422
EDTRPAS1-04/EDTRETN1-01,marginalised,433.4447223908418,0.006507360524006423,40.505271911621094
EDTRPAS1-04/EDTRETN1-01,marginalised,446.18229777899023,0.006507700522310587,40.50395202636719
EDTRPAS1-04/EDTRETN1-01,marginalised,459.29419039465927,0.006507947086809039,40.50299835205078
EDTRPAS1-04/EDTRETN1-01,marginalised,472.79140024236693,0.006508116528028344,40.50233840942383
EDTRPAS1-04/EDTRETN1-01,marginalised,486.6852505821228,0.006508226281442345,40.501914978027344
EDTRPAS1-04/EDTRETN1-01,marginalised,500.9873974288892,0.006511044966432702,40.49099349975586
EDTRPAS1-04/EDTRETN1-01,marginalised,515.7098393312009,0.006511848025106115,40.487884521484375
EDTRPAS1-04/EDTRETN1-01,marginalised,530.8649274371483,0.006512751512689197,40.48439407348633
EDTRPAS1-04/EDTRETN1-01,marginalised,546.4653758561678,0.00651374681013802,40.48054504394531
EDTRPAS1-04/EDTRETN1-01,marginalised,562.5242723253336,0.00651481666057676,40.476417541503906
EDTRPAS1-04/EDTRETN1-01,marginalised,579.055089189096,0.006515937310079197,40.47209548950195
EDTRPAS1-04/EDTRETN1-01,marginalised,596.0716947016815,0.006517082930045865,40.467681884765625
EDTRPAS1-04/EDTRETN1-01,marginalised,613.5883646616351,0.006518229946543051,40.4632682800293
EDTRPAS1-04/EDTRETN1-01,marginalised,631.6197943882631,0.006519358322891391,40.45893478393555
EDTRPAS1-04/EDTRETN1-01,marginalised,650.1811110500283,0.0065204547667354,40.45472717285156
EDTRPAS1-04/EDTRETN1-01,marginalised,669.2878863552359,0.006521508673956428,40.45069122314453
EDTRPAS1-04/EDTRETN1-01,marginalised,688.9561496156596,0.00652251496312243,40.446842193603516
EDTRPAS1-04/EDTRETN1-01,marginalised,709.202401194067,0.006523469585290718,40.44320297241211
EDTRPAS1-04/EDTRETN1-01,marginalised,730.0436263469245,0.006524367526557017,40.43978500366211
EDTRPAS1-04/EDTRETN1-01,marginalised,751.4973094738959,0.006525206288413125,40.43659973144531
EDTRPAS1-04/EDTRETN1-01,marginalised,773.5814487860896,0.006525981549879198,40.43366622924805
EDTRPAS1-04/EDTRETN1-01,marginalised,796.3145714053584,0.006526690841753926,40.43098831176758
EDTRPAS1-04/EDTRETN1-01,marginalised,819.7157489073207,0.006527332699996191,40.4285774230957
EDTRPAS1-04/EDTRETN1-01,marginalised,843.8046133211424,0.006527908282961913,40.426422119140625
EDTRPAS1-04/EDTRETN1-01,marginalised,868.6013735995012,0.006528421425365873,40.42451095581055
EDTRPAS1-04/EDTRETN1-01,marginalised,894.1268325725523,0.0065288759678716925,40.422828674316406
EDTRPAS1-04/EDTRETN1-01,marginalised,920.4024044001167,0.006529277134826494,40.421356201171875
EDTRPAS1-04/EDTRETN1-01,marginalised,947.4501325367352,0.006529629385267656,40.42007827758789
EDTRPAS1-04/EDTRETN1-01,marginalised,975.2927082246584,0.00652993460342541,40.418983459472656
EDTRPAS1-04/EDTRETN1-01,marginalised,1003.9534895302876,0.0065301940393843886,40.418067932128906
EDTRPAS1-04/EDTRETN1-01,marginalised,1033.4565209400362,0.006530406342399743,40.41734313964844
EDTRPAS1-04/EDTRETN1-01,marginalised,1063.8265535320525,0.006530568329024826,40.41681671142578
EDTRPAS1-04/EDTRETN1-01,marginalised,1095.0890657407256,0.006530676779184986,40.41650390625
EDTRPAS1-04/EDTRETN1-01,marginalised,1127.270284731395,0.006530727427487266,40.41642379760742
EDTRPAS1-04/EDTRETN1-01,marginalised,1160.3972084031943,0.00653071458830596,40.41659164428711
EDTRPAS1-04/EDTRETN1-01,marginalised,1194.4976280384917,0.006530634308469967,40.417030334472656
EDTRPAS1-04/EDTRETN1-01,marginalised,1229.6001516179235,0.006530479445748804,40.417762756347656
EDTRPAS1-04/EDTRETN1-01,marginalised,1265.734227820585,0.00653024403688047,40.418819427490234
EDTRPAS1-04/EDTRETN1-01,marginalised,1302.9301707295099,0.006529920677046752,40.420223236083984
EDTRPAS1-04/EDTRETN1-01,marginalised,1341.2191852631677,0.006529502024430878,40.42200469970703
EDTRPAS1-04/EDTRETN1-01,marginalised,1380.6333933543115,0.006528983086455932,40.42418670654297
EDTRPAS1-04/EDTRETN1-01,marginalised,1421.205860898139,0.006528359645905693,40.426780700683594
EDTRPAS1-04/EDTRETN1-01,marginalised,1462.9706254923772,0.006527629792951189,40.42979431152344
EDTRPAS1-04/EDTRETN1-01,marginalised,1505.9627249925593,0.006526793360345557,40.433231353759766
EDTRPAS1-04/EDTRETN1-01,marginalised,1550.218226906451,0.006525851107747919,40.43708419799805
EDTRPAS1-04/EDTRETN1-01,marginalised,1595.7742586522882,0.006524805401220405,40.441349029541016
EDTRPAS1-04/EDTRETN1-01,marginalised,1642.6690387062065,0.006523656187724271,40.44601821899414
EDTRPAS1-04/EDTRETN1-01,marginalised,1690.941908664998,0.006522403747745708,40.45109939575195
EDTRPAS1-04/EDTRETN1-01,marginalised,1740.6333662510904,0.006521045396006664,40.45659255981445
EDTRPAS1-04/EDTRETN1-01,marginalised,1791.7850992874373,0.006519578839555539,40.462520599365234
EDTRPAS1-04/EDTRETN1-01,marginalised,1844.4400206708267,0.006517998773018575,40.46889877319336
EDTRPAS1-04/EDTRETN1-01,marginalised,1898.6423043729412,0.006516300750644198,40.47574234008789
EDTRPAS1-04/EDTRETN1-01,marginalised,1954.4374224993794,0.006514479886550887,40.48307800292969
EDTRPAS1-04/EDTRETN1-01,marginalised,2011.8721834377225,0.006512531174823804,40.49092102050781
EDTRPAS1-04/EDTRETN1-01,marginalised,2070.994771126653,0.0065104497911149155,40.49929428100586
EDTRPAS1-04/EDTRETN1-01,marginalised,2131.8547854790722,0.006508229697128666,40.50822067260742
EDTRPAS1-04/EDTRETN1-01,marginalised,2194.5032839931205,0.0065058631538217416,40.517730712890625
EDTRPAS1-04/EDTRETN1-01,marginalised,2258.9928245860187,0.006503341512923315,40.52786636352539
EDTRPAS1-04/EDTRETN1-01,marginalised,2325.37750968666,0.006500653209127763,40.53866958618164
EDTRPAS1-04/EDTRETN1-01,marginalised,2393.7130316239427,0.006497783824395262,40.55019760131836
EDTRPAS1-04/EDTRETN1-01,marginalised,2464.0567193489255,0.006494716385475594,40.56252670288086
EDTRPAS1-04/EDTRETN1-01,marginalised,2536.4675865299996,0.00649143284865547,40.57572555541992
EDTRPAS1-04/EDTRETN1-01,marginalised,2611.006381061423,0.0064879139665172695,40.58987045288086
EDTRPAS1-04/EDTRETN1-01,marginalised,2687.7356360267595,0.0064841413801909045,40.60459518432617
EDTRPAS1-04/EDTRETN1-01,marginalised,2766.719722159971,0.006480098980219116,40.6195068359375
EDTRPAS1-04/EDTRETN1-01,marginalised,2848.0249018481713,0.006475775515541631,40.635498046875
EDTRPAS1-04/EDTRETN1-01,marginalised,2931.719384721362,0.0064711608547573666,40.652610778808594
EDTRPAS1-04/EDTRETN1-01,marginalised,3017.8733848757624,0.006466251993057491,40.670860290527344
EDTRPAS1-04/EDTRETN1-01,marginalised,3106.559179778762,0.006461048263310742,40.69026184082031
EDTRPAS1-04/EDTRETN1-01,marginalised,3197.851170904901,0.006455551610752968,40.71080780029297
EDTRPAS1-04/EDTRETN1-01,marginalised,3291.825946153752,0.006449765832072938,40.73249053955078
EDTRPAS1-04/EDTRETN1-01,marginalised,3388.562344102065,0.006443695735504554,40.75529479980469
EDTRPAS1-04/EDTRETN1-01,marginalised,3488.1415201440827,0.0064373459505478485,40.77921676635742
EDTRPAS1-04/EDTRETN1-01,marginalised,3590.6470145755097,0.006430721512944343,40.804237365722656
EDTRPAS1-04/EDTRETN1-01,marginalised,3696.1648226782577,0.006423825759852881,40.830352783203125
EDTRPAS1-04/EDTRETN1-01,marginalised,3804.783466864757,0.006416661914008663,40.8575553894043
EDTRPAS1-04/EDTRETN1-01,marginalised,3916.5940709423635,0.006409229544319476,40.8858528137207
EDTRPAS1-04/EDTRETN1-01,marginalised,4031.690436560167,0.0064015247099967875,40.91526412963867
EDTRPAS1-04/EDTRETN1-01,marginalised,4150.169121902322,0.006393536116087823,40.94584274291992
EDTRPAS1-04/EDTRETN1-01,marginalised,4272.1295226939355,0.00638524514736231,40.97766876220703
EDTRPAS1-04/EDTRETN1-01,marginalised,4397.673955587458,0.006376624645596459,41.01084899902344
EDTRPAS1-04/EDTRETN1-01,marginalised,4526.907743999542,0.0063676369012603574,41.0455436706543
EDTRPAS1-04/EDTRETN1-01,marginalised,4659.939306470367,0.0063582369141258165,41.08193588256836
EDTRPAS1-04/EDTRETN1-01,marginalised,4796.880247619583,0.00634837103885893,41.12024688720703
EDTRPAS1-04/EDTRETN1-01,marginalised,4937.8454517751425,0.0063379815297594545,41.16072082519531
EDTRPAS1-04/EDTRETN1-01,marginalised,5082.953179353603,0.006327007274513314,41.20360565185547
EDTRPAS1-04/EDTRETN1-01,marginalised,5232.325166072742,0.006315390681969206,41.24916076660156
EDTRPAS1-04/EDTRETN1-01,marginalised,5386.086725079708,0.006303077768667192,41.2976188659668
EDTRPAS1-04/EDTRETN1-01,marginalised,5544.366852080415,0.006290022964813413,41.349185943603516
EDTRPAS1-04/EDTRETN1-01,marginalised,5707.298333558335,0.006276191446320169,41.40403747558594
EDTRPAS1-04/EDTRETN1-01,marginalised,5875.017858173521,0.006261559125414666,41.46230697631836
EDTRPAS1-04/EDTRETN1-01,marginalised,6047.666131435285,0.006246111674366509,41.524085998535156
EDTRPAS1-04/EDTRETN1-01,marginalised,6225.387993744749,0.006229844338524771,41.589439392089844
EDTRPAS1-04/EDTRETN1-01,marginalised,6408.332541906292,0.00621275984405038,41.65840148925781
EDTRPAS1-04/EDTRETN1-01,marginalised,6596.653254209839,0.006194865870249025,41.73099136352539
EDTRPAS1-04/EDTRETN1-01,marginalised,6790.508119188922,0.00617617700832544,41.80718994140625
EDTRPAS1-04/EDTRETN1-01,marginalised,6990.059768162536,0.006156719067015615,41.8869514465332
EDTRPAS1-04/EDTRETN1-01,marginalised,7195.4756116719855,0.006136531596783295,41.97016525268555
EDTRPAS1-04/EDTRETN1-01,marginalised,7406.927979927172,0.0061156733806922445,42.056636810302734
EDTRPAS1-04/EDTRETN1-01,marginalised,7624.5942673801665,0.006094224592060545,42.146080017089844
EDTRPAS1-04/EDTRETN1-01,marginalised,7848.657081547336,0.006072289236968085,42.23810577392578
EDTRPAS1-04/EDTRETN1-01,marginalised,8079.304396204884,0.006049988480010767,42.332237243652344
EDTRPAS1-04/EDTRETN1-01,marginalised,8316.729709086334,0.006027454145429988,42.427947998046875
EDTRPAS1-04/EDTRETN1-01,marginalised,8561.132204214233,0.006004818573435388,42.52469253540039
EDTRPAS1-04/EDTRETN1-01,marginalised,8812.716919002281,0.0059822018049216505,42.621971130371094
EDTRPAS1-04/EDTRETN1-01,marginalised,9071.694916268063,0.0059597039172196165,42.71934127807617
EDTRPAS1-04/EDTRETN1-01,marginalised,9338.283461300694,0.005937395467131863,42.816497802734375
EDTRPAS1-04/EDTRETN1-01,marginalised,9612.706204131928,0.005915316435789362,42.91324996948242
EDTRPAS1-04/EDTRETN1-01,marginalised,9895.19336716363,0.005893472729228504,43.00955581665039
EDTRPAS1-04/EDTRETN1-01,marginalised,10185.981938309043,0.0058718415905888695,43.10551071166992
EDTRPAS1-04/EDTRETN1-01,marginalised,10485.315869809858,0.005850374858330417,43.20130920410156
EDTRPAS1-04/EDTRETN1-01,marginalised,10793.446282895895,0.0058290062531610115,43.297245025634766
EDTRPAS1-04/EDTRETN1-01,marginalised,11110.631678459085,0.005807660270297555,43.39365768432617
EDTRPAS1-04/EDTRETN1-01,marginalised,11437.138153918511,0.005786263793928937,43.49087905883789
EDTRPAS1-04/EDTRETN1-01,marginalised,11773.239626458402,0.005764756597940437,43.58919906616211
EDTRPAS1-04/EDTRETN1-01,marginalised,12119.218062826414,0.005743102407389069,43.68879699707031
EDTRPAS1-04/EDTRETN1-01,marginalised,12475.363715884949,0.005721296211839378,43.78971481323242
EDTRPAS1-04/EDTRETN1-01,marginalised,12841.975368113972,0.005699366143185948,43.89183807373047
EDTRPAS1-04/EDTRETN1-01,marginalised,13219.360582269606,0.00567736862900168,43.99491882324219
EDTRPAS1-04/EDTRETN1-01,marginalised,13607.835959408803,0.005655378198148037,44.09861755371094
EDTRPAS1-04/EDTRETN1-01,marginalised,14007.727404496542,0.005633471941771987,44.202571868896484
EDTRPAS1-04/EDTRETN1-01,marginalised,14419.370399818377,0.005611713725777533,44.30647659301758
EDTRPAS1-04/EDTRETN1-01,marginalised,14843.110286427742,0.005590142272588951,44.41012954711914
EDTRPAS1-04/EDTRETN1-01,marginalised,15279.302553864078,0.0055687653809861635,44.51349639892578
EDTRPAS1-04/EDTRETN1-01,marginalised,15728.31313838489,0.0055475598502220886,44.616661071777344
EDTRPAS1-04/EDTRETN1-01,marginalised,16190.51872996188,0.005526483092173798,44.7198371887207
EDTRPAS1-04/EDTRETN1-01,marginalised,16666.30708829875,0.005505484511854689,44.823265075683594
EDTRPAS1-04/EDTRETN1-01,marginalised,17156.07736813576,0.005484519680162612,44.92715835571289
EDTRPAS1-04/EDTRETN1-01,marginalised,17660.240454113973,0.005463563571450304,45.03165817260742
EDTRPAS1-04/EDTRETN1-01,marginalised,18179.219305480095,0.005442616363211013,45.136756896972656
EDTRPAS1-04/EDTRETN1-01,marginalised,18713.449310921103,0.005421704048266764,45.242332458496094
EDTRPAS1-04/EDTRETN1-01,marginalised,19263.378653826374,0.005400876861795636,45.3481330871582
EDTRPAS1-04/EDTRETN1-01,marginalised,19829.468688283665,0.005380200631223208,45.45381164550781
EDTRPAS1-04/EDTRETN1-01,marginalised,20412.19432612449,0.005359747030028311,45.55900192260742
EDTRPAS1-04/EDTRETN1-01,marginalised,21012.04443534349,0.005339586530422205,45.66331481933594
EDTRPAS1-04/EDTRETN1-01,marginalised,21629.52225022614,0.005319782348518302,45.76640319824219
EDTRPAS1-04/EDTRETN1-01,marginalised,22265.145793528765,0.005300385517861385,45.86796951293945
EDTRPAS1-04/EDTRETN1-01,marginalised,22919.448311065153,0.0052814365967649305,45.967769622802734
EDTRPAS1-04/EDTRETN1-01,marginalised,23592.97871906426,0.005262967119274938,46.06559753417969
EDTRPAS1-04/EDTRETN1-01,marginalised,24286.302064674368,0.00524500202685561,46.161277770996094
EDTRPAS1-04/EDTRETN1-01,marginalised,25000.0,0.005227568133289689,46.254638671875
EDTRPAS1-05/EDTRETN1-03,marginalised,725.0,0.0013554107097513005,2.175795078277588
EDTRPAS1-05/EDTRETN1-03,marginalised,746.3054668320094,0.001383296613440003,2.1352760791778564
EDTRPAS1-05/EDTRETN1-03,marginalised,768.2370342390946,0.0014119217844500262,2.095338821411133
EDTRPAS1-05/EDTRETN1-03,marginalised,790.8131013454425,0.0014411447652292032,2.0561957359313965
EDTRPAS1-05/EDTRETN1-03,marginalised,814.0526079675582,0.0014708243607089195,2.0180246829986572
EDTRPAS1-05/EDTRETN1-03,marginalised,837.975050503508,0.0015008500295227917,1.9809352159500122
EDTRPAS1-05/EDTRETN1-03,marginalised,862.6004982890996,0.0015311926350599012,1.9449225664138794
EDTRPAS1-05/EDTRETN1-03,marginalised,887.9496104347179,0.0015619194748819488,1.9098727703094482
EDTRPAS1-05/EDTRETN1-03,marginalised,914.0436531569422,0.001593216985910435,1.8755519390106201
EDTRPAS1-05/EDTRETN1-03,marginalised,940.9045176194857,0.0016253529134353179,1.841678500175476
EDTRPAS1-05/EDTRETN1-03,marginalised,968.5547382984233,0.0016586520507908217,1.8079545497894287
EDTRPAS1-05/EDTRETN1-03,marginalised,997.0175118871166,0.0016934471083362226,1.7741223573684692
EDTRPAS1-05/EDTRETN1-03,marginalised,1026.316716756694,0.0017300429176833809,1.7399969100952148
EDTRPAS1-05/EDTRETN1-03,marginalised,1056.4769329884134,0.001768715047280908,1.7054588794708252
EDTRPAS1-05/EDTRETN1-03,marginalised,1087.5234629947136,0.0018097009631469895,1.67045259475708
EDTRPAS1-05/EDTRETN1-03,marginalised,1119.482352746253,0.0018532311464531622,1.634955644607544
EDTRPAS1-05/EDTRETN1-03,marginalised,1152.3804136227427,0.001899572492993564,1.59893798828125
EDTRPAS1-05/EDTRETN1-03,marginalised,1186.2452449059106,0.0019490260328860565,1.5623728036880493
EDTRPAS1-05/EDTRETN1-03,marginalised,1221.105256933458,0.0020019537671478083,1.5252225399017334
EDTRPAS1-05/EDTRETN1-03,marginalised,1256.9896949334416,0.002058757248347453,1.4874545335769653
EDTRPAS1-05/EDTRETN1-03,marginalised,1293.9286635590722,0.0021198268026160023,1.449082851409912
EDTRPAS1-05/EDTRETN1-03,marginalised,1331.9531521445124,0.0021855147816103294,1.4101766347885132
EDTRPAS1-05/EDTRETN1-03,marginalised,1371.0950607028644,0.0022560939870087306,1.3708677291870117
EDTRPAS1-05/EDTRETN1-03,marginalised,1411.3872266881567,0.002331723405000264,1.3313534259796143
EDTRPAS1-05/EDTRETN1-03,marginalised,1452.8634525437792,0.002412497282803628,1.2918486595153809
EDTRPAS1-05/EDTRETN1-03,marginalised,1495.558534060483,0.0024984344084587862,1.2525825500488281
EDTRPAS1-05/EDTRETN1-03,marginalised,1539.5082895677303,0.002589589832247822,1.2137351036071777
EDTRPAS1-05/EDTRETN1-03,marginalised,1584.7495899828873,0.002686044020260245,1.1754529476165771
EDTRPAS1-05/EDTRETN1-03,marginalised,1631.320389743468,0.002788044435661639,1.13779878616333
EDTRPAS1-05/EDTRETN1-03,marginalised,1679.2597586483787,0.0028959642100444597,1.100792646408081
EDTRPAS1-05/EDTRETN1-03,marginalised,1728.607914634877,0.0030103634533088035,1.0644021034240723
EDTRPAS1-05/EDTRETN1-03,marginalised,1779.4062575187422,0.003131946036986377,1.0285781621932983
EDTRPAS1-05/EDTRETN1-03,marginalised,1831.6974037259638,0.003261557782472351,0.9932612776756287
EDTRPAS1-05/EDTRETN1-03,marginalised,1885.525222045083,0.003400147046049058,0.9584037661552429
EDTRPAS1-05/EDTRETN1-03,marginalised,1940.9348704301847,0.0035487483381175405,0.9239747524261475
EDTRPAS1-05/EDTRETN1-03,marginalised,1997.9728338854136,0.0037084925654055296,0.8899564146995544
EDTRPAS1-05/EDTRETN1-03,marginalised,2056.686963462795,0.003880659840431137,0.8563366532325745
EDTRPAS1-05/EDTRETN1-03,marginalised,2117.1265164060815,0.004066688608000502,0.8231114745140076
EDTRPAS1-05/EDTRETN1-03,marginalised,2179.3421974742987,0.004268318291263785,0.7902631759643555
EDTRPAS1-05/EDTRETN1-03,marginalised,2243.3862014796605,0.0044876104534093955,0.7577730417251587
EDTRPAS1-05/EDTRETN1-03,marginalised,2309.31225707554,0.004727158725474083,0.7256015539169312
EDTRPAS1-05/EDTRETN1-03,marginalised,2377.175671831231,0.00499011097526061,0.6937063336372375
EDTRPAS1-05/EDTRETN1-03,marginalised,2447.0333786313136,0.0052803221458467865,0.6620433330535889
EDTRPAS1-05/EDTRETN1-03,marginalised,2518.9439834385544,0.005602387389620257,0.6305814385414124
EDTRPAS1-05/EDTRETN1-03,marginalised,2592.9678144604027,0.005961741529900658,0.5993098020553589
EDTRPAS1-05/EDTRETN1-03,marginalised,2669.1669727603394,0.006364683538457409,0.5682467222213745
EDTRPAS1-05/EDTRETN1-03,marginalised,2747.6053843565332,0.006818338122553575,0.5374507308006287
EDTRPAS1-05/EDTRETN1-03,marginalised,2828.3488538515107,0.007330737531998185,0.5070126056671143
EDTRPAS1-05/EDTRETN1-03,marginalised,2911.4651196378327,0.007910754369343494,0.4770563244819641
EDTRPAS1-05/EDTRETN1-03,marginalised,2997.023910726103,0.008568207002998639,0.4477244019508362
EDTRPAS1-05/EDTRETN1-03,marginalised,3085.0970052429507,0.009313724296170854,0.4191740155220032
EDTRPAS1-05/EDTRETN1-03,marginalised,3175.7582906481025,0.01015912320963224,0.39155077934265137
EDTRPAS1-05/EDTRETN1-03,marginalised,3269.0838257210435,0.011117142508221663,0.3649929165840149
EDTRPAS1-05/EDTRETN1-03,marginalised,3365.151904369262,0.01220132123841401,0.3396240472793579
EDTRPAS1-05/EDTRETN1-03,marginalised,3464.0431213116244,0.013425792306657263,0.31554752588272095
EDTRPAS1-05/EDTRETN1-03,marginalised,3565.8404396919764,0.014804605245238843,0.29284876585006714
EDTRPAS1-05/EDTRETN1-03,marginalised,3670.629260679694,0.016350364461859366,0.2716006636619568
EDTRPAS1-05/EDTRETN1-03,marginalised,3778.4974951155764,0.018072803894964178,0.2518603801727295
EDTRPAS1-05/EDTRETN1-03,marginalised,3889.5356372631845,0.019976609487915038,0.2336699664592743
EDTRPAS1-05/EDTRETN1-03,marginalised,4003.836840727501,0.022058402646076072,0.2170591950416565
EDTRPAS1-05/EDTRETN1-03,marginalised,4121.496996604601,0.024302574326335456,0.20205041766166687
EDTRPAS1-05/EDTRETN1-03,marginalised,4242.614813927891,0.02667707655475591,0.18865874409675598
EDTRPAS1-05/EDTRETN1-03,marginalised,4367.29190247842,0.029127389118525363,0.176902174949646
EDTRPAS1-05/EDTRETN1-03,marginalised,4495.632858028705,0.031570557665941544,0.16680973768234253
EDTRPAS1-05/EDTRETN1-03,marginalised,4627.745350091633,0.03389064205228382,0.15842968225479126
EDTRPAS1-05/EDTRETN1-03,marginalised,4763.740212247996,0.03593778003250115,0.1518387347459793
EDTRPAS1-05/EDTRETN1-03,marginalised,4903.7315351284915,0.03753552529638166,0.14714793860912323
EDTRPAS1-05/EDTRETN1-03,marginalised,5047.8367621281595,0.038499661020267036,0.14450697600841522
EDTRPAS1-05/EDTRETN1-03,marginalised,5196.176787933566,0.038670201437507365,0.14410406351089478
EDTRPAS1-05/EDTRETN1-03,marginalised,5348.876059945394,0.03795114637194903,0.14616252481937408
EDTRPAS1-05/EDTRETN1-03,marginalised,5506.062682681527,0.03634542512356354,0.1509334295988083
EDTRPAS1-05/EDTRETN1-03,marginalised,5667.868525248197,0.0339683214790982,0.15868526697158813
EDTRPAS1-05/EDTRETN1-03,marginalised,5834.429331969392,0.03102851173293383,0.16969244182109833
EDTRPAS1-05/EDTRETN1-03,marginalised,6005.884836267291,0.02778117404510577,0.18422487378120422
EDTRPAS1-05/EDTRETN1-03,marginalised,6182.378877889307,0.024472594710852846,0.20254045724868774
EDTRPAS1-05/EDTRETN1-03,marginalised,6364.0595235800465,0.02129862340455463,0.22487808763980865
EDTRPAS1-05/EDTRETN1-03,marginalised,6551.079191299451,0.01838708512027946,0.25145500898361206
EDTRPAS1-05/EDTRETN1-03,marginalised,6743.59477809131,0.015801919419238794,0.2824646830558777
EDTRPAS1-05/EDTRETN1-03,marginalised,6941.76779170943,0.013559380839559399,0.318062424659729
EDTRPAS1-05/EDTRETN1-03,marginalised,7145.764486111881,0.011645100785756543,0.3583553433418274
EDTRPAS1-05/EDTRETN1-03,marginalised,7355.7560009369945,0.010028536154304409,0.4033828377723694
EDTRPAS1-05/EDTRETN1-03,marginalised,7571.9185050781225,0.008672886861351906,0.45309048891067505
EDTRPAS1-05/EDTRETN1-03,marginalised,7794.433344477598,0.007540601084099209,0.507324755191803
EDTRPAS1-05/EDTRETN1-03,marginalised,8023.48719426391,0.006596693662950127,0.565817654132843
EDTRPAS1-05/EDTRETN1-03,marginalised,8259.272215359693,0.00580987605008677,0.6282060742378235
EDTRPAS1-05/EDTRETN1-03,marginalised,8501.986215691946,0.005153040724305039,0.6940539479255676
EDTRPAS1-05/EDTRETN1-03,marginalised,8751.832816139706,0.004603090869206991,0.7628934979438782
EDTRPAS1-05/EDTRETN1-03,marginalised,9009.021621358404,0.004140674777470892,0.8342636823654175
EDTRPAS1-05/EDTRETN1-03,marginalised,9273.768395624207,0.0037496903874585027,0.9077589511871338
EDTRPAS1-05/EDTRETN1-03,marginalised,9546.295243845876,0.003416876238547421,0.9830653071403503
EDTRPAS1-05/EDTRETN1-03,marginalised,9826.830797895984,0.003131408302542377,1.0599735975265503
EDTRPAS1-05/EDTRETN1-03,marginalised,10115.610408417833,0.002884493368372261,1.1383928060531616
EDTRPAS1-05/EDTRETN1-03,marginalised,10412.876342268974,0.0026690101279484854,1.2183575630187988
EDTRPAS1-05/EDTRETN1-03,marginalised,10718.877985766941,0.0024792538380580425,1.2999988794326782
EDTRPAS1-05/EDTRETN1-03,marginalised,11033.87205390779,0.002310670947418158,1.3835278749465942
EDTRPAS1-05/EDTRETN1-03,marginalised,11358.122805732848,0.002159673389405154,1.4691933393478394
EDTRPAS1-05/EDTRETN1-03,marginalised,11691.902266024477,0.002023480788986528,1.5572266578674316
EDTRPAS1-05/EDTRETN1-03,marginalised,12035.490453516728,0.001899964754992558,1.6478010416030884
EDTRPAS1-05/EDTRETN1-03,marginalised,12389.175615812406,0.0017875236847167723,1.7409759759902954
EDTRPAS1-05/EDTRETN1-03,marginalised,12753.254471203622,0.0016849551104570098,1.8366683721542358
EDTRPAS1-05/EDTRETN1-03,marginalised,13128.032457598663,0.0015913237500578526,1.9346567392349243
EDTRPAS1-05/EDTRETN1-03,marginalised,13513.82398876406,0.001505862124417826,2.0346055030822754
EDTRPAS1-05/EDTRETN1-03,marginalised,13910.952718096785,0.0014278785964887452,2.136134147644043
EDTRPAS1-05/EDTRETN1-03,marginalised,14319.751810147905,0.0013567057551140086,2.2388720512390137
EDTRPAS1-05/EDTRETN1-03,marginalised,14740.564220125441,0.0012916720378010117,2.3425450325012207
EDTRPAS1-05/EDTRETN1-03,marginalised,15173.742981610942,0.0012320980715296722,2.447019100189209
EDTRPAS1-05/EDTRETN1-03,marginalised,15619.651502731147,0.0011773239795468495,2.5523104667663574
EDTRPAS1-05/EDTRETN1-03,marginalised,16078.663871033195,0.0011267322805290638,2.6585638523101807
EDTRPAS1-05/EDTRETN1-03,marginalised,16551.165167319163,0.0010797793330412,2.765988826751709
EDTRPAS1-05/EDTRETN1-03,marginalised,17037.5517887032,0.0010360117577436357,2.874800682067871
EDTRPAS1-05/EDTRETN1-03,marginalised,17538.231781162318,0.0009950750106809923,2.985142469406128
EDTRPAS1-05/EDTRETN1-03,marginalised,18053.625181859763,0.0009567066383649203,3.0970351696014404
EDTRPAS1-05/EDTRETN1-03,marginalised,18584.164371528237,0.0009207184339759521,3.2103641033172607
EDTRPAS1-05/EDTRETN1-03,marginalised,19130.294437208522,0.0008869781744999253,3.324861764907837
EDTRPAS1-05/EDTRETN1-03,marginalised,19692.473545647863,0.000855383812098455,3.4401626586914062
EDTRPAS1-05/EDTRETN1-03,marginalised,20271.173327671342,0.0008258471280399945,3.5558254718780518
EDTRPAS1-05/EDTRETN1-03,marginalised,20866.879273848746,0.0007982803005236636,3.6713874340057373
EDTRPAS1-05/EDTRETN1-03,marginalised,21480.091141788787,0.0007725868119821053,3.786414861679077
EDTRPAS1-05/EDTRETN1-03,marginalised,22111.32337540247,0.0007486631852417257,3.9005088806152344
EDTRPAS1-05/EDTRETN1-03,marginalised,22761.105536487263,0.0007263998263534994,4.013327121734619
EDTRPAS1-05/EDTRETN1-03,marginalised,23429.982748994153,0.0007056848111787038,4.12459135055542
EDTRPAS1-05/EDTRETN1-03,marginalised,24118.516156350357,0.0006864116247629841,4.234038352966309
EDTRPAS1-05/EDTRETN1-03,marginalised,24827.283392221263,0.000668482916766731,4.3414154052734375
EDTRPAS1-05/EDTRETN1-03,marginalised,25556.8790651066,0.0006518130334987126,4.446459770202637
EDTRPAS1-05/EDTRETN1-03,marginalised,26307.915257177367,0.0006363303859374268,4.548859596252441
EDTRPAS1-05/EDTRETN1-03,marginalised,27081.022037771996,0.0006219762289759522,4.648261070251465
EDTRPAS1-05/EDTRETN1-03,marginalised,27876.847991982573,0.0006087015341697941,4.744278430938721
EDTRPAS1-05/EDTRETN1-03,marginalised,28696.06076477451,0.0005964641011191338,4.8365020751953125
EDTRPAS1-05/EDTRETN1-03,marginalised,29539.34762109621,0.0005852241804255206,4.924539089202881
EDTRPAS1-05/EDTRETN1-03,marginalised,30407.41602244857,0.000574942237796335,5.008022308349609
EDTRPAS1-05/EDTRETN1-03,marginalised,31300.994220398075,0.0005655749591645207,5.086662292480469
EDTRPAS1-05/EDTRETN1-03,marginalised,32220.83186753133,0.0005570745331208768,5.16026496887207
EDTRPAS1-05/EDTRETN1-03,marginalised,33167.700646363664,0.000549388193985709,5.228734493255615
EDTRPAS1-05/EDTRETN1-03,marginalised,34142.39491672935,0.0005424592193639278,5.292085647583008
EDTRPAS1-05/EDTRETN1-03,marginalised,35145.732382196584,0.0005362280732574175,5.350254058837891
EDTRPAS1-05/EDTRETN1-03,marginalised,36178.55477606633,0.0005306345008216409,5.401150703430176
EDTRPAS1-05/EDTRETN1-03,marginalised,37241.728567530496,0.0005256195168604804,5.4476823806762695
EDTRPAS1-05/EDTRETN1-03,marginalised,38336.14568858183,0.000521128131547143,5.490105628967285
EDTRPAS1-05/EDTRETN1-03,marginalised,39462.72428228551,0.0005171099527593503,5.528665542602539
EDTRPAS1-05/EDTRETN1-03,marginalised,40622.409473039945,0.000513522044850723,5.563601493835449
EDTRPAS1-05/EDTRETN1-03,marginalised,41816.17415947327,0.0005103276342230611,5.5951128005981445
EDTRPAS1-05/EDTRETN1-03,marginalised,43045.01983064043,0.0005074960815651663,5.623364448547363
EDTRPAS1-05/EDTRETN1-03,marginalised,44309.977406205806,0.0005050019830028604,5.648510932922363
EDTRPAS1-05/EDTRETN1-03,marginalised,45612.10810131615,0.0005028220696258909,5.670686721801758
EDTRPAS1-05/EDTRETN1-03,marginalised,46952.504316889426,0.0005009344180704127,5.690042495727539
EDTRPAS1-05/EDTRETN1-03,marginalised,48332.29055606635,0.0004993159678971125,5.706752777099609
EDTRPAS1-05/EDTRETN1-03,marginalised,49752.62436759368,0.0004979422623662627,5.721019744873047
EDTRPAS1-05/EDTRETN1-03,marginalised,51214.6973169305,0.0004967874084103302,5.733070373535156
EDTRPAS1-05/EDTRETN1-03,marginalised,52719.73598589224,0.0004958243855838042,5.743166923522949
EDTRPAS1-05/EDTRETN1-03,marginalised,54269.00300167117,0.0004950266132840096,5.751554489135742
EDTRPAS1-05/EDTRETN1-03,marginalised,55863.79809609645,0.0004943686899438253,5.758496284484863
EDTRPAS1-05/EDTRETN1-03,marginalised,57505.459196022595,0.0004938273572355035,5.764218330383301
EDTRPAS1-05/EDTRETN1-03,marginalised,59195.363545760985,0.0004933819698462015,5.768939018249512
EDTRPAS1-05/EDTRETN1-03,marginalised,60934.92886249609,0.0004930149755550768,5.772830009460449
EDTRPAS1-05/EDTRETN1-03,marginalised,62725.614525655765,0.0004927118740474816,5.776052474975586
EDTRPAS1-05/EDTRETN1-03,marginalised,64568.92280123338,0.0004924599738322725,5.778729438781738
EDTRPAS1-05/EDTRETN1-03,marginalised,66466.40010208891,0.0004922495917305585,5.780972480773926
EDTRPAS1-05/EDTRETN1-03,marginalised,68419.63828528632,0.0004920729930033496,5.7828521728515625
EDTRPAS1-05/EDTRETN1-03,marginalised,70430.27598755564,0.0004919234305298,5.784446716308594
EDTRPAS1-05/EDTRETN1-03,marginalised,72499.99999999996,0.0004917962165670412,5.785802841186523
EDTRPAS1-44,marginalised,10.000000000000002,3.8472032309979147e-16,3303.34228515625
EDTRPAS1-44,marginalised,10.29386850802772,4.1181835488194184e-16,3302.214599609375
EDTRPAS1-44,marginalised,10.596372886056479,4.392354133885263e-16,3301.2060546875
EDTRPAS1-44,marginalised,10.907766915109555,4.673970784845339e-16,3300.282470703125
EDTRPAS1-44,marginalised,11.228311834035289,4.972445722285713e-16,3299.410888671875
EDTRPAS1-44,marginalised,11.55827655866908,5.302548721492342e-16,3298.552734375
EDTRPAS1-44,marginalised,11.89793790743586,5.684701011504056e-16,3297.677734375
EDTRPAS1-44,marginalised,12.24758083358232,6.145774395549394e-16,3296.756103515625
EDTRPAS1-44,marginalised,12.60749866423369,6.720951829483426e-16,3295.77490234375
EDTRPAS1-44,marginalised,12.977993346475667,7.457348455902286e-16,3294.728271484375
EDTRPAS1-44,marginalised,13.359375700667911,8.420373096989306e-16,3293.62548828125
EDTRPAS1-44,marginalised,13.751965681201613,9.704162057552706e-16,3292.480712890625
EDTRPAS1-44,marginalised,14.15609264491992,1.1449318333529852e-15,3291.321044921875
EDTRPAS1-44,marginalised,14.572095627426394,1.3873267211625477e-15,3290.181640625
EDTRPAS1-44,marginalised,15.000323627513296,1.7323554034133539e-15,3289.097412109375
EDTRPAS1-44,marginalised,15.44113589994832,2.2365669851038947e-15,3288.099365234375
EDTRPAS1-44,marginalised,15.894902256865421,2.988897935611412e-15,3287.21826171875
EDTRPAS1-44,marginalised,16.362003378012563,4.1087986060223435e-15,3286.468505859375
EDTRPAS1-44,marginalised,16.842831130116664,5.703830663066334e-15,3285.856689453125
EDTRPAS1-44,marginalised,17.337788895633683,7.790046346881354e-15,3285.377197265625
EDTRPAS1-44,marginalised,17.84729191115962,1.026657470290988e-14,3285.008056640625
EDTRPAS1-44,marginalised,18.371767615786382,1.3035571167773023e-14,3284.71875
EDTRPAS1-44,marginalised,18.91165600969469,1.62173169642533e-14,3240.0078125
EDTRPAS1-44,marginalised,19.467410023284927,2.0361075521628496e-14,3161.0625
EDTRPAS1-44,marginalised,20.039495897155582,2.6727014938653116e-14,3073.049072265625
EDTRPAS1-44,marginalised,20.628393573248047,3.799563617956812e-14,2967.216552734375
EDTRPAS1-44,marginalised,21.234597097485942,6.021584802311233e-14,2838.842041015625
EDTRPAS1-44,marginalised,21.85861503424673,1.0798728313103351e-13,2687.82861328125
EDTRPAS1-44,marginalised,22.50097089301336,2.1766516821000187e-13,2518.677978515625
EDTRPAS1-44,marginalised,23.16220356756385,4.777280410945263e-13,2339.760009765625
EDTRPAS1-44,marginalised,23.842867788067274,1.0829926862687196e-12,2162.0634765625
EDTRPAS1-44,marginalised,24.54353458646542,2.375977841383373e-12,1997.7044677734375
EDTRPAS1-44,marginalised,25.264791775530544,4.710304767422234e-12,1858.628662109375
EDTRPAS1-44,marginalised,26.007244442001152,7.902977578251334e-12,1755.7623291015625
EDTRPAS1-44,marginalised,26.771515454209453,1.0573757941291507e-11,1698.8759765625
EDTRPAS1-44,marginalised,27.5582459846264,1.069192366157467e-11,1697.209716796875
EDTRPAS1-44,marginalised,28.368096047762698,7.772174977904993e-12,1760.654052734375
EDTRPAS1-44,marginalised,29.201745053876998,3.866788856394756e-12,1901.3521728515625
EDTRPAS1-44,marginalised,30.059892378955855,1.255421189139979e-12,2135.65087890625
EDTRPAS1-44,marginalised,30.943257951443606,2.587595908034435e-13,2486.734619140625
EDTRPAS1-44,marginalised,31.852582856214354,3.727209142694977e-14,2988.696044921875
EDTRPAS1-44,marginalised,32.78862995629285,6.275473230012945e-15,3285.57666015625
EDTRPAS1-44,marginalised,33.75218453284572,2.1320296496427467e-15,3288.1865234375
EDTRPAS1-44,marginalised,34.74405494398007,1.1097651379694004e-15,3291.4658203125
EDTRPAS1-44,marginalised,35.76507330290212,6.785267605899794e-16,3295.62255859375
EDTRPAS1-44,marginalised,36.81609617600469,4.454917047394275e-16,3300.942626953125
EDTRPAS1-44,marginalised,37.89800530146943,3.0294601961444453e-16,3307.7841796875
EDTRPAS1-44,marginalised,39.011708328986366,2.0974927567998623e-16,3316.56689453125
EDTRPAS1-44,marginalised,40.158139581211515,1.4667882912485478e-16,3327.711669921875
EDTRPAS1-44,marginalised,41.33826083760145,1.0335276836009861e-16,3341.5615234375
EDTRPAS1-44,marginalised,42.553062141282105,7.351557407287477e-17,3358.267822265625
EDTRPAS1-44,marginalised,43.803562629629035,5.307750334162537e-17,3377.66845703125
EDTRPAS1-44,marginalised,45.090811389255805,3.92121080801035e-17,3399.17236328125
EDTRPAS1-44,marginalised,46.415888336127786,2.9910011250713124e-17,3421.70458984375
EDTRPAS1-44,marginalised,47.779905121539684,2.3751159471677398e-17,3443.714111328125
EDTRPAS1-44,marginalised,49.184006064716954,1.976814834084099e-17,3463.312744140625
EDTRPAS1-44,marginalised,50.629369112823404,1.7342883131230538e-17,3478.491455078125
EDTRPAS1-44,marginalised,52.117206829180404,1.6118153050931357e-17,3487.434814453125
EDTRPAS1-44,marginalised,53.64876741052672,1.5937852536437582e-17,3488.8330078125
EDTRPAS1-44,marginalised,55.22533573417245,1.6824757430244834e-17,3482.141845703125
EDTRPAS1-44,marginalised,56.84823443592554,1.901197788600016e-17,3467.7041015625
EDTRPAS1-44,marginalised,58.51882501969507,2.306045400702508e-17,3446.69921875
EDTRPAS1-44,marginalised,60.238508999702354,3.014463308846424e-17,3420.954833984375
EDTRPAS1-44,marginalised,62.00872907625803,4.2732132513242304e-17,3392.631591796875
EDTRPAS1-44,marginalised,63.83097034609151,6.638059186458453e-17,3363.88818359375
EDTRPAS1-44,marginalised,65.70676154824824,1.158921427051172e-16,3336.5859375
EDTRPAS1-44,marginalised,67.6376763465999,2.4810540376366824e-16,3312.109375
EDTRPAS1-44,marginalised,69.6253346500436,1.0820714012550542e-15,3291.276611328125
EDTRPAS1-44,marginalised,71.67140397149747,1.3570558544662016e-10,1314.506591796875
EDTRPAS1-44,marginalised,73.77760082683305,6.631670388874226e-07,181.41514587402344
EDTRPAS1-44,marginalised,75.94569217491764,6.556274037194197e-06,42.92243576049805
EDTRPAS1-44,marginalised,78.17749689997515,3.6315513980092516e-05,12.556130409240723
EDTRPAS1-44,marginalised,80.47488733750887,0.00017982180658213638,4.123665809631348
EDTRPAS1-44,marginalised,82.8397908450661,0.0007933323735508888,1.3891801834106445
EDTRPAS1-44,marginalised,85.27419141916288,0.0033610053279511994,0.646203875541687
EDTRPAS1-44,marginalised,87.7801313597248,0.006513523446576405,0.3381415009498596
EDTRPAS1-44,marginalised,90.35971298344073,0.017754992043395142,0.24683760106563568
EDTRPAS1-44,marginalised,93.01510038746638,0.009862288103753702,0.26106026768684387
EDTRPAS1-44,marginalised,95.74852126495767,0.012762185477187608,0.2145988941192627
EDTRPAS1-44,marginalised,98.562268773957,0.008139940278011149,0.31293901801109314
EDTRPAS1-44,marginalised,101.45870346119995,0.007728452057991465,0.44040682911872864
EDTRPAS1-44,marginalised,104.44025524245689,0.00945555071437182,0.366032212972641
EDTRPAS1-44,marginalised,107.50942544107036,0.011923700431577125,0.31031158566474915
EDTRPAS1-44,marginalised,110.6687888863988,0.014407125769685137,0.27635014057159424
EDTRPAS1-44,marginalised,113.92099607392683,0.01646463941808889,0.25588783621788025
EDTRPAS1-44,marginalised,117.26877538885445,0.01788242072332671,0.2442885935306549
EDTRPAS1-44,marginalised,120.71493539503047,0.01864433815228319,0.2386583834886551
EDTRPAS1-44,marginalised,124.26236719115045,0.018864510464732885,0.23703382909297943
EDTRPAS1-44,marginalised,127.91404683619601,0.01870579592280181,0.23802299797534943
EDTRPAS1-44,marginalised,131.67303784615004,0.018322014918214016,0.24062205851078033
EDTRPAS1-44,marginalised,135.54249376408256,0.017831716323716103,0.2441098541021347
EDTRPAS1-44,marginalised,139.52566080576327,0.017314105456724797,0.2479824274778366
EDTRPAS1-44,marginalised,143.62588058302035,0.016817041131502068,0.25189411640167236
EDTRPAS1-44,marginalised,147.8465929071303,0.016365201962794954,0.2556253671646118
EDTRPAS1-44,marginalised,152.19133867459024,0.015968717799475163,0.25904759764671326
EDTRPAS1-44,marginalised,156.66376283769452,0.015628124810061372,0.2621053159236908
EDTRPAS1-44,marginalised,161.26761746240663,0.015339404559252557,0.2647877633571625
EDTRPAS1-44,marginalised,166.00676487609283,0.015095327698649906,0.267122358083725
EDTRPAS1-44,marginalised,170.88518090775736,0.014886896959544703,0.2691645622253418
EDTRPAS1-44,marginalised,175.9069582234983,0.01470565590255978,0.27097591757774353
EDTRPAS1-44,marginalised,181.0763097599816,0.014544026076298842,0.27261707186698914
EDTRPAS1-44,marginalised,186.39757225881465,0.014395266133010428,0.27414727210998535
EDTRPAS1-44,marginalised,191.8752099047833,0.014255162439027684,0.2756049633026123
EDTRPAS1-44,marginalised,197.51381807100566,0.014121035603299248,0.27701523900032043
EDTRPAS1-44,marginalised,203.31812717414408,0.0139930742619643,0.2783753275871277
EDTRPAS1-44,marginalised,209.2930066429096,0.013873264599457055,0.2796623706817627
EDTRPAS1-44,marginalised,215.44346900318828,0.013765181259776826,0.2808360755443573
EDTRPAS1-44,marginalised,221.77467408321655,0.01367284904842165,0.2818487882614136
EDTRPAS1-44,marginalised,228.29193334233335,0.013599895750612163,0.28265631198883057
EDTRPAS1-44,marginalised,235.0007143269408,0.013549430381755028,0.28321945667266846
EDTRPAS1-44,marginalised,241.90664525741136,0.013521933900957551,0.28352949023246765
EDTRPAS1-44,marginalised,249.01551974978992,0.013515736317477472,0.2836024761199951
EDTRPAS1-44,marginalised,256.3333016762516,0.013526975462082131,0.2834812104701996
EDTRPAS1-44,marginalised,263.8661301683935,0.013548811654790454,0.2832421660423279
EDTRPAS1-44,marginalised,271.6203247675568,0.013572935763036297,0.2829779088497162
EDTRPAS1-44,marginalised,279.60239072650137,0.013589632462929095,0.2827955186367035
EDTRPAS1-44,marginalised,287.81902446687934,0.013589086722362805,0.2828023135662079
EDTRPAS1-44,marginalised,296.2771191970868,0.013562034248760952,0.28310078382492065
EDTRPAS1-44,marginalised,304.9837706952066,0.01350081469322135,0.28377869725227356
EDTRPAS1-44,marginalised,313.94628326189337,0.013400687457413348,0.2848973870277405
EDTRPAS1-44,marginalised,323.1721758481953,0.013260104391997296,0.2864900529384613
EDTRPAS1-44,marginalised,332.6691883634533,0.013081353409578248,0.2885536551475525
EDTRPAS1-44,marginalised,342.4452881685692,0.012870585676719566,0.29104429483413696
EDTRPAS1-44,marginalised,352.50867676009113,0.01263750548658435,0.2938738763332367
EDTRPAS1-44,marginalised,362.86779665072237,0.012393562728216794,0.29692426323890686
EDTRPAS1-44,marginalised,373.5313384520277,0.012150684427143687,0.30005648732185364
EDTRPAS1-44,marginalised,384.508248165277,0.01192054995387256,0.30311617255210876
EDTRPAS1-44,marginalised,395.8077346865451,0.011711989742017146,0.3059701919555664
EDTRPAS1-44,marginalised,407.43927753236164,0.011531002860469642,0.3085123300552368
EDTRPAS1-44,marginalised,419.4126347923942,0.011380397272701645,0.3106759786605835
EDTRPAS1-44,marginalised,431.73785131583566,0.011260105184396097,0.3124367296695709
EDTRPAS1-44,marginalised,444.4252671383633,0.011168066400161738,0.3138040006160736
EDTRPAS1-44,marginalised,457.4855261567403,0.011100657415609099,0.3148166835308075
EDTRPAS1-44,marginalised,470.929585058336,0.011053795236649538,0.31552639603614807
EDTRPAS1-44,marginalised,484.76872251305645,0.01102316017599267,0.31599292159080505
EDTRPAS1-44,marginalised,499.01454863539783,0.011004858520135222,0.3162726163864136
EDTRPAS1-44,marginalised,513.6790147245588,0.010083742600201643,0.33136749267578125
EDTRPAS1-44,marginalised,528.7744232907841,0.009841280194875152,0.33570724725723267
EDTRPAS1-44,marginalised,544.313438376352,0.00957091440808327,0.34074974060058594
EDTRPAS1-44,marginalised,560.3090961798615,0.00927657073378718,0.3465014398097992
EDTRPAS1-44,marginalised,576.774815992735,0.00896416523998958,0.3529300391674042
EDTRPAS1-44,marginalised,593.7244114571095,0.008640275497236071,0.3599799871444702
EDTRPAS1-44,marginalised,611.1721021545629,0.008311451647684456,0.367578387260437
EDTRPAS1-44,marginalised,629.1325255353954,0.007983095821728054,0.3756565451622009
EDTRPAS1-44,marginalised,647.620749198475,0.0076593998135278734,0.3841528296470642
EDTRPAS1-44,marginalised,666.6522835319498,0.007342945992145923,0.39302873611450195
EDTRPAS1-44,marginalised,686.2430947254303,0.007035498679365309,0.4022541642189026
EDTRPAS1-44,marginalised,706.4096181645588,0.00673805619622763,0.4118109941482544
EDTRPAS1-44,marginalised,727.1687722192036,0.006451512027368457,0.42167535424232483
EDTRPAS1-44,marginalised,748.5379724368439,0.006176769781830713,0.43181249499320984
EDTRPAS1-44,marginalised,770.5351461530547,0.005914882814735191,0.44216880202293396
EDTRPAS1-44,marginalised,793.1787475313464,0.00566667428276731,0.45268404483795166
EDTRPAS1-44,marginalised,816.4877730449793,0.005432683176346568,0.46329477429389954
EDTRPAS1-44,marginalised,840.4817774137395,0.005212812801999726,0.47395455837249756
EDTRPAS1-44,marginalised,865.1808900090454,0.005006253907246827,0.4846472442150116
EDTRPAS1-44,marginalised,890.6058317411504,0.004811567090223116,0.4953944683074951
EDTRPAS1-44,marginalised,916.7779324426059,0.004626907476767922,0.5062543749809265
EDTRPAS1-44,marginalised,943.7191487625702,0.004450311795754064,0.5173128247261047
EDTRPAS1-44,marginalised,971.4520825869745,0.004280005006171137,0.5286680459976196
EDTRPAS1-44,marginalised,999.9999999999998,0.004114644718348344,0.5404126048088074
SCTXSUS1-13/EDTRVFPS1-08,marginalised,92.82107890000002,0.006309755381301924,28.57923126220703
SCTXSUS1-13/EDTRVFPS1-08,marginalised,95.54879809698662,0.005939514562078808,29.60090446472168
SCTXSUS1-13/EDTRVFPS1-08,marginalised,98.35667637104692,0.005745422481101011,30.172800064086914
SCTXSUS1-13/EDTRVFPS1-08,marginalised,101.24706934501937,0.005642566716049881,30.484477996826172
SCTXSUS1-13/EDTRVFPS1-08,marginalised,104.22240186607932,0.0055873480515569235,30.64841651916504
SCTXSUS1-13/EDTRVFPS1-08,marginalised,107.28517004002431,0.005556889964020109,30.736961364746094
SCTXSUS1-13/EDTRVFPS1-08,marginalised,110.4379433253405,0.005539275913188909,30.785961151123047
SCTXSUS1-13/EDTRVFPS1-08,marginalised,113.68336668880723,0.005528438361811365,30.814193725585938
SCTXSUS1-13/EDTRVFPS1-08,marginalised,117.02416282444798,0.0055213727566623735,30.83104705810547
SCTXSUS1-13/EDTRVFPS1-08,marginalised,120.4631344376893,0.005516609123720988,30.84109878540039
SCTXSUS1-13/EDTRVFPS1-08,marginalised,124.0031665966439,0.005513408242139739,30.846654891967773
SCTXSUS1-13/EDTRVFPS1-08,marginalised,127.64722915249071,0.005511351514905325,30.849010467529297
SCTXSUS1-13/EDTRVFPS1-08,marginalised,131.39837923098216,0.0055101568111843744,30.849016189575195
SCTXSUS1-13/EDTRVFPS1-08,marginalised,135.25976379716906,0.00550959825677414,30.84739875793457
SCTXSUS1-13/EDTRVFPS1-08,marginalised,139.23462229549457,0.005509480681225498,30.84475326538086
SCTXSUS1-13/EDTRVFPS1-08,marginalised,143.32628936747255,0.005509642460218139,30.841590881347656
SCTXSUS1-13/EDTRVFPS1-08,marginalised,147.53819764922935,0.005509953839020489,30.83831214904785
SCTXSUS1-13/EDTRVFPS1-08,marginalised,151.87388065125708,0.0055103351971728075,30.835134506225586
SCTXSUS1-13/EDTRVFPS1-08,marginalised,156.3369757227935,0.005510754364506364,30.832141876220703
SCTXSUS1-13/EDTRVFPS1-08,marginalised,160.9312271033158,0.005511226542987373,30.829221725463867
SCTXSUS1-13/EDTRVFPS1-08,marginalised,165.6604890637079,0.005511811576157889,30.826107025146484
SCTXSUS1-13/EDTRVFPS1-08,marginalised,170.52872913973727,0.0055126071758171925,30.82242774963379
SCTXSUS1-13/EDTRVFPS1-08,marginalised,175.540031460553,0.005513722003781901,30.81775665283203
SCTXSUS1-13/EDTRVFPS1-08,marginalised,180.6986001749981,0.005515264345304835,30.81167221069336
SCTXSUS1-13/EDTRVFPS1-08,marginalised,186.00876297861046,0.005517309952105843,30.803897857666016
SCTXSUS1-13/EDTRVFPS1-08,marginalised,191.474974744271,0.005519886402762571,30.7943058013916
SCTXSUS1-13/EDTRVFPS1-08,marginalised,197.10182125954537,0.0055229497256939685,30.783039093017578
SCTXSUS1-13/EDTRVFPS1-08,marginalised,202.89402307385419,0.005526378656121282,30.77052116394043
SCTXSUS1-13/EDTRVFPS1-08,marginalised,208.85643945869964,0.005529984264989087,30.757442474365234
SCTXSUS1-13/EDTRVFPS1-08,marginalised,214.99407248427056,0.0055335215323684475,30.744651794433594
SCTXSUS1-13/EDTRVFPS1-08,marginalised,221.31207121584612,0.005536729025901271,30.733076095581055
SCTXSUS1-13/EDTRVFPS1-08,marginalised,227.81573603351856,0.005539362467335294,30.723581314086914
SCTXSUS1-13/EDTRVFPS1-08,marginalised,234.51052307885917,0.005541232951349805,30.716846466064453
SCTXSUS1-13/EDTRVFPS1-08,marginalised,241.40204883225755,0.005542242116126382,30.713199615478516
SCTXSUS1-13/EDTRVFPS1-08,marginalised,248.4960948247745,0.0055424018455830035,30.712596893310547
SCTXSUS1-13/EDTRVFPS1-08,marginalised,255.79861248846154,0.005541843053846403,30.71456527709961
SCTXSUS1-13/EDTRVFPS1-08,marginalised,263.31572814921594,0.00554081082097438,30.71824073791504
SCTXSUS1-13/EDTRVFPS1-08,marginalised,271.05374816636015,0.005539645861757588,30.722383499145508
SCTXSUS1-13/EDTRVFPS1-08,marginalised,279.019164223257,0.005538750751420168,30.725574493408203
SCTXSUS1-13/EDTRVFPS1-08,marginalised,287.2186587733999,0.0055385558462397524,30.726266860961914
SCTXSUS1-13/EDTRVFPS1-08,marginalised,295.659110646546,0.005539471065381126,30.72299575805664
SCTXSUS1-13/EDTRVFPS1-08,marginalised,304.3476008195962,0.005541841494634846,30.714521408081055
SCTXSUS1-13/EDTRVFPS1-08,marginalised,313.2914183570632,0.005545902807078589,30.70001220703125
SCTXSUS1-13/EDTRVFPS1-08,marginalised,322.4980665261109,0.005551744760308722,30.679180145263672
SCTXSUS1-13/EDTRVFPS1-08,marginalised,331.97526909129607,0.00555929163976964,30.65230941772461
SCTXSUS1-13/EDTRVFPS1-08,marginalised,341.73097679429196,0.005568303938014825,30.62029457092285
SCTXSUS1-13/EDTRVFPS1-08,marginalised,351.7733740240312,0.0055783964265617835,30.58452033996582
SCTXSUS1-13/EDTRVFPS1-08,marginalised,362.11088568286306,0.005589088250446096,30.546722412109375
SCTXSUS1-13/EDTRVFPS1-08,marginalised,372.75218425448486,0.005599853457792586,30.508752822875977
SCTXSUS1-13/EDTRVFPS1-08,marginalised,383.70619707957866,0.005610194833230634,30.47238540649414
SCTXSUS1-13/EDTRVFPS1-08,marginalised,394.9821138452551,0.005619689313523906,30.439067840576172
SCTXSUS1-13/EDTRVFPS1-08,marginalised,406.589394294589,0.00562803782496289,30.409835815429688
SCTXSUS1-13/EDTRVFPS1-08,marginalised,418.5377761627134,0.005635073470967139,30.385242462158203
SCTXSUS1-13/EDTRVFPS1-08,marginalised,430.8372833461309,0.0056407581381832505,30.36540985107422
SCTXSUS1-13/EDTRVFPS1-08,marginalised,443.49823431209506,0.005645161215118549,30.350065231323242
SCTXSUS1-13/EDTRVFPS1-08,marginalised,456.5312507551173,0.0056484200774875246,30.33871078491211
SCTXSUS1-13/EDTRVFPS1-08,marginalised,469.94726650786066,0.0056507122341996115,30.330738067626953
SCTXSUS1-13/EDTRVFPS1-08,marginalised,483.75753671389754,0.005652225078979112,30.325477600097656
SCTXSUS1-13/EDTRVFPS1-08,marginalised,497.9736472700252,0.0056531383655786405,30.322294235229492
SCTXSUS1-13/EDTRVFPS1-08,marginalised,512.6075245460614,0.005695250173477064,30.176593780517578
SCTXSUS1-13/EDTRVFPS1-08,marginalised,527.6714453902747,0.005706825945714833,30.136796951293945
SCTXSUS1-13/EDTRVFPS1-08,marginalised,543.1780474288415,0.005719972293769658,30.091732025146484
SCTXSUS1-13/EDTRVFPS1-08,marginalised,559.1403396679738,0.005734601385360658,30.04174041748047
SCTXSUS1-13/EDTRVFPS1-08,marginalised,575.5717134076075,0.005750527620507118,29.987503051757812
SCTXSUS1-13/EDTRVFPS1-08,marginalised,592.4859534758126,0.0057675065394425145,29.929899215698242
SCTXSUS1-13/EDTRVFPS1-08,marginalised,609.8972497933441,0.00578527708705233,29.869842529296875
SCTXSUS1-13/EDTRVFPS1-08,marginalised,627.820209278042,0.005803603034786987,29.808170318603516
SCTXSUS1-13/EDTRVFPS1-08,marginalised,646.2698680990607,0.005822295694095508,29.74551773071289
SCTXSUS1-13/EDTRVFPS1-08,marginalised,665.2617042912146,0.005841220612852948,29.682344436645508
SCTXSUS1-13/EDTRVFPS1-08,marginalised,684.8116507400182,0.005860294057992142,29.618942260742188
SCTXSUS1-13/EDTRVFPS1-08,marginalised,704.9361085483149,0.005879454357838102,29.555517196655273
SCTXSUS1-13/EDTRVFPS1-08,marginalised,725.6519607957106,0.0058986447451967764,29.49225425720215
SCTXSUS1-13/EDTRVFPS1-08,marginalised,746.9765867023528,0.005917791498837432,29.42938995361328
SCTXSUS1-13/EDTRVFPS1-08,marginalised,768.9278762089385,0.005936800535812605,29.367229461669922
SCTXSUS1-13/EDTRVFPS1-08,marginalised,791.5242449851827,0.005955566056009033,29.306108474731445
SCTXSUS1-13/EDTRVFPS1-08,marginalised,814.7846498793388,0.005973994366712092,29.246313095092773
SCTXSUS1-13/EDTRVFPS1-08,marginalised,838.7286048217314,0.005992023474671277,29.188034057617188
SCTXSUS1-13/EDTRVFPS1-08,marginalised,863.3761971956445,0.006009643816816266,29.131275177001953
SCTXSUS1-13/EDTRVFPS1-08,marginalised,888.7481046892973,0.006026910378521874,29.07585334777832
SCTXSUS1-13/EDTRVFPS1-08,marginalised,914.8656126430477,0.006043925538239006,29.02143096923828
SCTXSUS1-13/EDTRVFPS1-08,marginalised,941.7506319063752,0.006060831924345681,28.967533111572266
SCTXSUS1-13/EDTRVFPS1-08,marginalised,969.4257172196238,0.006077776499372441,28.913692474365234
SCTXSUS1-13/EDTRVFPS1-08,marginalised,997.9140861359268,0.006094894238200574,28.859474182128906
SCTXSUS1-13/EDTRVFPS1-08,marginalised,1027.2396384991875,0.006112288824671594,28.8045654296875
SCTXSUS1-13/EDTRVFPS1-08,marginalised,1057.4269764944563,0.006130028954472842,28.74875259399414
SCTXSUS1-13/EDTRVFPS1-08,marginalised,1088.5014252875249,0.00614815168356498,28.69192123413086
SCTXSUS1-13/EDTRVFPS1-08,marginalised,1120.4890542710536,0.006166684170306175,28.634004592895508
SCTXSUS1-13/EDTRVFPS1-08,marginalised,1153.4166989350558,0.006185645544244496,28.5749568939209
SCTXSUS1-13/EDTRVFPS1-08,marginalised,1187.3119833800856,0.006205062481689367,28.51468849182129
SCTXSUS1-13/EDTRVFPS1-08,marginalised,1222.203343492019,0.006224964482318963,28.452966690063477
SCTXSUS1-13/EDTRVFPS1-08,marginalised,1258.1200507978676,0.006245376281501215,28.389719009399414
SCTXSUS1-13/EDTRVFPS1-08,marginalised,1295.0922370226401,0.006266300154895354,28.32512664794922
SCTXSUS1-13/EDTRVFPS1-08,marginalised,1333.1509193678523,0.00628770910002502,28.259296417236328
SCTXSUS1-13/EDTRVFPS1-08,marginalised,1372.3280265328933,0.0063095388363852535,28.192426681518555
SCTXSUS1-13/EDTRVFPS1-08,marginalised,1412.6564255010774,0.006331690207379355,28.124835968017578
SCTXSUS1-13/EDTRVFPS1-08,marginalised,1454.1699491128543,0.006354045767656905,28.05687713623047
SCTXSUS1-13/EDTRVFPS1-08,marginalised,1496.9034244493077,0.0063764877245890165,27.988916397094727
SCTXSUS1-13/EDTRVFPS1-08,marginalised,1540.8927020497576,0.00639891050439617,27.921266555786133
SCTXSUS1-13/EDTRVFPS1-08,marginalised,1586.1746859879736,0.006421238097387125,27.854143142700195
SCTXSUS1-13/EDTRVFPS1-08,marginalised,1632.7873648322352,0.00644343199058602,27.787654876708984
SCTXSUS1-13/EDTRVFPS1-08,marginalised,1680.7698435152108,0.0064654839598467465,27.72182273864746
SCTXSUS1-13/EDTRVFPS1-08,marginalised,1730.1623761403903,0.0064874139857814365,27.65656852722168
SCTXSUS1-13/EDTRVFPS1-08,marginalised,1781.0063997525967,0.0065092552153241424,27.591787338256836
SCTXSUS1-13/EDTRVFPS1-08,marginalised,1833.3445691009078,0.006531045787730866,27.527362823486328
SCTXSUS1-13/EDTRVFPS1-08,marginalised,1887.220792423148,0.006552818103096308,27.46318244934082
SCTXSUS1-13/EDTRVFPS1-08,marginalised,1942.6802682819755,0.006574591225549333,27.399188995361328
SCTXSUS1-13/EDTRVFPS1-08,marginalised,1999.7695234834662,0.006596381181264789,27.3353271484375
SCTXSUS1-13/EDTRVFPS1-08,marginalised,2058.5364521100046,0.006618192360003019,27.271574020385742
SCTXSUS1-13/EDTRVFPS1-08,marginalised,2119.0303557002285,0.0066400305450683966,27.20791244506836
SCTXSUS1-13/EDTRVFPS1-08,marginalised,2181.301984609735,0.00666190886002878,27.1442928314209
SCTXSUS1-13/EDTRVFPS1-08,marginalised,2245.403580587251,0.006683845665940153,27.08065414428711
SCTXSUS1-13/EDTRVFPS1-08,marginalised,2311.388920601978,0.006705871386885442,27.01689910888672
SCTXSUS1-13/EDTRVFPS1-08,marginalised,2379.3133619588875,0.006728028671601838,26.95290756225586
SCTXSUS1-13/EDTRVFPS1-08,marginalised,2449.2338887398146,0.006750361451528575,26.888534545898438
SCTXSUS1-13/EDTRVFPS1-08,marginalised,2521.2091596093037,0.006772913075075916,26.823654174804688
SCTXSUS1-13/EDTRVFPS1-08,marginalised,2595.299557025324,0.006795714600097208,26.758159637451172
SCTXSUS1-13/EDTRVFPS1-08,marginalised,2671.5672378961262,0.006818781165466489,26.692005157470703
SCTXSUS1-13/EDTRVFPS1-08,marginalised,2750.0761857257526,0.006842102529130572,26.62520980834961
SCTXSUS1-13/EDTRVFPS1-08,marginalised,2830.8922642919306,0.006865639544723343,26.55786895751953
SCTXSUS1-13/EDTRVFPS1-08,marginalised,2914.083272901398,0.006889331463766989,26.49013900756836
SCTXSUS1-13/EDTRVFPS1-08,marginalised,2999.7190032690037,0.0069130961696954,26.42197036743164
SCTXSUS1-13/EDTRVFPS1-08,marginalised,3087.871298068309,0.006936840598726816,26.353513717651367
SCTXSUS1-13/EDTRVFPS1-08,marginalised,3178.614111202803,0.006960467010228652,26.28531837463379
SCTXSUS1-13/EDTRVFPS1-08,marginalised,3272.0235698483043,0.006983882412289366,26.21762466430664
SCTXSUS1-13/EDTRVFPS1-08,marginalised,3368.1780383185887,0.007007001029501795,26.150644302368164
SCTXSUS1-13/EDTRVFPS1-08,marginalised,3467.1581838078296,0.007029746411688582,26.084566116333008
SCTXSUS1-13/EDTRVFPS1-08,marginalised,3569.0470440649988,0.007052056131135315,26.01955223083496
SCTXSUS1-13/EDTRVFPS1-08,marginalised,3673.9300970570102,0.007073869475294214,25.955726623535156
SCTXSUS1-13/EDTRVFPS1-08,marginalised,3781.895332679037,0.0070951448811799244,25.893186569213867
SCTXSUS1-13/EDTRVFPS1-08,marginalised,3893.0333265721742,0.007115850316217624,25.832000732421875
SCTXSUS1-13/EDTRVFPS1-08,marginalised,4007.4373161103686,0.00713596406066284,25.77219009399414
SCTXSUS1-13/EDTRVFPS1-08,marginalised,4125.203278620364,0.007155481053641904,25.713741302490234
SCTXSUS1-13/EDTRVFPS1-08,marginalised,4246.430011900285,0.007174409451923591,25.656593322753906
SCTXSUS1-13/EDTRVFPS1-08,marginalised,4371.219217104411,0.007192768792443266,25.60066032409668
SCTXSUS1-13/EDTRVFPS1-08,marginalised,4499.675584063666,0.007210578993196307,25.54581642150879
SCTXSUS1-13/EDTRVFPS1-08,marginalised,4631.90687911342,0.007227864215742457,25.491945266723633
SCTXSUS1-13/EDTRVFPS1-08,marginalised,4768.024035502257,0.00724464105309777,25.438934326171875
SCTXSUS1-13/EDTRVFPS1-08,marginalised,4908.1412464575915,0.0072609070396409455,25.386703491210938
SCTXSUS1-13/EDTRVFPS1-08,marginalised,5052.37606098617,0.00727664274157583,25.335220336914062
SCTXSUS1-13/EDTRVFPS1-08,marginalised,5200.849482489866,0.007291805011650158,25.284517288208008
SCTXSUS1-13/EDTRVFPS1-08,marginalised,5353.6860702794675,0.007306318363373938,25.234695434570312
SCTXSUS1-13/EDTRVFPS1-08,marginalised,5511.014044071648,0.00732008722250197,25.18593406677246
SCTXSUS1-13/EDTRVFPS1-08,marginalised,5672.965391556761,0.0073329874443997375,25.138473510742188
SCTXSUS1-13/EDTRVFPS1-08,marginalised,5839.675979127725,0.007344880540561625,25.092607498168945
SCTXSUS1-13/EDTRVFPS1-08,marginalised,6011.285665862882,0.007355622435203001,25.048675537109375
SCTXSUS1-13/EDTRVFPS1-08,marginalised,6187.938420858434,0.007365059974805935,25.00701904296875
SCTXSUS1-13/EDTRVFPS1-08,marginalised,6369.78244400894,0.007373052484357927,24.967987060546875
SCTXSUS1-13/EDTRVFPS1-08,marginalised,6556.970290337144,0.007379462041468707,24.92900848388672
SCTXSUS1-13/EDTRVFPS1-08,marginalised,6749.658997977488,0.007384164557316448,24.892560958862305
SCTXSUS1-13/EDTRVFPS1-08,marginalised,6948.010219920638,0.007387051185920333,24.8594913482666
SCTXSUS1-13/EDTRVFPS1-08,marginalised,7152.190359629579,0.007388029471983379,24.83008575439453
SCTXSUS1-13/EDTRVFPS1-08,marginalised,7362.370710641035,0.007387030175228645,24.804601669311523
SCTXSUS1-13/EDTRVFPS1-08,marginalised,7578.727600269339,0.00738401516311915,24.783262252807617
SCTXSUS1-13/EDTRVFPS1-08,marginalised,7801.442537533301,0.007378985452727942,24.766231536865234
SCTXSUS1-13/EDTRVFPS1-08,marginalised,8030.702365430189,0.007371984771248029,24.753599166870117
SCTXSUS1-13/EDTRVFPS1-08,marginalised,8266.699417684551,0.007363102685769414,24.745370864868164
SCTXSUS1-13/EDTRVFPS1-08,marginalised,8509.631680103406,0.007352463968039611,24.7414608001709
SCTXSUS1-13/EDTRVFPS1-08,marginalised,8759.702956673145,0.007340222560612876,24.740283966064453
SCTXSUS1-13/EDTRVFPS1-08,marginalised,9017.123040537495,0.00732654708692904,24.739578247070312
SCTXSUS1-13/EDTRVFPS1-08,marginalised,9282.107890000007,0.00731160211581131,24.74251365661621
SCTXSUS1-14/EDTRVFPS1-07,marginalised,25.050809435,0.00041956823746474675,128.7514190673828
SCTXSUS1-14/EDTRVFPS1-07,marginalised,25.786973834355013,0.00037737364315718096,138.18006896972656
SCTXSUS1-14/EDTRVFPS1-07,marginalised,26.54477178708018,0.00033045276959516143,149.10684204101562
SCTXSUS1-14/EDTRVFPS1-07,marginalised,27.324839035180727,0.00028041445847399904,162.05511474609375
SCTXSUS1-14/EDTRVFPS1-07,marginalised,28.127830003117335,0.00022990409025250224,177.43040466308594
SCTXSUS1-14/EDTRVFPS1-07,marginalised,28.954418346824667,0.00018195078410631008,195.45162963867188
SCTXSUS1-14/EDTRVFPS1-07,marginalised,29.80529751886384,0.00013918595054036281,216.08258056640625
SCTXSUS1-14/EDTRVFPS1-07,marginalised,30.68118135018291,0.0001032762393054962,238.98883056640625
SCTXSUS1-14/EDTRVFPS1-07,marginalised,31.582804648973514,7.473833586393668e-05,263.5421142578125
SCTXSUS1-14/EDTRVFPS1-07,marginalised,32.510923817125985,5.310787065058097e-05,288.8896179199219
SCTXSUS1-14/EDTRVFPS1-07,marginalised,33.46631748480014,3.73085052822096e-05,314.0648193359375
SCTXSUS1-14/EDTRVFPS1-07,marginalised,34.44978716364415,2.605298468510934e-05,338.08203125
SCTXSUS1-14/EDTRVFPS1-07,marginalised,35.4621579192094,1.8149959068283e-05,360.0270690917969
SCTXSUS1-14/EDTRVFPS1-07,marginalised,36.50427906312554,1.2647778491310371e-05,379.156494140625
SCTXSUS1-14/EDTRVFPS1-07,marginalised,37.577024865616345,8.841051369364292e-06,394.9706726074219
SCTXSUS1-14/EDTRVFPS1-07,marginalised,38.68129528895425,6.2204691387819745e-06,407.3590087890625
SCTXSUS1-14/EDTRVFPS1-07,marginalised,39.81801674246871,4.421849704591215e-06,416.5142822265625
SCTXSUS1-14/EDTRVFPS1-07,marginalised,40.9881428597419,3.1876403940691174e-06,422.9867248535156
SCTXSUS1-14/EDTRVFPS1-07,marginalised,42.19265529864382,2.338359904710973e-06,427.5714416503906
SCTXSUS1-14/EDTRVFPS1-07,marginalised,43.43256456487784,1.7508997980818617e-06,430.5737609863281
SCTXSUS1-14/EDTRVFPS1-07,marginalised,44.70891085972765,1.3419105545655567e-06,432.4681091308594
SCTXSUS1-14/EDTRVFPS1-07,marginalised,46.02276495271689,1.055440090350441e-06,434.07958984375
SCTXSUS1-14/EDTRVFPS1-07,marginalised,47.37522907991341,8.541074027746501e-07,436.03326416015625
SCTXSUS1-14/EDTRVFPS1-07,marginalised,48.76743786863195,7.130422941901475e-07,435.92706298828125
SCTXSUS1-14/EDTRVFPS1-07,marginalised,50.200559289310874,6.158224714796203e-07,435.863525390625
SCTXSUS1-14/EDTRVFPS1-07,marginalised,51.67579563536155,5.518163185460228e-07,435.81475830078125
SCTXSUS1-14/EDTRVFPS1-07,marginalised,53.19438453181244,5.144752966955198e-07,435.7410888671875
SCTXSUS1-14/EDTRVFPS1-07,marginalised,54.757599973594075,5.002916006652158e-07,435.60662841796875
SCTXSUS1-14/EDTRVFPS1-07,marginalised,56.36675339433594,5.08278362084074e-07,435.39727783203125
SCTXSUS1-14/EDTRVFPS1-07,marginalised,58.02319476657191,5.399186405264431e-07,435.12921142578125
SCTXSUS1-14/EDTRVFPS1-07,marginalised,59.72831373427732,5.996436335405983e-07,434.84735107421875
SCTXSUS1-14/EDTRVFPS1-07,marginalised,61.48354077868766,6.960861943246077e-07,434.60882568359375
SCTXSUS1-14/EDTRVFPS1-07,marginalised,63.290348418377086,8.446690779051737e-07,433.05877685546875
SCTXSUS1-14/EDTRVFPS1-07,marginalised,65.15025244460337,1.0728392106794547e-06,429.6499938964844
SCTXSUS1-14/EDTRVFPS1-07,marginalised,67.06481319295584,1.4311097926376613e-06,426.93304443359375
SCTXSUS1-14/EDTRVFPS1-07,marginalised,69.03563685237299,2.0182461534872346e-06,421.035888671875
SCTXSUS1-14/EDTRVFPS1-07,marginalised,71.064376812628,3.0444421973271306e-06,411.2961120605469
SCTXSUS1-14/EDTRVFPS1-07,marginalised,73.15273505141263,5.008412060336711e-06,394.7301025390625
SCTXSUS1-14/EDTRVFPS1-07,marginalised,75.30246356218319,9.256925956573058e-06,365.9218444824219
SCTXSUS1-14/EDTRVFPS1-07,marginalised,77.5153658239662,1.994941070751035e-05,318.25927734375
SCTXSUS1-14/EDTRVFPS1-07,marginalised,79.79329831435737,5.119461022038106e-05,249.52027893066406
SCTXSUS1-14/EDTRVFPS1-07,marginalised,82.13817206698245,0.00014975656399530813,171.3527374267578
SCTXSUS1-14/EDTRVFPS1-07,marginalised,84.55195427472724,0.00044305180073242337,105.32463073730469
SCTXSUS1-14/EDTRVFPS1-07,marginalised,87.03666994008142,0.0011680820094762182,62.837364196777344
SCTXSUS1-14/EDTRVFPS1-07,marginalised,89.59440357398068,0.002520055264818237,40.02992630004883
SCTXSUS1-14/EDTRVFPS1-07,marginalised,92.22730094457256,0.004313419372355774,28.763202667236328
SCTXSUS1-14/EDTRVFPS1-07,marginalised,94.93757087737303,0.006028471014459818,23.315616607666016
SCTXSUS1-14/EDTRVFPS1-07,marginalised,97.72748710832396,0.007301274317476798,20.630653381347656
SCTXSUS1-14/EDTRVFPS1-07,marginalised,100.59939019130597,0.00809902003755031,19.311643600463867
SCTXSUS1-14/EDTRVFPS1-07,marginalised,103.55568946170769,0.008549712313303669,18.648080825805664
SCTXSUS1-14/EDTRVFPS1-07,marginalised,106.59886505769705,0.008789856209135355,18.31196403503418
SCTXSUS1-14/EDTRVFPS1-07,marginalised,109.73147000089239,0.008915057203943769,18.140565872192383
SCTXSUS1-14/EDTRVFPS1-07,marginalised,112.95613233817743,0.008981432641257617,18.04964256286621
SCTXSUS1-14/EDTRVFPS1-07,marginalised,116.27555734645757,0.009018787071964983,17.997756958007812
SCTXSUS1-14/EDTRVFPS1-07,marginalised,119.69252980220705,0.009041890305215001,17.963579177856445
SCTXSUS1-14/EDTRVFPS1-07,marginalised,123.20991631771079,0.009057726346047222,17.938140869140625
SCTXSUS1-14/EDTRVFPS1-07,marginalised,126.83066774596135,0.009069538971362383,17.918630599975586
SCTXSUS1-14/EDTRVFPS1-07,marginalised,130.55782165622782,0.009078797044051403,17.903087615966797
SCTXSUS1-14/EDTRVFPS1-07,marginalised,134.39450488237426,0.009086228609022397,17.890453338623047
SCTXSUS1-14/EDTRVFPS1-07,marginalised,138.34393614606495,0.00909228253128302,17.880111694335938
SCTXSUS1-14/EDTRVFPS1-07,marginalised,142.40942875705753,0.00909721669493649,17.871627807617188
SCTXSUS1-14/EDTRVFPS1-07,marginalised,146.59439339284913,0.00910124902124399,17.86466407775879
SCTXSUS1-14/EDTRVFPS1-07,marginalised,150.9023409600076,0.009104542640872806,17.858959197998047
SCTXSUS1-14/EDTRVFPS1-07,marginalised,155.3368855395883,0.009107218748271449,17.854297637939453
SCTXSUS1-14/EDTRVFPS1-07,marginalised,159.9017474191074,0.009109373019811287,17.850528717041016
SCTXSUS1-14/EDTRVFPS1-07,marginalised,164.6007562136152,0.009111043477416623,17.847558975219727
SCTXSUS1-14/EDTRVFPS1-07,marginalised,169.4378540784881,0.009112272450109383,17.845317840576172
SCTXSUS1-14/EDTRVFPS1-07,marginalised,174.41709901663444,0.009113050129987126,17.84377098083496
SCTXSUS1-14/EDTRVFPS1-07,marginalised,179.5426682828885,0.009113381936539327,17.842905044555664
SCTXSUS1-14/EDTRVFPS1-07,marginalised,184.81886188844928,0.009113261153778814,17.842687606811523
SCTXSUS1-14/EDTRVFPS1-07,marginalised,190.2501062083032,0.00911270515674601,17.843107223510742
SCTXSUS1-14/EDTRVFPS1-07,marginalised,195.84095769465807,0.009111745774012157,17.84408950805664
SCTXSUS1-14/EDTRVFPS1-07,marginalised,201.5961066995029,0.009110459463314525,17.84554100036621
SCTXSUS1-14/EDTRVFPS1-07,marginalised,207.52038140950083,0.009108949547749568,17.847299575805664
SCTXSUS1-14/EDTRVFPS1-07,marginalised,213.6187518965161,0.009107360103238416,17.84919548034668
SCTXSUS1-14/EDTRVFPS1-07,marginalised,219.89633428717332,0.009105832059834494,17.851051330566406
SCTXSUS1-14/EDTRVFPS1-07,marginalised,226.3583950549469,0.009104520408729442,17.85264015197754
SCTXSUS1-14/EDTRVFPS1-07,marginalised,233.01035543838145,0.009103540807491853,17.853836059570312
SCTXSUS1-14/EDTRVFPS1-07,marginalised,239.85779598914996,0.00910298728498841,17.8544979095459
SCTXSUS1-14/EDTRVFPS1-07,marginalised,246.90646125376475,0.009102862742849827,17.854631423950195
SCTXSUS1-14/EDTRVFPS1-07,marginalised,254.16226459286946,0.009103136704084339,17.85426139831543
SCTXSUS1-14/EDTRVFPS1-07,marginalised,261.6312931421547,0.009103676193183113,17.85356330871582
SCTXSUS1-14/EDTRVFPS1-07,marginalised,269.3198129190594,0.00910432137684121,17.85273551940918
SCTXSUS1-14/EDTRVFPS1-07,marginalised,277.23427407954216,0.009104855337258213,17.8520565032959
SCTXSUS1-14/EDTRVFPS1-07,marginalised,285.3813163293324,0.00910507596603932,17.851776123046875
SCTXSUS1-14/EDTRVFPS1-07,marginalised,293.7677744942011,0.00910474756560798,17.852184295654297
SCTXSUS1-14/EDTRVFPS1-07,marginalised,302.4006842539244,0.009103685437750524,17.8535213470459
SCTXSUS1-14/EDTRVFPS1-07,marginalised,311.28728804475054,0.009101735063818473,17.85599136352539
SCTXSUS1-14/EDTRVFPS1-07,marginalised,320.43504113532106,0.009098801351258573,17.859691619873047
SCTXSUS1-14/EDTRVFPS1-07,marginalised,329.8516178811447,0.009094875202998483,17.864662170410156
SCTXSUS1-14/EDTRVFPS1-07,marginalised,339.5449181628708,0.009089998877709522,17.87083625793457
SCTXSUS1-14/EDTRVFPS1-07,marginalised,349.52307401376237,0.009084336975196724,17.878007888793945
SCTXSUS1-14/EDTRVFPS1-07,marginalised,359.79445644193095,0.009078113470223049,17.885900497436523
SCTXSUS1-14/EDTRVFPS1-07,marginalised,370.3676824530543,0.009071604118699587,17.894166946411133
SCTXSUS1-14/EDTRVFPS1-07,marginalised,381.2516222794705,0.009065128441334993,17.90239906311035
SCTXSUS1-14/EDTRVFPS1-07,marginalised,392.45540682171196,0.009058990521149434,17.91020393371582
SCTXSUS1-14/EDTRVFPS1-07,marginalised,403.98843530872267,0.00905341675014379,17.917306900024414
SCTXSUS1-14/EDTRVFPS1-07,marginalised,415.86038318318526,0.009048600551134656,17.923442840576172
SCTXSUS1-14/EDTRVFPS1-07,marginalised,428.08121021857295,0.009044614387659454,17.928524017333984
SCTXSUS1-14/EDTRVFPS1-07,marginalised,440.6611688747361,0.009041452873785445,17.93256378173828
SCTXSUS1-14/EDTRVFPS1-07,marginalised,453.61081289903296,0.009039073685921805,17.93560218811035
SCTXSUS1-14/EDTRVFPS1-07,marginalised,466.94100618022077,0.009037375431967755,17.937767028808594
SCTXSUS1-14/EDTRVFPS1-07,marginalised,480.662931862535,0.009036226981924666,17.939233779907227
SCTXSUS1-14/EDTRVFPS1-07,marginalised,494.7881017276021,0.009035513578293517,17.940147399902344
SCTXSUS1-14/EDTRVFPS1-07,marginalised,509.3283658520578,0.009006818501210843,17.976903915405273
SCTXSUS1-14/EDTRVFPS1-07,marginalised,524.2959225489717,0.008998337551659494,17.98780059814453
SCTXSUS1-14/EDTRVFPS1-07,marginalised,539.7033286014199,0.00898844325095953,18.000537872314453
SCTXSUS1-14/EDTRVFPS1-07,marginalised,555.563509796789,0.008977105759432141,18.01515769958496
SCTXSUS1-14/EDTRVFPS1-07,marginalised,571.8897717706515,0.00896436614825598,18.031620025634766
SCTXSUS1-14/EDTRVFPS1-07,marginalised,588.6958111693067,0.008950332727397786,18.0497989654541
SCTXSUS1-14/EDTRVFPS1-07,marginalised,605.9957271403557,0.008935163582190616,18.069496154785156
SCTXSUS1-14/EDTRVFPS1-07,marginalised,623.8040331609466,0.008919010511788804,18.090532302856445
SCTXSUS1-14/EDTRVFPS1-07,marginalised,642.1356692136145,0.00890199990080024,18.112749099731445
SCTXSUS1-14/EDTRVFPS1-07,marginalised,661.0060143199329,0.008884253350635802,18.136001586914062
SCTXSUS1-14/EDTRVFPS1-07,marginalised,680.4308994424875,0.008865840116709201,18.160205841064453
SCTXSUS1-14/EDTRVFPS1-07,marginalised,700.4266207659996,0.00884680438685119,18.185317993164062
SCTXSUS1-14/EDTRVFPS1-07,marginalised,721.0099533687396,0.008827201390857815,18.211267471313477
SCTXSUS1-14/EDTRVFPS1-07,marginalised,742.1981652957,0.008807104445271796,18.23796844482422
SCTXSUS1-14/EDTRVFPS1-07,marginalised,764.0090320453356,0.008786613395300097,18.26529312133789
SCTXSUS1-14/EDTRVFPS1-07,marginalised,786.460851482022,0.008765848691145023,18.293087005615234
SCTXSUS1-14/EDTRVFPS1-07,marginalised,809.5724591867449,0.008744939738544419,18.321189880371094
SCTXSUS1-14/EDTRVFPS1-07,marginalised,833.3632442588987,0.008723991251062572,18.34945297241211
SCTXSUS1-14/EDTRVFPS1-07,marginalised,857.8531655824487,0.008703075493678806,18.37778663635254
SCTXSUS1-14/EDTRVFPS1-07,marginalised,883.0627685701055,0.00868216476924211,18.406219482421875
SCTXSUS1-14/EDTRVFPS1-07,marginalised,909.0132023995577,0.008661163369142752,18.434894561767578
SCTXSUS1-14/EDTRVFPS1-07,marginalised,935.7262377562232,0.00863992766405075,18.46400260925293
SCTXSUS1-14/EDTRVFPS1-07,marginalised,963.2242850974042,0.008618274203980248,18.493804931640625
SCTXSUS1-14/EDTRVFPS1-07,marginalised,991.530413453168,0.008596023529399272,18.524553298950195
SCTXSUS1-14/EDTRVFPS1-07,marginalised,1020.6683697797267,0.0085729969657417,18.556522369384766
SCTXSUS1-14/EDTRVFPS1-07,marginalised,1050.6625988815517,0.008549092704797104,18.589853286743164
SCTXSUS1-14/EDTRVFPS1-07,marginalised,1081.538263918936,0.008524208289684181,18.62471580505371
SCTXSUS1-14/EDTRVFPS1-07,marginalised,1113.3212675182106,0.008498282652249532,18.66121482849121
SCTXSUS1-14/EDTRVFPS1-07,marginalised,1146.0382735023209,0.008471243324234348,18.699485778808594
SCTXSUS1-14/EDTRVFPS1-07,marginalised,1179.7167292599997,0.008443029020864516,18.739627838134766
SCTXSUS1-14/EDTRVFPS1-07,marginalised,1214.384888772297,0.008413549019072954,18.781808853149414
SCTXSUS1-14/EDTRVFPS1-07,marginalised,1250.071836315789,0.00838270985103011,18.826204299926758
SCTXSUS1-14/EDTRVFPS1-07,marginalised,1286.807510862348,0.008350464372672265,18.872909545898438
SCTXSUS1-14/EDTRVFPS1-07,marginalised,1324.6227311959456,0.008316785390888532,18.922006607055664
SCTXSUS1-14/EDTRVFPS1-07,marginalised,1363.5492217675608,0.008281724541128249,18.973474502563477
SCTXSUS1-14/EDTRVFPS1-07,marginalised,1403.6196393098794,0.008245371516674874,19.027223587036133
SCTXSUS1-14/EDTRVFPS1-07,marginalised,1444.8676002341192,0.008207889885059789,19.083049774169922
SCTXSUS1-14/EDTRVFPS1-07,marginalised,1487.3277088319578,0.00816945361639251,19.1407413482666
SCTXSUS1-14/EDTRVFPS1-07,marginalised,1531.035586306231,0.008130237842506738,19.2000732421875
SCTXSUS1-14/EDTRVFPS1-07,marginalised,1576.027900654746,0.008090383287669848,19.260860443115234
SCTXSUS1-14/EDTRVFPS1-07,marginalised,1622.3423974322925,0.008049988792910261,19.322973251342773
SCTXSUS1-14/EDTRVFPS1-07,marginalised,1670.0179314166462,0.008009068383057632,19.386432647705078
SCTXSUS1-14/EDTRVFPS1-07,marginalised,1719.0944992051404,0.007967609760571178,19.451274871826172
SCTXSUS1-14/EDTRVFPS1-07,marginalised,1769.6132727691474,0.00792555692410073,19.517620086669922
SCTXSUS1-14/EDTRVFPS1-07,marginalised,1821.616633994619,0.007882829294726184,19.58563232421875
SCTXSUS1-14/EDTRVFPS1-07,marginalised,1875.1482102376658,0.007839357419111464,19.65546989440918
SCTXSUS1-14/EDTRVFPS1-07,marginalised,1930.2529109250045,0.007795075484450393,19.727264404296875
SCTXSUS1-14/EDTRVFPS1-07,marginalised,1986.9769652299733,0.0077499422562192135,19.801149368286133
SCTXSUS1-14/EDTRVFPS1-07,marginalised,2045.3679608557304,0.007703934256574878,19.877197265625
SCTXSUS1-14/EDTRVFPS1-07,marginalised,2105.474883958167,0.0076570087629929465,19.955549240112305
SCTXSUS1-14/EDTRVFPS1-07,marginalised,2167.348160242029,0.007609120405602656,20.036338806152344
SCTXSUS1-14/EDTRVFPS1-07,marginalised,2231.0396972647227,0.007560219547186016,20.119720458984375
SCTXSUS1-14/EDTRVFPS1-07,marginalised,2296.602927983302,0.007510199833643441,20.205936431884766
SCTXSUS1-14/EDTRVFPS1-07,marginalised,2364.092855581156,0.007458939320405823,20.295286178588867
SCTXSUS1-14/EDTRVFPS1-07,marginalised,2433.5660996120178,0.007406283236041535,20.38814353942871
SCTXSUS1-14/EDTRVFPS1-07,marginalised,2505.080943499999,0.007352067843329399,20.484909057617188
SCTXSUS1-10/EDTRVFPS1-15,marginalised,3.9212322850000003,3.907809240472421e-07,1021.7368774414062
SCTXSUS1-10/EDTRVFPS1-15,marginalised,4.036464953122307,3.9575735046236883e-07,1021.6858520507812
SCTXSUS1-10/EDTRVFPS1-15,marginalised,4.155083946470329,4.010405367485825e-07,1021.6329345703125
SCTXSUS1-10/EDTRVFPS1-15,marginalised,4.277188778478244,4.066627727237578e-07,1021.5783081054688
SCTXSUS1-10/EDTRVFPS1-15,marginalised,4.402881886966673,4.126575189339447e-07,1021.5213623046875
SCTXSUS1-10/EDTRVFPS1-15,marginalised,4.532268720081189,4.1905640941350766e-07,1021.4625244140625
SCTXSUS1-10/EDTRVFPS1-15,marginalised,4.665457824756284,4.2588325973954946e-07,1021.401611328125
SCTXSUS1-10/EDTRVFPS1-15,marginalised,4.8025609377790195,4.3315250418644705e-07,1021.3389282226562
SCTXSUS1-10/EDTRVFPS1-15,marginalised,4.943693079528751,4.408629488630981e-07,1021.2745361328125
SCTXSUS1-10/EDTRVFPS1-15,marginalised,5.088972650471558,4.4899831400036474e-07,1021.208984375
SCTXSUS1-10/EDTRVFPS1-15,marginalised,5.23852153049035,4.575279061180692e-07,1021.1425170898438
SCTXSUS1-10/EDTRVFPS1-15,marginalised,5.392465181133978,4.664119019537857e-07,1021.0759887695312
SCTXSUS1-10/EDTRVFPS1-15,marginalised,5.550932750871103,4.7561041683122894e-07,1021.0091552734375
SCTXSUS1-10/EDTRVFPS1-15,marginalised,5.714057183437171,4.850936816772784e-07,1020.943115234375
SCTXSUS1-10/EDTRVFPS1-15,marginalised,5.8819753293653445,4.94855963401035e-07,1020.877197265625
SCTXSUS1-10/EDTRVFPS1-15,marginalised,6.054828060794987,5.049233899069645e-07,1020.811767578125
SCTXSUS1-10/EDTRVFPS1-15,marginalised,6.232760389654005,5.153632352715992e-07,1020.7465209960938
SCTXSUS1-10/EDTRVFPS1-15,marginalised,6.415921589314192,5.262874573936261e-07,1020.6806030273438
SCTXSUS1-10/EDTRVFPS1-15,marginalised,6.604465319821649,5.378569289520416e-07,1020.6135864257812
SCTXSUS1-10/EDTRVFPS1-15,marginalised,6.798549756807328,5.502794515175034e-07,1020.5445556640625
SCTXSUS1-10/EDTRVFPS1-15,marginalised,6.998337724185845,5.638126770920374e-07,1020.4728393554688
SCTXSUS1-10/EDTRVFPS1-15,marginalised,7.203996830753903,5.78768110534178e-07,1020.3973388671875
SCTXSUS1-10/EDTRVFPS1-15,marginalised,7.415699610802907,5.955128902354271e-07,1020.3175048828125
SCTXSUS1-10/EDTRVFPS1-15,marginalised,7.633623668863744,6.144777659609582e-07,1020.2321166992188
SCTXSUS1-10/EDTRVFPS1-15,marginalised,7.85795182870515,6.361593388754284e-07,1020.1409301757812
SCTXSUS1-10/EDTRVFPS1-15,marginalised,8.088872286710675,6.611264535692973e-07,1020.04345703125
SCTXSUS1-10/EDTRVFPS1-15,marginalised,8.326578769762916,6.900207326114865e-07,1019.9393310546875
SCTXSUS1-10/EDTRVFPS1-15,marginalised,8.571270697767464,7.235594006503964e-07,1019.8287353515625
SCTXSUS1-10/EDTRVFPS1-15,marginalised,8.823153350952925,7.625378254354554e-07,1019.7120971679688
SCTXSUS1-10/EDTRVFPS1-15,marginalised,9.082438042087354,8.078300103999019e-07,1019.5897216796875
SCTXSUS1-10/EDTRVFPS1-15,marginalised,9.349342293755592,8.604017589737033e-07,1019.4623413085938
SCTXSUS1-10/EDTRVFPS1-15,marginalised,9.62409002084623,9.213164455125995e-07,1019.3314208984375
SCTXSUS1-10/EDTRVFPS1-15,marginalised,9.906911718401282,9.917577752451906e-07,1019.1975708007812
SCTXSUS1-10/EDTRVFPS1-15,marginalised,10.198044654986171,1.0730625996869006e-06,1019.0621337890625
SCTXSUS1-10/EDTRVFPS1-15,marginalised,10.497733071742253,1.1667731555329389e-06,1018.9257202148438
SCTXSUS1-10/EDTRVFPS1-15,marginalised,10.806228387288865,1.27472312601936e-06,1018.7891235351562
SCTXSUS1-10/EDTRVFPS1-15,marginalised,11.123789408646799,1.3991527923799059e-06,1018.653076171875
SCTXSUS1-10/EDTRVFPS1-15,marginalised,11.450682548360152,1.5428949562028163e-06,1018.517822265625
SCTXSUS1-10/EDTRVFPS1-15,marginalised,11.787182047998714,1.709598361642068e-06,1018.3828125
SCTXSUS1-10/EDTRVFPS1-15,marginalised,12.133570208228361,1.9040356843093417e-06,1018.2487182617188
SCTXSUS1-10/EDTRVFPS1-15,marginalised,12.490137625642523,2.1324626958996517e-06,1018.114013671875
SCTXSUS1-10/EDTRVFPS1-15,marginalised,12.857183436553363,2.4030608390893754e-06,1017.9788208007812
SCTXSUS1-10/EDTRVFPS1-15,marginalised,13.235015567947224,2.72643339714699e-06,1017.8421020507812
SCTXSUS1-10/EDTRVFPS1-15,marginalised,13.62395099581485,3.116213621380459e-06,1017.70361328125
SCTXSUS1-10/EDTRVFPS1-15,marginalised,14.024316011073134,3.5897464316647338e-06,1014.751953125
SCTXSUS1-10/EDTRVFPS1-15,marginalised,14.436446493301462,4.1689478081399474e-06,967.861572265625
SCTXSUS1-10/EDTRVFPS1-15,marginalised,14.860688192522307,4.881380161352233e-06,921.3052978515625
SCTXSUS1-10/EDTRVFPS1-15,marginalised,15.29739701926247,5.761641684171866e-06,875.1594848632812
SCTXSUS1-10/EDTRVFPS1-15,marginalised,15.746939343138301,6.853264620787371e-06,829.5184326171875
SCTXSUS1-10/EDTRVFPS1-15,marginalised,16.2096923002154,8.211346893978095e-06,784.4760131835938
SCTXSUS1-10/EDTRVFPS1-15,marginalised,16.68604410940067,9.906239686609571e-06,740.1097412109375
SCTXSUS1-10/EDTRVFPS1-15,marginalised,17.176394398132093,1.2028878534573566e-05,696.4713134765625
SCTXSUS1-10/EDTRVFPS1-15,marginalised,17.681154537639564,1.469819115858987e-05,653.5869140625
SCTXSUS1-10/EDTRVFPS1-15,marginalised,18.200747988057927,1.8072012287286547e-05,611.45654296875
SCTXSUS1-10/EDTRVFPS1-15,marginalised,18.73561065368183,2.236240674524884e-05,570.0626831054688
SCTXSUS1-10/EDTRVFPS1-15,marginalised,19.286191248660398,2.785808012906122e-05,529.3770751953125
SCTXSUS1-10/EDTRVFPS1-15,marginalised,19.8529516734385,3.495653067500731e-05,489.3713684082031
SCTXSUS1-10/EDTRVFPS1-15,marginalised,20.436367402260476,4.421096066073231e-05,450.0299377441406
SCTXSUS1-10/EDTRVFPS1-15,marginalised,21.03692788206133,5.639709607010811e-05,411.3658752441406
SCTXSUS1-10/EDTRVFPS1-15,marginalised,21.655136943080134,7.261039480622368e-05,373.4364318847656
SCTXSUS1-10/EDTRVFPS1-15,marginalised,22.29151322154002,9.440761744507318e-05,336.35333251953125
SCTXSUS1-10/EDTRVFPS1-15,marginalised,22.946590594749427,0.00012401232912280491,300.2908935546875
SCTXSUS1-10/EDTRVFPS1-15,marginalised,23.62091862898961,0.00016462150447932398,265.47991943359375
SCTXSUS1-10/EDTRVFPS1-15,marginalised,24.315063040564137,0.00022086463475951609,232.19613647460938
SCTXSUS1-10/EDTRVFPS1-15,marginalised,25.029606170397184,0.0002995059162624043,200.7396240234375
SCTXSUS1-10/EDTRVFPS1-15,marginalised,25.76514747257878,0.00041052093145151785,171.41448974609375
SCTXSUS1-10/EDTRVFPS1-15,marginalised,26.522304017266862,0.0005687158199854479,144.5135955810547
SCTXSUS1-10/EDTRVFPS1-15,marginalised,27.301711008368034,0.0007960101139011907,120.31269073486328
SCTXSUS1-10/EDTRVFPS1-15,marginalised,28.104022316431333,0.0011239512647165375,99.08063507080078
SCTXSUS1-10/EDTRVFPS1-15,marginalised,28.929911027202067,0.001593851016389725,81.10541534423828
SCTXSUS1-10/EDTRVFPS1-15,marginalised,29.78007000629591,0.0022451627363933428,66.73796081542969
SCTXSUS1-10/EDTRVFPS1-15,marginalised,30.655212480467025,0.003068910756259594,56.45996856689453
SCTXSUS1-10/EDTRVFPS1-15,marginalised,31.556072635957772,0.003904777508516992,50.99378204345703
SCTXSUS1-10/EDTRVFPS1-15,marginalised,32.48340623443209,0.004374686251667384,51.49528121948242
SCTXSUS1-10/EDTRVFPS1-15,marginalised,33.437991247009165,0.004123484406037811,59.91455078125
SCTXSUS1-10/EDTRVFPS1-15,marginalised,34.42062850692941,0.003236944021311342,79.38477325439453
SCTXSUS1-10/EDTRVFPS1-15,marginalised,35.432142381400176,0.0021555580572939397,109.87654113769531
SCTXSUS1-10/EDTRVFPS1-15,marginalised,36.47338146318494,0.0012425132072792736,154.03396606445312
SCTXSUS1-10/EDTRVFPS1-15,marginalised,37.545219282516136,0.0006247331402430211,216.33480834960938
SCTXSUS1-10/EDTRVFPS1-15,marginalised,38.64855503992879,0.00027467005758395467,299.5313415527344
SCTXSUS1-10/EDTRVFPS1-15,marginalised,39.78431436062988,0.00010824616518085613,401.3047180175781
SCTXSUS1-10/EDTRVFPS1-15,marginalised,40.95345007103628,4.111418555607547e-05,512.2503662109375
SCTXSUS1-10/EDTRVFPS1-15,marginalised,42.15694299813258,1.6500169872087288e-05,618.827880859375
SCTXSUS1-10/EDTRVFPS1-15,marginalised,43.39580279231965,7.4372951916505145e-06,709.9415283203125
SCTXSUS1-10/EDTRVFPS1-15,marginalised,44.671068774444045,3.8456427108506254e-06,780.8280029296875
SCTXSUS1-10/EDTRVFPS1-15,marginalised,45.98381080771899,2.2675508321980148e-06,832.5035400390625
SCTXSUS1-10/EDTRVFPS1-15,marginalised,47.335130195268306,1.4988009457159807e-06,868.6976928710938
SCTXSUS1-10/EDTRVFPS1-15,marginalised,48.72616060404643,1.0911891710617439e-06,893.1382446289062
SCTXSUS1-10/EDTRVFPS1-15,marginalised,50.158069015909426,8.630295504056803e-07,909.145751953125
SCTXSUS1-10/EDTRVFPS1-15,marginalised,51.63205670663508,7.345708712314265e-07,918.9844360351562
SCTXSUS1-10/EDTRVFPS1-15,marginalised,53.14936025371321,6.691527763898713e-07,923.6754150390625
SCTXSUS1-10/EDTRVFPS1-15,marginalised,54.71125257375182,6.509160465863103e-07,924.2777709960938
SCTXSUS1-10/EDTRVFPS1-15,marginalised,56.31904399036942,6.766555890311936e-07,920.5189208984375
SCTXSUS1-10/EDTRVFPS1-15,marginalised,57.974083333469146,7.547585898211331e-07,912.0831298828125
SCTXSUS1-10/EDTRVFPS1-15,marginalised,59.67775907081725,9.108316564991119e-07,897.3541259765625
SCTXSUS1-10/EDTRVFPS1-15,marginalised,61.43150047287511,1.2065401437437551e-06,874.0498657226562
SCTXSUS1-10/EDTRVFPS1-15,marginalised,63.23677881186189,1.797047771458708e-06,837.39599609375
SCTXSUS1-10/EDTRVFPS1-15,marginalised,65.09510859605395,3.1275943695324887e-06,781.0319213867188
SCTXSUS1-10/EDTRVFPS1-15,marginalised,67.0080488403564,6.734718794796454e-06,695.5143432617188
SCTXSUS1-10/EDTRVFPS1-15,marginalised,68.97720437421279,1.9226993159737046e-05,571.4699096679688
SCTXSUS1-10/EDTRVFPS1-15,marginalised,71.00422718795008,7.59049692036737e-05,410.2732849121094
SCTXSUS1-10/EDTRVFPS1-15,marginalised,73.09081781868846,0.0003956820927455145,238.2855224609375
SCTXSUS1-10/EDTRVFPS1-15,marginalised,75.23872677697882,0.002518568920301789,101.52106475830078
SCTXSUS1-10/EDTRVFPS1-15,marginalised,77.4497560153644,0.023278423304549194,27.21780776977539
SCTXSUS1-10/EDTRVFPS1-15,marginalised,79.72576044009898,0.33490271703754554,4.795251846313477
SCTXSUS1-10/EDTRVFPS1-15,marginalised,82.06864946728969,0.13405351855579933,8.832820892333984
SCTXSUS1-10/EDTRVFPS1-15,marginalised,84.4803886247699,0.03628968934622459,20.812686920166016
SCTXSUS1-10/EDTRVFPS1-15,marginalised,86.96300120104618,0.01830782910055746,32.268898010253906
SCTXSUS1-10/EDTRVFPS1-15,marginalised,89.51856994270257,0.012625481295092007,40.74866485595703
SCTXSUS1-10/EDTRVFPS1-15,marginalised,92.14923880168625,0.010272424929574498,46.264183044433594
SCTXSUS1-10/EDTRVFPS1-15,marginalised,94.85721473394038,0.009160873991490015,49.62290954589844
SCTXSUS1-10/EDTRVFPS1-15,marginalised,97.64476955089316,0.00860068992829599,51.57002258300781
SCTXSUS1-10/EDTRVFPS1-15,marginalised,100.51424182535628,0.008308331646895968,52.65006637573242
SCTXSUS1-10/EDTRVFPS1-15,marginalised,103.46803885343174,0.008151195382977471,53.25178909301758
SCTXSUS1-10/EDTRVFPS1-15,marginalised,106.50863867407291,0.008063083847551358,53.59501647949219
SCTXSUS1-10/EDTRVFPS1-15,marginalised,109.63859214799422,0.008010283501201039,53.80179214477539
SCTXSUS1-10/EDTRVFPS1-15,marginalised,112.86052509767325,0.00797573197687722,53.93708419799805
SCTXSUS1-10/EDTRVFPS1-15,marginalised,116.17714051024105,0.007950952312640926,54.033958435058594
SCTXSUS1-10/EDTRVFPS1-15,marginalised,119.59122080510814,0.007931808665144886,54.1087532043457
SCTXSUS1-10/EDTRVFPS1-15,marginalised,123.10563016822917,0.007916285473580748,54.169456481933594
SCTXSUS1-10/EDTRVFPS1-15,marginalised,126.7233169549641,0.00790337170914051,54.22002410888672
SCTXSUS1-10/EDTRVFPS1-15,marginalised,130.447316163552,0.00789251052342394,54.262630462646484
SCTXSUS1-10/EDTRVFPS1-15,marginalised,134.28075198127226,0.007883350650371027,54.29863357543945
SCTXSUS1-10/EDTRVFPS1-15,marginalised,138.2268404054299,0.007875632320161856,54.329017639160156
SCTXSUS1-10/EDTRVFPS1-15,marginalised,142.2888919413628,0.007869150995912974,54.35457229614258
SCTXSUS1-10/EDTRVFPS1-15,marginalised,146.47031437973533,0.007863730065650413,54.3759651184082
SCTXSUS1-10/EDTRVFPS1-15,marginalised,150.77461565544766,0.007859214989507904,54.39380645751953
SCTXSUS1-10/EDTRVFPS1-15,marginalised,155.20540679055955,0.007855476490571443,54.40858459472656
SCTXSUS1-10/EDTRVFPS1-15,marginalised,159.7664049236972,0.007852395677629548,54.42078399658203
SCTXSUS1-10/EDTRVFPS1-15,marginalised,164.4614364284851,0.007849875321878709,54.430755615234375
SCTXSUS1-10/EDTRVFPS1-15,marginalised,169.2944401236185,0.007847833073868132,54.43883514404297
SCTXSUS1-10/EDTRVFPS1-15,marginalised,174.26947057727003,0.007846193893295087,54.445308685302734
SCTXSUS1-10/EDTRVFPS1-15,marginalised,179.3907015086023,0.007844895127162379,54.4504280090332
SCTXSUS1-10/EDTRVFPS1-15,marginalised,184.66242928924012,0.00784388437950068,54.45438766479492
SCTXSUS1-10/EDTRVFPS1-15,marginalised,190.0890765476404,0.007843109973224552,54.457393646240234
SCTXSUS1-10/EDTRVFPS1-15,marginalised,195.67519587938253,0.00784253037350433,54.459625244140625
SCTXSUS1-10/EDTRVFPS1-15,marginalised,201.42547366649308,0.007842102867885621,54.461238861083984
SCTXSUS1-10/EDTRVFPS1-15,marginalised,207.3447340090079,0.007841792084834282,54.46237564086914
SCTXSUS1-10/EDTRVFPS1-15,marginalised,213.437942772071,0.007841566027450115,54.46318054199219
SCTXSUS1-10/EDTRVFPS1-15,marginalised,219.71021175196438,0.007841398182015758,54.463768005371094
SCTXSUS1-10/EDTRVFPS1-15,marginalised,226.1668029645647,0.007841272075929785,54.46420669555664
SCTXSUS1-10/EDTRVFPS1-15,marginalised,232.81313305982422,0.007841170636322411,54.46455764770508
SCTXSUS1-10/EDTRVFPS1-15,marginalised,239.65477786597913,0.007841083952359395,54.46487045288086
SCTXSUS1-10/EDTRVFPS1-15,marginalised,246.69747706729802,0.007841009592104674,54.46516036987305
SCTXSUS1-10/EDTRVFPS1-15,marginalised,253.9471390192949,0.007840940323504889,54.4654426574707
SCTXSUS1-10/EDTRVFPS1-15,marginalised,261.4098457054456,0.007840875086982656,54.46573257446289
SCTXSUS1-10/EDTRVFPS1-15,marginalised,269.0918578395671,0.007840819128955321,54.46598434448242
SCTXSUS1-10/EDTRVFPS1-15,marginalised,276.99962011813915,0.007840774275206238,54.466182708740234
SCTXSUS1-10/EDTRVFPS1-15,marginalised,285.1397666269753,0.007840747162267136,54.46630096435547
SCTXSUS1-10/EDTRVFPS1-15,marginalised,293.5191264067794,0.007840749870494943,54.46626281738281
SCTXSUS1-10/EDTRVFPS1-15,marginalised,302.1447291822553,0.00784078251872186,54.46609115600586
SCTXSUS1-10/EDTRVFPS1-15,marginalised,311.02381125957805,0.00784084574369559,54.46575927734375
SCTXSUS1-10/EDTRVFPS1-15,marginalised,320.16382159717267,0.00784092822655758,54.465309143066406
SCTXSUS1-10/EDTRVFPS1-15,marginalised,329.572428054894,0.007841008190177409,54.4648323059082
SCTXSUS1-10/EDTRVFPS1-15,marginalised,339.25752382685033,0.007841057637758383,54.464447021484375
SCTXSUS1-10/EDTRVFPS1-15,marginalised,349.22723406326776,0.007841047256681272,54.46429443359375
SCTXSUS1-10/EDTRVFPS1-15,marginalised,359.4899226869496,0.00784095965453286,54.46445083618164
SCTXSUS1-10/EDTRVFPS1-15,marginalised,370.0541994100509,0.007840788979966774,54.464935302734375
SCTXSUS1-10/EDTRVFPS1-15,marginalised,380.9289269570532,0.007840540380385355,54.46575927734375
SCTXSUS1-10/EDTRVFPS1-15,marginalised,392.12322850000004,0.007840241328637046,54.46680450439453
SCTXSUS1-09/EDTRVFPS1-14,marginalised,25.999874490000003,0.00018714239236851396,72.08305358886719
SCTXSUS1-09/EDTRVFPS1-14,marginalised,26.76392892252842,0.0001628384493284995,77.20394134521484
SCTXSUS1-09/EDTRVFPS1-14,marginalised,27.55043650867075,0.00013790500288171826,83.33772277832031
SCTXSUS1-09/EDTRVFPS1-14,marginalised,28.36005707590229,0.00011362675717196506,90.62610626220703
SCTXSUS1-09/EDTRVFPS1-14,marginalised,29.19346984194992,9.122832640428826e-05,99.08503723144531
SCTXSUS1-09/EDTRVFPS1-14,marginalised,30.051373984610514,7.159264565725493e-05,108.61109161376953
SCTXSUS1-09/EDTRVFPS1-14,marginalised,30.934489228314558,5.513760635406309e-05,118.95851135253906
SCTXSUS1-09/EDTRVFPS1-14,marginalised,31.843556447926986,4.185292689057005e-05,129.80262756347656
SCTXSUS1-09/EDTRVFPS1-14,marginalised,32.779338290291854,3.143259498252967e-05,140.75221252441406
SCTXSUS1-09/EDTRVFPS1-14,marginalised,33.742619814042236,2.3424112147576922e-05,151.4115447998047
SCTXSUS1-09/EDTRVFPS1-14,marginalised,34.734209148212145,1.7349516200012178e-05,161.44898986816406
SCTXSUS1-09/EDTRVFPS1-14,marginalised,35.75493817020292,1.2781339774772859e-05,170.544677734375
SCTXSUS1-09/EDTRVFPS1-14,marginalised,36.805663203673,9.37277599320624e-06,178.45497131347656
SCTXSUS1-09/EDTRVFPS1-14,marginalised,37.8872657369364,6.8535545492078925e-06,185.03375244140625
SCTXSUS1-09/EDTRVFPS1-14,marginalised,39.000653162472716,5.012107394175355e-06,190.2508087158203
SCTXSUS1-09/EDTRVFPS1-14,marginalised,40.14675953816894,3.6805568328150474e-06,194.1970977783203
SCTXSUS1-09/EDTRVFPS1-14,marginalised,41.326546370931865,2.726005350203574e-06,197.2588348388672
SCTXSUS1-09/EDTRVFPS1-14,marginalised,42.54100342332826,2.0453943843376615e-06,199.3428192138672
SCTXSUS1-09/EDTRVFPS1-14,marginalised,43.79114954392981,1.5611630302976805e-06,200.9256134033203
SCTXSUS1-09/EDTRVFPS1-14,marginalised,45.07803352205914,1.2166188847068992e-06,201.6973419189453
SCTXSUS1-09/EDTRVFPS1-14,marginalised,46.40273496765423,9.713307743088803e-07,202.5491180419922
SCTXSUS1-09/EDTRVFPS1-14,marginalised,47.76636521698924,7.970088248135365e-07,204.01483154296875
SCTXSUS1-09/EDTRVFPS1-14,marginalised,49.17006826501161,6.742003848176323e-07,204.35986328125
SCTXSUS1-09/EDTRVFPS1-14,marginalised,50.6150217250776,5.898161020786545e-07,204.13050842285156
SCTXSUS1-09/EDTRVFPS1-14,marginalised,52.1024378168915,5.353584409393474e-07,203.95443725585938
SCTXSUS1-09/EDTRVFPS1-14,marginalised,53.63356438347718,5.05696313038262e-07,203.81446838378906
SCTXSUS1-09/EDTRVFPS1-14,marginalised,55.20968593803527,4.983101869633428e-07,203.69581604003906
SCTXSUS1-09/EDTRVFPS1-14,marginalised,56.83212474156419,5.129692903814327e-07,203.59686279296875
SCTXSUS1-09/EDTRVFPS1-14,marginalised,58.502241912149046,5.518253090920119e-07,203.53370666503906
SCTXSUS1-09/EDTRVFPS1-14,marginalised,60.221438566849024,6.200111494699369e-07,203.53485107421875
SCTXSUS1-09/EDTRVFPS1-14,marginalised,61.991156997141296,7.270192257118309e-07,203.19834899902344
SCTXSUS1-09/EDTRVFPS1-14,marginalised,63.81288187890748,8.894650909329214e-07,200.8038330078125
SCTXSUS1-09/EDTRVFPS1-14,marginalised,65.68814151797783,1.1365067737055047e-06,199.1323699951172
SCTXSUS1-09/EDTRVFPS1-14,marginalised,67.61850913227799,1.5209379851233402e-06,196.91482543945312
SCTXSUS1-09/EDTRVFPS1-14,marginalised,69.6056041716541,2.1437584829301532e-06,193.28836059570312
SCTXSUS1-09/EDTRVFPS1-14,marginalised,71.65109367648328,3.2136601312316975e-06,187.55189514160156
SCTXSUS1-09/EDTRVFPS1-14,marginalised,73.75669367620951,5.206018343265052e-06,177.69581604003906
SCTXSUS1-09/EDTRVFPS1-14,marginalised,75.924170628978,9.334853442535471e-06,161.41696166992188
SCTXSUS1-09/EDTRVFPS1-14,marginalised,78.15534290357597,1.9091062880719194e-05,135.67449951171875
SCTXSUS1-09/EDTRVFPS1-14,marginalised,80.45208230492281,4.549541336390693e-05,100.80826568603516
SCTXSUS1-09/EDTRVFPS1-14,marginalised,82.81631564438989,0.0001242575696964891,64.18000793457031
SCTXSUS1-09/EDTRVFPS1-14,marginalised,85.25002635626682,0.00036226290008223316,35.96942901611328
SCTXSUS1-09/EDTRVFPS1-14,marginalised,87.75525616173077,0.0010064390876916723,19.48837661743164
SCTXSUS1-09/EDTRVFPS1-14,marginalised,90.33410678171457,0.0023459726582640275,11.439363479614258
SCTXSUS1-09/EDTRVFPS1-14,marginalised,92.98874170011045,0.004249149553850943,7.808122158050537
SCTXSUS1-09/EDTRVFPS1-14,marginalised,95.72138797878908,0.006090345242524591,6.181216239929199
SCTXSUS1-09/EDTRVFPS1-14,marginalised,98.53433812595597,0.007428406728819974,5.438210964202881
SCTXSUS1-09/EDTRVFPS1-14,marginalised,101.42995201941329,0.008249807111287859,5.0729660987854
SCTXSUS1-09/EDTRVFPS1-14,marginalised,104.41065888634007,0.008713404943283423,4.892045021057129
SCTXSUS1-09/EDTRVFPS1-14,marginalised,107.47895934125204,0.008967668227904504,4.79894495010376
SCTXSUS1-09/EDTRVFPS1-14,marginalised,110.63742748385057,0.009109445429072178,4.7484660148620605
SCTXSUS1-09/EDTRVFPS1-14,marginalised,113.88871305852096,0.00919330465204867,4.7189226150512695
SCTXSUS1-09/EDTRVFPS1-14,marginalised,117.23554367729139,0.009247622980270662,4.699864864349365
SCTXSUS1-09/EDTRVFPS1-14,marginalised,120.68072710811776,0.009286329639558196,4.686321258544922
SCTXSUS1-09/EDTRVFPS1-14,marginalised,124.22715363041402,0.009316073143897638,4.675962924957275
SCTXSUS1-09/EDTRVFPS1-14,marginalised,127.877798459804,0.009339998999960533,4.667675018310547
SCTXSUS1-09/EDTRVFPS1-14,marginalised,131.63572424412916,0.009359686728763148,4.660892486572266
SCTXSUS1-09/EDTRVFPS1-14,marginalised,135.50408363280619,0.00937603273268241,4.655290126800537
SCTXSUS1-09/EDTRVFPS1-14,marginalised,139.48612192168974,0.009389612838178182,4.650656223297119
SCTXSUS1-09/EDTRVFPS1-14,marginalised,143.58517977565967,0.009400884038805079,4.646824359893799
SCTXSUS1-09/EDTRVFPS1-14,marginalised,147.8046960312161,0.009410213740091872,4.643665313720703
SCTXSUS1-09/EDTRVFPS1-14,marginalised,152.14821058143448,0.009417916091127401,4.641066074371338
SCTXSUS1-09/EDTRVFPS1-14,marginalised,156.61936734569977,0.009424232526863342,4.638936519622803
SCTXSUS1-09/EDTRVFPS1-14,marginalised,161.22191732671234,0.009429366341734994,4.637207984924316
SCTXSUS1-09/EDTRVFPS1-14,marginalised,165.95972175732922,0.009433437840883083,4.63584041595459
SCTXSUS1-09/EDTRVFPS1-14,marginalised,170.83675533988136,0.009436576894752578,4.634786128997803
SCTXSUS1-09/EDTRVFPS1-14,marginalised,175.85710958068407,0.0094388292970289,4.63402795791626
SCTXSUS1-09/EDTRVFPS1-14,marginalised,181.02499622253828,0.009440250842913347,4.633545875549316
SCTXSUS1-09/EDTRVFPS1-14,marginalised,186.34475077810234,0.00944088441561178,4.633325576782227
SCTXSUS1-09/EDTRVFPS1-14,marginalised,191.8208361670981,0.009440807892011538,4.633341312408447
SCTXSUS1-09/EDTRVFPS1-14,marginalised,197.45784646040352,0.009440082021626127,4.633570194244385
SCTXSUS1-09/EDTRVFPS1-14,marginalised,203.260510734172,0.009438828466400958,4.633973598480225
SCTXSUS1-09/EDTRVFPS1-14,marginalised,209.23369703721227,0.00943722153400047,4.634494781494141
SCTXSUS1-09/EDTRVFPS1-14,marginalised,215.38241647495713,0.009435454481353155,4.635067462921143
SCTXSUS1-09/EDTRVFPS1-14,marginalised,221.71182741344714,0.00943374378762839,4.635625839233398
SCTXSUS1-09/EDTRVFPS1-14,marginalised,228.22723980685595,0.00943229976553835,4.636097431182861
SCTXSUS1-09/EDTRVFPS1-14,marginalised,234.93411965218843,0.009431282433605333,4.63642692565918
SCTXSUS1-09/EDTRVFPS1-14,marginalised,241.83809357488778,0.009430808599296212,4.636580944061279
SCTXSUS1-09/EDTRVFPS1-14,marginalised,248.94495354919974,0.009430873330602071,4.636559963226318
SCTXSUS1-09/EDTRVFPS1-14,marginalised,256.260661757253,0.009431395551405288,4.636386394500732
SCTXSUS1-09/EDTRVFPS1-14,marginalised,263.79135559093294,0.009432202576695706,4.6361236572265625
SCTXSUS1-09/EDTRVFPS1-14,marginalised,271.5433528007446,0.009433062144228238,4.635842800140381
SCTXSUS1-09/EDTRVFPS1-14,marginalised,279.52315679598445,0.009433688377921332,4.635635852813721
SCTXSUS1-09/EDTRVFPS1-14,marginalised,287.73746210066776,0.009433807117721509,4.635598182678223
SCTXSUS1-09/EDTRVFPS1-14,marginalised,296.19315996978827,0.009433143661242219,4.635815620422363
SCTXSUS1-09/EDTRVFPS1-14,marginalised,304.8973441706219,0.009431434013182607,4.636372089385986
SCTXSUS1-09/EDTRVFPS1-14,marginalised,313.8573169339253,0.009428483370630325,4.637341022491455
SCTXSUS1-09/EDTRVFPS1-14,marginalised,323.08059508002077,0.009424123913191203,4.63877010345459
SCTXSUS1-09/EDTRVFPS1-14,marginalised,332.57491632490803,0.009418318612370122,4.640675067901611
SCTXSUS1-09/EDTRVFPS1-14,marginalised,342.34824577169235,0.009411097332897134,4.6430253982543945
SCTXSUS1-09/EDTRVFPS1-14,marginalised,352.4087825927757,0.009402646566810034,4.645712375640869
SCTXSUS1-09/EDTRVFPS1-14,marginalised,362.764966908416,0.00939323348089837,4.648712635040283
SCTXSUS1-09/EDTRVFPS1-14,marginalised,373.425486867426,0.009383326913737021,4.651876449584961
SCTXSUS1-09/EDTRVFPS1-14,marginalised,384.3992859359514,0.009373394775911868,4.655056953430176
SCTXSUS1-09/EDTRVFPS1-14,marginalised,395.6955704004432,0.009363918815176918,4.658094882965088
SCTXSUS1-09/EDTRVFPS1-14,marginalised,407.32381709111866,0.009355304424975093,4.660864353179932
SCTXSUS1-09/EDTRVFPS1-14,marginalised,419.2937813323908,0.009347856016076496,4.6632609367370605
SCTXSUS1-09/EDTRVFPS1-14,marginalised,431.6155051269357,0.009341707835487805,4.665243148803711
SCTXSUS1-09/EDTRVFPS1-14,marginalised,444.29932558026394,0.009336873392935659,4.666802883148193
SCTXSUS1-09/EDTRVFPS1-14,marginalised,457.3558835728632,0.00933325402221737,4.667973041534424
SCTXSUS1-09/EDTRVFPS1-14,marginalised,470.79613268718873,0.009330692073112616,4.66879940032959
SCTXSUS1-09/EDTRVFPS1-14,marginalised,484.63134839698904,0.009328999059777365,4.669346809387207
SCTXSUS1-09/EDTRVFPS1-14,marginalised,498.8731375266774,0.009327989926164517,4.669673442840576
SCTXSUS1-09/EDTRVFPS1-14,marginalised,513.5334479886844,0.009274687371459239,4.687006950378418
SCTXSUS1-09/EDTRVFPS1-14,marginalised,528.6245788069608,0.009258867968937358,4.69218635559082
SCTXSUS1-09/EDTRVFPS1-14,marginalised,544.159190435039,0.009240252093217813,4.698300361633301
SCTXSUS1-09/EDTRVFPS1-14,marginalised,560.1503153773106,0.009218766832493553,4.705386161804199
SCTXSUS1-09/EDTRVFPS1-14,marginalised,576.611369122429,0.009194438874438937,4.713442325592041
SCTXSUS1-09/EDTRVFPS1-14,marginalised,593.5561613980118,0.009167433390584052,4.722432613372803
SCTXSUS1-09/EDTRVFPS1-14,marginalised,610.9989077560809,0.009137998365736134,4.73228120803833
SCTXSUS1-09/EDTRVFPS1-14,marginalised,628.9542414989654,0.009106404881856562,4.742916107177734
SCTXSUS1-09/EDTRVFPS1-14,marginalised,647.4372259556659,0.009072885617117745,4.754270553588867
SCTXSUS1-09/EDTRVFPS1-14,marginalised,666.4633671189854,0.00903762168828304,4.766293525695801
SCTXSUS1-09/EDTRVFPS1-14,marginalised,686.0486266540238,0.009000749709800526,4.778950214385986
SCTXSUS1-09/EDTRVFPS1-14,marginalised,706.209435288952,0.008962365404676244,4.7922234535217285
SCTXSUS1-09/EDTRVFPS1-14,marginalised,726.9627065992981,0.008922601883699144,4.806076526641846
SCTXSUS1-09/EDTRVFPS1-14,marginalised,748.3258511973107,0.008881630174901877,4.820460796356201
SCTXSUS1-09/EDTRVFPS1-14,marginalised,770.3167913383032,0.00883969351102955,4.835300445556641
SCTXSUS1-09/EDTRVFPS1-14,marginalised,792.9539759562317,0.008797070586796027,4.850508689880371
SCTXSUS1-09/EDTRVFPS1-14,marginalised,816.2563961411221,0.008754063822525837,4.865982532501221
SCTXSUS1-09/EDTRVFPS1-14,marginalised,840.2436010713293,0.008710886622522559,4.881647109985352
SCTXSUS1-09/EDTRVFPS1-14,marginalised,864.935714413996,0.008667632424803791,4.897472858428955
SCTXSUS1-09/EDTRVFPS1-14,marginalised,890.3534512074689,0.00862426430243342,4.913477897644043
SCTXSUS1-09/EDTRVFPS1-14,marginalised,916.5181352398356,0.00858055857848596,4.929744720458984
SCTXSUS1-09/EDTRVFPS1-14,marginalised,943.4517169381631,0.008536195481015639,4.946401119232178
SCTXSUS1-09/EDTRVFPS1-14,marginalised,971.1767917834437,0.008490811190938209,4.963591575622559
SCTXSUS1-09/EDTRVFPS1-14,marginalised,999.7166192666982,0.008444034585672283,4.981474876403809
SCTXSUS1-09/EDTRVFPS1-14,marginalised,1029.09514240214,0.008395582439995174,5.000177383422852
SCTXSUS1-09/EDTRVFPS1-14,marginalised,1059.3370078137687,0.008345231141191492,5.019809246063232
SCTXSUS1-09/EDTRVFPS1-14,marginalised,1090.4675864122464,0.0082928184131623,5.040456771850586
SCTXSUS1-09/EDTRVFPS1-14,marginalised,1122.5129946794016,0.008238253884230249,5.062188625335693
SCTXSUS1-09/EDTRVFPS1-14,marginalised,1155.5001165782176,0.008181423043839751,5.085084915161133
SCTXSUS1-09/EDTRVFPS1-14,marginalised,1189.456626106687,0.008122184593943933,5.109239101409912
SCTXSUS1-09/EDTRVFPS1-14,marginalised,1224.4110105144523,0.008060394378513183,5.1347551345825195
SCTXSUS1-09/EDTRVFPS1-14,marginalised,1260.3925942017115,0.007995932458857628,5.161726951599121
SCTXSUS1-09/EDTRVFPS1-14,marginalised,1297.4315633204355,0.007928734724395346,5.190237045288086
SCTXSUS1-09/EDTRVFPS1-14,marginalised,1335.55899109854,0.007858834507904342,5.220332622528076
SCTXSUS1-09/EDTRVFPS1-14,marginalised,1374.806863908253,0.007786412029705028,5.251996040344238
SCTXSUS1-09/EDTRVFPS1-14,marginalised,1415.208108100551,0.007711769519250928,5.285153865814209
SCTXSUS1-09/EDTRVFPS1-14,marginalised,1456.7966176281748,0.007635292549438223,5.319694519042969
SCTXSUS1-09/EDTRVFPS1-14,marginalised,1499.6072824803964,0.007557391029243556,5.35548210144043
SCTXSUS1-09/EDTRVFPS1-14,marginalised,1543.6760179533976,0.007478461978977991,5.392386436462402
SCTXSUS1-09/EDTRVFPS1-14,marginalised,1589.0397947808108,0.0073987892413062755,5.430310249328613
SCTXSUS1-09/EDTRVFPS1-14,marginalised,1635.7366701497015,0.0073185687244208975,5.4691996574401855
SCTXSUS1-09/EDTRVFPS1-14,marginalised,1683.805819628013,0.007237848466314767,5.509064674377441
SCTXSUS1-09/EDTRVFPS1-14,marginalised,1733.2875700302602,0.00715660712454639,5.549952507019043
SCTXSUS1-09/EDTRVFPS1-14,marginalised,1784.2234332490382,0.007074758355168188,5.591944217681885
SCTXSUS1-09/EDTRVFPS1-14,marginalised,1836.6561410807367,0.006992189309225787,5.635146141052246
SCTXSUS1-09/EDTRVFPS1-14,marginalised,1890.6296810746705,0.006908815313152697,5.679656028747559
SCTXSUS1-09/EDTRVFPS1-14,marginalised,1946.1893334357037,0.006824572340583114,5.725555419921875
SCTXSUS1-09/EDTRVFPS1-14,marginalised,2003.3817090113243,0.006739429409927689,5.772929668426514
SCTXSUS1-09/EDTRVFPS1-14,marginalised,2062.254788395042,0.006653379895409387,5.821848392486572
SCTXSUS1-09/EDTRVFPS1-14,marginalised,2122.857962178908,0.006566409952047274,5.872385501861572
SCTXSUS1-09/EDTRVFPS1-14,marginalised,2185.242072388936,0.006478483200228432,5.9246392250061035
SCTXSUS1-09/EDTRVFPS1-14,marginalised,2249.459455138169,0.006389528507805843,5.978740692138672
SCTXSUS1-09/EDTRVFPS1-14,marginalised,2315.5639845331984,0.006299416206478917,6.03485631942749
SCTXSUS1-09/EDTRVFPS1-14,marginalised,2383.611117870947,0.006207973655436844,6.093205451965332
SCTXSUS1-09/EDTRVFPS1-14,marginalised,2453.6579421636484,0.006115000320127682,6.154036521911621
SCTXSUS1-09/EDTRVFPS1-14,marginalised,2525.763222031047,0.0060203037289413225,6.217625141143799
SCTXSUS1-09/EDTRVFPS1-14,marginalised,2599.987449000001,0.005923729639248143,6.284234523773193
SCTXSUS1-04/EDTRVFPS1-20,marginalised,687.6359499999999,0.0005462792018197944,127.26029968261719
SCTXSUS1-04/EDTRVFPS1-20,marginalised,707.843405069272,0.000555293417887922,125.998779296875
SCTXSUS1-04/EDTRVFPS1-20,marginalised,728.6446936057686,0.0005644989663076893,124.73942565917969
SCTXSUS1-04/EDTRVFPS1-20,marginalised,750.0572665049925,0.0005738636991882373,123.48712921142578
SCTXSUS1-04/EDTRVFPS1-20,marginalised,772.0990874893095,0.0005833427702895547,122.2481460571289
SCTXSUS1-04/EDTRVFPS1-20,marginalised,794.7886481783139,0.0005928839062597688,121.02898406982422
SCTXSUS1-04/EDTRVFPS1-20,marginalised,818.1449836020666,0.0006024359490631252,119.8355712890625
SCTXSUS1-04/EDTRVFPS1-20,marginalised,842.1876881702167,0.0006119647354977912,118.67106628417969
SCTXSUS1-04/EDTRVFPS1-20,marginalised,866.936932110406,0.0006214632665798258,117.53524780273438
SCTXSUS1-04/EDTRVFPS1-20,marginalised,892.4134783897471,0.0006309576007358508,116.42393493652344
SCTXSUS1-04/EDTRVFPS1-20,marginalised,918.638700133569,0.0006405053149585088,115.32984161376953
SCTXSUS1-04/EDTRVFPS1-20,marginalised,945.6345985560463,0.000650187128510315,114.2435302734375
SCTXSUS1-04/EDTRVFPS1-20,marginalised,973.4238214177517,0.0006600925848176677,113.15547943115234
SCTXSUS1-04/EDTRVFPS1-20,marginalised,1002.0296820256191,0.0006703072600717666,112.05342102050781
SCTXSUS1-04/EDTRVFPS1-20,marginalised,1031.4761787912546,0.0006809045294570929,110.93475341796875
SCTXSUS1-04/EDTRVFPS1-20,marginalised,1061.7880153640062,0.0006919407701518646,109.79578399658203
SCTXSUS1-04/EDTRVFPS1-20,marginalised,1092.9906213556794,0.0007034607310796137,108.63408660888672
SCTXSUS1-04/EDTRVFPS1-20,marginalised,1125.1101736742874,0.0007155031202351438,107.44840240478516
SCTXSUS1-04/EDTRVFPS1-20,marginalised,1158.173618484734,0.0007281086162123162,106.23735046386719
SCTXSUS1-04/EDTRVFPS1-20,marginalised,1192.2086938148511,0.0007413269478482872,104.99931335449219
SCTXSUS1-04/EDTRVFPS1-20,marginalised,1227.2439528257555,0.000755212504101013,103.73242950439453
SCTXSUS1-04/EDTRVFPS1-20,marginalised,1263.3087877660498,0.0007698206988494391,102.43531036376953
SCTXSUS1-04/EDTRVFPS1-20,marginalised,1300.433454629961,0.0007851939042927341,101.10799407958984
SCTXSUS1-04/EDTRVFPS1-20,marginalised,1338.6490985401047,0.0008013540871808393,99.7525863647461
SCTXSUS1-04/EDTRVFPS1-20,marginalised,1377.9877798761675,0.0008182977677402036,98.37333679199219
SCTXSUS1-04/EDTRVFPS1-20,marginalised,1418.4825011714308,0.000835989383508716,96.97679138183594
SCTXSUS1-04/EDTRVFPS1-20,marginalised,1460.1672347996982,0.0008543778031696385,95.57014465332031
SCTXSUS1-04/EDTRVFPS1-20,marginalised,1503.0769514758524,0.0008734014372345863,94.16069030761719
SCTXSUS1-04/EDTRVFPS1-20,marginalised,1547.2476495939582,0.000893003192240879,92.75459289550781
SCTXSUS1-04/EDTRVFPS1-20,marginalised,1592.716385427515,0.0009131467319792193,91.35604095458984
SCTXSUS1-04/EDTRVFPS1-20,marginalised,1639.5213042172031,0.0009338221227695489,89.96707916259766
SCTXSUS1-04/EDTRVFPS1-20,marginalised,1687.7016721721998,0.0009550478188725531,88.58750915527344
SCTXSUS1-04/EDTRVFPS1-20,marginalised,1737.2979094119123,0.0009768681116562818,87.21591186523438
SCTXSUS1-04/EDTRVFPS1-20,marginalised,1788.3516238757675,0.0009993452918454597,85.84971618652344
SCTXSUS1-04/EDTRVFPS1-20,marginalised,1840.9056462294989,0.0010225488911266962,84.48657989501953
SCTXSUS1-04/EDTRVFPS1-20,marginalised,1895.0040657972252,0.0010465526391722436,83.1241455078125
SCTXSUS1-04/EDTRVFPS1-20,marginalised,1950.6922675494538,0.001071424895905359,81.76091766357422
SCTXSUS1-04/EDTRVFPS1-20,marginalised,2008.01697017805,0.001097229404225107,80.39596557617188
SCTXSUS1-04/EDTRVFPS1-20,marginalised,2067.026265290106,0.0011240320759625729,79.02845001220703
SCTXSUS1-04/EDTRVFPS1-20,marginalised,2127.7696577535967,0.001151902987209923,77.65779113769531
SCTXSUS1-04/EDTRVFPS1-20,marginalised,2190.298107228666,0.0011809273664112438,76.28279113769531
SCTXSUS1-04/EDTRVFPS1-20,marginalised,2254.664070919388,0.0012112163076741748,74.9016342163086
SCTXSUS1-04/EDTRVFPS1-20,marginalised,2320.921547581866,0.0012429055989010064,73.51194763183594
SCTXSUS1-04/EDTRVFPS1-20,marginalised,2389.126122825592,0.0012761644777162197,72.110595703125
SCTXSUS1-04/EDTRVFPS1-20,marginalised,2459.3350157460723,0.0013111910595768807,70.69416046142578
SCTXSUS1-04/EDTRVFPS1-20,marginalised,2531.607126927834,0.0013482057024807044,69.25936889648438
SCTXSUS1-04/EDTRVFPS1-20,marginalised,2606.0030878580956,0.0013874374459455086,67.8037109375
SCTXSUS1-04/EDTRVFPS1-20,marginalised,2682.585311792544,0.0014291177699722799,66.32557678222656
SCTXSUS1-04/EDTRVFPS1-20,marginalised,2761.418046115898,0.0014734621024571023,64.82508850097656
SCTXSUS1-04/EDTRVFPS1-20,marginalised,2842.567426241187,0.0015206601399452423,63.303733825683594
SCTXSUS1-04/EDTRVFPS1-20,marginalised,2926.1015310929556,0.0015708698653390837,61.76471710205078
SCTXSUS1-04/EDTRVFPS1-20,marginalised,3012.0904402209458,0.001624219101849985,60.212337493896484
SCTXSUS1-04/EDTRVFPS1-20,marginalised,3100.6062925921738,0.0016808131914223842,58.651512145996094
SCTXSUS1-04/EDTRVFPS1-20,marginalised,3191.7233471107147,0.0017407466065649762,57.087303161621094
SCTXSUS1-04/EDTRVFPS1-20,marginalised,3285.51804491598,0.0018041055581511345,55.52473068237305
SCTXSUS1-04/EDTRVFPS1-20,marginalised,3382.0690735117405,0.0018709862660270245,53.96820831298828
SCTXSUS1-04/EDTRVFPS1-20,marginalised,3481.457432779698,0.001941501873936493,52.42156982421875
SCTXSUS1-04/EDTRVFPS1-20,marginalised,3583.7665029329955,0.0020157756317115403,50.888084411621094
SCTXSUS1-04/EDTRVFPS1-20,marginalised,3689.082114466658,0.0020939584841548125,49.370384216308594
SCTXSUS1-04/EDTRVFPS1-20,marginalised,3797.492620163663,0.002176232919694148,47.87041091918945
SCTXSUS1-04/EDTRVFPS1-20,marginalised,3909.088969217039,0.0022628265374972853,46.38938522338867
SCTXSUS1-04/EDTRVFPS1-20,marginalised,4023.9647835301807,0.002354043346517335,44.927513122558594
SCTXSUS1-04/EDTRVFPS1-20,marginalised,4142.216436259389,0.0024502838784999123,43.483951568603516
SCTXSUS1-04/EDTRVFPS1-20,marginalised,4263.943132664533,0.00255208475751414,42.056724548339844
SCTXSUS1-04/EDTRVFPS1-20,marginalised,4389.246993335648,0.0026601350908416954,40.643035888671875
SCTXSUS1-04/EDTRVFPS1-20,marginalised,4518.233139865317,0.002775318241687229,39.2391242980957
SCTXSUS1-04/EDTRVFPS1-20,marginalised,4651.009783038678,0.0028987125387544797,37.840980529785156
SCTXSUS1-04/EDTRVFPS1-20,marginalised,4787.688313615066,0.0030316109227973144,36.44381332397461
SCTXSUS1-04/EDTRVFPS1-20,marginalised,4928.383395777446,0.0031755224211020157,35.035282135009766
SCTXSUS1-04/EDTRVFPS1-20,marginalised,5073.213063328015,0.003332169124103776,33.62158203125
SCTXSUS1-04/EDTRVFPS1-20,marginalised,5222.298818710708,0.0035034689190113393,32.20133972167969
SCTXSUS1-04/EDTRVFPS1-20,marginalised,5375.7657349436495,0.003691511154340078,30.77496337890625
SCTXSUS1-04/EDTRVFPS1-20,marginalised,5533.742560547091,0.0038985584917024564,29.344383239746094
SCTXSUS1-04/EDTRVFPS1-20,marginalised,5696.361827554836,0.0041270148399450875,27.913330078125
SCTXSUS1-04/EDTRVFPS1-20,marginalised,5863.7599626997935,0.004379441818994096,26.486770629882812
SCTXSUS1-04/EDTRVFPS1-20,marginalised,6036.077401866918,0.00465856273722342,25.07077407836914
SCTXSUS1-04/EDTRVFPS1-20,marginalised,6213.458707909563,0.004967299363501896,23.671913146972656
SCTXSUS1-04/EDTRVFPS1-20,marginalised,6396.052691928084,0.005308820291264203,22.296876907348633
SCTXSUS1-04/EDTRVFPS1-20,marginalised,6584.01253811244,0.005686503338029166,20.952415466308594
SCTXSUS1-04/EDTRVFPS1-20,marginalised,6777.495932253529,0.006103939114260595,19.645050048828125
SCTXSUS1-04/EDTRVFPS1-20,marginalised,6976.665194031055,0.006564760619330034,18.381351470947266
SCTXSUS1-04/EDTRVFPS1-20,marginalised,7181.687413188935,0.007072423691776026,17.167865753173828
SCTXSUS1-04/EDTRVFPS1-20,marginalised,7392.7345897124615,0.007629821413597921,16.011234283447266
SCTXSUS1-04/EDTRVFPS1-20,marginalised,7609.983778124831,0.008238872052300757,14.917949676513672
SCTXSUS1-04/EDTRVFPS1-20,marginalised,7833.617236024098,0.008900016151060682,13.865640640258789
SCTXSUS1-04/EDTRVFPS1-20,marginalised,8063.822576985159,0.009611799126832656,12.884773254394531
SCTXSUS1-04/EDTRVFPS1-20,marginalised,8300.792927955043,0.010370530866598953,11.981351852416992
SCTXSUS1-04/EDTRVFPS1-20,marginalised,8544.72709127356,0.011170238683666655,11.157596588134766
SCTXSUS1-04/EDTRVFPS1-20,marginalised,8795.829711455217,0.012002730509269364,10.413888931274414
SCTXSUS1-04/EDTRVFPS1-20,marginalised,9054.311446872338,0.012857996531785829,9.748799324035645
SCTXSUS1-04/EDTRVFPS1-20,marginalised,9320.389146483403,0.0137246169097409,9.159423828125
SCTXSUS1-04/EDTRVFPS1-20,marginalised,9594.286031754884,0.014590305409995575,8.641745567321777
SCTXSUS1-04/EDTRVFPS1-20,marginalised,9876.23188392918,0.015442299357252243,8.191146850585938
SCTXSUS1-04/EDTRVFPS1-20,marginalised,10166.463236795784,0.016267669714850348,7.795436382293701
SCTXSUS1-04/EDTRVFPS1-20,marginalised,10465.223575127364,0.017053346101166805,7.431125164031982
SCTXSUS1-04/EDTRVFPS1-20,marginalised,10772.76353894728,0.017786087319115212,7.12033748626709
SCTXSUS1-04/EDTRVFPS1-20,marginalised,11089.341133799862,0.018452241463576054,6.859737873077393
SCTXSUS1-04/EDTRVFPS1-20,marginalised,11415.221947199878,0.019037674663222086,6.646860599517822
SCTXSUS1-04/EDTRVFPS1-20,marginalised,11750.679371442766,0.019528007127184548,6.480085849761963
SCTXSUS1-04/EDTRVFPS1-20,marginalised,12095.99483296256,0.01990933760684712,6.358526706695557
SCTXSUS1-04/EDTRVFPS1-20,marginalised,12451.458028429928,0.02016961418305654,6.281761646270752
SCTXSUS1-04/EDTRVFPS1-20,marginalised,12817.367167788372,0.02030040165026198,6.2494964599609375
SCTXSUS1-04/EDTRVFPS1-20,marginalised,13194.029224432512,0.020298553142904817,6.261190891265869
SCTXSUS1-04/EDTRVFPS1-20,marginalised,13581.76019273832,0.02016722069794352,6.278541088104248
SCTXSUS1-04/EDTRVFPS1-20,marginalised,13980.885353161344,0.019915701214484233,6.337279319763184
SCTXSUS1-04/EDTRVFPS1-20,marginalised,14391.739545125352,0.019558114936820324,6.435670375823975
SCTXSUS1-04/EDTRVFPS1-20,marginalised,14814.6674479303,0.01911132378625126,6.571784019470215
SCTXSUS1-04/EDTRVFPS1-20,marginalised,15250.023869915305,0.01859275964747431,6.743780136108398
SCTXSUS1-04/EDTRVFPS1-20,marginalised,15698.174046119213,0.018018777619991766,6.950180530548096
SCTXSUS1-04/EDTRVFPS1-20,marginalised,16159.49394468846,0.017403811961686617,7.18998384475708
SCTXSUS1-04/EDTRVFPS1-20,marginalised,16634.370582289313,0.016760248556226886,7.462657928466797
SCTXSUS1-04/EDTRVFPS1-20,marginalised,17123.202348789062,0.016098800625306046,7.7583746910095215
SCTXSUS1-04/EDTRVFPS1-20,marginalised,17626.399341478595,0.015428991561392458,8.05778694152832
SCTXSUS1-04/EDTRVFPS1-20,marginalised,18144.3837091167,0.01475951264182099,8.388802528381348
SCTXSUS1-04/EDTRVFPS1-20,marginalised,18677.590006084753,0.014098338208111585,8.750504493713379
SCTXSUS1-04/EDTRVFPS1-20,marginalised,19226.465556948904,0.013452637538134441,9.14139175415039
SCTXSUS1-04/EDTRVFPS1-20,marginalised,19791.47083173559,0.012828520137404016,9.559389114379883
SCTXSUS1-04/EDTRVFPS1-20,marginalised,20373.07983223521,0.012230842432355445,10.001923561096191
SCTXSUS1-04/EDTRVFPS1-20,marginalised,20971.780489658064,0.011663077647484386,10.466093063354492
SCTXSUS1-04/EDTRVFPS1-20,marginalised,21588.07507397612,0.0111273335152113,10.948856353759766
SCTXSUS1-04/EDTRVFPS1-20,marginalised,22222.48061529409,0.010624503817549336,11.426259994506836
SCTXSUS1-04/EDTRVFPS1-20,marginalised,22875.529337603224,0.010154505550854903,11.900341033935547
SCTXSUS1-04/EDTRVFPS1-20,marginalised,23547.769105281797,0.009716570434901439,12.384966850280762
SCTXSUS1-04/EDTRVFPS1-20,marginalised,24239.76388271683,0.009309508195966435,12.877540588378906
SCTXSUS1-04/EDTRVFPS1-20,marginalised,24952.09420743264,0.008931937483913025,13.375433921813965
SCTXSUS1-04/EDTRVFPS1-20,marginalised,25685.357677123167,0.008582457080642928,13.875904083251953
SCTXSUS1-04/EDTRVFPS1-20,marginalised,26440.16945099661,0.008259736439039182,14.375991821289062
SCTXSUS1-04/EDTRVFPS1-20,marginalised,27217.16276585305,0.007962547801605912,14.872474670410156
SCTXSUS1-04/EDTRVFPS1-20,marginalised,28016.989467327927,0.00768975337795923,15.361919403076172
SCTXSUS1-04/EDTRVFPS1-20,marginalised,28840.320556747116,0.007440263449921992,15.840776443481445
SCTXSUS1-04/EDTRVFPS1-20,marginalised,29687.846754052352,0.007212987021652607,16.29662322998047
SCTXSUS1-04/EDTRVFPS1-20,marginalised,30560.27907726924,0.007006784427169297,16.717971801757812
SCTXSUS1-04/EDTRVFPS1-20,marginalised,31458.349439004014,0.006820440942837678,17.12067985534668
SCTXSUS1-04/EDTRVFPS1-20,marginalised,32382.81126046948,0.006652660936120185,17.502525329589844
SCTXSUS1-04/EDTRVFPS1-20,marginalised,33334.44010355521,0.006502075619778377,17.861921310424805
SCTXSUS1-04/EDTRVFPS1-20,marginalised,34314.03432147232,0.006367269564140247,18.19794464111328
SCTXSUS1-04/EDTRVFPS1-20,marginalised,35322.41572851861,0.006246817888037667,18.51032257080078
SCTXSUS1-04/EDTRVFPS1-20,marginalised,36360.43028952606,0.006139326925236194,18.799293518066406
SCTXSUS1-04/EDTRVFPS1-20,marginalised,37428.948829568944,0.006043476523891879,19.065505981445312
SCTXSUS1-04/EDTRVFPS1-20,marginalised,38528.86776452806,0.005958057646183397,19.309831619262695
SCTXSUS1-04/EDTRVFPS1-20,marginalised,39661.10985312396,0.005881999021126977,19.533241271972656
SCTXSUS1-04/EDTRVFPS1-20,marginalised,40826.624971050056,0.0058143820809087934,19.73666000366211
SCTXSUS1-04/EDTRVFPS1-20,marginalised,42026.39090785501,0.0057544393911057,19.92090606689453
SCTXSUS1-04/EDTRVFPS1-20,marginalised,43261.41418724311,0.005701533060524536,20.086666107177734
SCTXSUS1-04/EDTRVFPS1-20,marginalised,44532.73091148053,0.005655124098476589,20.234556198120117
SCTXSUS1-04/EDTRVFPS1-20,marginalised,45841.40763061619,0.005614730520751354,20.365222930908203
SCTXSUS1-04/EDTRVFPS1-20,marginalised,47188.54223724614,0.005579889558710311,20.47940444946289
SCTXSUS1-04/EDTRVFPS1-20,marginalised,48575.26488757238,0.005550129678178687,20.578041076660156
SCTXSUS1-04/EDTRVFPS1-20,marginalised,50002.73894952859,0.00552495680656769,20.662281036376953
SCTXSUS1-04/EDTRVFPS1-20,marginalised,51472.16197876832,0.005503856003645089,20.733469009399414
SCTXSUS1-04/EDTRVFPS1-20,marginalised,52984.766723334484,0.005486304357888011,20.793094635009766
SCTXSUS1-04/EDTRVFPS1-20,marginalised,54541.822157852774,0.005471792472549053,20.842670440673828
SCTXSUS1-04/EDTRVFPS1-20,marginalised,56144.6345481169,0.005459841091632436,20.883686065673828
SCTXSUS1-04/EDTRVFPS1-20,marginalised,57794.54854695855,0.005450016362920992,20.917539596557617
SCTXSUS1-04/EDTRVFPS1-20,marginalised,59492.948322321565,0.005441937802588604,20.945465087890625
SCTXSUS1-04/EDTRVFPS1-20,marginalised,61241.258718486635,0.005435281541892997,20.96853256225586
SCTXSUS1-04/EDTRVFPS1-20,marginalised,63040.946451420736,0.0054297773937831565,20.987651824951172
SCTXSUS1-04/EDTRVFPS1-20,marginalised,64893.521339254155,0.005425203798429363,21.00356674194336
SCTXSUS1-04/EDTRVFPS1-20,marginalised,66800.5375689173,0.0054213820373633795,21.016883850097656
SCTXSUS1-04/EDTRVFPS1-20,marginalised,68763.59500000002,0.005418168106526981,21.02809715270996
EDTRVFPS1-11,marginalised,135.37219044999998,0.007305803185023198,9.126015663146973
EDTRVFPS1-11,marginalised,139.35035281359853,0.007292647713399802,9.140766143798828
EDTRVFPS1-11,marginalised,143.44542084104532,0.007281809847601879,9.152944564819336
EDTRVFPS1-11,marginalised,147.6608300216419,0.007272892030113728,9.162986755371094
EDTRVFPS1-11,marginalised,152.00011680290135,0.007265569642293002,9.171241760253906
EDTRVFPS1-11,marginalised,156.46692155739206,0.007259593288478552,9.17798900604248
EDTRVFPS1-11,marginalised,161.06499163676813,0.007254773712587617,9.183430671691895
EDTRVFPS1-11,marginalised,165.7981845155475,0.007250986635457897,9.18769645690918
EDTRVFPS1-11,marginalised,170.6704710272763,0.0072481530548409775,9.190869331359863
EDTRVFPS1-11,marginalised,175.68593869579362,0.007246226511996873,9.1929931640625
EDTRVFPS1-11,marginalised,180.84879516439182,0.007245175681330952,9.19408893585205
EDTRVFPS1-11,marginalised,186.1633717257488,0.007244959249048967,9.194207191467285
EDTRVFPS1-11,marginalised,191.6341269555943,0.007245509922840882,9.193414688110352
EDTRVFPS1-11,marginalised,197.26565045315775,0.0072467176201177035,9.191848754882812
EDTRVFPS1-11,marginalised,203.0626666915364,0.0072484259075529505,9.189685821533203
EDTRVFPS1-11,marginalised,209.03003898121352,0.007250438726633146,9.187170028686523
EDTRVFPS1-11,marginalised,215.172773550052,0.007252533255479155,9.184568405151367
EDTRVFPS1-11,marginalised,221.49602374318596,0.007254484318731609,9.18215274810791
EDTRVFPS1-11,marginalised,228.00509434633412,0.0072560944066223975,9.180163383483887
EDTRVFPS1-11,marginalised,234.70544603616173,0.007257212650856744,9.178775787353516
EDTRVFPS1-11,marginalised,241.60269996142438,0.0072577587814613665,9.17809772491455
EDTRVFPS1-11,marginalised,248.70264245873756,0.007257733817548403,9.17811393737793
EDTRVFPS1-11,marginalised,256.01122990692755,0.007257224661809661,9.178730010986328
EDTRVFPS1-11,marginalised,263.5345937240365,0.007256400046624712,9.179728507995605
EDTRVFPS1-11,marginalised,271.2790455111738,0.00725549967322614,9.180822372436523
EDTRVFPS1-11,marginalised,279.25108234752895,0.007254815908390401,9.181655883789062
EDTRVFPS1-11,marginalised,287.4573922409883,0.0072546591574211,9.181842803955078
EDTRVFPS1-11,marginalised,295.90485973892805,0.007255328057851896,9.181023597717285
EDTRVFPS1-11,marginalised,304.600571703891,0.0072570646251782014,9.178905487060547
EDTRVFPS1-11,marginalised,313.5518232589922,0.007260016632260093,9.175301551818848
EDTRVFPS1-11,marginalised,322.7661239080412,0.00726421176371946,9.170187950134277
EDTRVFPS1-11,marginalised,332.25120383551575,0.007269540758528653,9.163700103759766
EDTRVFPS1-11,marginalised,342.0150203916713,0.007275773156266855,9.156116485595703
EDTRVFPS1-11,marginalised,352.0657647682283,0.00728258388277076,9.14783763885498
EDTRVFPS1-11,marginalised,362.4118688702359,0.007289604878699161,9.139311790466309
EDTRVFPS1-11,marginalised,373.06201238987916,0.0072964714321379865,9.130982398986816
EDTRVFPS1-11,marginalised,384.0251300881623,0.007302872317159195,9.123225212097168
EDTRVFPS1-11,marginalised,395.31041929057807,0.007308584498513852,9.116305351257324
EDTRVFPS1-11,marginalised,406.92734760305143,0.007313473772950461,9.110387802124023
EDTRVFPS1-11,marginalised,418.8856608546299,0.007317496886243168,9.105518341064453
EDTRVFPS1-11,marginalised,431.1953912735853,0.007320682761742117,9.101664543151855
EDTRVFPS1-11,marginalised,443.8668659037849,0.007323109512286089,9.098729133605957
EDTRVFPS1-11,marginalised,456.9107152683933,0.00732488182659887,9.096585273742676
EDTRVFPS1-11,marginalised,470.33788228817326,0.007326115999740301,9.0950927734375
EDTRVFPS1-11,marginalised,484.1596314618674,0.007326924468729586,9.0941162109375
EDTRVFPS1-11,marginalised,498.3875583163622,0.00732740815363122,9.093530654907227
EDTRVFPS1-11,marginalised,513.0335991345628,0.007348517259828473,9.068005561828613
EDTRVFPS1-11,marginalised,528.1100409691392,0.007353737738214712,9.061687469482422
EDTRVFPS1-11,marginalised,543.6295319505449,0.007359364187309223,9.0548734664917
EDTRVFPS1-11,marginalised,559.6050918979561,0.007365245949045302,9.04773998260498
EDTRVFPS1-11,marginalised,576.0501232420327,0.007371191420268001,9.04051399230957
EDTRVFPS1-11,marginalised,592.9784222686645,0.007377001356879001,9.033432006835938
EDTRVFPS1-11,marginalised,610.4041906931367,0.007382494251298045,9.026707649230957
EDTRVFPS1-11,marginalised,628.3420475744225,0.007387524289276404,9.020511627197266
EDTRVFPS1-11,marginalised,646.8070415796001,0.007391985926562957,9.01496696472168
EDTRVFPS1-11,marginalised,665.8146636086819,0.0073958092974319945,9.01015567779541
EDTRVFPS1-11,marginalised,685.3808597904479,0.007398949958672806,9.006128311157227
EDTRVFPS1-11,marginalised,705.5220448601851,0.00740137845943987,9.002918243408203
EDTRVFPS1-11,marginalised,726.2551159305577,0.007403074172572543,9.000547409057617
EDTRVFPS1-11,marginalised,747.5974666671586,0.007404025357875481,8.999031066894531
EDTRVFPS1-11,marginalised,769.5670018806366,0.007404231969649563,8.998372077941895
EDTRVFPS1-11,marginalised,792.182152547639,0.0074037091008800964,8.998552322387695
EDTRVFPS1-11,marginalised,815.4618912731751,0.007402487797576968,8.999542236328125
EDTRVFPS1-11,marginalised,839.4257482073658,0.0074006092267621,9.001294136047363
EDTRVFPS1-11,marginalised,864.0938274299407,0.007398114616975652,9.003763198852539
EDTRVFPS1-11,marginalised,889.4868238162203,0.007395034350989192,9.006915092468262
EDTRVFPS1-11,marginalised,915.6260403987387,0.007391378204730335,9.010737419128418
EDTRVFPS1-11,marginalised,942.5334062390691,0.00738713107565082,9.015246391296387
EDTRVFPS1-11,marginalised,970.2314948248447,0.00738225547657342,9.020484924316406
EDTRVFPS1-11,marginalised,998.7435430074127,0.007376696099277351,9.026515007019043
EDTRVFPS1-11,marginalised,1028.093470496003,0.007370390820539533,9.033411979675293
EDTRVFPS1-11,marginalised,1058.3058999247728,0.00736327439217965,9.041252136230469
EDTRVFPS1-11,marginalised,1089.406177509555,0.007355284107604067,9.050114631652832
EDTRVFPS1-11,marginalised,1121.420394311646,0.007346357351981839,9.060077667236328
EDTRVFPS1-11,marginalised,1154.3754081264678,0.007336425590867467,9.07122802734375
EDTRVFPS1-11,marginalised,1188.298866015469,0.007325414330831681,9.083663940429688
EDTRVFPS1-11,marginalised,1223.2192275001682,0.007313238403530818,9.097493171691895
EDTRVFPS1-11,marginalised,1259.1657884377973,0.007299809731589342,9.112833976745605
EDTRVFPS1-11,marginalised,1296.1687055985733,0.007285048394517218,9.12979793548584
EDTRVFPS1-11,marginalised,1334.2590219652202,0.007268895996205241,9.148473739624023
EDTRVFPS1-11,marginalised,1373.4686927759642,0.007251328175954599,9.168912887573242
EDTRVFPS1-11,marginalised,1413.8306123328493,0.007232359739685282,9.191125869750977
EDTRVFPS1-11,marginalised,1455.378641597866,0.007212041934020659,9.215079307556152
EDTRVFPS1-11,marginalised,1498.147636600043,0.007190452231058648,9.240711212158203
EDTRVFPS1-11,marginalised,1542.1734776773333,0.007167676977710617,9.2679443359375
EDTRVFPS1-11,marginalised,1587.4930995778286,0.007143790645555962,9.296719551086426
EDTRVFPS1-11,marginalised,1634.144522445552,0.00711884432112589,9.327000617980957
EDTRVFPS1-11,marginalised,1682.1668837168259,0.007092857398584168,9.358794212341309
EDTRVFPS1-11,marginalised,1731.6004709539754,0.007065815633716167,9.3921480178833
EDTRVFPS1-11,marginalised,1782.4867556439092,0.007037685253375046,9.42713451385498
EDTRVFPS1-11,marginalised,1834.8684279899333,0.007008416043497398,9.46385383605957
EDTRVFPS1-11,marginalised,1888.7894327259896,0.006977960804793865,9.502405166625977
EDTRVFPS1-11,marginalised,1944.29500598336,0.006946275638130779,9.542886734008789
EDTRVFPS1-11,marginalised,2001.431713240767,0.006913331878866114,9.585383415222168
EDTRVFPS1-11,marginalised,2060.247488389709,0.006879098419959103,9.629985809326172
EDTRVFPS1-11,marginalised,2120.7916739478023,0.006843550865711381,9.67678451538086
EDTRVFPS1-11,marginalised,2183.115062453867,0.0068066488318450705,9.725892066955566
EDTRVFPS1-11,marginalised,2247.2699390794824,0.006768327807485364,9.777463912963867
EDTRVFPS1-11,marginalised,2313.3101254927647,0.006728504508894154,9.831686019897461
EDTRVFPS1-11,marginalised,2381.2910250111618,0.006687060370581038,9.88880443572998
EDTRVFPS1-11,marginalised,2451.2696690811435,0.006643858037796273,9.949106216430664
EDTRVFPS1-11,marginalised,2523.3047651237907,0.006598748041798385,10.012913703918457
EDTRVFPS1-11,marginalised,2597.4567457864064,0.006551586332043542,10.080561637878418
EDTRVFPS1-11,marginalised,2673.7878196414845,0.006502258290738098,10.152361869812012
EDTRVFPS1-11,marginalised,2752.362023375557,0.006450686173308624,10.228593826293945
EDTRVFPS1-11,marginalised,2833.2452755117088,0.00639685252535677,10.309455871582031
EDTRVFPS1-11,marginalised,2916.5054317108293,0.006340803148075857,10.392594337463379
EDTRVFPS1-11,marginalised,3002.2123416979884,0.006282635933972303,10.480446815490723
EDTRVFPS1-11,marginalised,3090.437907861707,0.006222498959739688,10.57299518585205
EDTRVFPS1-11,marginalised,3181.256145575269,0.006160569583852105,10.670185089111328
EDTRVFPS1-11,marginalised,3274.7432452906896,0.006097034985835477,10.771929740905762
EDTRVFPS1-11,marginalised,3370.9776364574313,0.0060320857338326305,10.878138542175293
EDTRVFPS1-11,marginalised,3470.0400533194857,0.005965907456475561,10.98870849609375
EDTRVFPS1-11,marginalised,3572.0136026460273,0.00589866808900513,11.103560447692871
EDTRVFPS1-11,marginalised,3676.983833452457,0.005830526519498198,11.222618103027344
EDTRVFPS1-11,marginalised,3785.0388087703277,0.005761617430214956,11.345832824707031
EDTRVFPS1-11,marginalised,3896.2691795263618,0.005692042427908793,11.473215103149414
EDTRVFPS1-11,marginalised,4010.7682605925406,0.005621862720717751,11.60483455657959
EDTRVFPS1-11,marginalised,4128.632109071065,0.0055510832602801066,11.740880966186523
EDTRVFPS1-11,marginalised,4249.959604879869,0.005479650947466916,11.881669998168945
EDTRVFPS1-11,marginalised,4374.852533706281,0.005407449876691583,12.027664184570312
EDTRVFPS1-11,marginalised,4503.415672398435,0.005334307241018551,12.179498672485352
EDTRVFPS1-11,marginalised,4635.756876866071,0.005260009062215929,12.337942123413086
EDTRVFPS1-11,marginalised,4771.987172564457,0.005184317417915591,12.503908157348633
EDTRVFPS1-11,marginalised,4912.220847637349,0.00510699560438774,12.678388595581055
EDTRVFPS1-11,marginalised,5056.575548797132,0.005027832281242852,12.86242389678955
EDTRVFPS1-11,marginalised,5205.172380022577,0.004946671308412891,13.057039260864258
EDTRVFPS1-11,marginalised,5358.136004157008,0.004863424876867492,13.263195037841797
EDTRVFPS1-11,marginalised,5515.5947474921295,0.004778096506347773,13.481729507446289
EDTRVFPS1-11,marginalised,5677.680707425231,0.004690778593354796,13.707340240478516
EDTRVFPS1-11,marginalised,5844.529863280111,0.004601649427642238,13.946167945861816
EDTRVFPS1-11,marginalised,6016.282190384668,0.004510954790784405,14.198568344116211
EDTRVFPS1-11,marginalised,6193.0817775008745,0.004418987292798759,14.464746475219727
EDTRVFPS1-11,marginalised,6375.0769477056565,0.0043260607422508125,14.74479866027832
EDTRVFPS1-11,marginalised,6562.420382824072,0.004232503225313627,15.038735389709473
EDTRVFPS1-11,marginalised,6755.26925151919,0.0041386482463020334,15.34646987915039
EDTRVFPS1-11,marginalised,6953.785341146136,0.004044840725290879,15.667781829833984
EDTRVFPS1-11,marginalised,7158.135193480898,0.003951450941619932,16.00222396850586
EDTRVFPS1-11,marginalised,7368.49024443779,0.0038588845239295863,16.349044799804688
EDTRVFPS1-11,marginalised,7585.026967892762,0.00376758189041174,16.707138061523438
EDTRVFPS1-11,marginalised,7807.927023733226,0.0036780069766281422,17.070777893066406
EDTRVFPS1-11,marginalised,8037.377410258603,0.003590623963824565,17.437122344970703
EDTRVFPS1-11,marginalised,8273.57062105944,0.0035058603471309836,17.809179306030273
EDTRVFPS1-11,marginalised,8516.704806506708,0.003424074283670917,18.184860229492188
EDTRVFPS1-11,marginalised,8766.983939986769,0.0033455257079657748,18.562171936035156
EDTRVFPS1-11,marginalised,9024.617989021455,0.003270359296109748,18.939414978027344
EDTRVFPS1-11,marginalised,9289.823091416838,0.003198597601585705,19.315330505371094
EDTRVFPS1-11,marginalised,9562.821736588448,0.0031301522559886033,19.689151763916016
EDTRVFPS1-11,marginalised,9843.842952215075,0.0030648393089692787,20.06066131591797
EDTRVFPS1-11,marginalised,10133.122496377735,0.003002405364781739,20.43014144897461
EDTRVFPS1-11,marginalised,10430.903055344996,0.0029425470789527274,20.78957748413086
EDTRVFPS1-11,marginalised,10737.434447170594,0.0028849424256761178,21.14846420288086
EDTRVFPS1-11,marginalised,11052.973831274137,0.0028292751608551825,21.50843048095703
EDTRVFPS1-11,marginalised,11377.785924180731,0.002775260576293294,21.870792388916016
EDTRVFPS1-11,marginalised,11712.143221600505,0.002722670690994716,22.236663818359375
EDTRVFPS1-11,marginalised,12056.326227034373,0.002671352840502009,22.606807708740234
EDTRVFPS1-11,marginalised,12410.623687097774,0.0026212362689747456,22.981504440307617
EDTRVFPS1-11,marginalised,12775.33283375986,0.0025723307252118665,23.36042022705078
EDTRVFPS1-11,marginalised,13150.759633701311,0.0025247039475598024,23.74272918701172
EDTRVFPS1-11,marginalised,13537.219045000003,0.0024784550689715057,24.12537384033203
EDTRVFPS1-12,marginalised,57.41024650000003,1.8372786859907264e-06,700.6270751953125
EDTRVFPS1-12,marginalised,59.09735284844587,2.1303901517419716e-06,699.9955444335938
EDTRVFPS1-12,marginalised,60.834037939441906,2.656459504933665e-06,698.9591064453125
EDTRVFPS1-12,marginalised,62.621758736098435,3.6255698652216765e-06,693.785888671875
EDTRVFPS1-12,marginalised,64.46201501708333,5.590822687517788e-06,678.0778198242188
EDTRVFPS1-12,marginalised,66.35635063483637,1.031781310694207e-05,639.910400390625
EDTRVFPS1-12,marginalised,68.30635481075872,2.5088522944839797e-05,559.6959838867188
EDTRVFPS1-12,marginalised,70.31366346846367,8.938267770631135e-05,421.5791931152344
EDTRVFPS1-12,marginalised,72.3799606062077,0.0004455457757709468,249.47476196289062
EDTRVFPS1-12,marginalised,74.50697970965282,0.0024784573587893683,111.91410827636719
EDTRVFPS1-12,marginalised,76.69650520614553,0.011986017179391245,44.92662048339844
EDTRVFPS1-12,marginalised,78.95037396173252,0.025090289406768402,28.061981201171875
EDTRVFPS1-12,marginalised,81.27047682216899,0.019871977242591165,32.098609924316406
EDTRVFPS1-12,marginalised,83.65876019921218,0.013167790586747524,41.10338592529297
EDTRVFPS1-12,marginalised,86.11722770353127,0.009722730533518933,49.18023681640625
EDTRVFPS1-12,marginalised,88.64794182560327,0.008029664575105774,54.9777717590332
EDTRVFPS1-12,marginalised,91.25302566600504,0.007166804227281091,58.687931060791016
EDTRVFPS1-12,marginalised,93.93466471655343,0.006717567903571796,60.8725700378418
EDTRVFPS1-12,marginalised,96.69510869378716,0.0064843292746666606,62.1020622253418
EDTRVFPS1-12,marginalised,99.53667342632927,0.0063661706848666365,62.72301483154297
EDTRVFPS1-12,marginalised,102.46174279771303,0.006309031581724277,63.01899719238281
EDTRVFPS1-12,marginalised,105.47277074630138,0.006283499527951677,63.1422004699707
EDTRVFPS1-12,marginalised,108.57228332397789,0.006273742239923327,63.17870330810547
EDTRVFPS1-12,marginalised,111.76288081533588,0.006271481182219139,63.17477798461914
EDTRVFPS1-12,marginalised,115.04723991914409,0.006272553594333665,63.15394592285156
EDTRVFPS1-12,marginalised,118.42811599391865,0.006274967877296066,63.127410888671875
EDTRVFPS1-12,marginalised,121.90834536948529,0.0062778193255445085,63.10013198852539
EDTRVFPS1-12,marginalised,125.4908477264711,0.006280715699162468,63.074153900146484
EDTRVFPS1-12,marginalised,129.17862854572226,0.006283494595406982,63.050209045410156
EDTRVFPS1-12,marginalised,132.97478162970205,0.006286082426977523,63.02854919433594
EDTRVFPS1-12,marginalised,136.88249169798524,0.0062884457049883205,63.009193420410156
EDTRVFPS1-12,marginalised,140.90503705902557,0.006290563698151955,62.992164611816406
EDTRVFPS1-12,marginalised,145.04579236043816,0.006292430191706903,62.977352142333984
EDTRVFPS1-12,marginalised,149.30823142010416,0.006294047357677789,62.964637756347656
EDTRVFPS1-12,marginalised,153.69593014047246,0.006295432706838213,62.9538459777832
EDTRVFPS1-12,marginalised,158.21256950850375,0.0062966192651494465,62.9446907043457
EDTRVFPS1-12,marginalised,162.86193868377327,0.006297654300740122,62.93678665161133
EDTRVFPS1-12,marginalised,167.64793817732348,0.006298594877058947,62.92977523803711
EDTRVFPS1-12,marginalised,172.57458312393277,0.006299507418971688,62.92319107055664
EDTRVFPS1-12,marginalised,177.6460066505463,0.006300456127773768,62.91658401489258
EDTRVFPS1-12,marginalised,182.86646334369408,0.006301497796969069,62.90960693359375
EDTRVFPS1-12,marginalised,188.24033281880574,0.006302669988110485,62.901973724365234
EDTRVFPS1-12,marginalised,193.77212339441604,0.006303982053574802,62.893611907958984
EDTRVFPS1-12,marginalised,199.466475874344,0.006305416219716825,62.884620666503906
EDTRVFPS1-12,marginalised,205.32816744101802,0.006306920503039569,62.87528610229492
EDTRVFPS1-12,marginalised,211.36211566321373,0.006308418045199962,62.86604309082031
EDTRVFPS1-12,marginalised,217.57338262156676,0.006309818060057867,62.85745620727539
EDTRVFPS1-12,marginalised,223.9671791553211,0.006311025975583898,62.85004806518555
EDTRVFPS1-12,marginalised,230.54886923387613,0.0063119632772593885,62.84429931640625
EDTRVFPS1-12,marginalised,237.3239744567998,0.006312577042743162,62.840538024902344
EDTRVFPS1-12,marginalised,244.29817868608254,0.006312849607010618,62.83884048461914
EDTRVFPS1-12,marginalised,251.47733281451931,0.006312808727709814,62.83905029296875
EDTRVFPS1-12,marginalised,258.86745967421854,0.006312522833143191,62.84074020385742
EDTRVFPS1-12,marginalised,266.4747590893573,0.006312103169891968,62.84324264526367
EDTRVFPS1-12,marginalised,274.3056130774205,0.00631169097359538,62.845703125
EDTRVFPS1-12,marginalised,282.3665912032895,0.006311446416254683,62.84717559814453
EDTRVFPS1-12,marginalised,290.6644560906678,0.006311533777185101,62.846641540527344
EDTRVFPS1-12,marginalised,299.206169095473,0.006312099940376282,62.84322738647461
EDTRVFPS1-12,marginalised,307.99889614595054,0.0063132588523589425,62.836238861083984
EDTRVFPS1-12,marginalised,317.05001375441,0.006315071269435331,62.82532501220703
EDTRVFPS1-12,marginalised,326.3671152056275,0.006317533050018743,62.81050491333008
EDTRVFPS1-12,marginalised,335.95801692710626,0.006320576119124593,62.79219436645508
EDTRVFPS1-12,marginalised,345.83076504653815,0.0063240691145661065,62.771183013916016
EDTRVFPS1-12,marginalised,355.9936421419692,0.006327840930908973,62.74850845336914
EDTRVFPS1-12,marginalised,366.4551741903305,0.006331696325485445,62.725337982177734
EDTRVFPS1-12,marginalised,377.22413772016546,0.006335448751097705,62.70280075073242
EDTRVFPS1-12,marginalised,388.3095671745521,0.006338934486132222,62.6818733215332
EDTRVFPS1-12,marginalised,399.7207624903995,0.006342036640034921,62.66325378417969
EDTRVFPS1-12,marginalised,411.46729690047505,0.006344685280114099,62.64735794067383
EDTRVFPS1-12,marginalised,423.55902496470907,0.006346855470779925,62.63433837890625
EDTRVFPS1-12,marginalised,436.00609083751436,0.006348565102770668,62.624080657958984
EDTRVFPS1-12,marginalised,448.8189367780561,0.006349857156301523,62.6163330078125
EDTRVFPS1-12,marginalised,462.00831191061144,0.006350788756823524,62.61074447631836
EDTRVFPS1-12,marginalised,475.585281242369,0.006351426806859694,62.60691833496094
EDTRVFPS1-12,marginalised,489.5612349462327,0.006351832750640225,62.604488372802734
EDTRVFPS1-12,marginalised,503.9478979164183,0.006363424066164956,62.535003662109375
EDTRVFPS1-12,marginalised,518.7573396048584,0.006366686313185518,62.51545715332031
EDTRVFPS1-12,marginalised,534.0019841466692,0.0063703571588182295,62.49346923828125
EDTRVFPS1-12,marginalised,549.6946207831713,0.0063744041630305875,62.46921920776367
EDTRVFPS1-12,marginalised,565.8484145912126,0.006378757597210519,62.44313430786133
EDTRVFPS1-12,marginalised,582.4769175277894,0.006383324639889463,62.415775299072266
EDTRVFPS1-12,marginalised,599.594079799237,0.006388007620236,62.38770294189453
EDTRVFPS1-12,marginalised,617.2142615645223,0.006392713921704582,62.3594856262207
EDTRVFPS1-12,marginalised,635.3522449824618,0.006397369471245973,62.3315544128418
EDTRVFPS1-12,marginalised,654.0232466129673,0.006401920445099181,62.30423355102539
EDTRVFPS1-12,marginalised,673.242930182727,0.006406331802287552,62.27772521972656
EDTRVFPS1-12,marginalised,693.0274197260276,0.006410580179655728,62.25215530395508
EDTRVFPS1-12,marginalised,713.3933131117462,0.006414647946074705,62.227638244628906
EDTRVFPS1-12,marginalised,734.357695967856,0.006418519963172205,62.204261779785156
EDTRVFPS1-12,marginalised,755.9381560151306,0.0064221778170589095,62.182125091552734
EDTRVFPS1-12,marginalised,778.1527978220695,0.0064256060125612155,62.16132736206055
EDTRVFPS1-12,marginalised,801.0202579934261,0.0064287898430137125,62.14194869995117
EDTRVFPS1-12,marginalised,824.5597208050765,0.00643172402821862,62.124027252197266
EDTRVFPS1-12,marginalised,848.7909342983504,0.006434411932779124,62.107540130615234
EDTRVFPS1-12,marginalised,873.7342268473211,0.006436866833708566,62.09241485595703
EDTRVFPS1-12,marginalised,899.4105242129584,0.0064391076242052495,62.078529357910156
EDTRVFPS1-12,marginalised,925.8413670984472,0.006441156413102992,62.06575012207031
EDTRVFPS1-12,marginalised,953.0489292204035,0.006443032147228926,62.05396270751953
EDTRVFPS1-12,marginalised,981.0560359111447,0.0064447511639349805,62.043052673339844
EDTRVFPS1-12,marginalised,1009.8861832676241,0.006446316855435401,62.03300476074219
EDTRVFPS1-12,marginalised,1039.5635578630904,0.00644772814791629,62.023807525634766
EDTRVFPS1-12,marginalised,1070.1130570380114,0.006448976282896613,62.01551055908203
EDTRVFPS1-12,marginalised,1101.5603097872854,0.0064500500566557935,62.008174896240234
EDTRVFPS1-12,marginalised,1133.9316982612593,0.0064509327705258995,62.001888275146484
EDTRVFPS1-12,marginalised,1167.2543798985964,0.006451608552639312,61.99674606323242
EDTRVFPS1-12,marginalised,1201.5563102095582,0.006452060415344516,61.99283218383789
EDTRVFPS1-12,marginalised,1236.8662662288152,0.006452265012346571,61.99028778076172
EDTRVFPS1-12,marginalised,1273.2138706574617,0.006452199918753434,61.989227294921875
EDTRVFPS1-12,marginalised,1310.629616714492,0.00645184065422931,61.98979568481445
EDTRVFPS1-12,marginalised,1349.1448937185744,0.0064511624149162766,61.992130279541016
EDTRVFPS1-12,marginalised,1388.7920134216033,0.006450142183398779,61.996376037597656
EDTRVFPS1-12,marginalised,1429.604237116105,0.006448764651696055,62.002628326416016
EDTRVFPS1-12,marginalised,1471.6158035392461,0.006447019893657088,62.01093673706055
EDTRVFPS1-12,marginalised,1514.8619575968548,0.006444906885860776,62.0203742980957
EDTRVFPS1-12,marginalised,1559.3789799315482,0.006442426215060352,62.031864166259766
EDTRVFPS1-12,marginalised,1605.204217359775,0.006439579971953498,62.0453987121582
EDTRVFPS1-12,marginalised,1652.3761142033065,0.006436371521120108,62.06097412109375
EDTRVFPS1-12,marginalised,1700.9342445414627,0.006432796814195233,62.07861328125
EDTRVFPS1-12,marginalised,1750.9193454111278,0.006428850443065986,62.098350524902344
EDTRVFPS1-12,marginalised,1802.373350982411,0.0064245208311770685,62.1202507019043
EDTRVFPS1-12,marginalised,1855.3394277386228,0.006419794343000469,62.144405364990234
EDTRVFPS1-12,marginalised,1909.8620106900776,0.0064146548199873555,62.17089080810547
EDTRVFPS1-12,marginalised,1965.9868406521082,0.006409086538960183,62.19981384277344
EDTRVFPS1-12,marginalised,2023.7610026185641,0.00640307615388776,62.231258392333984
EDTRVFPS1-12,marginalised,2083.2329652629837,0.00639660612206329,62.26533126831055
EDTRVFPS1-12,marginalised,2144.4526216005825,0.006389659819825352,62.30213928222656
EDTRVFPS1-12,marginalised,2207.4713308451715,0.006382215481724276,62.34182357788086
EDTRVFPS1-12,marginalised,2272.341961496114,0.006374242900145598,62.384559631347656
EDTRVFPS1-12,marginalised,2339.118935691478,0.0063657064607278505,62.43056869506836
EDTRVFPS1-12,marginalised,2407.8582748645813,0.006356560487990446,62.48012161254883
EDTRVFPS1-12,marginalised,2478.617646742246,0.006346752398272361,62.53355026245117
EDTRVFPS1-12,marginalised,2551.4564137241773,0.006336223202013267,62.59120178222656
EDTRVFPS1-12,marginalised,2626.4356826840644,0.006324912361195575,62.65345764160156
EDTRVFPS1-12,marginalised,2703.618356234177,0.006312766310093525,62.72066879272461
EDTRVFPS1-12,marginalised,2783.0691854964653,0.006299735186600878,62.79317092895508
EDTRVFPS1-12,marginalised,2864.854824424441,0.006285786307105801,62.871212005615234
EDTRVFPS1-12,marginalised,2949.043885721403,0.0062708960104014095,62.954986572265625
EDTRVFPS1-12,marginalised,3035.706998401924,0.006255060213503348,63.04459762573242
EDTRVFPS1-12,marginalised,3124.916867044891,0.006238286527388933,63.14009094238281
EDTRVFPS1-12,marginalised,3216.748332787804,0.006220589030546566,63.241455078125
EDTRVFPS1-12,marginalised,3311.2784361135036,0.006201988400223208,63.348655700683594
EDTRVFPS1-12,marginalised,3408.586481482006,0.006182509721486257,63.46164321899414
EDTRVFPS1-12,marginalised,3508.7541038616623,0.006162179154300021,63.580352783203125
EDTRVFPS1-12,marginalised,3611.8653372154577,0.006141020244271208,63.70473098754883
EDTRVFPS1-12,marginalised,3718.0066849999107,0.006119056219888121,63.834739685058594
EDTRVFPS1-12,marginalised,3827.267192735711,0.006096303266461576,63.97037124633789
EDTRVFPS1-12,marginalised,3939.738522710978,0.00607277045526892,64.1116714477539
EDTRVFPS1-12,marginalised,4055.5150308798175,0.006048449218102873,64.2587890625
EDTRVFPS1-12,marginalised,4174.69384602068,0.006023312295155617,64.41200256347656
EDTRVFPS1-12,marginalised,4297.37495122094,0.005997308590732021,64.57173919677734
EDTRVFPS1-12,marginalised,4423.661267756037,0.005970357508294136,64.73863983154297
EDTRVFPS1-12,marginalised,4553.658741433584,0.005942351352790312,64.91352081298828
EDTRVFPS1-12,marginalised,4687.476431474829,0.005913161603162387,65.09737396240234
EDTRVFPS1-12,marginalised,4825.226602008089,0.005882641577949367,65.29133605957031
EDTRVFPS1-12,marginalised,4967.024816250865,0.0058506345177732596,65.49666595458984
EDTRVFPS1-12,marginalised,5112.990033459693,0.005816986070708358,65.71467590332031
EDTRVFPS1-12,marginalised,5263.244708729032,0.005781556388734372,65.94335174560547
EDTRVFPS1-12,marginalised,5417.91489572293,0.005744223832627376,66.18418884277344
EDTRVFPS1-12,marginalised,5577.130352425654,0.005704905234262982,66.4408187866211
EDTRVFPS1-12,marginalised,5741.024649999996,0.005663548821746907,66.71411895751953
EDTRVFPS1-18,marginalised,44.968614454999994,5.403904182938176e-05,329.2281799316406
EDTRVFPS1-18,marginalised,46.29010041879644,4.082741694800771e-05,334.5975036621094
EDTRVFPS1-18,marginalised,47.65042069344893,3.2411399804315304e-05,337.8572692871094
EDTRVFPS1-18,marginalised,49.05071649705661,2.6973353615533008e-05,339.79229736328125
EDTRVFPS1-18,marginalised,50.492162584524664,2.3501828335735508e-05,340.8086853027344
EDTRVFPS1-18,marginalised,51.975968233105384,2.1430865007361532e-05,341.2110290527344
EDTRVFPS1-18,marginalised,53.50337825690125,2.0461537027395527e-05,341.0972900390625
EDTRVFPS1-18,marginalised,55.07567405118104,2.047906144514701e-05,340.3297424316406
EDTRVFPS1-18,marginalised,56.69417466738518,2.152962288677617e-05,338.8916015625
EDTRVFPS1-18,marginalised,58.360237919721904,2.3851228915502018e-05,336.6415100097656
EDTRVFPS1-18,marginalised,60.07526152428303,2.7985661473609625e-05,332.8933410644531
EDTRVFPS1-18,marginalised,61.84068427163462,3.506434182539749e-05,326.9518127441406
EDTRVFPS1-18,marginalised,63.65798723386646,4.7551353274283104e-05,317.017333984375
EDTRVFPS1-18,marginalised,65.52869500711283,7.138896916534874e-05,300.4216613769531
EDTRVFPS1-18,marginalised,67.45437699058719,0.00012318152024197739,272.4825134277344
EDTRVFPS1-18,marginalised,69.43664870320349,0.0002589418038030081,226.8535614013672
EDTRVFPS1-18,marginalised,71.477173138889,0.0007131228021906825,160.89212036132812
EDTRVFPS1-18,marginalised,73.5776621617254,0.002708554776842952,87.35029602050781
EDTRVFPS1-18,marginalised,75.73987794208877,0.014027808237538823,34.13481140136719
EDTRVFPS1-18,marginalised,77.96563443499306,0.054073938236334905,14.590136528015137
EDTRVFPS1-18,marginalised,80.25679890187764,0.04154233070166075,17.320592880249023
EDTRVFPS1-18,marginalised,82.61529347711517,0.020217074650359244,27.377140045166016
EDTRVFPS1-18,marginalised,85.04309678055435,0.012354948388028484,37.12399673461914
EDTRVFPS1-18,marginalised,87.54224557745017,0.00919770515693967,44.36659622192383
EDTRVFPS1-18,marginalised,90.11483648717429,0.007747115050298759,49.10782241821289
EDTRVFPS1-18,marginalised,92.76302774213904,0.007026953041510579,51.99006271362305
EDTRVFPS1-18,marginalised,95.48904099841066,0.006657942641684402,53.63618850708008
EDTRVFPS1-18,marginalised,98.29516319953069,0.006468700749170205,54.5228385925293
EDTRVFPS1-18,marginalised,101.1837484951094,0.0063735699129541705,54.96943283081055
EDTRVFPS1-18,marginalised,104.15722021580035,0.006327435194824517,55.18090057373047
EDTRVFPS1-18,marginalised,107.21807290631351,0.006306211658507395,55.27024459838867
EDTRVFPS1-18,marginalised,110.36887441817203,0.006297206042320304,55.29987335205078
EDTRVFPS1-18,marginalised,113.6122680639687,0.006293921370944955,55.30234909057617
EDTRVFPS1-18,marginalised,116.95097483492904,0.006293162555900827,55.29377746582031
EDTRVFPS1-18,marginalised,120.38779568364181,0.006293429138442998,55.28164291381836
EDTRVFPS1-18,marginalised,123.92561387387154,0.006294053533028109,55.2691650390625
EDTRVFPS1-18,marginalised,127.5673973994249,0.006294754507794475,55.25764083862305
EDTRVFPS1-18,marginalised,131.31620147409967,0.006295425255291578,55.2474365234375
EDTRVFPS1-18,marginalised,135.17517109480576,0.006296027663240971,55.23860168457031
EDTRVFPS1-18,marginalised,139.14754368000794,0.006296554939371191,55.23104476928711
EDTRVFPS1-18,marginalised,143.23665178570448,0.006297006383558768,55.224647521972656
EDTRVFPS1-18,marginalised,147.44592590121954,0.006297389317735329,55.21926498413086
EDTRVFPS1-18,marginalised,151.7788973271552,0.006297711991398902,55.21476745605469
EDTRVFPS1-18,marginalised,156.23920113791752,0.006297982702331707,55.211021423339844
EDTRVFPS1-18,marginalised,160.83057923130173,0.006298207547549189,55.20791244506836
EDTRVFPS1-18,marginalised,165.55688346769534,0.006298398368380884,55.205345153808594
EDTRVFPS1-18,marginalised,170.42207890153236,0.006298563929081899,55.203182220458984
EDTRVFPS1-18,marginalised,175.43024710770987,0.006298712864408935,55.20133972167969
EDTRVFPS1-18,marginalised,180.5855896057575,0.006298852148317176,55.199745178222656
EDTRVFPS1-18,marginalised,185.89243138463243,0.0062989882057540554,55.198299407958984
EDTRVFPS1-18,marginalised,191.3552245310971,0.0062991241011592465,55.196983337402344
EDTRVFPS1-18,marginalised,196.97855196472332,0.006299259169960592,55.195762634277344
EDTRVFPS1-18,marginalised,202.76713128265666,0.0062993916902149005,55.19462585449219
EDTRVFPS1-18,marginalised,208.7258187173661,0.006299516195922876,55.193599700927734
EDTRVFPS1-18,marginalised,214.8596132106997,0.006299628330601202,55.19270324707031
EDTRVFPS1-18,marginalised,221.17366060766375,0.006299723082201457,55.19194030761719
EDTRVFPS1-18,marginalised,227.67325797344404,0.006299796323055087,55.19136428833008
EDTRVFPS1-18,marginalised,234.36385803729058,0.006299847939807639,55.19093704223633
EDTRVFPS1-18,marginalised,241.25107376699438,0.006299878418052235,55.190677642822266
EDTRVFPS1-18,marginalised,248.3406830777935,0.006299887308311271,55.19057846069336
EDTRVFPS1-18,marginalised,255.63863367965902,0.006299879015353227,55.19060134887695
EDTRVFPS1-18,marginalised,263.15104806702755,0.0062998587435077235,55.19071578979492
EDTRVFPS1-18,marginalised,270.8842286551663,0.006299834731680511,55.19086837768555
EDTRVFPS1-18,marginalised,278.84466306747953,0.0062998155313585096,55.190982818603516
EDTRVFPS1-18,marginalised,287.0390295781927,0.006299811737390118,55.19100570678711
EDTRVFPS1-18,marginalised,295.4742027149794,0.006299832985151547,55.19084548950195
EDTRVFPS1-18,marginalised,304.15725902623245,0.006299885448180615,55.19049072265625
EDTRVFPS1-18,marginalised,313.0954830178163,0.006299971381047823,55.18990707397461
EDTRVFPS1-18,marginalised,322.2963732642826,0.006300083828645875,55.18911361694336
EDTRVFPS1-18,marginalised,331.76764869967445,0.006300211480690557,55.18818664550781
EDTRVFPS1-18,marginalised,341.5172550931982,0.006300337596956912,55.18720245361328
EDTRVFPS1-18,marginalised,351.5533717151941,0.006300441602218209,55.186302185058594
EDTRVFPS1-18,marginalised,361.8844181989998,0.006300511624264795,55.185550689697266
EDTRVFPS1-18,marginalised,372.5190616044616,0.006300540787353939,55.185001373291016
EDTRVFPS1-18,marginalised,383.46622368902047,0.006300526064069759,55.184696197509766
EDTRVFPS1-18,marginalised,394.735088392472,0.006300478898454643,55.18458557128906
EDTRVFPS1-18,marginalised,406.3351095416804,0.006300409544900919,55.18462371826172
EDTRVFPS1-18,marginalised,418.2760187817097,0.00630033030781271,55.18476867675781
EDTRVFPS1-18,marginalised,430.5678337400251,0.006300252727785586,55.18495178222656
EDTRVFPS1-18,marginalised,443.2208664306158,0.006300184235258984,55.18513870239258
EDTRVFPS1-18,marginalised,456.2457319050875,0.0063001282411783415,55.185306549072266
EDTRVFPS1-18,marginalised,469.6533571579837,0.006300087161275785,55.1854248046875
EDTRVFPS1-18,marginalised,483.45499029380613,0.006300058726432733,55.18551254272461
EDTRVFPS1-18,marginalised,497.66220996342565,0.006300040507314578,55.185577392578125
EDTRVFPS1-18,marginalised,512.2869350777985,0.0062989017907578645,55.18982696533203
EDTRVFPS1-18,marginalised,527.3414348071389,0.006298470778134406,55.19160079956055
EDTRVFPS1-18,marginalised,542.8383388739359,0.006297919972406469,55.19392013549805
EDTRVFPS1-18,marginalised,558.7906481484486,0.006297231293478348,55.1968879699707
EDTRVFPS1-18,marginalised,575.2117455555712,0.006296386583146053,55.20060729980469
EDTRVFPS1-18,marginalised,592.1154073022145,0.0062953798202615594,55.205116271972656
EDTRVFPS1-18,marginalised,609.5158144346271,0.00629420725736606,55.21044158935547
EDTRVFPS1-18,marginalised,627.4275647353473,0.006292869782889138,55.216583251953125
EDTRVFPS1-18,marginalised,645.8656849697713,0.00629136941246603,55.22355651855469
EDTRVFPS1-18,marginalised,664.8456434926079,0.006289711728867145,55.231319427490234
EDTRVFPS1-18,marginalised,684.3833632247979,0.006287897631707097,55.23988342285156
EDTRVFPS1-18,marginalised,704.4952350117842,0.0062859295497542204,55.249237060546875
EDTRVFPS1-18,marginalised,725.198131374339,0.006283810609438318,55.259368896484375
EDTRVFPS1-18,marginalised,746.5094206634855,0.006281549841537409,55.27022933959961
EDTRVFPS1-18,marginalised,768.4469816313868,0.006279156400347166,55.28178787231445
EDTRVFPS1-18,marginalised,791.0292184304286,0.0062766491801655505,55.29393768310547
EDTRVFPS1-18,marginalised,814.2750760530768,0.006274044288341207,55.306617736816406
EDTRVFPS1-18,marginalised,838.204056225464,0.006271359419030336,55.31973648071289
EDTRVFPS1-18,marginalised,862.8362337680397,0.006268605559976654,55.33316421508789
EDTRVFPS1-18,marginalised,888.1922734370065,0.006265778751897326,55.34657669067383
EDTRVFPS1-18,marginalised,914.2934472606744,0.006262868496798717,55.36043167114258
EDTRVFPS1-18,marginalised,941.1616523852756,0.006259855245143903,55.37482833862305
EDTRVFPS1-18,marginalised,968.8194294452118,0.00625671065408113,55.389888763427734
EDTRVFPS1-18,marginalised,997.2899814731446,0.006253406850515753,55.40576934814453
EDTRVFPS1-18,marginalised,1026.5971933657947,0.0062499182074169735,55.422576904296875
EDTRVFPS1-18,marginalised,1056.7656519217796,0.006246221744858531,55.44043731689453
EDTRVFPS1-18,marginalised,1087.8206664682987,0.0062422990767655,55.459442138671875
EDTRVFPS1-18,marginalised,1119.7882900939742,0.006238134587100624,55.47966766357422
EDTRVFPS1-18,marginalised,1152.6953415056566,0.006233708818946231,55.50123596191406
EDTRVFPS1-18,marginalised,1186.5694275275332,0.006229004912368213,55.52421188354492
EDTRVFPS1-18,marginalised,1221.438966261415,0.006223997239121905,55.548744201660156
EDTRVFPS1-18,marginalised,1257.333210927631,0.006218665459033521,55.57493591308594
EDTRVFPS1-18,marginalised,1294.2822744065309,0.006212989429890314,55.602901458740234
EDTRVFPS1-18,marginalised,1332.3171545011876,0.006206958218651583,55.6327018737793
EDTRVFPS1-18,marginalised,1371.4697599424874,0.00620057251821237,55.66434097290039
EDTRVFPS1-18,marginalised,1411.7729371584303,0.006193842665988984,55.69779586791992
EDTRVFPS1-18,marginalised,1453.2604978300958,0.0061867894338244024,55.73296356201172
EDTRVFPS1-18,marginalised,1495.9672472573905,0.006179443674177791,55.76969528198242
EDTRVFPS1-18,marginalised,1539.9290135583765,0.0061718298626189895,55.80789566040039
EDTRVFPS1-18,marginalised,1585.1826777266758,0.006163972359253162,55.84743118286133
EDTRVFPS1-18,marginalised,1631.7662045721677,0.006155881702480146,55.888282775878906
EDTRVFPS1-18,marginalised,1679.7186745709348,0.006147561237998241,55.93041229248047
EDTRVFPS1-18,marginalised,1729.0803166511803,0.0061390010763478775,55.973899841308594
EDTRVFPS1-18,marginalised,1779.8925419426178,0.006130185995553876,56.018829345703125
EDTRVFPS1-18,marginalised,1832.1979785176516,0.006121096219885923,56.0653076171875
EDTRVFPS1-18,marginalised,1886.0405071534894,0.0061117101264347405,56.113460540771484
EDTRVFPS1-18,marginalised,1941.465298145193,0.006102015209424877,56.16336441040039
EDTRVFPS1-18,marginalised,1998.5188492005443,0.006091990266970281,56.215145111083984
EDTRVFPS1-18,marginalised,2057.2490244485275,0.006081626913411118,56.268856048583984
EDTRVFPS1-18,marginalised,2117.705094594144,0.006070907151949957,56.324615478515625
EDTRVFPS1-18,marginalised,2179.9377782532515,0.006059814968934037,56.382530212402344
EDTRVFPS1-18,marginalised,2243.999284502105,0.006048324864789404,56.4427490234375
EDTRVFPS1-18,marginalised,2309.943356677295,0.006036403556418383,56.50546646118164
EDTRVFPS1-18,marginalised,2377.8253174628244,0.006024008722399802,56.5709342956543
EDTRVFPS1-18,marginalised,2447.7021153021574,0.006011089054405322,56.63946533203125
EDTRVFPS1-18,marginalised,2519.6323721741705,0.005997593094223013,56.71135330200195
EDTRVFPS1-18,marginalised,2593.6764327730866,0.005983465449891483,56.78693771362305
EDTRVFPS1-18,marginalised,2669.8964151336545,0.0059686552448475,56.86655044555664
EDTRVFPS1-18,marginalised,2748.356262744042,0.00595312867445858,56.950416564941406
EDTRVFPS1-18,marginalised,2829.121798190164,0.005936858959221176,57.03873825073242
EDTRVFPS1-18,marginalised,2912.2607783764474,0.005919842100382893,57.13160705566406
EDTRVFPS1-18,marginalised,2997.84295136936,0.005902086287490513,57.22904968261719
EDTRVFPS1-18,marginalised,3085.940114911392,0.005883614160287167,57.330997467041016
EDTRVFPS1-18,marginalised,3176.6261766545813,0.005864458039245682,57.43735122680664
EDTRVFPS1-18,marginalised,3269.977216164108,0.005844651348747958,57.5479850769043
EDTRVFPS1-18,marginalised,3366.0715487439857,0.00582423258915832,57.66276550292969
EDTRVFPS1-18,marginalised,3464.9897911383796,0.005803234763290612,57.78157043457031
EDTRVFPS1-18,marginalised,3566.81492916369,0.005781691230005868,57.90427780151367
EDTRVFPS1-18,marginalised,3671.6323873281217,0.005759630035581011,58.03079605102539
EDTRVFPS1-18,marginalised,3779.530100497158,0.00573707447768653,58.15861892700195
EDTRVFPS1-18,marginalised,3890.5985876650525,0.005714037581984596,58.28923797607422
EDTRVFPS1-18,marginalised,4004.9310278942394,0.005690520934946654,58.423561096191406
EDTRVFPS1-18,marginalised,4122.623338486358,0.005666505849044205,58.561771392822266
EDTRVFPS1-18,marginalised,4243.774255450481,0.005641954953840398,58.704166412353516
EDTRVFPS1-18,marginalised,4368.485416336048,0.005616807341203261,58.85116958618164
EDTRVFPS1-18,marginalised,4496.861445499999,0.005590976573454191,59.0034065246582
