SampleID,sigma_model,tau2,posterior_density,chi2_sigma_min_at_tau2
EDTRPAS1-41,reported,10.000000000000002,0.0,1732.2132568359375
EDTRPAS1-41,reported,10.242752213815926,0.0,1731.571044921875
EDTRPAS1-41,reported,10.4913972913631,0.0,1730.9873046875
EDTRPAS1-41,reported,10.746078283213178,0.0,1730.4525146484375
EDTRPAS1-41,reported,11.006941712522098,0.0,1729.95068359375
EDTRPAS1-41,reported,11.274137659327856,0.0,1729.4681396484375
EDTRPAS1-41,reported,11.547819846894583,0.0,1728.990966796875
EDTRPAS1-41,reported,11.828145730152695,0.0,1728.504638671875
EDTRPAS1-41,reported,12.115276586285885,0.0,1727.9990234375
EDTRPAS1-41,reported,12.409377607517198,0.0,1727.4678955078125
EDTRPAS1-41,reported,12.710617996147455,0.0,1726.9049072265625
EDTRPAS1-41,reported,13.019171061900781,0.0,1726.3121337890625
EDTRPAS1-41,reported,13.335214321633245,0.0,1725.6927490234375
EDTRPAS1-41,reported,13.658929601461868,0.0,1725.052978515625
EDTRPAS1-41,reported,13.990503141372942,0.0,1724.4036865234375
EDTRPAS1-41,reported,14.330125702369628,0.0,1723.7576904296875
EDTRPAS1-41,reported,14.677992676220699,0.0,1723.1300048828125
EDTRPAS1-41,reported,15.034304197873343,0.0,1722.5321044921875
EDTRPAS1-41,reported,15.399265260594923,0.0,1721.979248046875
EDTRPAS1-41,reported,15.77308583390973,0.0,1721.4803466796875
EDTRPAS1-41,reported,16.15598098439874,0.0,1721.0467529296875
EDTRPAS1-41,reported,16.54817099943182,0.0,1720.678466796875
EDTRPAS1-41,reported,16.949881513903467,0.0,1720.3768310546875
EDTRPAS1-41,reported,17.361343640045238,0.0,1720.1387939453125
EDTRPAS1-41,reported,17.78279410038923,0.0,1719.9525146484375
EDTRPAS1-41,reported,18.214475363959455,0.0,1719.808349609375
EDTRPAS1-41,reported,18.656635785769122,0.0,1719.6915283203125
EDTRPAS1-41,reported,19.109529749704407,0.0,1719.5860595703125
EDTRPAS1-41,reported,19.57341781487661,0.0,1719.4781494140625
EDTRPAS1-41,reported,20.048566865527135,0.0,1719.3509521484375
EDTRPAS1-41,reported,20.535250264571467,0.0,1719.196044921875
EDTRPAS1-41,reported,21.033748010870337,0.0,1719.005615234375
EDTRPAS1-41,reported,21.544346900318843,0.0,1718.7745361328125
EDTRPAS1-41,reported,22.0673406908459,0.0,1718.50537109375
EDTRPAS1-41,reported,22.603030271419208,0.0,1718.2041015625
EDTRPAS1-41,reported,23.151723835152733,0.0,1717.8797607421875
EDTRPAS1-41,reported,23.71373705661656,0.0,1717.5469970703125
EDTRPAS1-41,reported,24.2893932734508,0.0,1717.2242431640625
EDTRPAS1-41,reported,24.879023672388367,0.0,1690.1514892578125
EDTRPAS1-41,reported,25.482967479793473,0.0,1605.8302001953125
EDTRPAS1-41,reported,26.10157215682537,0.0,1532.0155029296875
EDTRPAS1-41,reported,26.735193599339915,4.1794e-319,1491.0927734375
EDTRPAS1-41,reported,27.384196342643627,1.580215e-318,1488.27587890625
EDTRPAS1-41,reported,28.048953771218283,0.0,1529.160400390625
EDTRPAS1-41,reported,28.729848333536648,0.0,1620.3310546875
EDTRPAS1-41,reported,29.427271762092822,0.0,1717.3787841796875
EDTRPAS1-41,reported,30.14162529877391,0.0,1718.0028076171875
EDTRPAS1-41,reported,30.873319925702642,0.0,1718.8050537109375
EDTRPAS1-41,reported,31.62277660168379,0.0,1719.801025390625
EDTRPAS1-41,reported,32.390426504390305,0.0,1721.009033203125
EDTRPAS1-41,reported,33.17671127842858,0.0,1722.4619140625
EDTRPAS1-41,reported,33.98208328942561,0.0,1724.201171875
EDTRPAS1-41,reported,34.807005884284116,0.0,1726.2919921875
EDTRPAS1-41,reported,35.651953657755485,0.0,1728.819580078125
EDTRPAS1-41,reported,36.51741272548378,0.0,1731.8975830078125
EDTRPAS1-41,reported,37.403881003677874,0.0,1735.6634521484375
EDTRPAS1-41,reported,38.31186849557288,0.0,1740.281005859375
EDTRPAS1-41,reported,39.241897584845354,0.0,1745.9166259765625
EDTRPAS1-41,reported,40.19450333615125,0.0,1752.7374267578125
EDTRPAS1-41,reported,41.17023380295948,0.0,1760.8712158203125
EDTRPAS1-41,reported,42.16965034285825,0.0,1770.384521484375
EDTRPAS1-41,reported,43.19332794051545,0.0,1781.2431640625
EDTRPAS1-41,reported,44.24185553847917,0.0,1793.28125
EDTRPAS1-41,reported,45.315836376008185,0.0,1806.1771240234375
EDTRPAS1-41,reported,46.41588833612781,0.0,1819.440185546875
EDTRPAS1-41,reported,47.54264430111056,0.0,1832.4267578125
EDTRPAS1-41,reported,48.69675251658631,0.0,1844.3759765625
EDTRPAS1-41,reported,49.878876964491056,0.0,1854.4693603515625
EDTRPAS1-41,reported,51.08969774506929,0.0,1861.91650390625
EDTRPAS1-41,reported,52.32991146814949,0.0,1866.0447998046875
EDTRPAS1-41,reported,53.60023165391793,0.0,1866.3895263671875
EDTRPAS1-41,reported,54.901389143421405,0.0,1862.7537841796875
EDTRPAS1-41,reported,56.234132519034915,0.0,1855.2464599609375
EDTRPAS1-41,reported,57.5992285351363,0.0,1844.2691650390625
EDTRPAS1-41,reported,58.997462559235615,0.0,1830.47607421875
EDTRPAS1-41,reported,60.42963902381327,0.0,1814.6861572265625
EDTRPAS1-41,reported,61.89658188912606,0.0,1797.7991943359375
EDTRPAS1-41,reported,63.39913511724846,0.0,1780.69384765625
EDTRPAS1-41,reported,64.93816315762116,0.0,1764.147216796875
EDTRPAS1-41,reported,66.51455144438633,0.0,1748.7822265625
EDTRPAS1-41,reported,68.12920690579612,0.0,1735.03369140625
EDTRPAS1-41,reported,69.78305848598664,0.0,1723.147705078125
EDTRPAS1-41,reported,71.47705767941858,3.1743096737519743e-293,1375.69189453125
EDTRPAS1-41,reported,73.21217907829133,2.1648511869613373e-91,445.31854248046875
EDTRPAS1-41,reported,74.98942093324557,6.396602381662624e-36,189.23092651367188
EDTRPAS1-41,reported,76.80980572767753,2.2528657936307977e-18,107.97968292236328
EDTRPAS1-41,reported,78.67438076599402,3.4964164147486285e-11,74.60441589355469
EDTRPAS1-41,reported,80.58421877614815,1.0781372519690882e-07,58.446678161621094
EDTRPAS1-41,reported,82.5404185268019,8.406262509430052e-06,49.645835876464844
EDTRPAS1-41,reported,84.54410545946924,0.00010804551799332106,44.466163635253906
EDTRPAS1-41,reported,86.59643233600654,0.0005290102007171675,41.18611526489258
EDTRPAS1-41,reported,88.6985799018192,0.0014954398792947625,39.139198303222656
EDTRPAS1-41,reported,90.85175756516864,0.0030512886849951635,37.53833770751953
EDTRPAS1-41,reported,93.05720409296997,0.005114800169326842,36.55405807495117
EDTRPAS1-41,reported,95.31618832347876,0.007576086306872602,35.88993835449219
EDTRPAS1-41,reported,97.63000989628077,0.010352580119302844,35.16182327270508
EDTRPAS1-41,reported,100.00000000000004,0.013386254291040352,34.595149993896484
EDTRPAS1-41,reported,102.4275221381592,0.016618045989702856,34.134544372558594
EDTRPAS1-41,reported,104.91397291363097,0.019965802675976252,33.75198745727539
EDTRPAS1-41,reported,107.46078283213177,0.02330975395162731,33.43355941772461
EDTRPAS1-41,reported,110.0694171252209,0.026501753716981834,33.172264099121094
EDTRPAS1-41,reported,112.74137659327857,0.02937957438482256,32.96410369873047
EDTRPAS1-41,reported,115.4781984689458,0.03178647389496546,32.806640625
EDTRPAS1-41,reported,118.28145730152693,0.033606537233190265,32.69667053222656
EDTRPAS1-41,reported,121.15276586285887,0.03478401814856799,32.630516052246094
EDTRPAS1-41,reported,124.0937760751719,0.0353231618930752,32.603309631347656
EDTRPAS1-41,reported,127.10617996147457,0.03529119256790033,32.6094970703125
EDTRPAS1-41,reported,130.19171061900778,0.034796662688121975,32.64266586303711
EDTRPAS1-41,reported,133.35214321633242,0.033967801700896444,32.69623565673828
EDTRPAS1-41,reported,136.58929601461872,0.032942643794789075,32.7630729675293
EDTRPAS1-41,reported,139.90503141372932,0.03183245947423204,32.837257385253906
EDTRPAS1-41,reported,143.30125702369637,0.030729860673125897,32.91317367553711
EDTRPAS1-41,reported,146.77992676220697,0.02969173395838687,32.987152099609375
EDTRPAS1-41,reported,150.34304197873345,0.028753872450631948,33.056060791015625
EDTRPAS1-41,reported,153.99265260594927,0.027914012970579983,33.11978530883789
EDTRPAS1-41,reported,157.7308583390972,0.027149989212757315,33.1794319152832
EDTRPAS1-41,reported,161.55980984398738,0.026426413896581423,33.2370719909668
EDTRPAS1-41,reported,165.48170999431815,0.02568531803992359,33.29749298095703
EDTRPAS1-41,reported,169.49881513903458,0.024862722060534144,33.366119384765625
EDTRPAS1-41,reported,173.6134364004524,0.023904939684136272,33.44827651977539
EDTRPAS1-41,reported,177.82794100389225,0.022765695966833217,33.54975509643555
EDTRPAS1-41,reported,182.14475363959448,0.021424885757546277,33.67555618286133
EDTRPAS1-41,reported,186.56635785769126,0.019894229126256945,33.828880310058594
EDTRPAS1-41,reported,191.09529749704396,0.018220453343759793,34.01038360595703
EDTRPAS1-41,reported,195.73417814876615,0.016474526323883083,34.218467712402344
EDTRPAS1-41,reported,200.48566865527133,0.014740509264885671,34.44805908203125
EDTRPAS1-41,reported,205.35250264571462,0.013101379476254157,34.6916389465332
EDTRPAS1-41,reported,210.3374801087034,0.011625648579101783,34.9387092590332
EDTRPAS1-41,reported,215.44346900318828,0.010359195176940431,35.177268981933594
EDTRPAS1-41,reported,220.67340690845913,0.009325740168562406,35.394813537597656
EDTRPAS1-41,reported,226.030302714192,0.008529802014415461,35.5796012878418
EDTRPAS1-41,reported,231.5172383515274,0.007964116779530569,35.721920013427734
EDTRPAS1-41,reported,237.13737056616563,0.007612453183926494,35.8155632019043
EDTRPAS1-41,reported,242.8939327345078,0.007456292476946402,35.85869216918945
EDTRPAS1-41,reported,248.79023672388362,0.00747285664683334,35.85414123535156
EDTRPAS1-41,reported,254.82967479793467,0.0076354638400943226,35.809654235839844
EDTRPAS1-41,reported,261.0157215682535,0.007904934738675115,35.737892150878906
EDTRPAS1-41,reported,267.3519359933992,0.008229313010063206,35.65460205078125
EDTRPAS1-41,reported,273.84196342643605,0.008537401479376695,35.578582763671875
EDTRPAS1-41,reported,280.48953771218277,0.008740999182002104,35.529930114746094
EDTRPAS1-41,reported,287.29848333536654,0.008746872703827539,35.52845764160156
EDTRPAS1-41,reported,294.27271762092806,0.00847614574639437,35.593544006347656
EDTRPAS1-41,reported,301.4162529877392,0.007890143957559463,35.7419319152832
EDTRPAS1-41,reported,308.73319925702634,0.007011477314474302,35.98647689819336
EDTRPAS1-41,reported,316.22776601683796,0.005923874443681851,36.33612060546875
EDTRPAS1-41,reported,323.90426504390314,0.0047515761501990385,36.79123306274414
EDTRPAS1-41,reported,331.7671127842856,0.0036241804459421255,37.31073760986328
EDTRPAS1-41,reported,339.82083289425617,0.0026405139392636223,37.919334411621094
EDTRPAS1-41,reported,348.0700588428411,0.001852020223819811,38.60316467285156
EDTRPAS1-41,reported,356.51953657755496,0.0012631827474637249,39.34326934814453
EDTRPAS1-41,reported,365.17412725483786,0.0008481571575845154,40.11612319946289
EDTRPAS1-41,reported,374.0388100367785,0.0005679662345373154,40.89680480957031
EDTRPAS1-41,reported,383.1186849557287,0.00038429162001989023,41.65970230102539
EDTRPAS1-41,reported,392.4189758484536,0.0002657886291099574,42.38202667236328
EDTRPAS1-41,reported,401.9450333615123,0.00018969619653587798,43.044612884521484
EDTRPAS1-41,reported,411.7023380295949,0.0001406522885782472,43.63344192504883
EDTRPAS1-41,reported,421.69650342858216,0.0001087371798996126,44.14141082763672
EDTRPAS1-41,reported,431.93327940515445,8.77204606321925e-05,44.56596755981445
EDTRPAS1-41,reported,442.41855538479183,7.37397260556137e-05,44.90959930419922
EDTRPAS1-41,reported,453.15836376008156,6.435795288331971e-05,45.17919921875
EDTRPAS1-41,reported,464.1588833612782,5.807037633314243e-05,45.38319396972656
EDTRPAS1-41,reported,475.4264430111055,5.389174255322134e-05,45.531402587890625
EDTRPAS1-41,reported,486.96752516586315,5.118791535780623e-05,45.63351821899414
EDTRPAS1-41,reported,498.7887696449107,4.952284485290731e-05,45.69920349121094
EDTRPAS1-41,reported,510.8969774506926,5.918156839112112e-06,49.95063781738281
EDTRPAS1-41,reported,523.299114681495,3.5817922143476482e-06,50.96451187133789
EDTRPAS1-41,reported,536.0023165391792,2.029003800924377e-06,52.116180419921875
EDTRPAS1-41,reported,549.0138914342142,1.07452912357775e-06,53.40886688232422
EDTRPAS1-41,reported,562.3413251903493,5.330212301086758e-07,54.840843200683594
EDTRPAS1-41,reported,575.9922853513626,2.486796453820557e-07,56.404754638671875
EDTRPAS1-41,reported,589.9746255923563,1.0976425291318779e-07,58.09070587158203
EDTRPAS1-41,reported,604.2963902381329,4.6128128216180505e-08,59.8212890625
EDTRPAS1-41,reported,618.9658188912607,1.8582214830949323e-08,61.58321762084961
EDTRPAS1-41,reported,633.9913511724842,7.217697497480746e-09,63.42667007446289
EDTRPAS1-41,reported,649.3816315762111,2.715773714339278e-09,65.34300994873047
EDTRPAS1-41,reported,665.1455144438634,9.933621133801632e-10,67.3260726928711
EDTRPAS1-41,reported,681.2920690579614,3.540610585181548e-10,69.37220001220703
EDTRPAS1-41,reported,697.8305848598666,1.2321418916885498e-10,71.4779052734375
EDTRPAS1-41,reported,714.7705767941853,4.194601223642856e-11,73.64002227783203
EDTRPAS1-41,reported,732.1217907829127,1.400089057656983e-11,75.85462951660156
EDTRPAS1-41,reported,749.8942093324558,4.598476360226833e-12,78.11466217041016
EDTRPAS1-41,reported,768.0980572767755,1.4921826782578134e-12,80.41275787353516
EDTRPAS1-41,reported,786.7438076599396,4.806504744593648e-13,82.73951721191406
EDTRPAS1-41,reported,805.8421877614817,1.5449159869186313e-13,85.0007095336914
EDTRPAS1-41,reported,825.4041852680184,4.9730861499213745e-14,87.20091247558594
EDTRPAS1-41,reported,845.4410545946926,1.6072324198076763e-14,89.40689086914062
EDTRPAS1-41,reported,865.9643233600657,5.216832173633987e-15,91.61741638183594
EDTRPAS1-41,reported,886.9857990181914,1.6971382243859847e-15,93.83710479736328
EDTRPAS1-41,reported,908.5175756516867,5.512080171967298e-16,96.0733642578125
EDTRPAS1-41,reported,930.572040929699,1.7768438253404202e-16,98.33785247802734
EDTRPAS1-41,reported,953.1618832347878,5.647928988713898e-17,100.64382934570312
EDTRPAS1-41,reported,976.3000989628069,1.7582292013948062e-17,103.0058822631836
EDTRPAS1-41,reported,999.9999999999998,5.329778130097993e-18,105.43618774414062
EDTRPAS1-35,reported,49.99999999999999,0.0,2111.03369140625
EDTRPAS1-35,reported,51.21376106907962,0.0,2116.068115234375
EDTRPAS1-35,reported,52.456986456815486,0.0,2117.91748046875
EDTRPAS1-35,reported,53.73039141606588,0.0,2116.2509765625
EDTRPAS1-35,reported,55.03470856261049,0.0,2110.990478515625
EDTRPAS1-35,reported,56.37068829663924,0.0,2102.31884765625
EDTRPAS1-35,reported,57.739099234472896,0.0,2090.68701171875
EDTRPAS1-35,reported,59.14072865076346,0.0,2076.74365234375
EDTRPAS1-35,reported,60.57638293142943,0.0,2061.264404296875
EDTRPAS1-35,reported,62.046888037586,0.0,2045.077880859375
EDTRPAS1-35,reported,63.55308998073723,0.0,2028.9566650390625
EDTRPAS1-35,reported,65.09585530950389,0.0,2013.58154296875
EDTRPAS1-35,reported,66.67607160816621,0.0,1999.4674072265625
EDTRPAS1-35,reported,68.29464800730935,0.0,1986.969482421875
EDTRPAS1-35,reported,69.95251570686466,0.0,1899.810302734375
EDTRPAS1-35,reported,71.65062851184811,2.7741751928582386e-192,900.6804809570312
EDTRPAS1-35,reported,73.38996338110347,1.1014249207036381e-48,238.9378204345703
EDTRPAS1-35,reported,75.17152098936673,5.3607156166558874e-11,65.01839447021484
EDTRPAS1-35,reported,76.99632630297462,0.0004235419762347518,32.951820373535156
EDTRPAS1-35,reported,78.86542916954859,0.00012333428628598695,35.208499908447266
EDTRPAS1-35,reported,80.77990492199369,1.1591067468179545e-06,44.383766174316406
EDTRPAS1-35,reported,82.74085499715908,1.180977791549107e-08,53.542198181152344
EDTRPAS1-35,reported,84.74940756951734,2.8502169750271675e-10,60.81939697265625
EDTRPAS1-35,reported,86.8067182002262,1.649745993816868e-11,66.49762725830078
EDTRPAS1-35,reported,88.91397050194611,1.943261976179983e-12,70.72549438476562
EDTRPAS1-35,reported,91.07237681979724,3.8179346319132565e-13,74.07846069335938
EDTRPAS1-35,reported,93.28317892884563,1.0742222009618277e-13,76.56431579589844
EDTRPAS1-35,reported,95.54764874852205,3.873462652885539e-14,78.51956176757812
EDTRPAS1-35,reported,97.86708907438297,1.6589632299229657e-14,80.19660186767578
EDTRPAS1-35,reported,100.24283432763565,8.041797657660927e-15,81.64952850341797
EDTRPAS1-35,reported,102.67625132285731,4.296548036532402e-15,82.91539001464844
EDTRPAS1-35,reported,105.16874005435169,2.4967197137881836e-15,84.01637268066406
EDTRPAS1-35,reported,107.72173450159414,1.5698168354841246e-15,84.95905303955078
EDTRPAS1-35,reported,110.33670345422946,1.0673956177820688e-15,85.74591827392578
EDTRPAS1-35,reported,113.015151357096,7.856356581885411e-16,86.37537384033203
EDTRPAS1-35,reported,115.75861917576368,6.256085749809282e-16,86.84649658203125
EDTRPAS1-35,reported,118.5686852830828,5.379172710714333e-16,87.16630554199219
EDTRPAS1-35,reported,121.44696636725389,4.969620708791913e-16,87.34187316894531
EDTRPAS1-35,reported,124.3951183619418,4.900175966773734e-16,87.38877868652344
EDTRPAS1-35,reported,127.41483739896732,5.103040585560013e-16,87.32591247558594
EDTRPAS1-35,reported,130.50786078412688,5.5529077891163e-16,87.17704010009766
EDTRPAS1-35,reported,133.6759679966996,6.236174908168526e-16,86.96434020996094
EDTRPAS1-35,reported,136.92098171321803,7.140247921567306e-16,86.68441772460938
EDTRPAS1-35,reported,140.24476885609135,8.248635866370405e-16,86.37806701660156
EDTRPAS1-35,reported,143.64924166768324,9.526452887131545e-16,86.07481384277344
EDTRPAS1-35,reported,147.13635881046415,1.092679844838339e-15,85.78701782226562
EDTRPAS1-35,reported,150.70812649386957,1.2403562309454646e-15,85.52198791503906
EDTRPAS1-35,reported,154.36659962851317,1.3925373642777393e-15,85.2811279296875
EDTRPAS1-35,reported,158.11388300841898,1.550705784481519e-15,85.05744934082031
EDTRPAS1-35,reported,161.95213252195154,1.721562868063627e-15,84.84089660644531
EDTRPAS1-35,reported,165.88355639214276,1.919503173564282e-15,84.61663818359375
EDTRPAS1-35,reported,169.91041644712791,2.1718887872735158e-15,84.36276245117188
EDTRPAS1-35,reported,174.03502942142052,2.516503485563521e-15,84.0613784790039
EDTRPAS1-35,reported,178.25976828877745,3.0145750394005725e-15,83.69297790527344
EDTRPAS1-35,reported,182.5870636274189,3.759793726572766e-15,83.24283599853516
EDTRPAS1-35,reported,187.01940501838925,4.902293536528634e-15,82.70338439941406
EDTRPAS1-35,reported,191.55934247786433,6.6796839304164205e-15,82.07505798339844
EDTRPAS1-35,reported,196.2094879242268,9.46520224659074e-15,81.36759948730469
EDTRPAS1-35,reported,200.97251668075629,1.3805322408840272e-14,80.6021728515625
EDTRPAS1-35,reported,205.85116901479742,2.044007556637894e-14,79.8071517944336
EDTRPAS1-35,reported,210.84825171429105,3.018393185029834e-14,79.01809692382812
EDTRPAS1-35,reported,215.9666397025772,4.364369290325159e-14,78.2724838256836
EDTRPAS1-35,reported,221.2092776923959,6.068419494485531e-14,77.60599517822266
EDTRPAS1-35,reported,226.57918188004095,7.979574788564759e-14,77.05325317382812
EDTRPAS1-35,reported,232.07944168063906,9.806527405871125e-14,76.63682556152344
EDTRPAS1-35,reported,237.71322150555272,1.1184832626364462e-13,76.37128448486328
EDTRPAS1-35,reported,243.48376258293155,1.1829793184873228e-13,76.25828552246094
EDTRPAS1-35,reported,249.39438482245532,1.1663188968098266e-13,76.28701782226562
EDTRPAS1-35,reported,255.44848872534627,1.0860600015665002e-13,76.43080139160156
EDTRPAS1-35,reported,261.6495573407475,9.725216557859818e-14,76.65350341796875
EDTRPAS1-35,reported,268.00115826958955,8.580926326865332e-14,76.90611267089844
EDTRPAS1-35,reported,274.50694571710704,7.674081722748096e-14,77.13169860839844
EDTRPAS1-35,reported,281.17066259517463,7.173071315792583e-14,77.26782989501953
EDTRPAS1-35,reported,287.99614267568126,7.227288223012557e-14,77.25260925292969
EDTRPAS1-35,reported,294.9873127961781,8.073314073379871e-14,77.02894592285156
EDTRPAS1-35,reported,302.14819511906643,1.0233687136683239e-13,76.55077362060547
EDTRPAS1-35,reported,309.48290944563036,1.4946633020079247e-13,75.78658294677734
EDTRPAS1-35,reported,316.9956755862423,2.528525841713934e-13,74.72740173339844
EDTRPAS1-35,reported,324.69081578810557,4.926245815064804e-13,73.38581848144531
EDTRPAS1-35,reported,332.5727572219317,1.0876234916709425e-12,71.7955322265625
EDTRPAS1-35,reported,340.6460345289807,2.651919812327179e-12,70.0101318359375
EDTRPAS1-35,reported,348.9152924299333,6.912316802827197e-12,68.09690856933594
EDTRPAS1-35,reported,357.38528839709295,1.857903799851014e-11,66.12919616699219
EDTRPAS1-35,reported,366.06089539145637,4.968336125658821e-11,64.17984008789062
EDTRPAS1-35,reported,374.9471046662279,1.2798650449218096e-10,62.31287384033203
EDTRPAS1-35,reported,384.0490286383877,3.091125315580631e-10,60.58148193359375
EDTRPAS1-35,reported,393.37190382996977,6.864829212828842e-10,59.02317810058594
EDTRPAS1-35,reported,402.9210938807411,1.385170387285329e-09,57.658912658691406
EDTRPAS1-35,reported,412.70209263400915,2.5266268031604472e-09,56.49077606201172
EDTRPAS1-35,reported,422.7205272973462,4.17240530871274e-09,55.448143005371094
EDTRPAS1-35,reported,432.9821616800328,6.271915934419578e-09,54.60222244262695
EDTRPAS1-35,reported,443.49289950909565,8.658606128095744e-09,53.93421173095703
EDTRPAS1-35,reported,454.2587878258437,1.109507567763813e-08,53.421424865722656
EDTRPAS1-35,reported,465.28602046484946,1.334165171731477e-08,53.03998565673828
EDTRPAS1-35,reported,476.5809416173939,1.5227214806554834e-08,52.76719665527344
EDTRPAS1-35,reported,488.15004948140387,1.6662916091352485e-08,52.58158493041992
EDTRPAS1-35,reported,499.99999999999983,1.764260555516719e-08,52.463417053222656
EDTRPAS1-35,reported,512.1376106907965,6.170131253432013e-07,45.223228454589844
EDTRPAS1-35,reported,524.5698645681549,1.2816609409931888e-06,43.764503479003906
EDTRPAS1-35,reported,537.3039141606589,2.8082181646236114e-06,42.215110778808594
EDTRPAS1-35,reported,550.347085626105,6.416356753280878e-06,40.60389709472656
EDTRPAS1-35,reported,563.7068829663924,1.5050435995094755e-05,38.96885299682617
EDTRPAS1-35,reported,577.390992344729,3.562969547848304e-05,37.339107513427734
EDTRPAS1-35,reported,591.4072865076347,8.364752689187203e-05,35.521156311035156
EDTRPAS1-35,reported,605.763829314294,0.00019180539247163852,33.77738571166992
EDTRPAS1-35,reported,620.4688803758602,0.0004240526608220641,32.13917922973633
EDTRPAS1-35,reported,635.5308998073724,0.0008951875233798254,30.630359649658203
EDTRPAS1-35,reported,650.958553095039,0.001792803348124833,29.268173217773438
EDTRPAS1-35,reported,666.7607160816622,0.003392740197368832,28.064655303955078
EDTRPAS1-35,reported,682.9464800730931,0.0060562838193143715,27.027286529541016
EDTRPAS1-35,reported,699.5251570686473,0.010191378491051973,25.849374771118164
EDTRPAS1-35,reported,716.5062851184813,0.016167528995105027,24.822101593017578
EDTRPAS1-35,reported,733.8996338110348,0.024191470138783245,23.96554183959961
EDTRPAS1-35,reported,751.7152098936674,0.034160543293523894,23.282201766967773
EDTRPAS1-35,reported,769.9632630297457,0.04555173538523867,22.77326774597168
EDTRPAS1-35,reported,788.6542916954868,0.05741284651429555,22.437110900878906
EDTRPAS1-35,reported,807.799049219937,0.0684867045073845,22.04999542236328
EDTRPAS1-35,reported,827.4085499715909,0.07746433856468579,21.690265655517578
EDTRPAS1-35,reported,847.4940756951737,0.08328068401586339,21.484249114990234
EDTRPAS1-35,reported,868.0671820022613,0.08533509484086511,21.424715042114258
EDTRPAS1-35,reported,889.1397050194621,0.08357740934419876,21.505264282226562
EDTRPAS1-35,reported,910.7237681979726,0.07843669740410361,21.721601486206055
EDTRPAS1-35,reported,932.8317892884564,0.07067745887598408,22.024869918823242
EDTRPAS1-35,reported,955.4764874852208,0.06122455061596306,22.15289306640625
EDTRPAS1-35,reported,978.67089074383,0.051012254538043596,22.412620544433594
EDTRPAS1-35,reported,1002.4283432763567,0.04087186111212332,22.809755325317383
EDTRPAS1-35,reported,1026.7625132285732,0.03146313087682812,23.35143280029297
EDTRPAS1-35,reported,1051.6874005435163,0.02322862997203078,24.046844482421875
EDTRPAS1-35,reported,1077.2173450159426,0.01640907962203237,24.905479431152344
EDTRPAS1-35,reported,1103.3670345422947,0.011054797227497519,25.579986572265625
EDTRPAS1-35,reported,1130.1515135709603,0.007076889556184797,26.359298706054688
EDTRPAS1-35,reported,1157.5861917576372,0.004288455657829911,27.317106246948242
EDTRPAS1-35,reported,1185.6868528308273,0.0024511437836558358,28.466007232666016
EDTRPAS1-35,reported,1214.4696636725403,0.0013181408028840101,29.819490432739258
EDTRPAS1-35,reported,1243.9511836194183,0.0006660554236249773,31.227642059326172
EDTRPAS1-35,reported,1274.1483739896735,0.0003163922284562354,32.5198860168457
EDTRPAS1-35,reported,1305.0786078412689,0.00014146191535383278,34.039276123046875
EDTRPAS1-35,reported,1336.759679966995,5.962913733170757e-05,35.7983283996582
EDTRPAS1-35,reported,1369.2098171321818,2.3701458339028005e-05,37.807884216308594
EDTRPAS1-35,reported,1402.447688560914,8.869934832978662e-06,39.80317306518555
EDTRPAS1-35,reported,1436.4924166768328,3.1185015316706824e-06,41.731834411621094
EDTRPAS1-35,reported,1471.3635881046416,1.0289720572490321e-06,43.903018951416016
EDTRPAS1-35,reported,1507.0812649386949,3.1924903778920734e-07,46.31586837768555
EDTRPAS1-35,reported,1543.665996285132,9.367646398123646e-08,48.968605041503906
EDTRPAS1-35,reported,1581.13883008419,2.623448510215739e-08,51.267120361328125
EDTRPAS1-35,reported,1619.5213252195158,7.080568724134013e-09,53.74324035644531
EDTRPAS1-35,reported,1658.8355639214296,1.8543084789354955e-09,56.440757751464844
EDTRPAS1-35,reported,1699.1041644712795,4.717586991773067e-10,59.3616828918457
EDTRPAS1-35,reported,1740.3502942142056,1.1601076389018866e-10,62.2279052734375
EDTRPAS1-35,reported,1782.597682887775,2.7370712523716663e-11,64.93933868408203
EDTRPAS1-35,reported,1825.8706362741877,6.147572668791689e-12,67.8759765625
EDTRPAS1-35,reported,1870.1940501838944,1.3099511888038375e-12,71.04471588134766
EDTRPAS1-35,reported,1915.5934247786438,2.652373233923208e-13,74.45292663574219
EDTRPAS1-35,reported,1962.0948792422685,5.1388224167898177e-14,77.45869445800781
EDTRPAS1-35,reported,2009.7251668075633,9.609917758051716e-15,80.6487808227539
EDTRPAS1-35,reported,2058.511690147973,1.7465109112426175e-15,84.08340454101562
EDTRPAS1-35,reported,2108.482517142913,3.0837081777897915e-16,87.77104949951172
EDTRPAS1-35,reported,2159.6663970257728,5.245728576038682e-17,91.3603515625
EDTRPAS1-35,reported,2212.0927769239593,8.491808066284181e-18,94.8204345703125
EDTRPAS1-35,reported,2265.79181880041,1.2931688705227658e-18,98.54644012451172
EDTRPAS1-35,reported,2320.794416806389,1.840722834335997e-19,102.55414581298828
EDTRPAS1-35,reported,2377.13221505553,2.4528757073925757e-20,106.74034881591797
EDTRPAS1-35,reported,2434.837625829316,3.0854190853027637e-21,110.54049682617188
EDTRPAS1-35,reported,2493.9438482245537,3.7042744000564816e-22,114.65390014648438
EDTRPAS1-35,reported,2554.4848872534653,4.267022300698285e-23,119.10354614257812
EDTRPAS1-35,reported,2616.4955734074733,4.6756333346497146e-24,123.90692901611328
EDTRPAS1-35,reported,2680.0115826958963,4.78384015695839e-25,128.17886352539062
EDTRPAS1-35,reported,2745.069457171071,4.4780175755838306e-26,132.81834411621094
EDTRPAS1-35,reported,2811.706625951744,3.798345913819142e-27,137.8433074951172
EDTRPAS1-35,reported,2879.961426756816,2.9393805758781795e-28,143.17555236816406
EDTRPAS1-35,reported,2949.873127961782,2.127022741671022e-29,147.9908447265625
EDTRPAS1-35,reported,3021.4819511906676,1.485298401376763e-30,153.19239807128906
EDTRPAS1-35,reported,3094.829094456304,1.019025338544954e-31,158.78717041015625
EDTRPAS1-35,reported,3169.9567558624212,6.79980326449158e-33,164.41439819335938
EDTRPAS1-35,reported,3246.908157881059,4.303642662454882e-34,169.69381713867188
EDTRPAS1-35,reported,3325.7275722193176,2.532305859818029e-35,175.3440399169922
EDTRPAS1-35,reported,3406.4603452898104,1.38676430699443e-36,181.36700439453125
EDTRPAS1-35,reported,3489.1529242993333,7.253257640001333e-38,187.05035400390625
EDTRPAS1-35,reported,3573.8528839709275,3.7741298577435044e-39,192.64163208007812
EDTRPAS1-35,reported,3660.6089539145673,2.0183075125064552e-40,198.57919311523438
EDTRPAS1-35,reported,3749.47104666228,1.1079874689221869e-41,204.86306762695312
EDTRPAS1-35,reported,3840.4902863838747,6.045523703881078e-43,210.48045349121094
EDTRPAS1-35,reported,3933.719038299702,3.169125590178194e-44,216.24264526367188
EDTRPAS1-35,reported,4029.2109388074086,1.5682452371164334e-45,222.33642578125
EDTRPAS1-35,reported,4127.020926340097,7.377166672484083e-47,228.77200317382812
EDTRPAS1-35,reported,4227.205272973463,3.399753468024493e-48,234.3457489013672
EDTRPAS1-35,reported,4329.821616800325,1.5952426575395591e-49,240.23391723632812
EDTRPAS1-35,reported,4434.9289950909615,7.75608531900536e-51,246.48321533203125
EDTRPAS1-35,reported,4542.587878258434,3.822829778897254e-52,253.08377075195312
EDTRPAS1-35,reported,4652.8602046485,1.8197132080563287e-53,258.8240661621094
EDTRPAS1-35,reported,4765.80941617394,7.969863815558681e-55,264.9722900390625
EDTRPAS1-35,reported,4881.500494814036,3.128077836986499e-56,271.56390380859375
EDTRPAS1-35,reported,5000.000000000004,1.1060342059244497e-57,278.48992919921875
EDTRPAS1-29,reported,575.0000000000001,0.0,106083.1484375
EDTRPAS1-29,reported,588.9582522944158,0.0,105223.421875
EDTRPAS1-29,reported,603.2553442533786,0.0,104331.625
EDTRPAS1-29,reported,617.8995012847575,0.0,103416.765625
EDTRPAS1-29,reported,632.8991484700206,0.0,102486.21875
EDTRPAS1-29,reported,648.2629154113517,0.0,101545.78125
EDTRPAS1-29,reported,663.9996411964388,0.0,100599.5703125
EDTRPAS1-29,reported,680.1183794837797,0.0,99650.375
EDTRPAS1-29,reported,696.6284037114384,0.0,98700.1796875
EDTRPAS1-29,reported,713.539212432239,0.0,97750.9453125
EDTRPAS1-29,reported,730.8605347784786,0.0,96804.59375
EDTRPAS1-29,reported,748.6023360592952,0.0,95863.9921875
EDTRPAS1-29,reported,766.7748234939113,0.0,94932.2421875
EDTRPAS1-29,reported,785.3884520840575,0.0,94012.703125
EDTRPAS1-29,reported,804.4539306289441,0.0,93108.6796875
EDTRPAS1-29,reported,823.982227886254,0.0,92222.3984375
EDTRPAS1-29,reported,843.9845788826899,0.0,91354.9296875
EDTRPAS1-29,reported,864.4724913777172,0.0,90505.7109375
EDTRPAS1-29,reported,885.4577524842081,0.0,89672.5859375
EDTRPAS1-29,reported,906.9524354498095,0.0,88851.8515625
EDTRPAS1-29,reported,928.9689066029281,0.0,88039.046875
EDTRPAS1-29,reported,951.5198324673293,0.0,87229.265625
EDTRPAS1-29,reported,974.6181870494495,0.0,86417.9296875
EDTRPAS1-29,reported,998.2772593026011,0.0,85600.734375
EDTRPAS1-29,reported,1022.5106607723811,0.0,84774.9140625
EDTRPAS1-29,reported,1047.332333427669,0.0,83938.203125
EDTRPAS1-29,reported,1072.7565576817246,0.0,83089.390625
EDTRPAS1-29,reported,1098.7979606080035,0.0,82227.6875
EDTRPAS1-29,reported,1125.471524355405,0.0,81352.6015625
EDTRPAS1-29,reported,1152.792594767811,0.0,80463.5859375
EDTRPAS1-29,reported,1180.77689021286,0.0,79559.734375
EDTRPAS1-29,reported,1209.4405106250445,0.0,78640.15625
EDTRPAS1-29,reported,1238.7999467683335,0.0,77703.953125
EDTRPAS1-29,reported,1268.8720897236399,0.0,76750.65625
EDTRPAS1-29,reported,1299.674240606604,0.0,75780.453125
EDTRPAS1-29,reported,1331.2241205212822,0.0,74794.5
EDTRPAS1-29,reported,1363.539880755452,0.0,73794.8359375
EDTRPAS1-29,reported,1396.640113223421,0.0,72784.421875
EDTRPAS1-29,reported,1430.5438611623317,0.0,71766.8046875
EDTRPAS1-29,reported,1465.270630088124,0.0,70745.78125
EDTRPAS1-29,reported,1500.8403990174588,0.0,69724.9140625
EDTRPAS1-29,reported,1537.273631962045,0.0,68707.3203125
EDTRPAS1-29,reported,1574.5912897020085,0.0,67695.34375
EDTRPAS1-29,reported,1612.814841845052,0.0,66690.46875
EDTRPAS1-29,reported,1651.9662791783571,0.0,65693.09375
EDTRPAS1-29,reported,1692.0681263203373,0.0,64703.0390625
EDTRPAS1-29,reported,1733.1434546794999,0.0,63719.609375
EDTRPAS1-29,reported,1775.2158957279028,0.0,62741.6640625
EDTRPAS1-29,reported,1818.3096545968197,0.0,61768.0546875
EDTRPAS1-29,reported,1862.4495240024426,0.0,60797.6875
EDTRPAS1-29,reported,1907.6608985096434,0.0,59829.7890625
EDTRPAS1-29,reported,1953.9697891419726,0.0,58863.609375
EDTRPAS1-29,reported,2001.4028383463358,0.0,57898.71875
EDTRPAS1-29,reported,2049.9873353209423,0.0,56934.75
EDTRPAS1-29,reported,2099.7512317153173,0.0,55971.28125
EDTRPAS1-29,reported,2150.723157711478,0.0,55007.8125
EDTRPAS1-29,reported,2202.9324384954416,0.0,54043.625
EDTRPAS1-29,reported,2256.409111128608,0.0,53077.7578125
EDTRPAS1-29,reported,2311.1839418286972,0.0,52109.0234375
EDTRPAS1-29,reported,2367.28844367017,0.0,51135.9765625
EDTRPAS1-29,reported,2424.754894714349,0.0,50157.140625
EDTRPAS1-29,reported,2483.61635657964,0.0,49171.1171875
EDTRPAS1-29,reported,2543.9066934625525,0.0,48176.625
EDTRPAS1-29,reported,2605.6605916204708,0.0,47172.8125
EDTRPAS1-29,reported,2668.913579327349,0.0,46159.25
EDTRPAS1-29,reported,2733.7020473138587,0.0,45136.2578125
EDTRPAS1-29,reported,2800.063269703715,0.0,44104.6171875
EDTRPAS1-29,reported,2868.0354254582357,0.0,43065.7890625
EDTRPAS1-29,reported,2937.6576203414843,0.0,42019.5546875
EDTRPAS1-29,reported,3008.9699094185958,0.0,40965.26953125
EDTRPAS1-29,reported,3082.01332010028,0.0,39910.265625
EDTRPAS1-29,reported,3156.8298757467337,0.0,38857.1171875
EDTRPAS1-29,reported,3233.462619844508,0.0,37808.2265625
EDTRPAS1-29,reported,3311.9556407703344,0.0,36765.9296875
EDTRPAS1-29,reported,3392.354097156051,0.0,35732.26171875
EDTRPAS1-29,reported,3474.7042438692633,0.0,34703.94921875
EDTRPAS1-29,reported,3559.053458624752,0.0,33683.32421875
EDTRPAS1-29,reported,3645.450269241787,0.0,32675.744140625
EDTRPAS1-29,reported,3733.9443815632203,0.0,31682.322265625
EDTRPAS1-29,reported,3824.586708052217,0.0,30703.830078125
EDTRPAS1-29,reported,3917.4293970832773,0.0,29740.78515625
EDTRPAS1-29,reported,4012.5258629442355,0.0,28783.50390625
EDTRPAS1-29,reported,4109.930816566569,0.0,27840.3046875
EDTRPAS1-29,reported,4209.7002970017475,0.0,26911.501953125
EDTRPAS1-29,reported,4311.891703661624,0.0,25996.099609375
EDTRPAS1-29,reported,4416.563829341459,0.0,25092.83203125
EDTRPAS1-29,reported,4523.776894044652,0.0,24188.787109375
EDTRPAS1-29,reported,4633.592579628523,0.0,23292.47265625
EDTRPAS1-29,reported,4746.074065291114,0.0,22403.396484375
EDTRPAS1-29,reported,4861.286063919485,0.0,21520.2890625
EDTRPAS1-29,reported,4979.294859320376,0.0,20634.40234375
EDTRPAS1-29,reported,5100.168344354609,0.0,19746.009765625
EDTRPAS1-29,reported,5223.976059997202,0.0,18861.74609375
EDTRPAS1-29,reported,5350.789235345768,0.0,17982.431640625
EDTRPAS1-29,reported,5480.680828600033,0.0,17096.205078125
EDTRPAS1-29,reported,5613.725569036144,0.0,16213.71875
EDTRPAS1-29,reported,5749.999999999997,0.0,15341.49609375
EDTRPAS1-29,reported,5889.58252294416,0.0,14472.6875
EDTRPAS1-29,reported,6032.553442533781,0.0,13609.7783203125
EDTRPAS1-29,reported,6178.995012847582,0.0,12766.017578125
EDTRPAS1-29,reported,6328.991484700207,0.0,11931.87109375
EDTRPAS1-29,reported,6482.629154113524,0.0,11113.6669921875
EDTRPAS1-29,reported,6639.996411964389,0.0,10323.97265625
EDTRPAS1-29,reported,6801.183794837799,0.0,9543.3046875
EDTRPAS1-29,reported,6966.284037114391,0.0,8794.6806640625
EDTRPAS1-29,reported,7135.39212432239,0.0,8071.798828125
EDTRPAS1-29,reported,7308.605347784782,0.0,7373.595703125
EDTRPAS1-29,reported,7486.023360592954,0.0,6715.765625
EDTRPAS1-29,reported,7667.748234939114,0.0,6076.8955078125
EDTRPAS1-29,reported,7853.884520840569,0.0,5484.90966796875
EDTRPAS1-29,reported,8044.539306289444,0.0,4918.861328125
EDTRPAS1-29,reported,8239.822278862535,0.0,4396.34619140625
EDTRPAS1-29,reported,8439.845788826908,0.0,3908.7431640625
EDTRPAS1-29,reported,8644.724913777174,0.0,3457.279052734375
EDTRPAS1-29,reported,8854.57752484209,0.0,3048.05029296875
EDTRPAS1-29,reported,9069.524354498097,0.0,2664.63330078125
EDTRPAS1-29,reported,9289.689066029276,0.0,2327.359619140625
EDTRPAS1-29,reported,9515.198324673303,0.0,2008.165283203125
EDTRPAS1-29,reported,9746.181870494496,0.0,1727.8095703125
EDTRPAS1-29,reported,9982.772593026004,2.768e-319,1473.34375
EDTRPAS1-29,reported,10225.106607723814,7.417324164903974e-269,1241.1103515625
EDTRPAS1-29,reported,10473.323334276683,1.2275315144858952e-225,1043.69189453125
EDTRPAS1-29,reported,10727.565576817258,3.7394461835044e-184,852.4269409179688
EDTRPAS1-29,reported,10987.979606080038,3.393813926918876e-149,691.440185546875
EDTRPAS1-29,reported,11254.715243554065,1.1310320971299352e-118,549.5079345703125
EDTRPAS1-29,reported,11527.925947678112,1.717839365793024e-90,419.71038818359375
EDTRPAS1-29,reported,11807.768902128591,2.212186182252013e-68,318.12664794921875
EDTRPAS1-29,reported,12094.405106250457,3.1643273636835803e-47,221.85263061523438
EDTRPAS1-29,reported,12387.999467683338,4.724886325480756e-31,147.36810302734375
EDTRPAS1-29,reported,12688.72089723639,9.615342734168062e-20,94.09474182128906
EDTRPAS1-29,reported,12996.742406066052,3.582843534375678e-09,45.2214241027832
EDTRPAS1-29,reported,13312.241205212826,0.0002646243562421035,22.81690216064453
EDTRPAS1-29,reported,13635.398807554511,0.5325543842198317,8.973804473876953
EDTRPAS1-29,reported,13966.401132234212,0.46717834532688446,9.235589027404785
EDTRPAS1-29,reported,14305.438611623307,2.6424861676747943e-06,33.92203140258789
EDTRPAS1-29,reported,14652.706300881258,2.803047460117175e-11,54.92266845703125
EDTRPAS1-29,reported,15008.403990174591,1.6001548015907525e-20,97.49050903320312
EDTRPAS1-29,reported,15372.73631962047,9.435642950263909e-33,155.2323455810547
EDTRPAS1-29,reported,15745.912897020089,2.92610698771266e-45,212.79881286621094
EDTRPAS1-29,reported,16128.14841845051,3.4094544894743235e-62,290.7813415527344
EDTRPAS1-29,reported,16519.66279178359,3.284138841558547e-81,376.9788513183594
EDTRPAS1-29,reported,16920.681263203376,8.846614513241529e-101,467.0893249511719
EDTRPAS1-29,reported,17331.434546794986,1.5128071255539174e-124,576.5509033203125
EDTRPAS1-29,reported,17752.158957279033,8.789681564840736e-149,689.537109375
EDTRPAS1-29,reported,18183.096545968183,8.489696833753458e-175,809.340576171875
EDTRPAS1-29,reported,18624.495240024447,8.746452273545602e-205,947.4466552734375
EDTRPAS1-29,reported,19076.608985096438,6.044433883017425e-235,1084.9443359375
EDTRPAS1-29,reported,19539.697891419746,1.6211680076361954e-266,1230.336181640625
EDTRPAS1-29,reported,20014.02838346338,1.4112930386616106e-301,1391.866943359375
EDTRPAS1-29,reported,20499.87335320941,0.0,1549.56396484375
EDTRPAS1-29,reported,20997.512317153196,0.0,1713.46142578125
EDTRPAS1-29,reported,21507.231577114784,0.0,1890.405517578125
EDTRPAS1-29,reported,22029.3243849544,0.0,2063.4794921875
EDTRPAS1-29,reported,22564.091111286103,0.0,2237.451904296875
EDTRPAS1-29,reported,23111.839418286978,0.0,2421.32275390625
EDTRPAS1-29,reported,23672.884436701686,0.0,2606.591796875
EDTRPAS1-29,reported,24247.548947143496,0.0,2782.93017578125
EDTRPAS1-29,reported,24836.16356579638,0.0,2966.2802734375
EDTRPAS1-29,reported,25439.066934625553,0.0,3155.516357421875
EDTRPAS1-29,reported,26056.605916204713,0.0,3334.207275390625
EDTRPAS1-29,reported,26689.13579327352,0.0,3510.033935546875
EDTRPAS1-29,reported,27337.020473138593,0.0,3688.65478515625
EDTRPAS1-29,reported,28000.632697037134,0.0,3868.766357421875
EDTRPAS1-29,reported,28680.35425458239,0.0,4037.632080078125
EDTRPAS1-29,reported,29376.57620341485,0.0,4198.17724609375
EDTRPAS1-29,reported,30089.69909418594,0.0,4357.05859375
EDTRPAS1-29,reported,30820.13320100283,0.0,4513.099609375
EDTRPAS1-29,reported,31568.298757467317,0.0,4665.2412109375
EDTRPAS1-29,reported,32334.626198445058,0.0,4804.5126953125
EDTRPAS1-29,reported,33119.55640770338,0.0,4932.287109375
EDTRPAS1-29,reported,33923.54097156055,0.0,5054.7939453125
EDTRPAS1-29,reported,34747.04243869267,0.0,5171.6142578125
EDTRPAS1-29,reported,35590.53458624749,0.0,5282.4765625
EDTRPAS1-29,reported,36454.502692417904,0.0,5387.244140625
EDTRPAS1-29,reported,37339.44381563218,0.0,5485.88916015625
EDTRPAS1-29,reported,38245.86708052215,0.0,5578.45458984375
EDTRPAS1-29,reported,39174.29397083282,0.0,5657.35986328125
EDTRPAS1-29,reported,40125.25862944233,0.0,5730.474609375
EDTRPAS1-29,reported,41099.30816566566,0.0,5798.443359375
EDTRPAS1-29,reported,42097.00297001752,0.0,5861.34765625
EDTRPAS1-29,reported,43118.917036616294,0.0,5919.2509765625
EDTRPAS1-29,reported,44165.63829341455,0.0,5972.220703125
EDTRPAS1-29,reported,45237.76894044657,0.0,6020.3388671875
EDTRPAS1-29,reported,46335.92579628528,0.0,6063.708984375
EDTRPAS1-29,reported,47460.7406529111,0.0,6102.482421875
EDTRPAS1-29,reported,48612.86063919482,0.0,6136.8564453125
EDTRPAS1-29,reported,49792.94859320382,0.0,6167.0859375
EDTRPAS1-29,reported,51001.683443546055,0.0,6193.46630859375
EDTRPAS1-29,reported,52239.76059997198,0.0,6216.33154296875
EDTRPAS1-29,reported,53507.89235345774,0.0,6236.0400390625
EDTRPAS1-29,reported,54806.8082860003,0.0,6252.94677734375
EDTRPAS1-29,reported,56137.2556903614,0.0,6267.4091796875
EDTRPAS1-29,reported,57500.00000000004,0.0,6279.7568359375
EDTRPAS1-46,reported,1175.0000000000002,0.0,40764.17578125
EDTRPAS1-46,reported,1203.5233851233713,0.0,40390.91015625
EDTRPAS1-46,reported,1232.7391817351647,0.0,40010.3203125
EDTRPAS1-46,reported,1262.6641982775477,0.0,39622.1875
EDTRPAS1-46,reported,1293.3156512213463,0.0,39226.421875
EDTRPAS1-46,reported,1324.711174971023,0.0,38823.40234375
EDTRPAS1-46,reported,1356.868832010114,0.0,38413.8515625
EDTRPAS1-46,reported,1389.807123292941,0.0,37998.875
EDTRPAS1-46,reported,1423.5449988885912,0.0,37579.79296875
EDTRPAS1-46,reported,1458.1018688832705,0.0,37158.203125
EDTRPAS1-46,reported,1493.4976145473258,0.0,36735.5625
EDTRPAS1-46,reported,1529.7525997733424,0.0,36313.20703125
EDTRPAS1-46,reported,1566.8876827919055,0.0,35892.140625
EDTRPAS1-46,reported,1604.9242281717693,0.0,35473.03515625
EDTRPAS1-46,reported,1643.8841191113204,0.0,35056.16015625
EDTRPAS1-46,reported,1683.7897700284318,0.0,34641.50390625
EDTRPAS1-46,reported,1724.6641394559313,0.0,34228.66796875
EDTRPAS1-46,reported,1766.5307432501177,0.0,33816.90234375
EDTRPAS1-46,reported,1809.4136681199032,0.0,33406.15234375
EDTRPAS1-46,reported,1853.3375854843932,0.0,32995.92578125
EDTRPAS1-46,reported,1898.3277656668529,0.0,32585.80078125
EDTRPAS1-46,reported,1944.4100924332377,0.0,32175.498046875
EDTRPAS1-46,reported,1991.6110778836573,0.0,31764.759765625
EDTRPAS1-46,reported,2039.957877705315,0.0,31353.39453125
EDTRPAS1-46,reported,2089.478306795735,0.0,30941.21484375
EDTRPAS1-46,reported,2140.2008552652346,0.0,30528.029296875
EDTRPAS1-46,reported,2192.1547048278717,0.0,30113.451171875
EDTRPAS1-46,reported,2245.369745590268,0.0,29697.109375
EDTRPAS1-46,reported,2299.8765932480014,0.0,29278.421875
EDTRPAS1-46,reported,2355.7066066994394,0.0,28856.771484375
EDTRPAS1-46,reported,2412.8919060871463,0.0,28431.4375
EDTRPAS1-46,reported,2471.465391277264,0.0,28001.71875
EDTRPAS1-46,reported,2531.4607607874636,0.0,27566.970703125
EDTRPAS1-46,reported,2592.912531174394,0.0,27126.650390625
EDTRPAS1-46,reported,2655.856056891755,0.0,26680.4609375
EDTRPAS1-46,reported,2720.327550630446,0.0,26228.318359375
EDTRPAS1-46,reported,2786.364104152445,0.0,25770.416015625
EDTRPAS1-46,reported,2854.003709630468,0.0,25307.228515625
EDTRPAS1-46,reported,2923.2852815056312,0.0,24839.4453125
EDTRPAS1-46,reported,2994.248678875734,0.0,24367.91796875
EDTRPAS1-46,reported,3066.9347284269807,0.0,23893.0
EDTRPAS1-46,reported,3141.385247922437,0.0,23416.3203125
EDTRPAS1-46,reported,3217.643070260626,0.0,22938.9453125
EDTRPAS1-46,reported,3295.7520681181463,0.0,22461.796875
EDTRPAS1-46,reported,3375.7571791905584,0.0,21985.77734375
EDTRPAS1-46,reported,3457.7044320459063,0.0,21511.66015625
EDTRPAS1-46,reported,3541.640972605931,0.0,21040.1171875
EDTRPAS1-46,reported,3627.615091270062,0.0,20571.7421875
EDTRPAS1-46,reported,3715.676250697845,0.0,20107.0234375
EDTRPAS1-46,reported,3805.875114265857,0.0,19646.291015625
EDTRPAS1-46,reported,3898.263575215358,0.0,19189.78125
EDTRPAS1-46,reported,3992.894786507505,0.0,18737.537109375
EDTRPAS1-46,reported,4089.823191403385,0.0,18289.44140625
EDTRPAS1-46,reported,4189.10455478627,0.0,17845.1640625
EDTRPAS1-46,reported,4290.795995244347,0.0,17402.37890625
EDTRPAS1-46,reported,4394.95601793215,0.0,16961.896484375
EDTRPAS1-46,reported,4501.644548229811,0.0,16523.119140625
EDTRPAS1-46,reported,4610.922966219333,0.0,16085.146484375
EDTRPAS1-46,reported,4722.854141997772,0.0,15647.1005859375
EDTRPAS1-46,reported,4837.502471847734,0.0,15208.09375
EDTRPAS1-46,reported,4954.933915285843,0.0,14767.3837890625
EDTRPAS1-46,reported,5075.2160330105635,0.0,14324.37109375
EDTRPAS1-46,reported,5198.418025771307,0.0,13875.62109375
EDTRPAS1-46,reported,5324.610774180961,0.0,13424.03125
EDTRPAS1-46,reported,5453.866879495012,0.0,12969.841796875
EDTRPAS1-46,reported,5586.260705380493,0.0,12513.564453125
EDTRPAS1-46,reported,5721.86842069889,0.0,12056.037109375
EDTRPAS1-46,reported,5860.768043327704,0.0,11595.876953125
EDTRPAS1-46,reported,6003.0394850456405,0.0,11134.5166015625
EDTRPAS1-46,reported,6148.764597507559,0.0,10675.1806640625
EDTRPAS1-46,reported,6298.027219335359,0.0,10219.220703125
EDTRPAS1-46,reported,6450.913224352014,0.0,9766.3486328125
EDTRPAS1-46,reported,6607.510570986596,0.0,9315.5927734375
EDTRPAS1-46,reported,6767.909352878514,0.0,8871.9873046875
EDTRPAS1-46,reported,6932.201850710184,0.0,8436.892578125
EDTRPAS1-46,reported,7100.482585298065,0.0,8007.06201171875
EDTRPAS1-46,reported,7272.848371972311,0.0,7586.505859375
EDTRPAS1-46,reported,7449.398376276687,0.0,7178.462890625
EDTRPAS1-46,reported,7630.2341710204855,0.0,6780.70947265625
EDTRPAS1-46,reported,7815.4597947153925,0.0,6394.7646484375
EDTRPAS1-46,reported,8005.181811431051,0.0,6025.33984375
EDTRPAS1-46,reported,8199.50937210343,0.0,5669.5556640625
EDTRPAS1-46,reported,8398.554277331676,0.0,5328.62255859375
EDTRPAS1-46,reported,8602.43104169923,0.0,5006.6708984375
EDTRPAS1-46,reported,8811.256959656354,0.0,4699.1416015625
EDTRPAS1-46,reported,9025.152173002101,0.0,4407.75
EDTRPAS1-46,reported,9244.239740004296,0.0,4135.07763671875
EDTRPAS1-46,reported,9468.645706197405,0.0,3875.1611328125
EDTRPAS1-46,reported,9698.499176899222,0.0,3630.06103515625
EDTRPAS1-46,reported,9933.932391487633,0.0,3401.23095703125
EDTRPAS1-46,reported,10175.080799480776,0.0,3182.39404296875
EDTRPAS1-46,reported,10422.083138463755,0.0,2975.250732421875
EDTRPAS1-46,reported,10675.081513907315,0.0,2781.205078125
EDTRPAS1-46,reported,10934.22148092397,0.0,2594.697509765625
EDTRPAS1-46,reported,11199.652128008753,0.0,2416.39501953125
EDTRPAS1-46,reported,11471.52616281298,0.0,2248.683349609375
EDTRPAS1-46,reported,11750.000000000004,0.0,2087.155029296875
EDTRPAS1-46,reported,12035.233851233705,0.0,1931.3984375
EDTRPAS1-46,reported,12327.391817351627,0.0,1785.177001953125
EDTRPAS1-46,reported,12626.641982775482,0.0,1645.0257568359375
EDTRPAS1-46,reported,12933.156512213454,0.0,1509.787841796875
EDTRPAS1-46,reported,13247.111749710231,2.6409204255638737e-301,1384.1798095703125
EDTRPAS1-46,reported,13568.68832010113,1.2536474266560227e-275,1265.1690673828125
EDTRPAS1-46,reported,13898.071232929426,6.100017022110168e-251,1150.7999267578125
EDTRPAS1-46,reported,14235.449988885915,3.723480802995634e-228,1046.0703125
EDTRPAS1-46,reported,14581.018688832697,1.2727263362929468e-206,948.342529296875
EDTRPAS1-46,reported,14934.97614547326,3.2552504499925563e-186,854.09423828125
EDTRPAS1-46,reported,15297.525997733414,1.1653193063527164e-167,768.6761474609375
EDTRPAS1-46,reported,15668.876827919044,1.1168392340188436e-150,690.5730590820312
EDTRPAS1-46,reported,16049.242281717698,2.7978455876628995e-134,613.57666015625
EDTRPAS1-46,reported,16438.841191113195,3.1511812151764973e-119,544.2703857421875
EDTRPAS1-46,reported,16837.897700284324,2.026583434015506e-105,482.3649597167969
EDTRPAS1-46,reported,17246.641394559316,5.237377068835368e-92,420.2767333984375
EDTRPAS1-46,reported,17665.307432501195,6.996028217179974e-80,364.41510009765625
EDTRPAS1-46,reported,18094.136681199037,3.3891430853232584e-69,315.42559814453125
EDTRPAS1-46,reported,18533.37585484392,3.4990569551316815e-59,267.96942138671875
EDTRPAS1-46,reported,18983.27765666853,9.27263553508107e-50,224.3152313232422
EDTRPAS1-46,reported,19444.100924332382,1.1495418195702681e-41,187.2926025390625
EDTRPAS1-46,reported,19916.11077883656,3.791374988138839e-34,154.034423828125
EDTRPAS1-46,reported,20399.578777053153,3.346537465328185e-27,121.8160400390625
EDTRPAS1-46,reported,20894.783067957338,1.4928677105950879e-21,95.80897521972656
EDTRPAS1-46,reported,21402.008552652333,4.510585530821975e-17,75.78421783447266
EDTRPAS1-46,reported,21921.54704827872,8.148208491827864e-13,54.280067443847656
EDTRPAS1-46,reported,22453.697455902664,3.1910371529417124e-09,37.635772705078125
EDTRPAS1-46,reported,22998.76593248002,1.1119338254095818e-06,26.17294692993164
EDTRPAS1-46,reported,23557.06606699438,0.0001726540231270549,17.55134391784668
EDTRPAS1-46,reported,24128.91906087149,0.015927014175275603,8.17672061920166
EDTRPAS1-46,reported,24714.653912772646,0.1989359552587141,3.1201744079589844
EDTRPAS1-46,reported,25314.607607874623,0.35300560789074076,2.0539486408233643
EDTRPAS1-46,reported,25929.125311743945,0.20942825476735683,2.795985460281372
EDTRPAS1-46,reported,26558.560568917557,0.17014164215625457,2.1012816429138184
EDTRPAS1-46,reported,27203.275506304442,0.04860815594677885,4.555563926696777
EDTRPAS1-46,reported,27863.641041524457,0.003637385695750603,9.816953659057617
EDTRPAS1-46,reported,28540.037096304663,0.00013363408072374744,17.53464698791504
EDTRPAS1-46,reported,29232.852815056296,8.208300405806526e-06,23.445398330688477
EDTRPAS1-46,reported,29942.48678875732,3.6492814268248685e-07,29.544078826904297
EDTRPAS1-46,reported,30669.347284269785,7.568687221335631e-09,37.28752136230469
EDTRPAS1-46,reported,31413.852479224402,8.181107516915052e-11,46.34855651855469
EDTRPAS1-46,reported,32176.430702606234,5.502972620579631e-13,56.41885757446289
EDTRPAS1-46,reported,32957.5206811815,3.193598363724542e-15,67.21438598632812
EDTRPAS1-46,reported,33757.57179190556,3.0190284547179784e-17,75.24837493896484
EDTRPAS1-46,reported,34577.04432045904,4.816069525259099e-19,82.97147369384766
EDTRPAS1-46,reported,35416.40972605935,8.223080888980178e-21,91.01658630371094
EDTRPAS1-46,reported,36276.15091270059,1.3498356635849573e-22,99.22056579589844
EDTRPAS1-46,reported,37156.762506978426,2.207679420436028e-24,107.44908142089844
EDTRPAS1-46,reported,38058.75114265861,3.799644533138008e-26,115.59274291992188
EDTRPAS1-46,reported,38982.635752153554,7.305227191141788e-28,123.56329345703125
EDTRPAS1-46,reported,39928.9478650751,1.6948849366622707e-29,131.2891082763672
EDTRPAS1-46,reported,40898.23191403382,5.259380747539496e-31,138.71084594726562
EDTRPAS1-46,reported,41891.04554786274,2.3758216429956218e-32,145.7787322998047
EDTRPAS1-46,reported,42907.959952443445,1.5502012837540714e-33,151.52987670898438
EDTRPAS1-46,reported,43949.560179321474,1.3550564216849341e-34,156.1138916015625
EDTRPAS1-46,reported,45016.44548229816,1.488282694887074e-35,160.39971923828125
EDTRPAS1-46,reported,46109.2296621933,1.9920813885377962e-36,164.36102294921875
EDTRPAS1-46,reported,47228.541419977686,3.2133562021811628e-37,167.98069763183594
EDTRPAS1-46,reported,48375.0247184774,6.215603085319155e-38,171.25155639648438
EDTRPAS1-46,reported,49549.339152858396,1.4348900013826352e-38,174.17556762695312
EDTRPAS1-46,reported,50752.160330105595,3.925413124723257e-39,176.76348876953125
EDTRPAS1-46,reported,51984.18025771303,1.2596822778704138e-39,179.0340576171875
EDTRPAS1-46,reported,53246.107741809574,4.684098042715496e-40,181.01095581054688
EDTRPAS1-46,reported,54538.66879495018,1.9906274925098393e-40,182.72134399414062
EDTRPAS1-46,reported,55862.607053804895,9.525360213091156e-41,184.19479370117188
EDTRPAS1-46,reported,57218.68420698897,5.059355475558508e-41,185.45974731445312
EDTRPAS1-46,reported,58607.680433277,2.941377873757583e-41,186.54412841796875
EDTRPAS1-46,reported,60030.39485045637,1.8481240965032578e-41,187.47329711914062
EDTRPAS1-46,reported,61487.64597507566,1.2406786076275323e-41,188.2701416015625
EDTRPAS1-46,reported,62980.27219335355,8.808954760680526e-42,188.9549560546875
EDTRPAS1-46,reported,64509.1322435201,6.559019738016634e-42,189.54470825195312
EDTRPAS1-46,reported,66075.10570986604,5.083744994862363e-42,190.05421447753906
EDTRPAS1-46,reported,67679.0935287851,4.0754995648652616e-42,190.4962615966797
EDTRPAS1-46,reported,69322.01850710179,3.361730883893598e-42,190.88128662109375
EDTRPAS1-46,reported,71004.8258529806,2.8407570425133152e-42,191.218017578125
EDTRPAS1-46,reported,72728.4837197232,2.4504341053370693e-42,191.5135955810547
EDTRPAS1-46,reported,74493.98376276682,2.1507238219203765e-42,191.7744903564453
EDTRPAS1-46,reported,76302.3417102048,1.9159540421337233e-42,192.00564575195312
EDTRPAS1-46,reported,78154.597947154,1.7288056318232313e-42,192.21119689941406
EDTRPAS1-46,reported,80051.81811431046,1.5771243906835278e-42,192.39483642578125
EDTRPAS1-46,reported,81995.09372103424,1.4523734196016282e-42,192.55963134765625
EDTRPAS1-46,reported,83985.54277331685,1.3487633262148209e-42,192.7076416015625
EDTRPAS1-46,reported,86024.31041699224,1.2612529267703248e-42,192.841796875
EDTRPAS1-46,reported,88112.56959656348,1.1869495197262686e-42,192.96322631835938
EDTRPAS1-46,reported,90251.52173002111,1.1233311709300808e-42,193.07339477539062
EDTRPAS1-46,reported,92442.39740004289,1.0680824974795934e-42,193.17425537109375
EDTRPAS1-46,reported,94686.457061974,1.0199774747949648e-42,193.26641845703125
EDTRPAS1-46,reported,96984.99176899216,9.777098370824994e-43,193.35105895996094
EDTRPAS1-46,reported,99339.32391487644,9.403597922211077e-43,193.428955078125
EDTRPAS1-46,reported,101750.8079948077,9.071665490369858e-43,193.50082397460938
EDTRPAS1-46,reported,104220.83138463748,8.775252883327743e-43,193.5672607421875
EDTRPAS1-46,reported,106750.81513907327,8.508108155026662e-43,193.62908935546875
EDTRPAS1-46,reported,109342.21480923962,8.267999167222408e-43,193.68634033203125
EDTRPAS1-46,reported,111996.52128008746,8.049884835433198e-43,193.73980712890625
EDTRPAS1-46,reported,114715.26162812991,7.851769222502713e-43,193.78964233398438
EDTRPAS1-46,reported,117499.99999999996,7.670459607158497e-43,193.83636474609375
EDTRPAS1-30,reported,149.99999999999997,0.0,1695.0738525390625
EDTRPAS1-30,reported,153.64128320723884,0.0,1693.374267578125
EDTRPAS1-30,reported,157.3709593704465,0.0,1691.794921875
EDTRPAS1-30,reported,161.19117424819754,0.0,1690.2685546875
EDTRPAS1-30,reported,165.10412568783138,0.0,1688.68994140625
EDTRPAS1-30,reported,169.11206488991775,0.0,1686.906982421875
EDTRPAS1-30,reported,173.21729770341875,0.0,1684.788818359375
EDTRPAS1-30,reported,177.42218595229028,0.0,1682.18115234375
EDTRPAS1-30,reported,181.7291487942882,0.0,1678.9658203125
EDTRPAS1-30,reported,186.1406641127579,0.0,1675.07080078125
EDTRPAS1-30,reported,190.65926994221172,0.0,1670.4759521484375
EDTRPAS1-30,reported,195.28756592851173,0.0,1665.239501953125
EDTRPAS1-30,reported,200.0282148244985,0.0,1659.495849609375
EDTRPAS1-30,reported,204.88394402192793,0.0,1653.4398193359375
EDTRPAS1-30,reported,209.85754712059403,0.0,1647.33447265625
EDTRPAS1-30,reported,214.95188553554442,0.0,1641.4666748046875
EDTRPAS1-30,reported,220.16989014331028,0.0,1636.139892578125
EDTRPAS1-30,reported,225.51456296810005,0.0,1631.619140625
EDTRPAS1-30,reported,230.98897890892374,0.0,1628.1217041015625
EDTRPAS1-30,reported,236.59628750864584,0.0,1625.791748046875
EDTRPAS1-30,reported,242.33971476598114,0.0,1624.672119140625
EDTRPAS1-30,reported,248.22256499147707,0.0,1624.6937255859375
EDTRPAS1-30,reported,254.2482227085519,0.0,1625.67626953125
EDTRPAS1-30,reported,260.4201546006784,0.0,1627.3455810546875
EDTRPAS1-30,reported,266.74191150583846,0.0,1629.326904296875
EDTRPAS1-30,reported,273.2171304593918,0.0,1631.18408203125
EDTRPAS1-30,reported,279.8495367865367,0.0,1632.431884765625
EDTRPAS1-30,reported,286.642946245566,0.0,1632.5782470703125
EDTRPAS1-30,reported,293.601267223149,0.0,1631.1693115234375
EDTRPAS1-30,reported,300.72850298290706,0.0,1627.813720703125
EDTRPAS1-30,reported,308.028753968572,0.0,1622.216796875
EDTRPAS1-30,reported,315.5062201630549,0.0,1614.22314453125
EDTRPAS1-30,reported,323.1652035047825,0.0,1603.83544921875
EDTRPAS1-30,reported,331.01011036268847,0.0,1591.216552734375
EDTRPAS1-30,reported,339.0454540712878,0.0,1576.680419921875
EDTRPAS1-30,reported,347.27585752729084,0.0,1560.6712646484375
EDTRPAS1-30,reported,355.7060558492482,0.0,1543.7344970703125
EDTRPAS1-30,reported,364.3408991017618,0.0,1526.4462890625
EDTRPAS1-30,reported,373.1853550858255,5.55e-321,1509.3896484375
EDTRPAS1-30,reported,382.2445121969018,2.054594e-317,1493.088623046875
EDTRPAS1-30,reported,391.5235823523804,3.925623939e-314,1477.978515625
EDTRPAS1-30,reported,401.02790399009854,3.524961671601e-311,1464.378173828125
EDTRPAS1-30,reported,410.7629451396542,1.3501113318110384e-308,1452.484619140625
EDTRPAS1-30,reported,420.73430656827423,2.122768818111694e-306,1442.3701171875
EDTRPAS1-30,reported,430.94772500304947,1.3904576714593727e-304,1434.0068359375
EDTRPAS1-30,reported,441.4090764313922,3.9916970009527e-303,1427.294921875
EDTRPAS1-30,reported,452.12437948160846,5.47125199873259e-302,1422.061279296875
EDTRPAS1-30,reported,463.09979888553966,3.935221562985352e-301,1418.11572265625
EDTRPAS1-30,reported,474.341649025257,1.64839137547028e-300,1415.25244140625
EDTRPAS1-30,reported,485.85639756585437,4.4386706001707865e-300,1413.271728515625
EDTRPAS1-30,reported,497.6506691764285,8.40911627691795e-300,1411.9931640625
EDTRPAS1-30,reported,509.73124934138394,7.894600157445202e-284,1338.4669189453125
EDTRPAS1-30,reported,522.1050882642612,3.090473259246407e-280,1321.904541015625
EDTRPAS1-30,reported,534.7793048663325,2.9580377784558467e-276,1303.5455322265625
EDTRPAS1-30,reported,547.7611908822564,6.618203131787188e-272,1283.486083984375
EDTRPAS1-30,reported,561.0582150551679,3.166860788909737e-267,1261.9053955078125
EDTRPAS1-30,reported,574.6780274335932,2.849002925214125e-262,1239.055419921875
EDTRPAS1-30,reported,588.62846377268,4.17906103238607e-257,1215.2255859375
EDTRPAS1-30,reported,602.9175500422685,8.659925427615207e-252,1190.703125
EDTRPAS1-30,reported,617.553507044392,2.216880310106724e-246,1165.758056640625
EDTRPAS1-30,reported,632.5447551428733,6.294650531423594e-241,1140.60693359375
EDTRPAS1-30,reported,647.8999191077319,1.82063293210355e-235,1115.4227294921875
EDTRPAS1-30,reported,663.6278330771872,5.053773594029055e-230,1090.3250732421875
EDTRPAS1-30,reported,679.7375456401224,1.292878680199417e-224,1065.3970947265625
EDTRPAS1-30,reported,696.2383250419168,2.967068420136135e-219,1040.6959228515625
EDTRPAS1-30,reported,713.1396645166584,5.943952635885547e-214,1016.2777099609375
EDTRPAS1-30,reported,730.4512877487949,1.012773680281597e-208,992.1959228515625
EDTRPAS1-30,reported,748.1831544673655,1.422440422650306e-203,968.516845703125
EDTRPAS1-30,reported,766.345466176039,1.5799366196928752e-198,945.3251953125
EDTRPAS1-30,reported,784.948672022242,1.337793876689329e-193,922.6937255859375
EDTRPAS1-30,reported,804.0034748087689,8.324255351435697e-189,900.69970703125
EDTRPAS1-30,reported,823.5208371513214,3.721625145242477e-184,879.385986328125
EDTRPAS1-30,reported,843.5119877855234,1.1864925520631108e-179,858.5816650390625
EDTRPAS1-30,reported,863.988428027044,2.732711811571526e-175,838.4088134765625
EDTRPAS1-30,reported,884.9619383885347,4.685928374275465e-171,818.84375
EDTRPAS1-30,reported,906.4445853571987,6.2717013832931045e-167,799.7896728515625
EDTRPAS1-30,reported,928.4487283368913,6.914008826065274e-163,781.1409912109375
EDTRPAS1-30,reported,950.9870267587265,6.656499131822173e-159,762.7808837890625
EDTRPAS1-30,reported,974.072447364317,5.8893216748928905e-155,744.609130859375
EDTRPAS1-30,reported,997.7182716657953,5.0096318600296215e-151,726.5377197265625
EDTRPAS1-30,reported,1021.9381035869415,4.2173251210364955e-147,708.5128173828125
EDTRPAS1-30,reported,1046.7458772897992,3.5895384798288436e-143,690.493896484375
EDTRPAS1-30,reported,1072.1558651912783,3.10816391386582e-139,672.476318359375
EDTRPAS1-30,reported,1098.1826861743693,2.7503570115510208e-135,654.1809692382812
EDTRPAS1-30,reported,1124.841313998684,2.4911915984260106e-131,635.8209838867188
EDTRPAS1-30,reported,1152.1470859151625,2.308165889475193e-127,617.4541015625
EDTRPAS1-30,reported,1180.1157114899097,2.1980210531622696e-123,599.0789794921875
EDTRPAS1-30,reported,1208.7632816422226,2.1543283198009955e-119,580.7017211914062
EDTRPAS1-30,reported,1238.1062779020278,2.1771226094343466e-115,562.3272094726562
EDTRPAS1-30,reported,1268.161581892039,2.262964368104573e-111,543.9691772460938
EDTRPAS1-30,reported,1298.9464850400977,2.3894138209248423e-107,525.6067504882812
EDTRPAS1-30,reported,1330.4786985272874,2.50673690244909e-103,506.91815185546875
EDTRPAS1-30,reported,1362.7763634775304,2.537545214736477e-99,488.36370849609375
EDTRPAS1-30,reported,1395.8580613945476,2.3862958350966276e-95,470.0256652832031
EDTRPAS1-30,reported,1429.742824852182,2.0050502674727463e-91,451.98748779296875
EDTRPAS1-30,reported,1464.4501484442108,1.4509265587688075e-87,434.33233642578125
EDTRPAS1-30,reported,1500.0,8.747587739204347e-84,417.0302734375
EDTRPAS1-30,reported,1536.4128320723887,4.31299558964453e-80,399.76715087890625
EDTRPAS1-30,reported,1573.709593704464,1.712279630154658e-76,383.05499267578125
EDTRPAS1-30,reported,1611.9117424819772,5.453866175058959e-73,366.91802978515625
EDTRPAS1-30,reported,1651.0412568783142,1.3922357415965895e-69,351.366943359375
EDTRPAS1-30,reported,1691.120648899178,2.85227191092419e-66,336.4007568359375
EDTRPAS1-30,reported,1732.1729770341879,4.6962797759799144e-63,321.38330078125
EDTRPAS1-30,reported,1774.221859522903,6.23394093015056e-60,306.881103515625
EDTRPAS1-30,reported,1817.2914879428822,6.698366781041329e-57,292.91339111328125
EDTRPAS1-30,reported,1861.4066411275794,5.865464606674666e-54,279.4727478027344
EDTRPAS1-30,reported,1906.5926994221177,4.2344758194892276e-51,266.4951477050781
EDTRPAS1-30,reported,1952.8756592851175,2.5520647512233078e-48,253.3645782470703
EDTRPAS1-30,reported,2000.2821482449854,1.3025085583043416e-45,240.74249267578125
EDTRPAS1-30,reported,2048.83944021928,5.684765821508715e-43,228.63461303710938
EDTRPAS1-30,reported,2098.5754712059406,2.1227029565879765e-40,217.05267333984375
EDTRPAS1-30,reported,2149.5188553554426,6.731383133629726e-38,205.54324340820312
EDTRPAS1-30,reported,2201.698901433105,1.79173259859145e-35,194.20098876953125
EDTRPAS1-30,reported,2255.145629681001,3.9737502143971964e-33,183.3809814453125
EDTRPAS1-30,reported,2309.889789089238,7.3451912162216775e-31,173.09457397460938
EDTRPAS1-30,reported,2365.962875086459,1.146896920850085e-28,162.99330139160156
EDTRPAS1-30,reported,2423.39714765981,1.5463910982130393e-26,152.8650360107422
EDTRPAS1-30,reported,2482.2256499147734,1.8406869966812288e-24,143.2757110595703
EDTRPAS1-30,reported,2542.4822270855198,1.943891071829305e-22,134.25143432617188
EDTRPAS1-30,reported,2604.201546006785,1.7858924698378697e-20,125.22987365722656
EDTRPAS1-30,reported,2667.4191150583847,1.3791858888065549e-18,116.36288452148438
EDTRPAS1-30,reported,2732.1713045939164,8.689920424767362e-17,108.14279174804688
EDTRPAS1-30,reported,2798.49536786537,4.435138414092179e-15,100.50767517089844
EDTRPAS1-30,reported,2866.4294624556605,1.8677318793822672e-13,92.55381774902344
EDTRPAS1-30,reported,2936.012672231491,6.6680750714751645e-12,85.38078308105469
EDTRPAS1-30,reported,3007.2850298290714,2.004879913565462e-10,79.05293273925781
EDTRPAS1-30,reported,3080.287539685718,4.807666192757615e-09,72.43104553222656
EDTRPAS1-30,reported,3155.0622016305524,8.657547716272884e-08,66.60418701171875
EDTRPAS1-30,reported,3231.652035047826,1.1471210188225003e-06,61.7451286315918
EDTRPAS1-30,reported,3310.101103626883,1.1597906300524636e-05,56.618099212646484
EDTRPAS1-30,reported,3390.4545407128817,9.521986509195683e-05,52.352821350097656
EDTRPAS1-30,reported,3472.758575272909,0.0006410073329873949,49.12955093383789
EDTRPAS1-30,reported,3557.0605584924797,0.0033178253853622017,45.46748352050781
EDTRPAS1-30,reported,3643.4089910176185,0.012397145475423674,42.85053634643555
EDTRPAS1-30,reported,3731.8535508582527,0.033518744313736415,41.06460952758789
EDTRPAS1-30,reported,3822.445121969022,0.07069526820506979,39.017913818359375
EDTRPAS1-30,reported,3915.235823523805,0.1258975702251582,38.03965377807617
EDTRPAS1-30,reported,4010.27903990099,0.18599824252477942,37.56909942626953
EDTRPAS1-30,reported,4107.629451396543,0.20864876184132547,37.101871490478516
EDTRPAS1-30,reported,4207.3430656827395,0.16898256185715943,37.71302795410156
EDTRPAS1-30,reported,4309.4772500305,0.10291510119474731,38.433345794677734
EDTRPAS1-30,reported,4414.090764313923,0.05242559913359717,39.51466369628906
EDTRPAS1-30,reported,4521.243794816081,0.023431600635489915,41.72074508666992
EDTRPAS1-30,reported,4630.997988855397,0.00840712731317055,43.539634704589844
EDTRPAS1-30,reported,4743.416490252567,0.0021604828985673286,46.257484436035156
EDTRPAS1-30,reported,4858.563975658549,0.000391460517381799,49.81583786010742
EDTRPAS1-30,reported,4976.506691764286,5.5779555568579086e-05,53.10413360595703
EDTRPAS1-30,reported,5097.312493413845,6.932266073034882e-06,57.73683166503906
EDTRPAS1-30,reported,5221.0508826426185,6.856665130963638e-07,62.35481643676758
EDTRPAS1-30,reported,5347.793048663322,4.518971151255264e-08,67.76653289794922
EDTRPAS1-30,reported,5477.6119088225705,1.920777688420929e-09,74.10856628417969
EDTRPAS1-30,reported,5610.582150551681,6.268338829573717e-11,80.4125747680664
EDTRPAS1-30,reported,5746.780274335928,1.7777692622314575e-12,88.42525482177734
EDTRPAS1-30,reported,5886.284637726807,3.642056981019607e-14,95.73192596435547
EDTRPAS1-30,reported,6029.175500422687,4.4392288842820707e-16,104.83988189697266
EDTRPAS1-30,reported,6175.535070443915,3.625433984485153e-18,113.71527099609375
EDTRPAS1-30,reported,6325.447551428735,2.628309118453105e-20,123.95132446289062
EDTRPAS1-30,reported,6478.999191077314,1.557746775927088e-22,134.29164123535156
EDTRPAS1-30,reported,6636.27833077188,5.583803206826271e-25,145.6409149169922
EDTRPAS1-30,reported,6797.375456401226,1.2685111492003383e-27,157.32540893554688
EDTRPAS1-30,reported,6962.383250419175,2.632511930829483e-30,169.7221221923828
EDTRPAS1-30,reported,7131.396645166586,5.072754633197885e-33,182.61471557617188
EDTRPAS1-30,reported,7304.512877487944,6.388910066577592e-36,195.9227752685547
EDTRPAS1-30,reported,7481.831544673663,5.19942694233185e-39,209.857666015625
EDTRPAS1-30,reported,7663.454661760392,4.132068907611059e-42,223.84451293945312
EDTRPAS1-30,reported,7849.486720222415,3.6138498594637996e-45,238.6337432861328
EDTRPAS1-30,reported,8040.034748087692,2.4883050738686784e-48,252.96511840820312
EDTRPAS1-30,reported,8235.208371513208,1.2087242830800964e-51,268.4299011230469
EDTRPAS1-30,reported,8435.119877855228,6.0213734906200695e-55,282.705322265625
EDTRPAS1-30,reported,8639.884280270442,3.9418253168388496e-58,298.3952941894531
EDTRPAS1-30,reported,8849.619383885356,2.8078878935050723e-61,312.5602111816406
EDTRPAS1-30,reported,9064.445853571997,1.6493623729710892e-64,327.57257080078125
EDTRPAS1-30,reported,9284.487283368906,8.887397761725482e-68,342.23992919921875
EDTRPAS1-30,reported,9509.870267587276,6.038053401975888e-71,356.2974853515625
EDTRPAS1-30,reported,9740.724473643171,5.619754259251364e-74,371.2953796386719
EDTRPAS1-30,reported,9977.182716657946,6.1063915404645165e-77,384.6979675292969
EDTRPAS1-30,reported,10219.381035869426,6.013470943691696e-80,398.5123291015625
EDTRPAS1-30,reported,10467.458772897995,5.22962605955495e-83,413.1527099609375
EDTRPAS1-30,reported,10721.558651912776,4.943120530737706e-86,425.80889892578125
EDTRPAS1-30,reported,10981.826861743697,5.785996506574982e-89,439.2864990234375
EDTRPAS1-30,reported,11248.413139986853,8.22624638046258e-92,453.59552001953125
EDTRPAS1-30,reported,11521.470859151617,1.2436129423912114e-94,466.1392822265625
EDTRPAS1-30,reported,11801.157114899099,1.6124351883068218e-97,479.3708190917969
EDTRPAS1-30,reported,12087.632816422241,1.71258788692469e-100,493.44732666015625
EDTRPAS1-30,reported,12381.062779020282,1.7742706184151083e-103,506.35894775390625
EDTRPAS1-30,reported,12681.615818920382,2.1201382594389164e-106,519.3281860351562
EDTRPAS1-30,reported,12989.464850400991,2.9689283465379914e-109,533.0723876953125
EDTRPAS1-30,reported,13304.786985272876,4.878086734427328e-112,546.5475463867188
EDTRPAS1-30,reported,13627.763634775294,8.185522874343594e-115,558.982177734375
EDTRPAS1-30,reported,13958.580613945493,1.2111232923774358e-117,572.0457763671875
EDTRPAS1-30,reported,14297.42824852181,1.6351587131739208e-120,585.6918334960938
EDTRPAS1-30,reported,14644.501484442098,2.4286525660160637e-123,597.7762451171875
EDTRPAS1-30,reported,15000.000000000004,4.4654854052711375e-126,609.8370361328125
EDTRPAS1-34,reported,149.99999999999997,5.598895868781307e-15,61.49510955810547
EDTRPAS1-34,reported,153.64128320723884,6.363743656761052e-15,61.22736358642578
EDTRPAS1-34,reported,157.3709593704465,7.166064871502571e-15,60.9798698425293
EDTRPAS1-34,reported,161.19117424819754,8.035531677001945e-15,60.74217224121094
EDTRPAS1-34,reported,165.10412568783138,9.046440591718824e-15,60.49738311767578
EDTRPAS1-34,reported,169.11206488991775,1.033356974994527e-14,60.22418975830078
EDTRPAS1-34,reported,173.21729770341875,1.2107377049346065e-14,59.900177001953125
EDTRPAS1-34,reported,177.42218595229028,1.4707646029640586e-14,59.50320053100586
EDTRPAS1-34,reported,181.7291487942882,1.868010778801411e-14,59.016883850097656
EDTRPAS1-34,reported,186.1406641127579,2.4932307437566587e-14,58.43044662475586
EDTRPAS1-34,reported,190.65926994221172,3.500356293601531e-14,57.74320983886719
EDTRPAS1-34,reported,195.28756592851173,5.143887414078958e-14,56.96350860595703
EDTRPAS1-34,reported,200.0282148244985,7.828672664171893e-14,56.1146240234375
EDTRPAS1-34,reported,204.88394402192793,1.2156806487224835e-13,55.22559356689453
EDTRPAS1-34,reported,209.85754712059403,1.8892627575945637e-13,54.336334228515625
EDTRPAS1-34,reported,214.95188553554442,2.878352611650179e-13,53.487483978271484
EDTRPAS1-34,reported,220.16989014331028,4.2094420874097826e-13,52.72251892089844
EDTRPAS1-34,reported,225.51456296810005,5.802336548807417e-13,52.076908111572266
EDTRPAS1-34,reported,230.98897890892374,7.42778094579665e-13,51.58057403564453
EDTRPAS1-34,reported,236.59628750864584,8.754367846199407e-13,51.250736236572266
EDTRPAS1-34,reported,242.33971476598114,9.4728046736801e-13,51.09238052368164
EDTRPAS1-34,reported,248.22256499147707,9.46103469890651e-13,51.09502410888672
EDTRPAS1-34,reported,254.2482227085519,8.830088897895308e-13,51.233360290527344
EDTRPAS1-34,reported,260.4201546006784,7.852476920112571e-13,51.46876907348633
EDTRPAS1-34,reported,266.74191150583846,6.828828457850476e-13,51.74946975708008
EDTRPAS1-34,reported,273.2171304593918,5.990054926444459e-13,52.01279830932617
EDTRPAS1-34,reported,279.8495367865367,5.482797240583563e-13,52.1906623840332
EDTRPAS1-34,reported,286.642946245566,5.425018439958516e-13,52.21172332763672
EDTRPAS1-34,reported,293.601267223149,5.991205822330301e-13,52.01241683959961
EDTRPAS1-34,reported,300.72850298290706,7.591376648855199e-13,51.53684997558594
EDTRPAS1-34,reported,308.028753968572,1.1246184187606881e-12,50.74811553955078
EDTRPAS1-34,reported,315.5062201630549,1.9625937903384692e-12,49.631866455078125
EDTRPAS1-34,reported,323.1652035047825,4.0162479575731495e-12,48.19893264770508
EDTRPAS1-34,reported,331.01011036268847,9.477303851182426e-12,46.485504150390625
EDTRPAS1-34,reported,339.0454540712878,2.507985825855407e-11,44.54945755004883
EDTRPAS1-34,reported,347.27585752729084,7.179775279508603e-11,42.465694427490234
EDTRPAS1-34,reported,355.7060558492482,2.1355146458814756e-10,40.31606674194336
EDTRPAS1-34,reported,364.3408991017618,6.337341384196158e-10,38.18324279785156
EDTRPAS1-34,reported,373.1853550858255,1.808083096984247e-09,36.13916778564453
EDTRPAS1-34,reported,382.2445121969018,4.810790266577852e-09,34.24357604980469
EDTRPAS1-34,reported,391.5235823523804,1.1675194891675782e-08,32.516605377197266
EDTRPAS1-34,reported,401.02790399009854,2.5487630003737305e-08,30.897727966308594
EDTRPAS1-34,reported,410.7629451396542,4.976913312471385e-08,29.514236450195312
EDTRPAS1-34,reported,420.73430656827423,8.704433509678633e-08,28.36153793334961
EDTRPAS1-34,reported,430.94772500304947,1.371974806104474e-07,27.425704956054688
EDTRPAS1-34,reported,441.4090764313922,1.9680117283805247e-07,26.685169219970703
EDTRPAS1-34,reported,452.12437948160846,2.5996681972921894e-07,26.114757537841797
EDTRPAS1-34,reported,463.09979888553966,3.2009898415229126e-07,25.689010620117188
EDTRPAS1-34,reported,474.341649025257,3.7190142763515716e-07,25.382488250732422
EDTRPAS1-34,reported,485.85639756585437,4.1238275007153443e-07,25.17145538330078
EDTRPAS1-34,reported,497.6506691764285,4.40815854723015e-07,25.03519058227539
EDTRPAS1-34,reported,509.73124934138394,1.5458262385027557e-05,17.875823974609375
EDTRPAS1-34,reported,522.1050882642612,3.1946337182090614e-05,16.44802474975586
EDTRPAS1-34,reported,534.7793048663325,6.909100323104234e-05,14.948694229125977
EDTRPAS1-34,reported,547.7611908822564,0.00015421885489307833,13.412108421325684
EDTRPAS1-34,reported,561.0582150551679,0.0003488602502089144,11.88187313079834
EDTRPAS1-34,reported,574.6780274335932,0.0007843749103352313,10.140460968017578
EDTRPAS1-34,reported,588.62846377268,0.0017194970204061166,8.46224308013916
EDTRPAS1-34,reported,602.9175500422685,0.003614358123079218,6.903866767883301
EDTRPAS1-34,reported,617.553507044392,0.00718701141968586,5.5011091232299805
EDTRPAS1-34,reported,632.5447551428733,0.013384578663942843,4.281078815460205
EDTRPAS1-34,reported,647.8999191077319,0.02317858591332725,3.26314640045166
EDTRPAS1-34,reported,663.6278330771872,0.0371440084141288,2.4607443809509277
EDTRPAS1-34,reported,679.7375456401224,0.05488642540441257,1.64072847366333
EDTRPAS1-34,reported,696.2383250419168,0.07460010909843118,0.9082180857658386
EDTRPAS1-34,reported,713.1396645166584,0.0930871725992595,0.40098249912261963
EDTRPAS1-34,reported,730.4512877487949,0.10654901166471983,0.12235185503959656
EDTRPAS1-34,reported,748.1831544673655,0.11192707886915647,0.07371711730957031
EDTRPAS1-34,reported,766.345466176039,0.10815045793094864,0.2536972165107727
EDTRPAS1-34,reported,784.948672022242,0.09652239753610274,0.5197665691375732
EDTRPAS1-34,reported,804.0034748087689,0.08002216900525984,0.7266821265220642
EDTRPAS1-34,reported,823.5208371513214,0.062022737774836405,1.1376283168792725
EDTRPAS1-34,reported,843.5119877855234,0.045215684118197985,1.7425105571746826
EDTRPAS1-34,reported,863.988428027044,0.031151299512479625,2.532027006149292
EDTRPAS1-34,reported,884.9619383885347,0.020336453703766594,3.4992828369140625
EDTRPAS1-34,reported,906.4445853571987,0.012583970694349801,4.641380786895752
EDTRPAS1-34,reported,928.4487283368913,0.007366751370197872,5.550529479980469
EDTRPAS1-34,reported,950.9870267587265,0.004064986978147022,6.636051654815674
EDTRPAS1-34,reported,974.072447364317,0.0021043398484480473,7.906990051269531
EDTRPAS1-34,reported,997.7182716657953,0.0010168383799247101,9.37519359588623
EDTRPAS1-34,reported,1021.9381035869415,0.00045669968858279557,11.05373764038086
EDTRPAS1-34,reported,1046.7458772897992,0.0001899900630349529,12.95800495147705
EDTRPAS1-34,reported,1072.1558651912783,7.309216229185706e-05,14.740713119506836
EDTRPAS1-34,reported,1098.1826861743693,2.5977557462730324e-05,16.65250587463379
EDTRPAS1-34,reported,1124.841313998684,8.523703790465454e-06,18.81655502319336
EDTRPAS1-34,reported,1152.1470859151625,2.57661621541601e-06,21.249469757080078
EDTRPAS1-34,reported,1180.1157114899097,7.143319632226738e-07,23.969263076782227
EDTRPAS1-34,reported,1208.7632816422226,1.803118698752892e-07,26.82993507385254
EDTRPAS1-34,reported,1238.1062779020278,4.104339816462413e-08,29.612689971923828
EDTRPAS1-34,reported,1268.161581892039,8.344875002152658e-09,32.722618103027344
EDTRPAS1-34,reported,1298.9464850400977,1.5047780375183047e-09,36.18015670776367
EDTRPAS1-34,reported,1330.4786985272874,2.401539605634443e-10,40.00271224975586
EDTRPAS1-34,reported,1362.7763634775304,3.405342946623868e-11,43.85569763183594
EDTRPAS1-34,reported,1395.8580613945476,4.33383219869645e-12,47.76660919189453
EDTRPAS1-34,reported,1429.742824852182,5.009995897487826e-13,52.04241180419922
EDTRPAS1-34,reported,1464.4501484442108,5.309566598746958e-14,56.68114471435547
EDTRPAS1-34,reported,1500.0,5.1743265124652854e-15,61.526729583740234
EDTRPAS1-34,reported,1536.4128320723887,4.628814996709565e-16,66.14047241210938
EDTRPAS1-34,reported,1573.709593704464,3.7919347141766987e-17,71.08061218261719
EDTRPAS1-34,reported,1611.9117424819772,2.849521519766424e-18,76.34164428710938
EDTRPAS1-34,reported,1651.0412568783142,1.9766113286697236e-19,81.90353393554688
EDTRPAS1-34,reported,1691.120648899178,1.2804998295679821e-20,87.04774475097656
EDTRPAS1-34,reported,1732.1729770341879,7.831413171464063e-22,92.50688171386719
EDTRPAS1-34,reported,1774.221859522903,4.545273486222639e-23,98.2897720336914
EDTRPAS1-34,reported,1817.2914879428822,2.489656947207775e-24,104.40802001953125
EDTRPAS1-34,reported,1861.4066411275794,1.2700043981593176e-25,110.16921997070312
EDTRPAS1-34,reported,1906.5926994221177,5.9392253955558005e-27,116.1807861328125
EDTRPAS1-34,reported,1952.8756592851175,2.5238488407035876e-28,122.54586791992188
EDTRPAS1-34,reported,2000.2821482449854,9.744815832944758e-30,129.2779083251953
EDTRPAS1-34,reported,2048.83944021928,3.4552435489594935e-31,135.6937255859375
EDTRPAS1-34,reported,2098.5754712059406,1.1417531829740226e-32,142.32925415039062
EDTRPAS1-34,reported,2149.5188553554426,3.5485381512003228e-34,149.349853515625
EDTRPAS1-34,reported,2201.698901433105,1.0304561797188552e-35,156.7744598388672
EDTRPAS1-34,reported,2255.145629681001,2.740460789023643e-37,163.83255004882812
EDTRPAS1-34,reported,2309.889789089238,6.513972749289746e-39,171.1986541748047
EDTRPAS1-34,reported,2365.962875086459,1.3593790554371824e-40,179.0191650390625
EDTRPAS1-34,reported,2423.39714765981,2.4834866591098746e-42,187.2538299560547
EDTRPAS1-34,reported,2482.2256499147734,4.015973013286556e-44,195.08822631835938
EDTRPAS1-34,reported,2542.4822270855198,5.848020496552881e-46,203.44837951660156
EDTRPAS1-34,reported,2604.201546006785,7.687565892669738e-48,212.37225341796875
EDTRPAS1-34,reported,2667.4191150583847,8.923351430964443e-50,221.36956787109375
EDTRPAS1-34,reported,2732.1713045939164,8.827674021265214e-52,230.40975952148438
EDTRPAS1-34,reported,2798.49536786537,7.272175952296098e-54,240.07110595703125
EDTRPAS1-34,reported,2866.4294624556605,5.019729901388684e-56,250.24436950683594
EDTRPAS1-34,reported,2936.012672231491,3.0183904952960923e-58,260.0013427734375
EDTRPAS1-34,reported,3007.2850298290714,1.6602329445013312e-60,270.3883361816406
EDTRPAS1-34,reported,3080.287539685718,8.47417995875743e-63,281.41497802734375
EDTRPAS1-34,reported,3155.0622016305524,3.895893086137433e-65,291.92486572265625
EDTRPAS1-34,reported,3231.652035047826,1.5573979434573725e-67,302.90618896484375
EDTRPAS1-34,reported,3310.101103626883,5.39527118782859e-70,314.49493408203125
EDTRPAS1-34,reported,3390.4545407128817,1.69438206239226e-72,325.64837646484375
EDTRPAS1-34,reported,3472.758575272909,5.166067426188712e-75,337.0516357421875
EDTRPAS1-34,reported,3557.0605584924797,1.5804731584708858e-77,349.0233154296875
EDTRPAS1-34,reported,3643.4089910176185,4.6929775105138715e-80,360.6402587890625
EDTRPAS1-34,reported,3731.8535508582527,1.2811066654291091e-82,372.3062744140625
EDTRPAS1-34,reported,3822.445121969022,3.148545693724019e-85,384.509033203125
EDTRPAS1-34,reported,3915.235823523805,7.193391436005717e-88,396.49578857421875
EDTRPAS1-34,reported,4010.27903990099,1.6345690979680747e-90,408.3158264160156
EDTRPAS1-34,reported,4107.629451396543,3.862141048299811e-93,420.6700744628906
EDTRPAS1-34,reported,4207.3430656827395,9.173827022636837e-96,433.04888916015625
EDTRPAS1-34,reported,4309.4772500305,2.025753524918133e-98,445.0277099609375
EDTRPAS1-34,reported,4414.090764313923,3.933728810585519e-101,457.59356689453125
EDTRPAS1-34,reported,4521.243794816081,6.702959069632739e-104,470.51953125
EDTRPAS1-34,reported,4630.997988855397,1.0558824884593371e-106,482.82037353515625
EDTRPAS1-34,reported,4743.416490252567,1.6295685085828925e-109,495.81976318359375
EDTRPAS1-34,reported,4858.563975658549,2.4179238341479707e-112,509.52191162109375
EDTRPAS1-34,reported,4976.506691764286,3.1370321109571166e-115,522.4229736328125
EDTRPAS1-34,reported,5097.312493413845,3.247752889517166e-118,536.1633911132812
EDTRPAS1-34,reported,5221.0508826426185,2.631729950650726e-121,550.80126953125
EDTRPAS1-34,reported,5347.793048663322,1.794246236764454e-124,564.5729370117188
EDTRPAS1-34,reported,5477.6119088225705,1.1460261658990022e-127,579.301025390625
EDTRPAS1-34,reported,5610.582150551681,6.911790371498871e-131,594.8431396484375
EDTRPAS1-34,reported,5746.780274335928,3.511520510029171e-134,609.6156616210938
EDTRPAS1-34,reported,5886.284637726807,1.3619718446922442e-137,625.4024047851562
EDTRPAS1-34,reported,6029.175500422687,4.139424567338865e-141,641.6094970703125
EDTRPAS1-34,reported,6175.535070443915,1.1541301999758074e-144,657.3248901367188
EDTRPAS1-34,reported,6325.447551428735,3.370568905780036e-148,674.0556640625
EDTRPAS1-34,reported,6478.999191077314,9.7329326160875e-152,690.5659790039062
EDTRPAS1-34,reported,6636.27833077188,2.3734875514614273e-155,707.0331420898438
EDTRPAS1-34,reported,6797.375456401226,4.632544812308087e-159,724.4812622070312
EDTRPAS1-34,reported,6962.383250419175,8.296648320448376e-163,740.9324951171875
EDTRPAS1-34,reported,7131.396645166586,1.6711217597906223e-166,757.8689575195312
EDTRPAS1-34,reported,7304.512877487944,3.949932039571744e-170,775.5224609375
EDTRPAS1-34,reported,7481.831544673663,9.51652477652926e-174,791.7206420898438
EDTRPAS1-34,reported,7663.454661760392,2.04794051334515e-177,808.68115234375
EDTRPAS1-34,reported,7849.486720222415,4.1653781354883383e-181,825.764404296875
EDTRPAS1-34,reported,8040.034748087692,9.922926975849264e-185,841.57373046875
EDTRPAS1-34,reported,8235.208371513208,3.209900367873957e-188,857.92626953125
EDTRPAS1-34,reported,8435.119877855228,1.3908682891763868e-191,874.1802978515625
EDTRPAS1-34,reported,8639.884280270442,7.078403501643386e-195,888.9638061523438
EDTRPAS1-34,reported,8849.619383885356,3.7839597822036185e-198,904.0706787109375
EDTRPAS1-34,reported,9064.445853571997,2.190737824988168e-201,919.443359375
EDTRPAS1-34,reported,9284.487283368906,1.5804798455456004e-204,932.884765625
EDTRPAS1-34,reported,9509.870267587276,1.575801214789967e-207,946.37353515625
EDTRPAS1-34,reported,9740.724473643171,2.1709877079869412e-210,960.0355834960938
EDTRPAS1-34,reported,9977.182716657946,3.96411996769244e-213,973.4235229492188
EDTRPAS1-34,reported,10219.381035869426,8.647273780381722e-216,985.2800903320312
EDTRPAS1-34,reported,10467.458772897995,2.0115388543106267e-218,997.3174438476562
EDTRPAS1-34,reported,10721.558651912776,4.756108073682089e-221,1009.5509033203125
EDTRPAS1-34,reported,10981.826861743697,1.175478164184119e-223,1022.0045166015625
EDTRPAS1-34,reported,11248.413139986853,3.2749488965700494e-226,1032.7835693359375
EDTRPAS1-34,reported,11521.470859151617,1.0738772401508953e-228,1043.7213134765625
EDTRPAS1-34,reported,11801.157114899099,4.081781454781116e-231,1054.9317626953125
EDTRPAS1-34,reported,12087.632816422241,1.7794575392482965e-233,1066.426513671875
EDTRPAS1-34,reported,12381.062779020282,8.858202148907057e-236,1077.7030029296875
EDTRPAS1-34,reported,12681.615818920382,4.760672810642818e-238,1087.777099609375
EDTRPAS1-34,reported,12989.464850400991,2.569310483071838e-240,1098.0936279296875
EDTRPAS1-34,reported,13304.786985272876,1.3471307245670364e-242,1108.62939453125
EDTRPAS1-34,reported,13627.763634775294,7.0125562820141405e-245,1119.3580322265625
EDTRPAS1-34,reported,13958.580613945493,3.8912180017152716e-247,1129.986083984375
EDTRPAS1-34,reported,14297.42824852181,2.505299611238146e-249,1139.1126708984375
EDTRPAS1-34,reported,14644.501484442098,1.929517258268924e-251,1148.357666015625
EDTRPAS1-34,reported,15000.000000000004,1.7311544250741257e-253,1157.708740234375
EDTRPAS1-43,reported,49.99999999999999,0.0,4846.4013671875
EDTRPAS1-43,reported,51.21376106907962,0.0,4854.5869140625
EDTRPAS1-43,reported,52.456986456815486,0.0,4858.0478515625
EDTRPAS1-43,reported,53.73039141606588,0.0,4856.255859375
EDTRPAS1-43,reported,55.03470856261049,0.0,4849.04736328125
EDTRPAS1-43,reported,56.37068829663924,0.0,4836.669921875
EDTRPAS1-43,reported,57.739099234472896,0.0,4819.751953125
EDTRPAS1-43,reported,59.14072865076346,0.0,4799.23046875
EDTRPAS1-43,reported,60.57638293142943,0.0,4776.263671875
EDTRPAS1-43,reported,62.046888037586,0.0,4752.072265625
EDTRPAS1-43,reported,63.55308998073723,0.0,4727.845703125
EDTRPAS1-43,reported,65.09585530950389,0.0,4704.6181640625
EDTRPAS1-43,reported,66.67607160816621,0.0,4683.203125
EDTRPAS1-43,reported,68.29464800730935,0.0,4664.1533203125
EDTRPAS1-43,reported,69.95251570686466,0.0,3765.496337890625
EDTRPAS1-43,reported,71.65062851184811,1.4879905202809834e-229,1065.2008056640625
EDTRPAS1-43,reported,73.38996338110347,6.646547223622357e-39,186.71531677246094
EDTRPAS1-43,reported,75.17152098936673,2.641144275534357e-13,68.38898468017578
EDTRPAS1-43,reported,76.99632630297462,8.731549857032358e-20,97.93962097167969
EDTRPAS1-43,reported,78.86542916954859,2.786059604930285e-30,146.1702880859375
EDTRPAS1-43,reported,80.77990492199369,2.6313113801093547e-39,187.51625061035156
EDTRPAS1-43,reported,82.74085499715908,3.694190802826412e-46,219.12110900878906
EDTRPAS1-43,reported,84.74940756951734,3.733443039366247e-51,241.9409942626953
EDTRPAS1-43,reported,86.8067182002262,9.205903406908547e-55,258.6036071777344
EDTRPAS1-43,reported,88.91397050194611,2.2214050676273768e-57,270.61798095703125
EDTRPAS1-43,reported,91.07237681979724,2.5113096049871206e-59,279.4603271484375
EDTRPAS1-43,reported,93.28317892884563,8.20870409437922e-61,286.40997314453125
EDTRPAS1-43,reported,95.54764874852205,5.446650473423276e-62,291.8828125
EDTRPAS1-43,reported,97.86708907438297,5.835601254374202e-63,296.2325744628906
EDTRPAS1-43,reported,100.24283432763565,8.792821102253021e-64,299.97802734375
EDTRPAS1-43,reported,102.67625132285731,1.724403541924509e-64,303.22998046875
EDTRPAS1-43,reported,105.16874005435169,4.234971816444317e-65,306.04669189453125
EDTRPAS1-43,reported,107.72173450159414,1.2785356169854303e-65,308.4576416015625
EDTRPAS1-43,reported,110.33670345422946,4.7198679293059443e-66,310.4706115722656
EDTRPAS1-43,reported,113.015151357096,2.1288478104116333e-66,312.0854797363281
EDTRPAS1-43,reported,115.75861917576368,1.1697255817084475e-66,313.3074951171875
EDTRPAS1-43,reported,118.5686852830828,7.779242221523173e-67,314.1484375
EDTRPAS1-43,reported,121.44696636725389,6.179835965833477e-67,314.634765625
EDTRPAS1-43,reported,124.3951183619418,5.7643602105109475e-67,314.80047607421875
EDTRPAS1-43,reported,127.41483739896732,6.160678459450739e-67,314.6934814453125
EDTRPAS1-43,reported,130.50786078412688,7.340867566456203e-67,314.3689880371094
EDTRPAS1-43,reported,133.6759679966996,9.477630949797423e-67,313.8828125
EDTRPAS1-43,reported,136.92098171321803,1.2864464588825705e-66,313.2469482421875
EDTRPAS1-43,reported,140.24476885609135,1.7892947587899701e-66,312.5650939941406
EDTRPAS1-43,reported,143.64924166768324,2.4945313922931476e-66,311.8804931640625
EDTRPAS1-43,reported,147.13635881046415,3.4293593262660266e-66,311.22747802734375
EDTRPAS1-43,reported,150.70812649386957,4.6073057718348445e-66,310.62274169921875
EDTRPAS1-43,reported,154.36659962851317,6.03265274269526e-66,310.0718994140625
EDTRPAS1-43,reported,158.11388300841898,7.754803451687733e-66,309.5596923828125
EDTRPAS1-43,reported,161.95213252195154,9.905493173142328e-66,309.0613098144531
EDTRPAS1-43,reported,165.88355639214276,1.280549800117062e-65,308.5390625
EDTRPAS1-43,reported,169.91041644712791,1.7141926431051498e-65,307.94842529296875
EDTRPAS1-43,reported,174.03502942142052,2.43361055439265e-65,307.24151611328125
EDTRPAS1-43,reported,178.25976828877745,3.74736518042017e-65,306.3704833984375
EDTRPAS1-43,reported,182.5870636274189,6.376056198317985e-65,305.2994079589844
EDTRPAS1-43,reported,187.01940501838925,1.2098900065302681e-64,304.0101013183594
EDTRPAS1-43,reported,191.55934247786433,2.5650137260335297e-64,302.49932861328125
EDTRPAS1-43,reported,196.2094879242268,5.9977497376898694e-64,300.7908020019531
EDTRPAS1-43,reported,200.97251668075629,1.5125431636714106e-63,298.9313659667969
EDTRPAS1-43,reported,205.85116901479742,3.972677683418002e-63,296.9903564453125
EDTRPAS1-43,reported,210.84825171429105,1.0422305223811133e-62,295.0526428222656
EDTRPAS1-43,reported,215.9666397025772,2.605578045885592e-62,293.2118835449219
EDTRPAS1-43,reported,221.2092776923959,5.925515090548286e-62,291.5611572265625
EDTRPAS1-43,reported,226.57918188004095,1.1768670175731756e-61,290.1835632324219
EDTRPAS1-43,reported,232.07944168063906,1.9755031099378407e-61,289.1436462402344
EDTRPAS1-43,reported,237.71322150555272,2.754364889311374e-61,288.4759826660156
EDTRPAS1-43,reported,243.48376258293155,3.1749275221617066e-61,288.19000244140625
EDTRPAS1-43,reported,249.39438482245532,3.0686341753856695e-61,288.2588806152344
EDTRPAS1-43,reported,255.44848872534627,2.5674494377740696e-61,288.61700439453125
EDTRPAS1-43,reported,261.6495573407475,1.9467339787711267e-61,289.1718444824219
EDTRPAS1-43,reported,268.00115826958955,1.4217465781351523e-61,289.8028259277344
EDTRPAS1-43,reported,274.50694571710704,1.0745199072159699e-61,290.365234375
EDTRPAS1-43,reported,281.17066259517463,9.062581534374814e-62,290.7071533203125
EDTRPAS1-43,reported,287.99614267568126,9.221047402937735e-62,290.671875
EDTRPAS1-43,reported,294.9873127961781,1.2139815973365525e-61,290.1202697753906
EDTRPAS1-43,reported,302.14819511906643,2.1963580868937115e-61,288.9295654296875
EDTRPAS1-43,reported,309.48290944563036,5.686600529405811e-61,287.0196533203125
EDTRPAS1-43,reported,316.9956755862423,2.1435702466084855e-60,284.3567199707031
EDTRPAS1-43,reported,324.69081578810557,1.1687104697513416e-59,280.95343017578125
EDTRPAS1-43,reported,332.5727572219317,8.907867539646705e-59,276.8792419433594
EDTRPAS1-43,reported,340.6460345289807,8.959015570827918e-58,272.2511901855469
EDTRPAS1-43,reported,348.9152924299333,1.1026010430515837e-56,267.2208251953125
EDTRPAS1-43,reported,357.38528839709295,1.5199818482772061e-55,261.9664306640625
EDTRPAS1-43,reported,366.06089539145637,2.1412651510472088e-54,256.67218017578125
EDTRPAS1-43,reported,374.9471046662279,2.8246144486534534e-53,251.5138702392578
EDTRPAS1-43,reported,384.0490286383877,3.2333838024268175e-52,246.6433868408203
EDTRPAS1-43,reported,393.37190382996977,3.0215872771720763e-51,242.18185424804688
EDTRPAS1-43,reported,402.9210938807411,2.2118962069824997e-50,238.2114715576172
EDTRPAS1-43,reported,412.70209263400915,1.2409639995695498e-49,234.7747802734375
EDTRPAS1-43,reported,422.7205272973462,5.307912685445888e-49,231.88031005859375
EDTRPAS1-43,reported,432.9821616800328,1.74658343934743e-48,229.5103302001953
EDTRPAS1-43,reported,443.49289950909565,4.5095522760856934e-48,227.62294006347656
EDTRPAS1-43,reported,454.2587878258437,9.393371483329065e-48,226.16476440429688
EDTRPAS1-43,reported,465.28602046484946,1.625314120400966e-47,225.07559204101562
EDTRPAS1-43,reported,476.5809416173939,2.410202167299882e-47,224.29164123535156
EDTRPAS1-43,reported,488.15004948140387,3.155885401802376e-47,223.75631713867188
EDTRPAS1-43,reported,499.99999999999983,3.7450499575613736e-47,223.41583251953125
EDTRPAS1-43,reported,512.1376106907965,2.3506127086393573e-42,201.45953369140625
EDTRPAS1-43,reported,524.5698645681549,2.579675020706726e-41,196.61422729492188
EDTRPAS1-43,reported,537.3039141606589,3.5707846717242395e-40,191.30606079101562
EDTRPAS1-43,reported,550.347085626105,6.104341178375088e-39,185.57894897460938
EDTRPAS1-43,reported,563.7068829663924,1.2445669655275069e-37,179.50640869140625
EDTRPAS1-43,reported,577.390992344729,2.9008161296096148e-36,173.17715454101562
EDTRPAS1-43,reported,591.4072865076347,7.390027308317371e-35,166.68345642089844
EDTRPAS1-43,reported,605.763829314294,1.9695849802474724e-33,160.11688232421875
EDTRPAS1-43,reported,620.4688803758602,5.287842676556424e-32,153.55648803710938
EDTRPAS1-43,reported,635.5308998073724,1.3867932540187545e-30,147.066650390625
EDTRPAS1-43,reported,650.958553095039,3.474765730839295e-29,140.69471740722656
EDTRPAS1-43,reported,666.7607160816622,8.19713692120795e-28,134.4732208251953
EDTRPAS1-43,reported,682.9464800730931,1.801821910992251e-26,128.20909118652344
EDTRPAS1-43,reported,699.5251570686473,3.67032205684155e-25,122.07081604003906
EDTRPAS1-43,reported,716.5062851184813,6.882490052776478e-24,116.1278076171875
EDTRPAS1-43,reported,733.8996338110348,1.1821268637180154e-22,110.39651489257812
EDTRPAS1-43,reported,751.7152098936674,1.846194653590518e-21,104.89239501953125
EDTRPAS1-43,reported,769.9632630297457,2.6011166218203638e-20,99.63485717773438
EDTRPAS1-43,reported,788.6542916954868,3.282932854076705e-19,94.63825988769531
EDTRPAS1-43,reported,807.799049219937,3.691465115032032e-18,89.91287231445312
EDTRPAS1-43,reported,827.4085499715909,3.6871414842783226e-17,85.36203002929688
EDTRPAS1-43,reported,847.4940756951737,3.277498132254127e-16,80.87564849853516
EDTRPAS1-43,reported,868.0671820022613,2.6070316187962935e-15,76.6465835571289
EDTRPAS1-43,reported,889.1397050194621,1.8724090092578643e-14,72.65492248535156
EDTRPAS1-43,reported,910.7237681979726,1.2283754874962026e-13,68.87738800048828
EDTRPAS1-43,reported,932.8317892884564,7.45212375500007e-13,65.28950500488281
EDTRPAS1-43,reported,955.4764874852208,4.231005377455637e-12,61.869102478027344
EDTRPAS1-43,reported,978.67089074383,2.270177734041688e-11,58.599853515625
EDTRPAS1-43,reported,1002.4283432763567,1.160247067966059e-10,55.442501068115234
EDTRPAS1-43,reported,1026.7625132285732,5.675599791141802e-10,52.10466003417969
EDTRPAS1-43,reported,1051.6874005435163,2.6628765202181557e-09,48.89292907714844
EDTRPAS1-43,reported,1077.2173450159426,1.199116378131407e-08,45.81276321411133
EDTRPAS1-43,reported,1103.3670345422947,5.177484674931399e-08,42.87284851074219
EDTRPAS1-43,reported,1130.1515135709603,2.1397485624956398e-07,40.083404541015625
EDTRPAS1-43,reported,1157.5861917576372,8.442266026158956e-07,37.455787658691406
EDTRPAS1-43,reported,1185.6868528308273,3.168769216125098e-06,35.001075744628906
EDTRPAS1-43,reported,1214.4696636725403,1.1264409481046048e-05,32.29474639892578
EDTRPAS1-43,reported,1243.9511836194183,3.770979739129495e-05,29.769012451171875
EDTRPAS1-43,reported,1274.1483739896735,0.0001181416653028933,27.441532135009766
EDTRPAS1-43,reported,1305.0786078412689,0.00034411237081319096,25.331409454345703
EDTRPAS1-43,reported,1336.759679966995,0.0009259326103663291,23.460899353027344
EDTRPAS1-43,reported,1369.2098171321818,0.0022911612994932565,21.761873245239258
EDTRPAS1-43,reported,1402.447688560914,0.005198268665508761,19.89098358154297
EDTRPAS1-43,reported,1436.4924166768328,0.010802296720095113,18.304275512695312
EDTRPAS1-43,reported,1471.3635881046416,0.020538582397385645,17.01938819885254
EDTRPAS1-43,reported,1507.0812649386949,0.03565694410220823,16.049041748046875
EDTRPAS1-43,reported,1543.665996285132,0.05629586407268608,15.369070053100586
EDTRPAS1-43,reported,1581.13883008419,0.08040707957882029,14.445486068725586
EDTRPAS1-43,reported,1619.5213252195158,0.10342127255867238,13.840152740478516
EDTRPAS1-43,reported,1658.8355639214296,0.11953733624255256,13.554519653320312
EDTRPAS1-43,reported,1699.1041644712795,0.12432261614285169,13.58979606628418
EDTRPAS1-43,reported,1740.3502942142056,0.11692745743720451,13.841379165649414
EDTRPAS1-43,reported,1782.597682887775,0.1002074287536389,13.879021644592285
EDTRPAS1-43,reported,1825.8706362741877,0.07887494480971971,14.233036994934082
EDTRPAS1-43,reported,1870.1940501838944,0.057308961765148776,14.909175872802734
EDTRPAS1-43,reported,1915.5934247786438,0.03842176688591316,15.914342880249023
EDTRPAS1-43,reported,1962.0948792422685,0.0236220353425837,16.95514678955078
EDTRPAS1-43,reported,2009.7251668075633,0.013196772180438883,17.938858032226562
EDTRPAS1-43,reported,2058.511690147973,0.006643859914693316,19.260040283203125
EDTRPAS1-43,reported,2108.482517142913,0.0030013515809336265,20.92924690246582
EDTRPAS1-43,reported,2159.6663970257728,0.0012190351275554953,22.957555770874023
EDTRPAS1-43,reported,2212.0927769239593,0.00044839677480281587,24.66024398803711
EDTRPAS1-43,reported,2265.79181880041,0.00015086430943728188,26.668548583984375
EDTRPAS1-43,reported,2320.794416806389,4.668997986035173e-05,29.060733795166016
EDTRPAS1-43,reported,2377.13221505553,1.3233550336796442e-05,31.857690811157227
EDTRPAS1-43,reported,2434.837625829316,3.382081295383812e-06,34.54035568237305
EDTRPAS1-43,reported,2493.9438482245537,7.635331844365217e-07,37.359439849853516
EDTRPAS1-43,reported,2554.4848872534653,1.496689960541087e-07,40.63385009765625
EDTRPAS1-43,reported,2616.4955734074733,2.5299412855339187e-08,44.39535903930664
EDTRPAS1-43,reported,2680.0115826958963,3.714860637104686e-09,48.029598236083984
EDTRPAS1-43,reported,2745.069457171071,4.824947065203087e-10,51.8834342956543
EDTRPAS1-43,reported,2811.706625951744,5.621352043902804e-11,56.2813720703125
EDTRPAS1-43,reported,2879.961426756816,5.841861623452003e-12,61.222129821777344
EDTRPAS1-43,reported,2949.873127961782,5.279682129795646e-13,65.72369384765625
EDTRPAS1-43,reported,3021.4819511906676,4.043637640496496e-14,70.8039779663086
EDTRPAS1-43,reported,3094.829094456304,2.608077615545355e-15,76.48094177246094
EDTRPAS1-43,reported,3169.9567558624212,1.4485008488395976e-16,82.08528900146484
EDTRPAS1-43,reported,3246.908157881059,7.224480876236004e-18,87.81979370117188
EDTRPAS1-43,reported,3325.7275722193176,3.3400134019942973e-19,94.15077209472656
EDTRPAS1-43,reported,3406.4603452898104,1.4175061277038422e-20,100.73908233642578
EDTRPAS1-43,reported,3489.1529242993333,5.324548964360077e-22,107.05146789550781
EDTRPAS1-43,reported,3573.8528839709275,1.7231134148273707e-23,113.94876861572266
EDTRPAS1-43,reported,3660.6089539145673,4.839227248805456e-25,121.39845275878906
EDTRPAS1-43,reported,3749.47104666228,1.2325780125943296e-26,128.19839477539062
EDTRPAS1-43,reported,3840.4902863838747,2.9973261614510654e-28,135.5697021484375
EDTRPAS1-43,reported,3933.719038299702,7.051352728491958e-30,143.51803588867188
EDTRPAS1-43,reported,4029.2109388074086,1.5415944066187223e-31,151.01416015625
EDTRPAS1-43,reported,4127.020926340097,2.976716025420755e-33,158.80020141601562
EDTRPAS1-43,reported,4227.205272973463,4.970921686425958e-35,167.177001953125
EDTRPAS1-43,reported,4329.821616800325,7.332465946257835e-37,175.4304656982422
EDTRPAS1-43,reported,4434.9289950909615,1.0059412016700279e-38,183.66856384277344
EDTRPAS1-43,reported,4542.587878258434,1.3260140092747847e-40,192.56097412109375
EDTRPAS1-43,reported,4652.8602046485,1.6219190453979203e-42,201.67591857910156
EDTRPAS1-43,reported,4765.80941617394,1.7011826100907003e-44,210.531982421875
EDTRPAS1-43,reported,4881.500494814036,1.4408315046731143e-46,220.1537322998047
EDTRPAS1-43,reported,5000.000000000004,9.821177712390435e-49,230.25997924804688
EDTRPAS1-04/EDTRETN1-01,reported,249.9999999999999,9.212118900426043e-35,282.33233642578125
EDTRPAS1-04/EDTRETN1-01,reported,256.068805345398,7.876841326295712e-35,282.6466369628906
EDTRPAS1-04/EDTRETN1-01,reported,262.28493228407746,6.241387373316436e-35,283.11279296875
EDTRPAS1-04/EDTRETN1-01,reported,268.65195708032917,4.821837039507244e-35,283.6302185058594
EDTRPAS1-04/EDTRETN1-01,reported,275.1735428130523,3.8518402102757184e-35,284.0809020996094
EDTRPAS1-04/EDTRETN1-01,reported,281.8534414831962,3.389719301435041e-35,284.3371276855469
EDTRPAS1-04/EDTRETN1-01,reported,288.6954961723645,3.50223603713721e-35,284.2715148925781
EDTRPAS1-04/EDTRETN1-01,reported,295.70364325381706,4.4994790533906135e-35,283.7691650390625
EDTRPAS1-04/EDTRETN1-01,reported,302.8819146571469,7.532094993130812e-35,282.73614501953125
EDTRPAS1-04/EDTRETN1-01,reported,310.23444018792975,1.69452229768445e-34,281.1116027832031
EDTRPAS1-04/EDTRETN1-01,reported,317.76544990368615,5.176778072651567e-34,278.8775939941406
EDTRPAS1-04/EDTRETN1-01,reported,325.4792765475195,2.12287010717985e-33,276.0604248046875
EDTRPAS1-04/EDTRETN1-01,reported,333.38035804083074,1.1314272953487092e-32,272.7274475097656
EDTRPAS1-04/EDTRETN1-01,reported,341.4732400365465,7.432934856825809e-32,268.98992919921875
EDTRPAS1-04/EDTRETN1-01,reported,349.7625785343233,5.639257954279417e-31,264.98095703125
EDTRPAS1-04/EDTRETN1-01,reported,358.25314255924064,4.585603570804756e-30,260.8532409667969
EDTRPAS1-04/EDTRETN1-01,reported,366.9498169055171,3.7145680125200183e-29,256.7527770996094
EDTRPAS1-04/EDTRETN1-01,reported,375.8576049468333,2.798425079736721e-28,252.69949340820312
EDTRPAS1-04/EDTRETN1-01,reported,384.98163151487284,1.8512987173563954e-27,248.81915283203125
EDTRPAS1-04/EDTRETN1-01,reported,394.327145847743,1.0303308415211894e-26,245.30734252929688
EDTRPAS1-04/EDTRETN1-01,reported,403.89952460996847,4.694550484314916e-26,242.21749877929688
EDTRPAS1-04/EDTRETN1-01,reported,413.70427498579505,1.7283487842228034e-25,239.5714111328125
EDTRPAS1-04/EDTRETN1-01,reported,423.74703784758645,5.143927340801893e-25,237.36465454101562
EDTRPAS1-04/EDTRETN1-01,reported,434.0335910011306,1.2503134050908861e-24,235.57301330566406
EDTRPAS1-04/EDTRETN1-01,reported,444.56985250973065,2.527474897374239e-24,234.1573944091797
EDTRPAS1-04/EDTRETN1-01,reported,455.36188409898625,4.3405996885277646e-24,233.07176208496094
EDTRPAS1-04/EDTRETN1-01,reported,466.41589464422776,6.490816062587895e-24,232.26560974121094
EDTRPAS1-04/EDTRETN1-01,reported,477.73824374260994,8.652002802731402e-24,231.6898193359375
EDTRPAS1-04/EDTRETN1-01,reported,489.33544537191494,1.0513026310040264e-23,231.30020141601562
EDTRPAS1-04/EDTRETN1-01,reported,501.21417163817836,1.0236144492463723e-20,217.73895263671875
EDTRPAS1-04/EDTRETN1-01,reported,513.3812566142866,5.03925579856118e-20,214.65963745117188
EDTRPAS1-04/EDTRETN1-01,reported,525.843700271758,2.9089788531518603e-19,211.13914489746094
EDTRPAS1-04/EDTRETN1-01,reported,538.6086725079707,1.9476635548720515e-18,207.22596740722656
EDTRPAS1-04/EDTRETN1-01,reported,551.6835172711474,1.478196759410016e-17,203.08731079101562
EDTRPAS1-04/EDTRETN1-01,reported,565.0757567854796,1.2311658186907003e-16,198.797119140625
EDTRPAS1-04/EDTRETN1-01,reported,578.793095878818,1.0854344068720454e-15,194.43798828125
EDTRPAS1-04/EDTRETN1-01,reported,592.8434264154135,9.760546902409369e-15,190.0936737060547
EDTRPAS1-04/EDTRETN1-01,reported,607.2348318362696,8.663095463392879e-14,185.841064453125
EDTRPAS1-04/EDTRETN1-01,reported,621.975591809709,7.391366954889243e-13,181.62672424316406
EDTRPAS1-04/EDTRETN1-01,reported,637.0741869948362,5.951899528657108e-12,177.24342346191406
EDTRPAS1-04/EDTRETN1-01,reported,652.5393039206339,4.470733222547552e-11,173.0852508544922
EDTRPAS1-04/EDTRETN1-01,reported,668.3798399834975,3.111474265376886e-10,169.17807006835938
EDTRPAS1-04/EDTRETN1-01,reported,684.6049085660902,1.9963551914602436e-09,165.54051208496094
EDTRPAS1-04/EDTRETN1-01,reported,701.2238442804569,1.174742540794491e-08,162.1851348876953
EDTRPAS1-04/EDTRETN1-01,reported,718.2462083384157,6.29931034933653e-08,158.84750366210938
EDTRPAS1-04/EDTRETN1-01,reported,735.6817940523201,3.055892598684747e-07,155.5328826904297
EDTRPAS1-04/EDTRETN1-01,reported,753.5406324693473,1.3315429504030814e-06,152.52024841308594
EDTRPAS1-04/EDTRETN1-01,reported,771.8329981425659,5.186676688288415e-06,149.81689453125
EDTRPAS1-04/EDTRETN1-01,reported,790.569415042095,1.8036169112118008e-05,147.4276580810547
EDTRPAS1-04/EDTRETN1-01,reported,809.7606626097571,5.61647112844405e-05,145.35069274902344
EDTRPAS1-04/EDTRETN1-01,reported,829.417781960714,0.0001576838268911686,143.0240020751953
EDTRPAS1-04/EDTRETN1-01,reported,849.5520822356397,0.00040284383667981696,140.9893341064453
EDTRPAS1-04/EDTRETN1-01,reported,870.1751471071019,0.0009456291468017395,139.23570251464844
EDTRPAS1-04/EDTRETN1-01,reported,891.2988414438875,0.0020562025909341415,137.74761962890625
EDTRPAS1-04/EDTRETN1-01,reported,912.9353181370939,0.0041657099835939555,136.51011657714844
EDTRPAS1-04/EDTRETN1-01,reported,935.0970250919463,0.007886220335680589,135.38848876953125
EDTRPAS1-04/EDTRETN1-01,reported,957.7967123893219,0.013955868592862335,134.06423950195312
EDTRPAS1-04/EDTRETN1-01,reported,981.0474396211332,0.023053630038180284,132.96051025390625
EDTRPAS1-04/EDTRETN1-01,reported,1004.8625834037807,0.035477306111831405,132.07952880859375
EDTRPAS1-04/EDTRETN1-01,reported,1029.2558450739864,0.0507772866817617,131.4288330078125
EDTRPAS1-04/EDTRETN1-01,reported,1054.2412585714555,0.06756895949697211,131.02037048339844
EDTRPAS1-04/EDTRETN1-01,reported,1079.8331985128862,0.08376708513517125,130.5070343017578
EDTRPAS1-04/EDTRETN1-01,reported,1106.0463884619785,0.09713442573895548,129.97755432128906
EDTRPAS1-04/EDTRETN1-01,reported,1132.895909400204,0.10578645979031893,129.71510314941406
EDTRPAS1-04/EDTRETN1-01,reported,1160.3972084031943,0.10832820777028339,129.73779296875
EDTRPAS1-04/EDTRETN1-01,reported,1188.5661075277637,0.1038049389598897,130.0657501220703
EDTRPAS1-04/EDTRETN1-01,reported,1217.418812914658,0.09204651002636953,130.3397216796875
EDTRPAS1-04/EDTRETN1-01,reported,1246.9719241122757,0.07440967143793151,130.58627319335938
EDTRPAS1-04/EDTRETN1-01,reported,1277.2424436267315,0.054059246586361874,131.1796112060547
EDTRPAS1-04/EDTRETN1-01,reported,1308.2477867037364,0.0349842718488607,132.1453857421875
EDTRPAS1-04/EDTRETN1-01,reported,1340.0057913479482,0.02017232477461043,133.49258422851562
EDTRPAS1-04/EDTRETN1-01,reported,1372.5347285855355,0.010468771746229849,134.41502380371094
EDTRPAS1-04/EDTRETN1-01,reported,1405.853312975872,0.004969113404980426,135.7447967529297
EDTRPAS1-04/EDTRETN1-01,reported,1439.9807133784066,0.002181831253672704,137.49639892578125
EDTRPAS1-04/EDTRETN1-01,reported,1474.9365639808907,0.0008838498443181641,139.67886352539062
EDTRPAS1-04/EDTRETN1-01,reported,1510.7409755953308,0.00032546597224672723,141.4700469970703
EDTRPAS1-04/EDTRETN1-01,reported,1547.4145472281518,0.00010723626706007295,143.5714111328125
EDTRPAS1-04/EDTRETN1-01,reported,1584.9783779312106,3.139395398222104e-05,146.0886688232422
EDTRPAS1-04/EDTRETN1-01,reported,1623.454078940528,8.226220656349201e-06,149.0214080810547
EDTRPAS1-04/EDTRETN1-01,reported,1662.8637861096586,1.9685000106409364e-06,151.53329467773438
EDTRPAS1-04/EDTRETN1-01,reported,1703.230172644902,4.411653014790021e-07,154.3163604736328
EDTRPAS1-04/EDTRETN1-01,reported,1744.576462149665,9.401133097741274e-08,157.50732421875
EDTRPAS1-04/EDTRETN1-01,reported,1786.9264419854635,1.894193745955699e-08,161.11337280273438
EDTRPAS1-04/EDTRETN1-01,reported,1830.3044769572818,3.525751924503778e-09,164.2955780029297
EDTRPAS1-04/EDTRETN1-01,reported,1874.7355233311398,5.913816403419237e-10,167.7355194091797
EDTRPAS1-04/EDTRETN1-01,reported,1920.2451431919371,8.80942224087936e-11,171.6026611328125
EDTRPAS1-04/EDTRETN1-01,reported,1966.8595191498491,1.1690783381798413e-11,175.90924072265625
EDTRPAS1-04/EDTRETN1-01,reported,2014.605469403704,1.4111544109448314e-12,179.74949645996094
EDTRPAS1-04/EDTRETN1-01,reported,2063.510463170046,1.5952823875363717e-13,183.88577270507812
EDTRPAS1-04/EDTRETN1-01,reported,2113.602636486731,1.7197109431555605e-14,188.47671508789062
EDTRPAS1-04/EDTRETN1-01,reported,2164.9108084001623,1.7489839740344139e-15,193.539794921875
EDTRPAS1-04/EDTRETN1-01,reported,2217.4644975454785,1.6235420340080672e-16,197.9989013671875
EDTRPAS1-04/EDTRETN1-01,reported,2271.2939391292166,1.3284192420281324e-17,202.90298461914062
EDTRPAS1-04/EDTRETN1-01,reported,2326.4301023242456,9.402188253078713e-19,208.3170623779297
EDTRPAS1-04/EDTRETN1-01,reported,2382.9047080869695,5.786358643028795e-20,214.0487823486328
EDTRPAS1-04/EDTRETN1-01,reported,2440.7502474070175,3.188158204447668e-21,219.34527587890625
EDTRPAS1-04/EDTRETN1-01,reported,2499.9999999999995,1.627788709706638e-22,225.21604919433594
EDTRPAS1-04/EDTRETN1-01,reported,2560.6880534539805,7.742792426343627e-24,231.7007598876953
EDTRPAS1-04/EDTRETN1-01,reported,2622.849322840773,3.2978847672042665e-25,238.06573486328125
EDTRPAS1-04/EDTRETN1-01,reported,2686.5195708032948,1.1879966338709562e-26,244.52578735351562
EDTRPAS1-04/EDTRETN1-01,reported,2751.735428130523,3.4941989928427547e-28,251.67282104492188
EDTRPAS1-04/EDTRETN1-01,reported,2818.5344148319627,8.470634416668862e-30,259.2828674316406
EDTRPAS1-04/EDTRETN1-01,reported,2886.9549617236457,1.7920671283867655e-31,266.415283203125
EDTRPAS1-04/EDTRETN1-01,reported,2957.0364325381715,3.541074343189099e-33,274.2777404785156
EDTRPAS1-04/EDTRETN1-01,reported,3028.819146571467,6.597207240568679e-35,282.8914794921875
EDTRPAS1-04/EDTRETN1-01,reported,3102.3444018792984,1.0897146695205067e-36,290.7694396972656
EDTRPAS1-04/EDTRETN1-01,reported,3177.654499036865,1.4981103764020242e-38,299.2886047363281
EDTRPAS1-04/EDTRETN1-01,reported,3254.792765475195,1.700207091002438e-40,308.55267333984375
EDTRPAS1-04/EDTRETN1-01,reported,3333.8035804083083,1.6976981981029028e-42,317.23065185546875
EDTRPAS1-04/EDTRETN1-01,reported,3414.7324003654685,1.6491601191561718e-44,326.2837829589844
EDTRPAS1-04/EDTRETN1-01,reported,3497.625785343234,1.6257699295270663e-46,336.0591125488281
EDTRPAS1-04/EDTRETN1-01,reported,3582.531425592404,1.5310146782227294e-48,345.3759765625
EDTRPAS1-04/EDTRETN1-01,reported,3669.498169055175,1.2624217833839739e-50,354.824951171875
EDTRPAS1-04/EDTRETN1-01,reported,3758.576049468334,8.825215285589609e-53,364.97027587890625
EDTRPAS1-04/EDTRETN1-01,reported,3849.8163151487256,5.5046573859559156e-55,374.8414001464844
EDTRPAS1-04/EDTRETN1-01,reported,3943.271458477431,3.4050312052956187e-57,384.5709228515625
EDTRPAS1-04/EDTRETN1-01,reported,4038.995246099682,2.227528503852647e-59,394.9838562011719
EDTRPAS1-04/EDTRETN1-01,reported,4137.042749857955,1.4681806061915719e-61,405.4168395996094
EDTRPAS1-04/EDTRETN1-01,reported,4237.470378475865,8.748091337626206e-64,415.385498046875
EDTRPAS1-04/EDTRETN1-01,reported,4340.335910011311,4.3735800495310824e-66,426.072509765625
EDTRPAS1-04/EDTRETN1-01,reported,4445.6985250973075,1.8518500800451483e-68,437.18988037109375
EDTRPAS1-04/EDTRETN1-01,reported,4553.61884098986,7.256395367603915e-71,447.49505615234375
EDTRPAS1-04/EDTRETN1-01,reported,4664.158946442283,2.8715065587578387e-73,458.6127014160156
EDTRPAS1-04/EDTRETN1-01,reported,4777.3824374261,1.1293786129355305e-75,470.603759765625
EDTRPAS1-04/EDTRETN1-01,reported,4893.3544537191465,3.905254893100418e-78,481.47442626953125
EDTRPAS1-04/EDTRETN1-01,reported,5012.141716381784,1.0433387451733592e-80,493.29791259765625
EDTRPAS1-04/EDTRETN1-01,reported,5133.812566142862,2.089192203431005e-83,506.1531677246094
EDTRPAS1-04/EDTRETN1-01,reported,5258.437002717577,3.471881649501036e-86,518.0199584960938
EDTRPAS1-04/EDTRETN1-01,reported,5386.086725079708,5.511990750968162e-89,530.8272094726562
EDTRPAS1-04/EDTRETN1-01,reported,5516.83517271148,8.526637268965297e-92,544.805419921875
EDTRPAS1-04/EDTRETN1-01,reported,5650.757567854802,1.1195861974769434e-94,557.5945434570312
EDTRPAS1-04/EDTRETN1-01,reported,5787.930958788181,1.0571939399301395e-97,571.5450439453125
EDTRPAS1-04/EDTRETN1-01,reported,5928.4342641541425,7.209873389549083e-101,586.35546875
EDTRPAS1-04/EDTRETN1-01,reported,6072.348318362697,4.353101998307371e-104,600.1864624023438
EDTRPAS1-04/EDTRETN1-01,reported,6219.755918097087,2.758331543872208e-107,615.2687377929688
EDTRPAS1-04/EDTRETN1-01,reported,6370.741869948369,1.7769730588539958e-110,630.533447265625
EDTRPAS1-04/EDTRETN1-01,reported,6525.393039206339,9.396741130049065e-114,645.3441162109375
EDTRPAS1-04/EDTRETN1-01,reported,6683.79839983497,3.54672791391968e-117,661.4120483398438
EDTRPAS1-04/EDTRETN1-01,reported,6846.049085660904,1.1307947590829546e-120,676.7738647460938
EDTRPAS1-04/EDTRETN1-01,reported,7012.238442804564,3.967899657576064e-124,692.3588256835938
EDTRPAS1-04/EDTRETN1-01,reported,7182.4620833841645,1.6328379262044653e-127,709.1509399414062
EDTRPAS1-04/EDTRETN1-01,reported,7356.817940523203,6.909574963091894e-131,724.2581787109375
EDTRPAS1-04/EDTRETN1-01,reported,7535.406324693481,2.3453921921682647e-134,740.248779296875
EDTRPAS1-04/EDTRETN1-01,reported,7718.329981425661,6.585133326100377e-138,756.8870239257812
EDTRPAS1-04/EDTRETN1-01,reported,7905.694150420944,2.0961910938260198e-141,771.7982788085938
EDTRPAS1-04/EDTRETN1-01,reported,8097.60662609758,8.76817896968116e-145,787.5975952148438
EDTRPAS1-04/EDTRETN1-01,reported,8294.177819607141,4.885233581455286e-148,803.6078491210938
EDTRPAS1-04/EDTRETN1-01,reported,8495.520822356391,3.126165324141016e-151,817.8729858398438
EDTRPAS1-04/EDTRETN1-01,reported,8701.75147107103,1.8593726544499098e-154,832.7781372070312
EDTRPAS1-04/EDTRETN1-01,reported,8912.988414438869,1.0893093966414433e-157,848.2117309570312
EDTRPAS1-04/EDTRETN1-01,reported,9129.353181370932,8.154345515505755e-161,861.2457275390625
EDTRPAS1-04/EDTRETN1-01,reported,9350.970250919465,8.540205059519563e-164,874.728515625
EDTRPAS1-04/EDTRETN1-01,reported,9577.96712389323,1.2044728389201557e-166,888.6160278320312
EDTRPAS1-04/EDTRETN1-01,reported,9810.474396211343,2.3135031525358004e-169,901.6570434570312
EDTRPAS1-04/EDTRETN1-01,reported,10048.62583403781,5.1624026338985857e-172,913.5438842773438
EDTRPAS1-04/EDTRETN1-01,reported,10292.558450739876,1.1261322971175772e-174,925.7894287109375
EDTRPAS1-04/EDTRETN1-01,reported,10542.412585714557,2.353759666964116e-177,938.397216796875
EDTRPAS1-04/EDTRETN1-01,reported,10798.331985128854,5.328543790307372e-180,950.3572998046875
EDTRPAS1-04/EDTRETN1-01,reported,11060.463884619798,1.4959780471880698e-182,961.1546020507812
EDTRPAS1-04/EDTRETN1-01,reported,11328.959094002043,4.9922796938213763e-185,972.3544311523438
EDTRPAS1-04/EDTRETN1-01,reported,11603.972084031937,1.857045643528557e-187,983.9749755859375
EDTRPAS1-04/EDTRETN1-01,reported,11885.661075277641,8.135523884769886e-190,996.0336303710938
EDTRPAS1-04/EDTRETN1-01,reported,12174.18812914657,4.115428824818484e-192,1006.2351684570312
EDTRPAS1-04/EDTRETN1-01,reported,12469.71924112277,2.069287578792361e-194,1016.6323852539062
EDTRPAS1-04/EDTRETN1-01,reported,12772.424436267318,9.345349067011928e-197,1027.4345703125
EDTRPAS1-04/EDTRETN1-01,reported,13082.47786703738,3.8191369800959384e-199,1038.6220703125
EDTRPAS1-04/EDTRETN1-01,reported,13400.057913479484,1.5844948398037196e-201,1049.9876708984375
EDTRPAS1-04/EDTRETN1-01,reported,13725.347285855345,7.862988044957357e-204,1059.3868408203125
EDTRPAS1-04/EDTRETN1-01,reported,14058.533129758736,4.8166747090051646e-206,1069.0673828125
EDTRPAS1-04/EDTRETN1-01,reported,14399.807133784068,3.3080879981959793e-208,1079.0050048828125
EDTRPAS1-04/EDTRETN1-01,reported,14749.365639808899,2.5161332971701433e-210,1089.17578125
EDTRPAS1-04/EDTRETN1-01,reported,15107.409755953326,2.3090432666960278e-212,1099.56640625
EDTRPAS1-04/EDTRETN1-01,reported,15474.145472281509,2.6073018817069687e-214,1108.5679931640625
EDTRPAS1-04/EDTRETN1-01,reported,15849.783779312094,3.2361483338620355e-216,1117.0831298828125
EDTRPAS1-04/EDTRETN1-01,reported,16234.540789405284,3.942185870781933e-218,1125.82177734375
EDTRPAS1-04/EDTRETN1-01,reported,16628.637861096606,4.477404067783961e-220,1134.7933349609375
EDTRPAS1-04/EDTRETN1-01,reported,17032.30172644904,4.7524313073372676e-222,1144.0057373046875
EDTRPAS1-04/EDTRETN1-01,reported,17445.764621496655,4.984634923451081e-224,1153.4654541015625
EDTRPAS1-04/EDTRETN1-01,reported,17869.264419854655,5.760067964158358e-226,1161.8955078125
EDTRPAS1-04/EDTRETN1-01,reported,18303.044769572825,7.938349394048903e-228,1169.6318359375
EDTRPAS1-04/EDTRETN1-01,reported,18747.355233311384,1.2487267288453373e-229,1177.5845947265625
EDTRPAS1-04/EDTRETN1-01,reported,19202.45143191939,2.056801993890612e-231,1185.7369384765625
EDTRPAS1-04/EDTRETN1-01,reported,19668.595191498494,3.4768400421842975e-233,1194.0675048828125
EDTRPAS1-04/EDTRETN1-01,reported,20146.05469403703,6.420583526545123e-235,1202.5479736328125
EDTRPAS1-04/EDTRETN1-01,reported,20635.104631700466,1.4166969696476745e-236,1211.15087890625
EDTRPAS1-04/EDTRETN1-01,reported,21136.026364867335,3.7957169912721046e-238,1218.3604736328125
EDTRPAS1-04/EDTRETN1-01,reported,21649.108084001607,1.148905062097872e-239,1225.09619140625
EDTRPAS1-04/EDTRETN1-01,reported,22174.64497545479,3.649386732505667e-241,1231.89599609375
EDTRPAS1-04/EDTRETN1-01,reported,22712.93939129219,1.1744088767008963e-242,1238.73974609375
EDTRPAS1-04/EDTRETN1-01,reported,23264.301023242482,3.80605305605671e-244,1245.60791015625
EDTRPAS1-04/EDTRETN1-01,reported,23829.04708086968,1.2556421951573294e-245,1252.4822998046875
EDTRPAS1-04/EDTRETN1-01,reported,24407.502474070203,4.324374038262972e-247,1259.345947265625
EDTRPAS1-04/EDTRETN1-01,reported,25000.0,1.6244982535002583e-248,1266.179443359375
EDTRPAS1-05/EDTRETN1-03,reported,725.0,0.0,1958.7713623046875
EDTRPAS1-05/EDTRETN1-03,reported,742.5995355016545,0.0,1915.40625
EDTRPAS1-05/EDTRETN1-03,reported,760.6263036238249,0.0,1872.814208984375
EDTRPAS1-05/EDTRETN1-03,reported,779.090675532955,0.0,1831.136962890625
EDTRPAS1-05/EDTRETN1-03,reported,798.0032741578518,0.0,1790.52783203125
EDTRPAS1-05/EDTRETN1-03,reported,817.3749803012693,0.0,1751.083740234375
EDTRPAS1-05/EDTRETN1-03,reported,837.2169388998574,0.0,1712.854736328125
EDTRPAS1-05/EDTRETN1-03,reported,857.5405654360698,0.0,1675.8228759765625
EDTRPAS1-05/EDTRETN1-03,reported,878.3575525057264,0.0,1639.8929443359375
EDTRPAS1-05/EDTRETN1-03,reported,899.6798765449967,0.0,1604.9261474609375
EDTRPAS1-05/EDTRETN1-03,reported,921.5198047206902,0.0,1570.627197265625
EDTRPAS1-05/EDTRETN1-03,reported,943.8899019878068,0.0,1536.694091796875
EDTRPAS1-05/EDTRETN1-03,reported,966.8030383184096,0.0,1503.10888671875
EDTRPAS1-05/EDTRETN1-03,reported,990.2723961059852,2.8043e-320,1469.69677734375
EDTRPAS1-05/EDTRETN1-03,reported,1014.311477749538,4.85619802596e-313,1436.3330078125
EDTRPAS1-05/EDTRETN1-03,reported,1038.9341134217982,8.623433676847724e-306,1402.944091796875
EDTRPAS1-05/EDTRETN1-03,reported,1064.154469026,1.6149622137935146e-298,1369.483154296875
EDTRPAS1-05/EDTRETN1-03,reported,1089.9870543458171,3.213147352397645e-291,1335.9429931640625
EDTRPAS1-05/EDTRETN1-03,reported,1116.4467313931316,6.802940286363981e-284,1302.3319091796875
EDTRPAS1-05/EDTRETN1-03,reported,1143.548722958455,1.5402094418999487e-276,1268.4287109375
EDTRPAS1-05/EDTRETN1-03,reported,1171.308621368909,3.733977994918069e-269,1234.228759765625
EDTRPAS1-05/EDTRETN1-03,reported,1199.7423974588062,9.812891770240828e-262,1199.937744140625
EDTRPAS1-05/EDTRETN1-03,reported,1228.866409758001,2.8123466073833592e-254,1165.55615234375
EDTRPAS1-05/EDTRETN1-03,reported,1258.6974139032793,8.785138220551717e-247,1131.1025390625
EDTRPAS1-05/EDTRETN1-03,reported,1289.2525722782193,2.9565873676288695e-239,1096.614501953125
EDTRPAS1-05/EDTRETN1-03,reported,1320.5494638870593,1.0401381674820588e-231,1062.000244140625
EDTRPAS1-05/EDTRETN1-03,reported,1352.606094468261,3.630474213211055e-224,1027.0731201171875
EDTRPAS1-05/EDTRETN1-03,reported,1385.4409068535692,1.1797810857356574e-216,992.3892822265625
EDTRPAS1-05/EDTRETN1-03,reported,1419.072791578554,3.3282912162768127e-209,958.09521484375
EDTRPAS1-05/EDTRETN1-03,reported,1453.5210977507177,7.552055566963346e-202,924.36181640625
EDTRPAS1-05/EDTRETN1-03,reported,1488.8056441814304,1.3042450490968603e-194,891.0657958984375
EDTRPAS1-05/EDTRETN1-03,reported,1524.9467307880989,1.6361656235044934e-187,858.089111328125
EDTRPAS1-05/EDTRETN1-03,reported,1561.9651502731158,1.450795013798845e-180,826.0010375976562
EDTRPAS1-05/EDTRETN1-03,reported,1599.8822000863279,8.930171033953188e-174,794.8641357421875
EDTRPAS1-05/EDTRETN1-03,reported,1638.7196946778913,3.77275786609468e-167,764.7027587890625
EDTRPAS1-05/EDTRETN1-03,reported,1678.4999780485728,1.083546543037356e-160,734.712646484375
EDTRPAS1-05/EDTRETN1-03,reported,1719.2459366046999,2.1184153447345685e-154,705.6336059570312
EDTRPAS1-05/EDTRETN1-03,reported,1760.9810123251823,2.8471117224448144e-148,677.4692993164062
EDTRPAS1-05/EDTRETN1-03,reported,1803.7292162481554,2.691054648353233e-142,650.1954345703125
EDTRPAS1-05/EDTRETN1-03,reported,1847.5151422850256,1.8469614487970288e-136,622.9921875
EDTRPAS1-05/EDTRETN1-03,reported,1892.3639813698387,9.55817799830602e-131,596.4898681640625
EDTRPAS1-05/EDTRETN1-03,reported,1938.3015359521432,3.8182809623659943e-125,570.8130493164062
EDTRPAS1-05/EDTRETN1-03,reported,1985.3542348416622,1.1805384410367416e-119,545.9485473632812
EDTRPAS1-05/EDTRETN1-03,reported,2033.549148413324,2.7719950557284166e-114,520.913818359375
EDTRPAS1-05/EDTRETN1-03,reported,2082.914004181406,4.853893521027635e-109,496.6903076171875
EDTRPAS1-05/EDTRETN1-03,reported,2133.4772027517292,6.293944425884663e-104,473.29583740234375
EDTRPAS1-05/EDTRETN1-03,reported,2185.267834161108,6.171394574391478e-99,450.286865234375
EDTRPAS1-05/EDTRETN1-03,reported,2238.315694613442,4.7684566318529496e-94,427.42919921875
EDTRPAS1-05/EDTRETN1-03,reported,2292.651303622074,3.026157997966938e-89,405.382080078125
EDTRPAS1-05/EDTRETN1-03,reported,2348.3059215682965,1.5924815989712631e-84,384.1322021484375
EDTRPAS1-05/EDTRETN1-03,reported,2405.3115676860716,6.761295306693695e-80,362.482421875
EDTRPAS1-05/EDTRETN1-03,reported,2463.701038483356,2.2460437182349545e-75,341.6278076171875
EDTRPAS1-05/EDTRETN1-03,reported,2523.5079266105986,5.817240107449768e-71,321.59796142578125
EDTRPAS1-05/EDTRETN1-03,reported,2584.766640187272,1.2221783554478393e-66,301.22607421875
EDTRPAS1-05/EDTRETN1-03,reported,2647.5124225975733,2.20825860681922e-62,281.5362548828125
EDTRPAS1-05/EDTRETN1-03,reported,2711.7813727666453,3.4573656884174905e-58,262.78302001953125
EDTRPAS1-05/EDTRETN1-03,reported,2777.6104659290318,4.3428774557491126e-54,243.57321166992188
EDTRPAS1-05/EDTRETN1-03,reported,2845.0375749012874,3.9867891656273255e-50,225.34866333007812
EDTRPAS1-05/EDTRETN1-03,reported,2914.101491870965,2.6075708746158243e-46,207.88729858398438
EDTRPAS1-05/EDTRETN1-03,reported,2984.841950714559,1.2925081349977776e-42,190.38015747070312
EDTRPAS1-05/EDTRETN1-03,reported,3057.299649857222,5.138761740462749e-39,174.1931610107422
EDTRPAS1-05/EDTRETN1-03,reported,3131.5162756873683,1.5102618896581692e-35,158.19158935546875
EDTRPAS1-05/EDTRETN1-03,reported,3207.534526539742,2.854257118076523e-32,143.06076049804688
EDTRPAS1-05/EDTRETN1-03,reported,3285.3981372605926,3.350297792121023e-29,129.06309509277344
EDTRPAS1-05/EDTRETN1-03,reported,3365.151904369262,2.727400650163387e-26,115.11679077148438
EDTRPAS1-05/EDTRETN1-03,reported,3446.8417118305165,1.69828930346343e-23,102.79132080078125
EDTRPAS1-05/EDTRETN1-03,reported,3530.5145574525063,7.309488518986582e-21,90.48011779785156
EDTRPAS1-05/EDTRETN1-03,reported,3616.218579925604,1.8792761084990467e-18,79.44709777832031
EDTRPAS1-05/EDTRETN1-03,reported,3704.0030865175227,2.9362576222411914e-16,69.17636108398438
EDTRPAS1-05/EDTRETN1-03,reported,3793.918581440834,3.3231977126403264e-14,59.414825439453125
EDTRPAS1-05/EDTRETN1-03,reported,3886.0167949090505,2.943650952071838e-12,51.15446853637695
EDTRPAS1-05/EDTRETN1-03,reported,3980.350712898051,1.745846269721081e-10,42.604286193847656
EDTRPAS1-05/EDTRETN1-03,reported,4076.9746076300266,6.1456114221951686e-09,35.75261688232422
EDTRPAS1-05/EDTRETN1-03,reported,4175.94406879738,1.4179747334331156e-07,28.875221252441406
EDTRPAS1-05/EDTRETN1-03,reported,4277.316035544581,2.654812879704934e-06,23.13307762145996
EDTRPAS1-05/EDTRETN1-03,reported,4381.148829226465,3.991111915274682e-05,18.0599422454834
EDTRPAS1-05/EDTRETN1-03,reported,4487.5021869616385,0.00038980609949703634,13.350613594055176
EDTRPAS1-05/EDTRETN1-03,reported,4596.4372960005085,0.0023177280083027693,10.002128601074219
EDTRPAS1-05/EDTRETN1-03,reported,4708.0168289275325,0.010246484249304027,6.288242340087891
EDTRPAS1-05/EDTRETN1-03,reported,4822.304979718007,0.04023526069894944,4.383645534515381
EDTRPAS1-05/EDTRETN1-03,reported,4939.367500670222,0.11640254937528846,1.9004366397857666
EDTRPAS1-05/EDTRETN1-03,reported,5059.27174023403,0.194976245009293,1.1395031213760376
EDTRPAS1-05/EDTRETN1-03,reported,5182.086681757842,0.21098946603125474,0.23260639607906342
EDTRPAS1-05/EDTRETN1-03,reported,5307.8829831761195,0.2002725609667155,0.7662702202796936
EDTRPAS1-05/EDTRETN1-03,reported,5436.733017660303,0.14830150101089817,1.413898229598999
EDTRPAS1-05/EDTRETN1-03,reported,5568.7109152566145,0.05890733218619648,3.442837715148926
EDTRPAS1-05/EDTRETN1-03,reported,5703.892605534565,0.013662753381276876,5.624615669250488
EDTRPAS1-05/EDTRETN1-03,reported,5842.355861270739,0.0027944412974446344,9.360605239868164
EDTRPAS1-05/EDTRETN1-03,reported,5984.180343193136,0.00042830829239764095,13.04034423828125
EDTRPAS1-05/EDTRETN1-03,reported,6129.447645811518,3.136636963692341e-05,18.665225982666016
EDTRPAS1-05/EDTRETN1-03,reported,6278.241344360478,1.4198393327372961e-06,23.777172088623047
EDTRPAS1-05/EDTRETN1-03,reported,6430.64704288189,6.139609231201014e-08,31.16547966003418
EDTRPAS1-05/EDTRETN1-03,reported,6586.752423474725,1.7134325649974207e-09,37.85853958129883
EDTRPAS1-05/EDTRETN1-03,reported,6746.647296740321,2.178299984291975e-11,46.54905700683594
EDTRPAS1-05/EDTRETN1-03,reported,6910.423653452208,2.225345932884924e-13,55.200523376464844
EDTRPAS1-05/EDTRETN1-03,reported,7078.175717480347,2.2251739327907216e-15,65.05789184570312
EDTRPAS1-05/EDTRETN1-03,reported,7250.000000000001,1.1730683614234368e-17,75.58724212646484
EDTRPAS1-05/EDTRETN1-03,reported,7425.99535501654,3.431411952362186e-20,86.43109130859375
EDTRPAS1-05/EDTRETN1-03,reported,7606.263036238237,1.0883313312998739e-22,98.62515258789062
EDTRPAS1-05/EDTRETN1-03,reported,7790.906755329551,3.187331393276508e-25,110.23047637939453
EDTRPAS1-05/EDTRETN1-03,reported,7980.032741578512,4.749577251092517e-28,123.72116088867188
EDTRPAS1-05/EDTRETN1-03,reported,8173.749803012694,5.687501317340861e-31,135.84017944335938
EDTRPAS1-05/EDTRETN1-03,reported,8372.169388998567,8.867784984342182e-34,150.12570190429688
EDTRPAS1-05/EDTRETN1-03,reported,8575.405654360708,1.352098675645389e-36,162.5591278076172
EDTRPAS1-05/EDTRETN1-03,reported,8783.575525057266,1.2263574141727338e-39,177.07916259765625
EDTRPAS1-05/EDTRETN1-03,reported,8996.79876544996,1.0769452831183258e-42,189.759521484375
EDTRPAS1-05/EDTRETN1-03,reported,9215.198047206904,1.3210974230618043e-45,203.99949645996094
EDTRPAS1-05/EDTRETN1-03,reported,9438.899019878061,2.0307324599459043e-48,217.04879760742188
EDTRPAS1-05/EDTRETN1-03,reported,9668.030383184088,2.339210943039524e-51,230.61985778808594
EDTRPAS1-05/EDTRETN1-03,reported,9902.723961059854,2.1351271595820371e-54,244.35043334960938
EDTRPAS1-05/EDTRETN1-03,reported,10143.114777495373,2.5119992146557435e-57,257.01751708984375
EDTRPAS1-05/EDTRETN1-03,reported,10389.341134217984,3.8852661427983383e-60,271.1178283691406
EDTRPAS1-05/EDTRETN1-03,reported,10641.544690260002,7.31384286296059e-63,283.545166015625
EDTRPAS1-05/EDTRETN1-03,reported,10899.870543458183,1.0699687035581774e-65,296.5663146972656
EDTRPAS1-05/EDTRETN1-03,reported,11164.467313931318,1.1553110816579112e-68,310.6953125
EDTRPAS1-05/EDTRETN1-03,reported,11435.487229584543,1.4057497350619102e-71,322.6531066894531
EDTRPAS1-05/EDTRETN1-03,reported,11713.086213689092,2.028990320608927e-74,335.9355163574219
EDTRPAS1-05/EDTRETN1-03,reported,11997.423974588064,3.530031365137132e-77,349.8578796386719
EDTRPAS1-05/EDTRETN1-03,reported,12288.664097580002,6.310264791620255e-80,362.036376953125
EDTRPAS1-05/EDTRETN1-03,reported,12586.974139032796,7.913441748823431e-83,375.484130859375
EDTRPAS1-05/EDTRETN1-03,reported,12892.525722782184,7.80023040765047e-86,389.4998474121094
EDTRPAS1-05/EDTRETN1-03,reported,13205.494638870585,9.373367339454844e-89,401.6517333984375
EDTRPAS1-05/EDTRETN1-03,reported,13526.060944682613,1.3230925668404298e-91,414.92303466796875
EDTRPAS1-05/EDTRETN1-03,reported,13854.409068535682,2.3002599163463813e-94,429.1789245605469
EDTRPAS1-05/EDTRETN1-03,reported,14190.727915785541,4.885161416694598e-97,440.86163330078125
EDTRPAS1-05/EDTRETN1-03,reported,14535.210977507168,8.661454252730936e-100,453.4794921875
EDTRPAS1-05/EDTRETN1-03,reported,14888.05644181432,1.206393451006423e-102,466.98492431640625
EDTRPAS1-05/EDTRETN1-03,reported,15249.467307880992,1.8344261483584357e-105,479.151123046875
EDTRPAS1-05/EDTRETN1-03,reported,15619.651502731147,3.7541812679150936e-108,490.8214111328125
EDTRPAS1-05/EDTRETN1-03,reported,15998.822000863283,8.398562922506374e-111,503.3021240234375
EDTRPAS1-05/EDTRETN1-03,reported,16387.196946778917,2.2682727647798915e-113,516.58935546875
EDTRPAS1-05/EDTRETN1-03,reported,16784.999780485716,7.65205043106099e-116,527.498779296875
EDTRPAS1-05/EDTRETN1-03,reported,17192.459366047002,2.2995493901956683e-118,538.985107421875
EDTRPAS1-05/EDTRETN1-03,reported,17609.81012325181,5.2629285313216835e-121,551.258544921875
EDTRPAS1-05/EDTRETN1-03,reported,18037.29216248154,1.0512895859830103e-123,564.3104248046875
EDTRPAS1-05/EDTRETN1-03,reported,18475.15142285026,2.580840507656174e-126,574.7974853515625
EDTRPAS1-05/EDTRETN1-03,reported,18923.639813698373,7.829355703068883e-129,585.9715576171875
EDTRPAS1-05/EDTRETN1-03,reported,19383.015359521436,2.402634130521914e-131,597.8193359375
EDTRPAS1-05/EDTRETN1-03,reported,19853.54234841661,8.739223730733458e-134,610.2955322265625
EDTRPAS1-05/EDTRETN1-03,reported,20335.49148413326,4.282971462429012e-136,620.831298828125
EDTRPAS1-05/EDTRETN1-03,reported,20829.140041814066,2.18559403527914e-138,631.1874389648438
EDTRPAS1-05/EDTRETN1-03,reported,21334.772027517276,9.709080312268114e-141,642.0209350585938
EDTRPAS1-05/EDTRETN1-03,reported,21852.678341611085,3.8212107990699135e-143,653.278564453125
EDTRPAS1-05/EDTRETN1-03,reported,22383.156946134404,1.6005459834917467e-145,664.5740356445312
EDTRPAS1-05/EDTRETN1-03,reported,22926.513036220724,9.197808319579458e-148,673.5731811523438
EDTRPAS1-05/EDTRETN1-03,reported,23483.05921568297,6.989275854637068e-150,682.8842163085938
EDTRPAS1-05/EDTRETN1-03,reported,24053.115676860696,5.801975097542243e-152,692.462158203125
EDTRPAS1-05/EDTRETN1-03,reported,24637.010384833564,5.2326851338198135e-154,702.2626342773438
EDTRPAS1-05/EDTRETN1-03,reported,25235.07926610597,6.01519954053783e-156,712.2393188476562
EDTRPAS1-05/EDTRETN1-03,reported,25847.66640187275,9.480554974213617e-158,720.6825561523438
EDTRPAS1-05/EDTRETN1-03,reported,26475.124225975735,1.7893355501595222e-159,728.3506469726562
EDTRPAS1-05/EDTRETN1-03,reported,27117.813727666435,3.559489027033797e-161,736.10791015625
EDTRPAS1-05/EDTRETN1-03,reported,27776.10465929035,7.206842961469644e-163,743.9024658203125
EDTRPAS1-05/EDTRETN1-03,reported,28450.37574901288,1.5097481311447893e-164,751.6840209960938
EDTRPAS1-05/EDTRETN1-03,reported,29141.014918709632,3.441302613370543e-166,759.3976440429688
EDTRPAS1-05/EDTRETN1-03,reported,29848.419507145623,9.241739802019226e-168,766.9918823242188
EDTRPAS1-05/EDTRETN1-03,reported,30572.996498572196,3.201559102920541e-169,773.2050170898438
EDTRPAS1-05/EDTRETN1-03,reported,31315.162756873662,1.490290885300677e-170,778.5931396484375
EDTRPAS1-05/EDTRETN1-03,reported,32075.345265397398,8.980485738278989e-172,783.8297119140625
EDTRPAS1-05/EDTRETN1-03,reported,32853.9813726059,6.587049534631834e-173,788.8859252929688
EDTRPAS1-05/EDTRETN1-03,reported,33651.51904369266,5.658561723190283e-174,793.7372436523438
EDTRPAS1-05/EDTRETN1-03,reported,34468.41711830514,5.613753127428967e-175,798.3662109375
EDTRPAS1-05/EDTRETN1-03,reported,35305.1455745251,6.430349096617773e-176,802.7611694335938
EDTRPAS1-05/EDTRETN1-03,reported,36162.18579925601,8.549880219860424e-177,806.9164428710938
EDTRPAS1-05/EDTRETN1-03,reported,37040.0308651752,1.327553296942476e-177,810.8310546875
EDTRPAS1-05/EDTRETN1-03,reported,37939.18581440838,2.416499210252276e-178,814.505859375
EDTRPAS1-05/EDTRETN1-03,reported,38860.16794909048,5.1468370580296366e-179,817.9448852539062
EDTRPAS1-05/EDTRETN1-03,reported,39803.507128980484,1.2731752321583617e-179,821.1524047851562
EDTRPAS1-05/EDTRETN1-03,reported,40769.74607630031,3.612948014347859e-180,824.133544921875
EDTRPAS1-05/EDTRETN1-03,reported,41759.44068797377,1.160654642926945e-180,826.486328125
EDTRPAS1-05/EDTRETN1-03,reported,42773.16035544578,4.1698790517892603e-181,828.3627319335938
EDTRPAS1-05/EDTRETN1-03,reported,43811.48829226462,1.6583181980769143e-181,830.0851440429688
EDTRPAS1-05/EDTRETN1-03,reported,44875.02186961643,7.239424601058719e-182,831.656005859375
EDTRPAS1-05/EDTRETN1-03,reported,45964.37296000505,3.447874599794301e-182,833.0772705078125
EDTRPAS1-05/EDTRETN1-03,reported,47080.168289275294,1.7816112368716442e-182,834.3526000976562
EDTRPAS1-05/EDTRETN1-03,reported,48223.04979718012,9.938742196219214e-183,835.4867553710938
EDTRPAS1-05/EDTRETN1-03,reported,49393.675006702186,5.95131219636693e-183,836.4879150390625
EDTRPAS1-05/EDTRETN1-03,reported,50592.71740234027,3.8035723488470125e-183,837.364990234375
EDTRPAS1-05/EDTRETN1-03,reported,51820.86681757847,2.5802268615149196e-183,838.127197265625
EDTRPAS1-05/EDTRETN1-03,reported,53078.82983176116,1.8471668153979264e-183,838.7849731445312
EDTRPAS1-05/EDTRETN1-03,reported,54367.33017660299,1.3865992986307374e-183,839.3502807617188
EDTRPAS1-05/EDTRETN1-03,reported,55687.109152566205,1.0848193984568154e-183,839.834716796875
EDTRPAS1-05/EDTRETN1-03,reported,57038.926055345604,8.795845767421187e-184,840.2490234375
EDTRPAS1-05/EDTRETN1-03,reported,58423.55861270735,7.357950877761772e-184,840.6019287109375
EDTRPAS1-05/EDTRETN1-03,reported,59841.803431931316,6.317097296093547e-184,840.9036865234375
EDTRPAS1-05/EDTRETN1-03,reported,61294.47645811524,5.545518078451307e-184,841.1615600585938
EDTRPAS1-05/EDTRETN1-03,reported,62782.413443604746,4.960790438946882e-184,841.3822021484375
EDTRPAS1-05/EDTRETN1-03,reported,64306.47042881886,4.507663194148053e-184,841.5719604492188
EDTRPAS1-05/EDTRETN1-03,reported,65867.52423474732,4.1506299485723233e-184,841.7354736328125
EDTRPAS1-05/EDTRETN1-03,reported,67466.47296740316,3.8649091521299466e-184,841.8768310546875
EDTRPAS1-05/EDTRETN1-03,reported,69104.23653452203,3.632776776956397e-184,841.9996337890625
EDTRPAS1-05/EDTRETN1-03,reported,70781.75717480356,3.4401590683470664e-184,842.107666015625
EDTRPAS1-05/EDTRETN1-03,reported,72499.99999999996,3.2815065983626784e-184,842.2012939453125
EDTRPAS1-44,reported,10.000000000000002,0.0,3403.51611328125
EDTRPAS1-44,reported,10.242752213815926,0.0,3402.58740234375
EDTRPAS1-44,reported,10.4913972913631,0.0,3401.74560546875
EDTRPAS1-44,reported,10.746078283213178,0.0,3400.968994140625
EDTRPAS1-44,reported,11.006941712522098,0.0,3400.24365234375
EDTRPAS1-44,reported,11.274137659327856,0.0,3399.5439453125
EDTRPAS1-44,reported,11.547819846894583,0.0,3398.8505859375
EDTRPAS1-44,reported,11.828145730152695,0.0,3398.1474609375
EDTRPAS1-44,reported,12.115276586285885,0.0,3397.41845703125
EDTRPAS1-44,reported,12.409377607517198,0.0,3396.649658203125
EDTRPAS1-44,reported,12.710617996147455,0.0,3395.8388671875
EDTRPAS1-44,reported,13.019171061900781,0.0,3394.982421875
EDTRPAS1-44,reported,13.335214321633245,0.0,3394.090087890625
EDTRPAS1-44,reported,13.658929601461868,0.0,3393.167724609375
EDTRPAS1-44,reported,13.990503141372942,0.0,3392.233154296875
EDTRPAS1-44,reported,14.330125702369628,0.0,3391.302490234375
EDTRPAS1-44,reported,14.677992676220699,0.0,3390.3955078125
EDTRPAS1-44,reported,15.034304197873343,0.0,3389.531982421875
EDTRPAS1-44,reported,15.399265260594923,0.0,3388.73193359375
EDTRPAS1-44,reported,15.77308583390973,0.0,3388.010498046875
EDTRPAS1-44,reported,16.15598098439874,0.0,3387.37939453125
EDTRPAS1-44,reported,16.54817099943182,0.0,3386.842041015625
EDTRPAS1-44,reported,16.949881513903467,0.0,3386.401611328125
EDTRPAS1-44,reported,17.361343640045238,0.0,3386.048095703125
EDTRPAS1-44,reported,17.78279410038923,0.0,3385.770263671875
EDTRPAS1-44,reported,18.214475363959455,0.0,3385.552490234375
EDTRPAS1-44,reported,18.656635785769122,0.0,3379.182373046875
EDTRPAS1-44,reported,19.109529749704407,0.0,3327.50390625
EDTRPAS1-44,reported,19.57341781487661,0.0,3278.255859375
EDTRPAS1-44,reported,20.048566865527135,0.0,3225.55126953125
EDTRPAS1-44,reported,20.535250264571467,0.0,3165.00146484375
EDTRPAS1-44,reported,21.033748010870337,0.0,3094.232421875
EDTRPAS1-44,reported,21.544346900318843,0.0,3013.134521484375
EDTRPAS1-44,reported,22.0673406908459,0.0,2923.906982421875
EDTRPAS1-44,reported,22.603030271419208,0.0,2830.91455078125
EDTRPAS1-44,reported,23.151723835152733,0.0,2740.347412109375
EDTRPAS1-44,reported,23.71373705661656,0.0,2659.63671875
EDTRPAS1-44,reported,24.2893932734508,0.0,2596.955810546875
EDTRPAS1-44,reported,24.879023672388367,0.0,2560.6552734375
EDTRPAS1-44,reported,25.482967479793473,0.0,2558.9345703125
EDTRPAS1-44,reported,26.10157215682537,0.0,2599.67041015625
EDTRPAS1-44,reported,26.735193599339915,0.0,2677.36767578125
EDTRPAS1-44,reported,27.384196342643627,0.0,2778.775146484375
EDTRPAS1-44,reported,28.048953771218283,0.0,2899.08642578125
EDTRPAS1-44,reported,28.729848333536648,0.0,3030.27294921875
EDTRPAS1-44,reported,29.427271762092822,0.0,3160.500732421875
EDTRPAS1-44,reported,30.14162529877391,0.0,3274.391845703125
EDTRPAS1-44,reported,30.873319925702642,0.0,3354.7275390625
EDTRPAS1-44,reported,31.62277660168379,0.0,3385.378173828125
EDTRPAS1-44,reported,32.390426504390305,0.0,3387.119873046875
EDTRPAS1-44,reported,33.17671127842858,0.0,3389.214599609375
EDTRPAS1-44,reported,33.98208328942561,0.0,3391.72607421875
EDTRPAS1-44,reported,34.807005884284116,0.0,3394.743408203125
EDTRPAS1-44,reported,35.651953657755485,0.0,3398.393310546875
EDTRPAS1-44,reported,36.51741272548378,0.0,3402.832763671875
EDTRPAS1-44,reported,37.403881003677874,0.0,3408.260498046875
EDTRPAS1-44,reported,38.31186849557288,0.0,3414.9052734375
EDTRPAS1-44,reported,39.241897584845354,0.0,3423.007568359375
EDTRPAS1-44,reported,40.19450333615125,0.0,3432.798828125
EDTRPAS1-44,reported,41.17023380295948,0.0,3444.458984375
EDTRPAS1-44,reported,42.16965034285825,0.0,3458.073974609375
EDTRPAS1-44,reported,43.19332794051545,0.0,3473.591796875
EDTRPAS1-44,reported,44.24185553847917,0.0,3490.766357421875
EDTRPAS1-44,reported,45.315836376008185,0.0,3509.130615234375
EDTRPAS1-44,reported,46.41588833612781,0.0,3527.98681640625
EDTRPAS1-44,reported,47.54264430111056,0.0,3546.41357421875
EDTRPAS1-44,reported,48.69675251658631,0.0,3563.32861328125
EDTRPAS1-44,reported,49.878876964491056,0.0,3577.579345703125
EDTRPAS1-44,reported,51.08969774506929,0.0,3588.05029296875
EDTRPAS1-44,reported,52.32991146814949,0.0,3593.801025390625
EDTRPAS1-44,reported,53.60023165391793,0.0,3594.173583984375
EDTRPAS1-44,reported,54.901389143421405,0.0,3588.897705078125
EDTRPAS1-44,reported,56.234132519034915,0.0,3578.125732421875
EDTRPAS1-44,reported,57.5992285351363,0.0,3562.42529296875
EDTRPAS1-44,reported,58.997462559235615,0.0,3542.71630859375
EDTRPAS1-44,reported,60.42963902381327,0.0,3520.15576171875
EDTRPAS1-44,reported,61.89658188912606,0.0,3496.017333984375
EDTRPAS1-44,reported,63.39913511724846,0.0,3471.54638671875
EDTRPAS1-44,reported,64.93816315762116,0.0,3447.85498046875
EDTRPAS1-44,reported,66.51455144438633,0.0,3425.835205078125
EDTRPAS1-44,reported,68.12920690579612,0.0,3406.11376953125
EDTRPAS1-44,reported,69.78305848598664,0.0,3389.051513671875
EDTRPAS1-44,reported,71.47705767941858,0.0,1953.743896484375
EDTRPAS1-44,reported,73.21217907829133,3.9339469727539595e-128,643.2940673828125
EDTRPAS1-44,reported,74.98942093324557,9.293049217412957e-53,295.65765380859375
EDTRPAS1-44,reported,76.80980572767753,1.2368171371686694e-27,179.5096893310547
EDTRPAS1-44,reported,78.67438076599402,4.0436724619829584e-17,130.9413299560547
EDTRPAS1-44,reported,80.58421877614815,5.802629118241239e-12,106.94122314453125
EDTRPAS1-44,reported,82.5404185268019,4.097979205583055e-09,93.7781753540039
EDTRPAS1-44,reported,84.54410545946924,2.2215701990782367e-07,85.81883239746094
EDTRPAS1-44,reported,86.59643233600654,3.1522591510737702e-06,80.3384017944336
EDTRPAS1-44,reported,88.6985799018192,2.1050218520935915e-05,76.55145263671875
EDTRPAS1-44,reported,90.85175756516864,9.12131931695075e-05,73.58795166015625
EDTRPAS1-44,reported,93.05720409296997,0.0003035704085340528,71.23226928710938
EDTRPAS1-44,reported,95.31618832347876,0.0008447609937852033,69.0691909790039
EDTRPAS1-44,reported,97.63000989628077,0.002065474592116587,67.26226806640625
EDTRPAS1-44,reported,100.00000000000004,0.004556256927136672,65.69315338134766
EDTRPAS1-44,reported,102.4275221381592,0.009167797591104664,64.31610107421875
EDTRPAS1-44,reported,104.91397291363097,0.01687487380058136,63.11925506591797
EDTRPAS1-44,reported,107.46078283213177,0.028368912499831627,62.10283660888672
EDTRPAS1-44,reported,110.0694171252209,0.0434352260540205,61.27360153198242
EDTRPAS1-44,reported,112.74137659327857,0.06046202495884286,60.635013580322266
EDTRPAS1-44,reported,115.4781984689458,0.07650189533553381,60.1890869140625
EDTRPAS1-44,reported,118.28145730152693,0.08822771397598964,59.92979049682617
EDTRPAS1-44,reported,121.15276586285887,0.09333518713932974,59.84477996826172
EDTRPAS1-44,reported,124.0937760751719,0.09129715628413079,59.90219497680664
EDTRPAS1-44,reported,127.10617996147457,0.08360280173376661,60.04627227783203
EDTRPAS1-44,reported,130.19171061900778,0.07259938504643673,60.299171447753906
EDTRPAS1-44,reported,133.35214321633242,0.0606660013011147,60.63125228881836
EDTRPAS1-44,reported,136.58929601461872,0.04951551719141973,61.01347351074219
EDTRPAS1-44,reported,139.90503141372932,0.0399879032591918,61.41999816894531
EDTRPAS1-44,reported,143.30125702369637,0.032352462825541245,61.825477600097656
EDTRPAS1-44,reported,146.77992676220697,0.026442396967356063,62.214046478271484
EDTRPAS1-44,reported,150.34304197873345,0.021951470158775778,62.57386779785156
EDTRPAS1-44,reported,153.99265260594927,0.018524045449920815,62.90292739868164
EDTRPAS1-44,reported,157.7308583390972,0.015837502708123247,63.20709228515625
EDTRPAS1-44,reported,161.55980984398738,0.013631260037517273,63.49934005737305
EDTRPAS1-44,reported,165.48170999431815,0.011685551159957725,63.800750732421875
EDTRPAS1-44,reported,169.49881513903458,0.00985051787506834,64.13623809814453
EDTRPAS1-44,reported,173.6134364004524,0.008050868510998474,64.53321075439453
EDTRPAS1-44,reported,177.82794100389225,0.006296335299552263,65.0181655883789
EDTRPAS1-44,reported,182.14475363959448,0.0046573100842469545,65.61396026611328
EDTRPAS1-44,reported,186.56635785769126,0.003232448683996218,66.33706665039062
EDTRPAS1-44,reported,191.09529749704396,0.0021005987202089437,67.19151306152344
EDTRPAS1-44,reported,195.73417814876615,0.001283361965649109,68.17029571533203
EDTRPAS1-44,reported,200.48566865527133,0.0007454915065646536,69.25157928466797
EDTRPAS1-44,reported,205.35250264571462,0.0004192906257795905,70.39820098876953
EDTRPAS1-44,reported,210.3374801087034,0.00023397802060332116,71.56269073486328
EDTRPAS1-44,reported,215.44346900318828,0.00013320390129367368,72.68907928466797
EDTRPAS1-44,reported,220.67340690845913,7.969450064284485e-05,73.71797180175781
EDTRPAS1-44,reported,226.030302714192,5.152670271453412e-05,74.59236907958984
EDTRPAS1-44,reported,231.5172383515274,3.6824684493403525e-05,75.2666244506836
EDTRPAS1-44,reported,237.13737056616563,2.9518294088255702e-05,75.7105712890625
EDTRPAS1-44,reported,242.8939327345078,2.66612412495055e-05,75.91573333740234
EDTRPAS1-44,reported,248.79023672388362,2.6938605472734922e-05,75.89413452148438
EDTRPAS1-44,reported,254.82967479793467,2.9893838850753433e-05,75.6853256225586
EDTRPAS1-44,reported,261.0157215682535,3.540138536802453e-05,75.34567260742188
EDTRPAS1-44,reported,267.3519359933992,4.305255529296232e-05,74.95228576660156
EDTRPAS1-44,reported,273.84196342643605,5.1517544829229083e-05,74.5923080444336
EDTRPAS1-44,reported,280.48953771218277,5.777144123067357e-05,74.36280059814453
EDTRPAS1-44,reported,287.29848333536654,5.795968014299914e-05,74.35655212402344
EDTRPAS1-44,reported,294.27271762092806,4.971486356475827e-05,74.6640625
EDTRPAS1-44,reported,301.4162529877392,3.505920164120401e-05,75.36546325683594
EDTRPAS1-44,reported,308.73319925702634,1.9704501396107816e-05,76.52347564697266
EDTRPAS1-44,reported,316.22776601683796,8.647893982191404e-06,78.18157196044922
EDTRPAS1-44,reported,323.90426504390314,2.9396110872289952e-06,80.35912322998047
EDTRPAS1-44,reported,331.7671127842856,7.794130189004502e-07,83.0464859008789
EDTRPAS1-44,reported,339.82083289425617,1.6468629606577715e-07,86.20492553710938
EDTRPAS1-44,reported,348.0700588428411,2.8759244102572723e-08,89.76383209228516
EDTRPAS1-44,reported,356.51953657755496,4.361804297799105e-09,93.5855941772461
EDTRPAS1-44,reported,365.17412725483786,6.096911011055618e-10,97.43814086914062
EDTRPAS1-44,reported,374.0388100367785,8.374774722763956e-11,101.34354400634766
EDTRPAS1-44,reported,383.1186849557287,1.2071723157927626e-11,105.17019653320312
EDTRPAS1-44,reported,392.4189758484536,1.933889817862265e-12,108.80363464355469
EDTRPAS1-44,reported,401.9450333615123,3.613254599475716e-13,112.14480590820312
EDTRPAS1-44,reported,411.7023380295949,8.146985847792028e-14,115.12091827392578
EDTRPAS1-44,reported,421.69650342858216,2.2581350859247297e-14,117.6927719116211
EDTRPAS1-44,reported,431.93327940515445,7.735151529908114e-15,119.84500122070312
EDTRPAS1-44,reported,442.41855538479183,3.2494990935947155e-15,121.59143829345703
EDTRPAS1-44,reported,453.15836376008156,1.6475427852071707e-15,122.96101379394531
EDTRPAS1-44,reported,464.1588833612782,9.85683104207024e-16,123.99766540527344
EDTRPAS1-44,reported,475.4264430111055,6.787011684778693e-16,124.75192260742188
EDTRPAS1-44,reported,486.96752516586315,5.247140865398568e-16,125.27230072021484
EDTRPAS1-44,reported,498.7887696449107,4.44794223613562e-16,125.60668182373047
EDTRPAS1-44,reported,510.8969774506926,1.0653752111254141e-20,146.85342407226562
EDTRPAS1-44,reported,523.299114681495,8.585483227277765e-22,151.83541870117188
EDTRPAS1-44,reported,536.0023165391792,4.966692065462752e-23,157.50848388671875
EDTRPAS1-44,reported,549.0138914342142,2.0516583331249287e-24,163.8939208984375
EDTRPAS1-44,reported,562.3413251903493,6.113089731984951e-26,170.98672485351562
EDTRPAS1-44,reported,575.9922853513626,1.3417168669561772e-27,178.75759887695312
EDTRPAS1-44,reported,589.9746255923563,2.2346874850932806e-29,186.90440368652344
EDTRPAS1-44,reported,604.2963902381329,2.9184960378802154e-31,195.46438598632812
EDTRPAS1-44,reported,618.9658188912607,3.0888983203138865e-33,204.51663208007812
EDTRPAS1-44,reported,633.9913511724842,2.731246509245236e-35,214.00999450683594
EDTRPAS1-44,reported,649.3816315762111,2.06806401344823e-37,223.90447998046875
EDTRPAS1-44,reported,665.1455144438634,1.3696583014482074e-39,233.9033966064453
EDTRPAS1-44,reported,681.2920690579614,8.062609363091296e-42,244.02674865722656
EDTRPAS1-44,reported,697.8305848598666,4.274613427147586e-44,254.47003173828125
EDTRPAS1-44,reported,714.7705767941853,2.0642012070458767e-46,265.21844482421875
EDTRPAS1-44,reported,732.1217907829127,9.19943092419142e-49,276.2510986328125
EDTRPAS1-44,reported,749.8942093324558,3.839242688711767e-51,287.0198669433594
EDTRPAS1-44,reported,768.0980572767755,1.5302501473301334e-53,297.98583984375
EDTRPAS1-44,reported,786.7438076599396,5.953092141284932e-56,309.1112365722656
EDTRPAS1-44,reported,805.8421877614817,2.31769665314859e-58,320.34765625
EDTRPAS1-44,reported,825.4041852680184,9.232888573237783e-61,331.3500671386719
EDTRPAS1-44,reported,845.4410545946926,3.819526493484402e-63,342.173095703125
EDTRPAS1-44,reported,865.9643233600657,1.6474092090922413e-65,353.03790283203125
EDTRPAS1-44,reported,886.9857990181914,7.345844453904115e-68,363.9599609375
EDTRPAS1-44,reported,908.5175756516867,3.313514727698085e-70,374.96624755859375
EDTRPAS1-44,reported,930.572040929699,1.4681722667951503e-72,385.6121520996094
EDTRPAS1-44,reported,953.1618832347878,6.173038144563562e-75,396.4689636230469
EDTRPAS1-44,reported,976.3000989628069,2.3827308203078533e-77,407.6042175292969
EDTRPAS1-44,reported,999.9999999999998,8.218920700564548e-80,419.0782775878906
SCTXSUS1-13/EDTRVFPS1-08,reported,92.82107890000002,0.0,7838.201171875
SCTXSUS1-13/EDTRVFPS1-08,reported,95.07433113917578,0.0,7909.1025390625
SCTXSUS1-13/EDTRVFPS1-08,reported,97.3822815752861,0.0,7965.3720703125
SCTXSUS1-13/EDTRVFPS1-08,reported,99.74625801917065,0.0,8011.7021484375
SCTXSUS1-13/EDTRVFPS1-08,reported,102.16762051457147,0.0,8050.80810546875
SCTXSUS1-13/EDTRVFPS1-08,reported,104.64776212059321,0.0,8084.3955078125
SCTXSUS1-13/EDTRVFPS1-08,reported,107.18810971315885,0.0,8112.939453125
SCTXSUS1-13/EDTRVFPS1-08,reported,109.7901248059201,0.0,8136.794921875
SCTXSUS1-13/EDTRVFPS1-08,reported,112.45530439109648,0.0,8156.2822265625
SCTXSUS1-13/EDTRVFPS1-08,reported,115.1851818007247,0.0,8171.43017578125
SCTXSUS1-13/EDTRVFPS1-08,reported,117.98132758881628,0.0,8182.38037109375
SCTXSUS1-13/EDTRVFPS1-08,reported,120.84535043492897,0.0,8189.3056640625
SCTXSUS1-13/EDTRVFPS1-08,reported,123.77889806967289,0.0,8192.5888671875
SCTXSUS1-13/EDTRVFPS1-08,reported,126.78365822268377,0.0,8192.6298828125
SCTXSUS1-13/EDTRVFPS1-08,reported,129.86135959360757,0.0,8189.986328125
SCTXSUS1-13/EDTRVFPS1-08,reported,133.013772846657,0.0,8185.2861328125
SCTXSUS1-13/EDTRVFPS1-08,reported,136.24271162931032,0.0,8179.13525390625
SCTXSUS1-13/EDTRVFPS1-08,reported,139.5500336157403,0.0,8172.13818359375
SCTXSUS1-13/EDTRVFPS1-08,reported,142.93764157557104,0.0,8164.79541015625
SCTXSUS1-13/EDTRVFPS1-08,reported,146.40748446858075,0.0,8157.51123046875
SCTXSUS1-13/EDTRVFPS1-08,reported,149.9615585659776,0.0,8150.5810546875
SCTXSUS1-13/EDTRVFPS1-08,reported,153.60190859889522,0.0,8144.1025390625
SCTXSUS1-13/EDTRVFPS1-08,reported,157.33062893476853,0.0,8138.04296875
SCTXSUS1-13/EDTRVFPS1-08,reported,161.1498647822652,0.0,8132.189453125
SCTXSUS1-13/EDTRVFPS1-08,reported,165.0618134254684,0.0,8126.20556640625
SCTXSUS1-13/EDTRVFPS1-08,reported,169.06872548801874,0.0,8119.65869140625
SCTXSUS1-13/EDTRVFPS1-08,reported,173.17290622794394,0.0,8112.0087890625
SCTXSUS1-13/EDTRVFPS1-08,reported,177.37671686392102,0.0,8102.763671875
SCTXSUS1-13/EDTRVFPS1-08,reported,181.68257593373275,0.0,8091.482421875
SCTXSUS1-13/EDTRVFPS1-08,reported,186.09296068570208,0.0,8077.8564453125
SCTXSUS1-13/EDTRVFPS1-08,reported,190.6104085039035,0.0,8061.7841796875
SCTXSUS1-13/EDTRVFPS1-08,reported,195.23751836797135,0.0,8043.40869140625
SCTXSUS1-13/EDTRVFPS1-08,reported,199.97695234834657,0.0,8023.11279296875
SCTXSUS1-13/EDTRVFPS1-08,reported,204.83143713781885,0.0,8001.57763671875
SCTXSUS1-13/EDTRVFPS1-08,reported,209.80376562024898,0.0,7979.6484375
SCTXSUS1-13/EDTRVFPS1-08,reported,214.89679847737224,0.0,7958.3740234375
SCTXSUS1-13/EDTRVFPS1-08,reported,220.11346583460593,0.0,7938.79296875
SCTXSUS1-13/EDTRVFPS1-08,reported,225.45676894681057,0.0,7921.90283203125
SCTXSUS1-13/EDTRVFPS1-08,reported,230.92978192497293,0.0,7908.53369140625
SCTXSUS1-13/EDTRVFPS1-08,reported,236.53565350480432,0.0,7899.24853515625
SCTXSUS1-13/EDTRVFPS1-08,reported,242.27760885827308,0.0,7894.275390625
SCTXSUS1-13/EDTRVFPS1-08,reported,248.15895144911053,0.0,7893.4541015625
SCTXSUS1-13/EDTRVFPS1-08,reported,254.18306493336155,0.0,7896.2158203125
SCTXSUS1-13/EDTRVFPS1-08,reported,260.3534151060706,0.0,7901.6376953125
SCTXSUS1-13/EDTRVFPS1-08,reported,266.67355189522385,0.0,7908.4267578125
SCTXSUS1-13/EDTRVFPS1-08,reported,273.147111404096,0.0,7915.0625
SCTXSUS1-13/EDTRVFPS1-08,reported,279.7778180031729,0.0,7919.8232421875
SCTXSUS1-13/EDTRVFPS1-08,reported,286.56948647285884,0.0,7920.94580078125
SCTXSUS1-13/EDTRVFPS1-08,reported,293.52602419819675,0.0,7916.77490234375
SCTXSUS1-13/EDTRVFPS1-08,reported,300.6514334168664,0.0,7905.84033203125
SCTXSUS1-13/EDTRVFPS1-08,reported,307.9498135217539,0.0,7887.0146484375
SCTXSUS1-13/EDTRVFPS1-08,reported,315.4253634194146,0.0,7859.6865234375
SCTXSUS1-13/EDTRVFPS1-08,reported,323.08238394578984,0.0,7823.7197265625
SCTXSUS1-13/EDTRVFPS1-08,reported,330.92528034056687,0.0,7779.607421875
SCTXSUS1-13/EDTRVFPS1-08,reported,338.95856478159936,0.0,7728.37109375
SCTXSUS1-13/EDTRVFPS1-08,reported,347.18685898085954,0.0,7671.53662109375
SCTXSUS1-13/EDTRVFPS1-08,reported,355.61489684339966,0.0,7610.9951171875
SCTXSUS1-13/EDTRVFPS1-08,reported,364.247527190865,0.0,7548.705078125
SCTXSUS1-13/EDTRVFPS1-08,reported,373.0897165511209,0.0,7486.7724609375
SCTXSUS1-13/EDTRVFPS1-08,reported,382.1465520155949,0.0,7427.25
SCTXSUS1-13/EDTRVFPS1-08,reported,391.42324416598575,0.0,7371.77294921875
SCTXSUS1-13/EDTRVFPS1-08,reported,400.92513007201615,0.0,7321.58251953125
SCTXSUS1-13/EDTRVFPS1-08,reported,410.6576763619577,0.0,7277.455078125
SCTXSUS1-13/EDTRVFPS1-08,reported,420.6264823676946,0.0,7239.74560546875
SCTXSUS1-13/EDTRVFPS1-08,reported,430.8372833461309,0.0,7208.4248046875
SCTXSUS1-13/EDTRVFPS1-08,reported,441.2959537788021,0.0,7183.1474609375
SCTXSUS1-13/EDTRVFPS1-08,reported,452.0085107515835,0.0,7163.34765625
SCTXSUS1-13/EDTRVFPS1-08,reported,462.9811174164417,0.0,7148.361328125
SCTXSUS1-13/EDTRVFPS1-08,reported,474.22008653722287,0.0,7137.43359375
SCTXSUS1-13/EDTRVFPS1-08,reported,485.7318841215119,0.0,7129.84326171875
SCTXSUS1-13/EDTRVFPS1-08,reported,497.52313314065964,0.0,7124.92626953125
SCTXSUS1-13/EDTRVFPS1-08,reported,509.60061734011265,0.0,6858.92822265625
SCTXSUS1-13/EDTRVFPS1-08,reported,521.9712851422396,0.0,6798.4970703125
SCTXSUS1-13/EDTRVFPS1-08,reported,534.6422536439018,0.0,6731.2646484375
SCTXSUS1-13/EDTRVFPS1-08,reported,547.620812711061,0.0,6657.5947265625
SCTXSUS1-13/EDTRVFPS1-08,reported,560.9144291727891,0.0,6578.0986328125
SCTXSUS1-13/EDTRVFPS1-08,reported,574.5307511170886,0.0,6493.6298828125
SCTXSUS1-13/EDTRVFPS1-08,reported,588.4776122909881,0.0,6405.232421875
SCTXSUS1-13/EDTRVFPS1-08,reported,602.7630366074627,0.0,6313.955078125
SCTXSUS1-13/EDTRVFPS1-08,reported,617.3952427617497,0.0,6220.7783203125
SCTXSUS1-13/EDTRVFPS1-08,reported,632.3826489597327,0.0,6126.5166015625
SCTXSUS1-13/EDTRVFPS1-08,reported,647.7338777611081,0.0,6031.826171875
SCTXSUS1-13/EDTRVFPS1-08,reported,663.4577610401163,0.0,5937.173828125
SCTXSUS1-13/EDTRVFPS1-08,reported,679.5633450667009,0.0,5842.86962890625
SCTXSUS1-13/EDTRVFPS1-08,reported,696.0598957110105,0.0,5749.12890625
SCTXSUS1-13/EDTRVFPS1-08,reported,712.9569037742428,0.0,5656.1708984375
SCTXSUS1-13/EDTRVFPS1-08,reported,730.2640904488973,0.0,5564.19580078125
SCTXSUS1-13/EDTRVFPS1-08,reported,747.9914129115715,0.0,5473.46484375
SCTXSUS1-13/EDTRVFPS1-08,reported,766.1490700515301,0.0,5384.28466796875
SCTXSUS1-13/EDTRVFPS1-08,reported,784.7475083383322,0.0,5296.962890625
SCTXSUS1-13/EDTRVFPS1-08,reported,803.7974278318975,0.0,5211.80908203125
SCTXSUS1-13/EDTRVFPS1-08,reported,823.3097883384714,0.0,5128.9306640625
SCTXSUS1-13/EDTRVFPS1-08,reported,843.2958157160199,0.0,5048.33837890625
SCTXSUS1-13/EDTRVFPS1-08,reported,863.767008332696,0.0,4970.0908203125
SCTXSUS1-13/EDTRVFPS1-08,reported,884.7351436820888,0.0,4893.96728515625
SCTXSUS1-13/EDTRVFPS1-08,reported,906.2122851590458,0.0,4819.61767578125
SCTXSUS1-13/EDTRVFPS1-08,reported,928.2107890000004,0.0,4746.61865234375
SCTXSUS1-13/EDTRVFPS1-08,reported,950.7433113917581,0.0,4674.5205078125
SCTXSUS1-13/EDTRVFPS1-08,reported,973.8228157528604,0.0,4602.9013671875
SCTXSUS1-13/EDTRVFPS1-08,reported,997.4625801917077,0.0,4531.3974609375
SCTXSUS1-13/EDTRVFPS1-08,reported,1021.6762051457149,0.0,4459.77099609375
SCTXSUS1-13/EDTRVFPS1-08,reported,1046.4776212059323,0.0,4387.462890625
SCTXSUS1-13/EDTRVFPS1-08,reported,1071.8810971315886,0.0,4314.73583984375
SCTXSUS1-13/EDTRVFPS1-08,reported,1097.9012480592012,0.0,4241.572265625
SCTXSUS1-13/EDTRVFPS1-08,reported,1124.553043910965,0.0,4167.966796875
SCTXSUS1-13/EDTRVFPS1-08,reported,1151.8518180072474,0.0,4093.916259765625
SCTXSUS1-13/EDTRVFPS1-08,reported,1179.813275888163,0.0,4019.41015625
SCTXSUS1-13/EDTRVFPS1-08,reported,1208.45350434929,0.0,3943.929931640625
SCTXSUS1-13/EDTRVFPS1-08,reported,1237.7889806967291,0.0,3867.885498046875
SCTXSUS1-13/EDTRVFPS1-08,reported,1267.836582226838,0.0,3791.366943359375
SCTXSUS1-13/EDTRVFPS1-08,reported,1298.613595936076,0.0,3714.47607421875
SCTXSUS1-13/EDTRVFPS1-08,reported,1330.137728466569,0.0,3637.10791015625
SCTXSUS1-13/EDTRVFPS1-08,reported,1362.4271162931045,0.0,3559.255859375
SCTXSUS1-13/EDTRVFPS1-08,reported,1395.5003361574031,0.0,3481.671875
SCTXSUS1-13/EDTRVFPS1-08,reported,1429.3764157557107,0.0,3404.703125
SCTXSUS1-13/EDTRVFPS1-08,reported,1464.0748446858079,0.0,3328.1328125
SCTXSUS1-13/EDTRVFPS1-08,reported,1499.615585659775,0.0,3252.404296875
SCTXSUS1-13/EDTRVFPS1-08,reported,1536.0190859889537,0.0,3178.12109375
SCTXSUS1-13/EDTRVFPS1-08,reported,1573.3062893476856,0.0,3105.248291015625
SCTXSUS1-13/EDTRVFPS1-08,reported,1611.4986478226524,0.0,3033.306396484375
SCTXSUS1-13/EDTRVFPS1-08,reported,1650.6181342546843,0.0,2963.093994140625
SCTXSUS1-13/EDTRVFPS1-08,reported,1690.6872548801864,0.0,2894.54443359375
SCTXSUS1-13/EDTRVFPS1-08,reported,1731.7290622794412,0.0,2826.591552734375
SCTXSUS1-13/EDTRVFPS1-08,reported,1773.7671686392107,0.0,2760.1943359375
SCTXSUS1-13/EDTRVFPS1-08,reported,1816.8257593373278,0.0,2695.24365234375
SCTXSUS1-13/EDTRVFPS1-08,reported,1860.9296068570213,0.0,2630.5400390625
SCTXSUS1-13/EDTRVFPS1-08,reported,1906.1040850390336,0.0,2567.17626953125
SCTXSUS1-13/EDTRVFPS1-08,reported,1952.375183679714,0.0,2504.96826171875
SCTXSUS1-13/EDTRVFPS1-08,reported,1999.7695234834662,0.0,2442.953369140625
SCTXSUS1-13/EDTRVFPS1-08,reported,2048.314371378189,0.0,2382.240478515625
SCTXSUS1-13/EDTRVFPS1-08,reported,2098.037656202492,0.0,2322.31689453125
SCTXSUS1-13/EDTRVFPS1-08,reported,2148.967984773723,0.0,2262.8154296875
SCTXSUS1-13/EDTRVFPS1-08,reported,2201.13465834606,0.0,2204.60400390625
SCTXSUS1-13/EDTRVFPS1-08,reported,2254.5676894681064,0.0,2146.5517578125
SCTXSUS1-13/EDTRVFPS1-08,reported,2309.297819249728,0.0,2089.30712890625
SCTXSUS1-13/EDTRVFPS1-08,reported,2365.3565350480458,0.0,2032.8978271484375
SCTXSUS1-13/EDTRVFPS1-08,reported,2422.7760885827315,0.0,1976.32373046875
SCTXSUS1-13/EDTRVFPS1-08,reported,2481.589514491106,0.0,1920.836669921875
SCTXSUS1-13/EDTRVFPS1-08,reported,2541.830649333616,0.0,1864.98681640625
SCTXSUS1-13/EDTRVFPS1-08,reported,2603.534151060704,0.0,1809.8614501953125
SCTXSUS1-13/EDTRVFPS1-08,reported,2666.7355189522414,0.0,1754.834716796875
SCTXSUS1-13/EDTRVFPS1-08,reported,2731.471114040961,0.0,1700.07861328125
SCTXSUS1-13/EDTRVFPS1-08,reported,2797.77818003173,0.0,1645.8538818359375
SCTXSUS1-13/EDTRVFPS1-08,reported,2865.694864728589,0.0,1591.7479248046875
SCTXSUS1-13/EDTRVFPS1-08,reported,2935.2602419819655,1.508999243e-315,1538.55419921875
SCTXSUS1-13/EDTRVFPS1-08,reported,3006.514334168667,4.1234214189318574e-304,1485.584716796875
SCTXSUS1-13/EDTRVFPS1-08,reported,3079.49813521754,8.870146346760737e-293,1433.810546875
SCTXSUS1-13/EDTRVFPS1-08,reported,3154.2536341941495,1.1267702114265121e-281,1382.534912109375
SCTXSUS1-13/EDTRVFPS1-08,reported,3230.823839457902,7.467239074869675e-271,1332.5714111328125
SCTXSUS1-13/EDTRVFPS1-08,reported,3309.2528034056663,3.2077050309683336e-260,1283.4765625
SCTXSUS1-13/EDTRVFPS1-08,reported,3389.5856478159976,9.001902860680247e-250,1235.6287841796875
SCTXSUS1-13/EDTRVFPS1-08,reported,3471.8685898085964,1.1944348455471301e-239,1189.0498046875
SCTXSUS1-13/EDTRVFPS1-08,reported,3556.148968433994,7.416022084935552e-230,1143.505859375
SCTXSUS1-13/EDTRVFPS1-08,reported,3642.475271908654,2.9445780546091394e-220,1099.632568359375
SCTXSUS1-13/EDTRVFPS1-08,reported,3730.8971655112096,6.807285873183922e-211,1056.4666748046875
SCTXSUS1-13/EDTRVFPS1-08,reported,3821.4655201559467,6.701392598324853e-202,1015.357666015625
SCTXSUS1-13/EDTRVFPS1-08,reported,3914.232441659858,3.298727142153602e-193,974.5381469726562
SCTXSUS1-13/EDTRVFPS1-08,reported,4009.2513007201587,1.1341554659016813e-184,936.1216430664062
SCTXSUS1-13/EDTRVFPS1-08,reported,4106.5767636195815,2.183562694095013e-176,897.5012817382812
SCTXSUS1-13/EDTRVFPS1-08,reported,4206.264823676947,1.8682652272132984e-168,861.2388305664062
SCTXSUS1-13/EDTRVFPS1-08,reported,4308.372833461313,9.913005662088223e-161,824.9094848632812
SCTXSUS1-13/EDTRVFPS1-08,reported,4412.959537788022,4.302038561118538e-153,790.4592895507812
SCTXSUS1-13/EDTRVFPS1-08,reported,4520.085107515832,1.0857516205849648e-145,756.1470336914062
SCTXSUS1-13/EDTRVFPS1-08,reported,4629.8111741644225,1.4318838109685668e-138,723.1317138671875
SCTXSUS1-13/EDTRVFPS1-08,reported,4742.20086537223,1.5944060350043782e-131,690.5599975585938
SCTXSUS1-13/EDTRVFPS1-08,reported,4857.318841215116,1.635711366524482e-124,658.6117553710938
SCTXSUS1-13/EDTRVFPS1-08,reported,4975.231331406597,9.589029979162571e-118,627.6248779296875
SCTXSUS1-13/EDTRVFPS1-08,reported,5096.006173401123,3.673127751351615e-111,596.44775390625
SCTXSUS1-13/EDTRVFPS1-08,reported,5219.712851422392,1.5611151501905695e-104,567.012939453125
SCTXSUS1-13/EDTRVFPS1-08,reported,5346.422536439019,5.0677806523680004e-98,536.521484375
SCTXSUS1-13/EDTRVFPS1-08,reported,5476.208127110616,8.407290672874481e-92,507.657958984375
SCTXSUS1-13/EDTRVFPS1-08,reported,5609.144291727897,1.3252794174694475e-85,479.0820007324219
SCTXSUS1-13/EDTRVFPS1-08,reported,5745.307511170882,1.9962075262552033e-79,450.85125732421875
SCTXSUS1-13/EDTRVFPS1-08,reported,5884.776122909887,1.3355659031753033e-73,424.38446044921875
SCTXSUS1-13/EDTRVFPS1-08,reported,6027.630366074628,6.496588527152131e-68,397.2229309082031
SCTXSUS1-13/EDTRVFPS1-08,reported,6173.952427617493,3.2772569744228925e-62,371.602783203125
SCTXSUS1-13/EDTRVFPS1-08,reported,6323.826489597334,6.883382246696401e-57,347.4593505859375
SCTXSUS1-13/EDTRVFPS1-08,reported,6477.338777611082,8.378100641892615e-52,322.8315124511719
SCTXSUS1-13/EDTRVFPS1-08,reported,6634.577610401159,1.0806476645702157e-46,300.1794128417969
SCTXSUS1-13/EDTRVFPS1-08,reported,6795.63345066701,5.766324609628163e-42,278.57843017578125
SCTXSUS1-13/EDTRVFPS1-08,reported,6960.598957110113,1.5038659934229057e-37,257.0577392578125
SCTXSUS1-13/EDTRVFPS1-08,reported,7129.5690377424235,4.178662140746736e-33,237.6720428466797
SCTXSUS1-13/EDTRVFPS1-08,reported,7302.640904488974,5.108760116912684e-29,218.80523681640625
SCTXSUS1-13/EDTRVFPS1-08,reported,7479.914129115724,2.570592839203935e-25,200.652587890625
SCTXSUS1-13/EDTRVFPS1-08,reported,7661.490700515303,1.341167077548626e-21,184.86978149414062
SCTXSUS1-13/EDTRVFPS1-08,reported,7847.475083383316,3.788608368663588e-18,168.58056640625
SCTXSUS1-13/EDTRVFPS1-08,reported,8037.974278318984,3.5084698738613353e-15,154.15756225585938
SCTXSUS1-13/EDTRVFPS1-08,reported,8233.097883384717,3.056652046016189e-12,141.25033569335938
SCTXSUS1-13/EDTRVFPS1-08,reported,8432.958157160192,2.1659187037858157e-09,128.16392517089844
SCTXSUS1-13/EDTRVFPS1-08,reported,8637.67008332697,4.56959128854035e-07,118.02948760986328
SCTXSUS1-13/EDTRVFPS1-08,reported,8847.351436820883,6.862128098904558e-05,106.4036865234375
SCTXSUS1-13/EDTRVFPS1-08,reported,9062.122851590451,0.010214124311340481,97.84495544433594
SCTXSUS1-13/EDTRVFPS1-08,reported,9282.107890000007,0.9897167952795627,88.26719665527344
SCTXSUS1-14/EDTRVFPS1-07,reported,25.050809435,0.0,5342.03369140625
SCTXSUS1-14/EDTRVFPS1-07,reported,25.658923379822713,0.0,5282.126953125
SCTXSUS1-14/EDTRVFPS1-07,reported,26.281799425281218,0.0,5265.28759765625
SCTXSUS1-14/EDTRVFPS1-07,reported,26.919795924636528,0.0,5303.951171875
SCTXSUS1-14/EDTRVFPS1-07,reported,27.57327993025436,0.0,5410.388671875
SCTXSUS1-14/EDTRVFPS1-07,reported,28.242627404777902,0.0,5596.85546875
SCTXSUS1-14/EDTRVFPS1-07,reported,28.928223437426702,0.0,5876.2841796875
SCTXSUS1-14/EDTRVFPS1-07,reported,29.630462465546408,0.0,6263.1572265625
SCTXSUS1-14/EDTRVFPS1-07,reported,30.3497485015365,0.0,6774.6923828125
SCTXSUS1-14/EDTRVFPS1-07,reported,31.086495365286954,0.0,7432.4345703125
SCTXSUS1-14/EDTRVFPS1-07,reported,31.841126922257143,0.0,8264.3828125
SCTXSUS1-14/EDTRVFPS1-07,reported,32.6140773273343,0.0,9307.931640625
SCTXSUS1-14/EDTRVFPS1-07,reported,33.405791274611715,0.0,10614.462890625
SCTXSUS1-14/EDTRVFPS1-07,reported,34.21672425323017,0.0,12256.203125
SCTXSUS1-14/EDTRVFPS1-07,reported,35.04734280943024,0.0,14336.53125
SCTXSUS1-14/EDTRVFPS1-07,reported,35.898124814965705,0.0,17005.125
SCTXSUS1-14/EDTRVFPS1-07,reported,36.76955974203303,0.0,20479.75390625
SCTXSUS1-14/EDTRVFPS1-07,reported,37.66214894487456,0.0,24959.84765625
SCTXSUS1-14/EDTRVFPS1-07,reported,38.5764059482179,0.0,30007.87890625
SCTXSUS1-14/EDTRVFPS1-07,reported,39.51285674271707,0.0,34451.7890625
SCTXSUS1-14/EDTRVFPS1-07,reported,40.47204008756565,0.0,36181.078125
SCTXSUS1-14/EDTRVFPS1-07,reported,41.454507820455994,0.0,36218.62109375
SCTXSUS1-14/EDTRVFPS1-07,reported,42.4608251750625,0.0,36263.1484375
SCTXSUS1-14/EDTRVFPS1-07,reported,43.49157110623224,0.0,36314.74609375
SCTXSUS1-14/EDTRVFPS1-07,reported,44.54733862306928,0.0,36372.94921875
SCTXSUS1-14/EDTRVFPS1-07,reported,45.62873513010505,0.0,36436.515625
SCTXSUS1-14/EDTRVFPS1-07,reported,46.736382776750375,0.0,36503.41015625
SCTXSUS1-14/EDTRVFPS1-07,reported,47.87091881523084,0.0,36570.734375
SCTXSUS1-14/EDTRVFPS1-07,reported,49.0329959672108,0.0,36634.9609375
SCTXSUS1-14/EDTRVFPS1-07,reported,50.22328279931755,0.0,36692.08203125
SCTXSUS1-14/EDTRVFPS1-07,reported,51.44246410778131,0.0,36738.01953125
SCTXSUS1-14/EDTRVFPS1-07,reported,52.6912413124123,0.0,36769.0546875
SCTXSUS1-14/EDTRVFPS1-07,reported,53.97033286014202,0.0,36782.28125
SCTXSUS1-14/EDTRVFPS1-07,reported,55.280474638360204,0.0,36775.97265625
SCTXSUS1-14/EDTRVFPS1-07,reported,56.622420398285854,0.0,36749.75390625
SCTXSUS1-14/EDTRVFPS1-07,reported,57.99694218861584,0.0,36704.81640625
SCTXSUS1-14/EDTRVFPS1-07,reported,59.40483079969991,0.0,36643.6796875
SCTXSUS1-14/EDTRVFPS1-07,reported,60.84689621849867,0.0,36569.94140625
SCTXSUS1-14/EDTRVFPS1-07,reported,62.32396809458545,0.0,36487.87890625
SCTXSUS1-14/EDTRVFPS1-07,reported,63.83689621746082,0.0,36401.984375
SCTXSUS1-14/EDTRVFPS1-07,reported,65.38655100545343,0.0,36316.4921875
SCTXSUS1-14/EDTRVFPS1-07,reported,66.9738240064896,0.0,36235.078125
SCTXSUS1-14/EDTRVFPS1-07,reported,68.59962841101894,0.0,31035.357421875
SCTXSUS1-14/EDTRVFPS1-07,reported,70.26489957739133,0.0,13934.080078125
SCTXSUS1-14/EDTRVFPS1-07,reported,71.97059556998788,0.0,4702.00537109375
SCTXSUS1-14/EDTRVFPS1-07,reported,73.71769771041438,1.182755848489834e-156,803.01025390625
SCTXSUS1-14/EDTRVFPS1-07,reported,75.50721114207602,0.9999999806725947,88.93180847167969
SCTXSUS1-14/EDTRVFPS1-07,reported,77.34016540845656,1.9327372592959258e-08,124.21102142333984
SCTXSUS1-14/EDTRVFPS1-07,reported,79.21761504543574,3.0734537731782467e-14,150.43016052246094
SCTXSUS1-14/EDTRVFPS1-07,reported,81.14064018798547,4.9994802232007375e-18,167.92352294921875
SCTXSUS1-14/EDTRVFPS1-07,reported,83.11034719159295,1.9659015416011288e-20,179.18846130371094
SCTXSUS1-14/EDTRVFPS1-07,reported,85.12786926876989,1.1183478030377558e-21,184.8761749267578
SCTXSUS1-14/EDTRVFPS1-07,reported,87.19436714101253,3.42480492836069e-22,187.19488525390625
SCTXSUS1-14/EDTRVFPS1-07,reported,89.31102970658839,2.7934118437147716e-22,186.83901977539062
SCTXSUS1-14/EDTRVFPS1-07,reported,91.4790747245338,7.812539005509563e-22,185.33975219726562
SCTXSUS1-14/EDTRVFPS1-07,reported,93.69974951525509,2.4941068343870797e-21,183.35398864746094
SCTXSUS1-14/EDTRVFPS1-07,reported,95.97433167813759,9.878186331784314e-21,179.81161499023438
SCTXSUS1-14/EDTRVFPS1-07,reported,98.30412982657475,4.9896380649527065e-20,176.43643188476562
SCTXSUS1-14/EDTRVFPS1-07,reported,100.69048434083967,2.6881763967016457e-19,173.330078125
SCTXSUS1-14/EDTRVFPS1-07,reported,103.13476813923332,1.3532792303046102e-18,170.4615478515625
SCTXSUS1-14/EDTRVFPS1-07,reported,105.63838746795241,5.897768742796281e-18,167.88294982910156
SCTXSUS1-14/EDTRVFPS1-07,reported,108.2027827101313,2.1191109269494673e-17,165.2533416748047
SCTXSUS1-14/EDTRVFPS1-07,reported,110.8294292145241,6.079546352726082e-17,163.03030395507812
SCTXSUS1-14/EDTRVFPS1-07,reported,113.5198381443022,1.368486156736815e-16,161.32650756835938
SCTXSUS1-14/EDTRVFPS1-07,reported,116.27555734645767,2.393729758668883e-16,160.15023803710938
SCTXSUS1-14/EDTRVFPS1-07,reported,119.09817224231098,3.265777117164999e-16,159.48635864257812
SCTXSUS1-14/EDTRVFPS1-07,reported,121.989306739636,3.5135094582889166e-16,159.30967712402344
SCTXSUS1-14/EDTRVFPS1-07,reported,124.95062416692765,3.058330844535789e-16,159.56478881835938
SCTXSUS1-14/EDTRVFPS1-07,reported,127.98382823034798,2.21555938557566e-16,160.19393920898438
SCTXSUS1-14/EDTRVFPS1-07,reported,131.09066399390338,1.3875844597089543e-16,161.1193389892578
SCTXSUS1-14/EDTRVFPS1-07,reported,134.27291888341534,7.818887661835258e-17,162.25967407226562
SCTXSUS1-14/EDTRVFPS1-07,reported,137.53242371486274,4.123231518006086e-17,163.53555297851562
SCTXSUS1-14/EDTRVFPS1-07,reported,140.871053747688,2.1148365793647634e-17,164.8692169189453
SCTXSUS1-14/EDTRVFPS1-07,reported,144.29072976367135,1.0905980170164743e-17,166.1931610107422
SCTXSUS1-14/EDTRVFPS1-07,reported,147.79341917199588,5.781515581906411e-18,167.46351623535156
SCTXSUS1-14/EDTRVFPS1-07,reported,151.38113714113857,3.201353984748192e-18,168.6472625732422
SCTXSUS1-14/EDTRVFPS1-07,reported,155.0559477582369,1.8523726088191685e-18,169.74362182617188
SCTXSUS1-14/EDTRVFPS1-07,reported,158.81996521660074,1.1123255627097388e-18,170.76564025878906
SCTXSUS1-14/EDTRVFPS1-07,reported,162.67535503205053,6.782324578076657e-19,171.75717163085938
SCTXSUS1-14/EDTRVFPS1-07,reported,166.62433528878256,4.0727963545717557e-19,172.77972412109375
SCTXSUS1-14/EDTRVFPS1-07,reported,170.66917791547846,2.3231992137874653e-19,173.9047393798828
SCTXSUS1-14/EDTRVFPS1-07,reported,174.81220999239108,1.2087915580455909e-19,175.2138214111328
SCTXSUS1-14/EDTRVFPS1-07,reported,179.05581509016181,5.515696461237988e-20,176.78550720214844
SCTXSUS1-14/EDTRVFPS1-07,reported,183.40243464113698,2.135301211477262e-20,178.68646240234375
SCTXSUS1-14/EDTRVFPS1-07,reported,187.85456934397345,6.866182309950078e-21,180.95877075195312
SCTXSUS1-14/EDTRVFPS1-07,reported,192.41478060234212,1.8215946276331653e-21,183.6162872314453
SCTXSUS1-14/EDTRVFPS1-07,reported,197.08569199855452,4.037857675053805e-22,186.63409423828125
SCTXSUS1-14/EDTRVFPS1-07,reported,201.8699908029636,7.755186673136403e-23,189.93850708007812
SCTXSUS1-14/EDTRVFPS1-07,reported,206.77042952000573,1.3619370178925014e-23,193.4225616455078
SCTXSUS1-14/EDTRVFPS1-07,reported,211.78982747177065,2.3535514857730338e-24,196.9390106201172
SCTXSUS1-14/EDTRVFPS1-07,reported,216.93107242001716,4.353739262108074e-25,200.31939697265625
SCTXSUS1-14/EDTRVFPS1-07,reported,222.19712222755936,9.422326124629254e-26,203.38592529296875
SCTXSUS1-14/EDTRVFPS1-07,reported,227.5910065599859,2.588196656304047e-26,205.97470092773438
SCTXSUS1-14/EDTRVFPS1-07,reported,233.11582862868923,9.672243516277665e-27,207.94668579101562
SCTXSUS1-14/EDTRVFPS1-07,reported,238.77476697620384,5.11296411526688e-27,209.22418212890625
SCTXSUS1-14/EDTRVFPS1-07,reported,244.57107730488931,3.870872641900071e-27,209.78184509277344
SCTXSUS1-14/EDTRVFPS1-07,reported,250.50809435000008,4.087708650915578e-27,209.67294311523438
SCTXSUS1-14/EDTRVFPS1-07,reported,256.5892337982269,5.672984782077907e-27,209.01641845703125
SCTXSUS1-14/EDTRVFPS1-07,reported,262.8179942528121,9.451102677628359e-27,207.993896484375
SCTXSUS1-14/EDTRVFPS1-07,reported,269.1979592463652,1.6800732786763363e-26,206.8412628173828
SCTXSUS1-14/EDTRVFPS1-07,reported,275.7327993025434,2.7861245793050105e-26,205.8279266357422
SCTXSUS1-14/EDTRVFPS1-07,reported,282.4262740477791,3.7346963748362413e-26,205.2406463623047
SCTXSUS1-14/EDTRVFPS1-07,reported,289.282234374267,3.503524629609082e-26,205.3690948486328
SCTXSUS1-14/EDTRVFPS1-07,reported,296.304624655464,2.0156290755395798e-26,206.47654724121094
SCTXSUS1-14/EDTRVFPS1-07,reported,303.49748501536504,6.3240070227773496e-27,208.7989959716797
SCTXSUS1-14/EDTRVFPS1-07,reported,310.8649536528693,9.878222171894311e-28,212.51914978027344
SCTXSUS1-14/EDTRVFPS1-07,reported,318.4112692225715,7.23317799792557e-29,217.75741577148438
SCTXSUS1-14/EDTRVFPS1-07,reported,326.140773273343,2.4268908917699107e-30,224.56065368652344
SCTXSUS1-14/EDTRVFPS1-07,reported,334.0579127461171,3.8074031210943696e-32,232.88919067382812
SCTXSUS1-14/EDTRVFPS1-07,reported,342.16724253230177,2.9892439893536742e-34,242.60768127441406
SCTXSUS1-14/EDTRVFPS1-07,reported,350.47342809430216,1.3118701503184578e-36,253.49581909179688
SCTXSUS1-14/EDTRVFPS1-07,reported,358.9812481496573,3.7456496636901414e-39,265.2494812011719
SCTXSUS1-14/EDTRVFPS1-07,reported,367.6955974203303,8.3828837037857e-42,277.49725341796875
SCTXSUS1-14/EDTRVFPS1-07,reported,376.6214894487457,1.7928969252058653e-44,289.8402099609375
SCTXSUS1-14/EDTRVFPS1-07,reported,385.76405948217905,4.481289380128719e-47,301.8750915527344
SCTXSUS1-14/EDTRVFPS1-07,reported,395.1285674271704,1.5681191019040321e-49,313.2394104003906
SCTXSUS1-14/EDTRVFPS1-07,reported,404.7204008756565,8.906933003838822e-52,323.6342468261719
SCTXSUS1-14/EDTRVFPS1-07,reported,414.5450782045599,9.111765683973827e-54,332.85040283203125
SCTXSUS1-14/EDTRVFPS1-07,reported,424.60825175062473,1.7816618790600393e-55,340.66326904296875
SCTXSUS1-14/EDTRVFPS1-07,reported,434.9157110623225,6.719167520866662e-57,347.1518859863281
SCTXSUS1-14/EDTRVFPS1-07,reported,445.47338623069265,4.784486256982796e-58,352.3849792480469
SCTXSUS1-14/EDTRVFPS1-07,reported,456.28735130105036,6.095975630353494e-59,356.465576171875
SCTXSUS1-14/EDTRVFPS1-07,reported,467.36382776750384,1.2940600340599142e-59,359.5364685058594
SCTXSUS1-14/EDTRVFPS1-07,reported,478.709188152308,4.24427188879725e-60,361.7451477050781
SCTXSUS1-14/EDTRVFPS1-07,reported,490.32995967210815,1.9883705234298577e-60,363.247802734375
SCTXSUS1-14/EDTRVFPS1-07,reported,502.2328279931754,5.030419252854153e-73,420.79833984375
SCTXSUS1-14/EDTRVFPS1-07,reported,514.424641077813,3.155381629042809e-76,435.4562683105469
SCTXSUS1-14/EDTRVFPS1-07,reported,526.9124131241232,6.8317301138119e-80,452.2431640625
SCTXSUS1-14/EDTRVFPS1-07,reported,539.7033286014199,4.751338874319562e-84,471.3100280761719
SCTXSUS1-14/EDTRVFPS1-07,reported,552.8047463836022,1.0389457524872375e-88,492.7062072753906
SCTXSUS1-14/EDTRVFPS1-07,reported,566.2242039828586,7.303335679610898e-94,516.3990478515625
SCTXSUS1-14/EDTRVFPS1-07,reported,579.9694218861586,1.7555116150814803e-99,542.2750244140625
SCTXSUS1-14/EDTRVFPS1-07,reported,594.0483079969993,1.5737328703079949e-105,570.1707153320312
SCTXSUS1-14/EDTRVFPS1-07,reported,608.4689621849863,5.823237956124396e-112,599.8932495117188
SCTXSUS1-14/EDTRVFPS1-07,reported,623.2396809458546,9.810160807950946e-119,631.2545166015625
SCTXSUS1-14/EDTRVFPS1-07,reported,638.3689621746083,8.225056870948067e-126,664.0810546875
SCTXSUS1-14/EDTRVFPS1-07,reported,653.8655100545337,3.672815266234579e-133,698.2379760742188
SCTXSUS1-14/EDTRVFPS1-07,reported,669.738240064896,9.173900553823839e-141,733.4221801757812
SCTXSUS1-14/EDTRVFPS1-07,reported,685.9962841101889,1.3251133507435623e-148,769.3497314453125
SCTXSUS1-14/EDTRVFPS1-07,reported,702.6489957739135,1.1348695694261428e-156,806.3680419921875
SCTXSUS1-14/EDTRVFPS1-07,reported,719.7059556998789,5.933420109356779e-165,844.4173583984375
SCTXSUS1-14/EDTRVFPS1-07,reported,737.1769771041434,1.9729821835804945e-173,883.4129638671875
SCTXSUS1-14/EDTRVFPS1-07,reported,755.0721114207603,4.424487478529781e-182,923.2382202148438
SCTXSUS1-14/EDTRVFPS1-07,reported,773.4016540845649,7.242106389311326e-191,963.7363891601562
SCTXSUS1-14/EDTRVFPS1-07,reported,792.1761504543576,9.478764518324007e-200,1004.7295532226562
SCTXSUS1-14/EDTRVFPS1-07,reported,811.4064018798548,1.080654456562476e-208,1046.0550537109375
SCTXSUS1-14/EDTRVFPS1-07,reported,831.1034719159289,1.1568712709773906e-217,1087.57421875
SCTXSUS1-14/EDTRVFPS1-07,reported,851.2786926876989,1.2147164355528477e-226,1128.62158203125
SCTXSUS1-14/EDTRVFPS1-07,reported,871.9436714101247,1.260696569303739e-235,1169.635986328125
SCTXSUS1-14/EDTRVFPS1-07,reported,893.110297065884,1.242521453975162e-244,1210.856201171875
SCTXSUS1-14/EDTRVFPS1-07,reported,914.7907472453381,1.0745085668336286e-253,1252.45068359375
SCTXSUS1-14/EDTRVFPS1-07,reported,936.9974951525503,7.329917275339011e-263,1294.6419677734375
SCTXSUS1-14/EDTRVFPS1-07,reported,959.743316781376,3.473326256024804e-272,1337.691162109375
SCTXSUS1-14/EDTRVFPS1-07,reported,983.0412982657479,1.0020029938102411e-281,1381.8668212890625
SCTXSUS1-14/EDTRVFPS1-07,reported,1006.904843408396,1.5632082776756265e-291,1427.410400390625
SCTXSUS1-14/EDTRVFPS1-07,reported,1031.3476813923335,1.1916737531638506e-301,1474.335205078125
SCTXSUS1-14/EDTRVFPS1-07,reported,1056.3838746795234,4.058848287804e-312,1522.3026123046875
SCTXSUS1-14/EDTRVFPS1-07,reported,1082.0278271013133,0.0,1572.1070556640625
SCTXSUS1-14/EDTRVFPS1-07,reported,1108.2942921452411,0.0,1623.853271484375
SCTXSUS1-14/EDTRVFPS1-07,reported,1135.1983814430212,0.0,1677.6636962890625
SCTXSUS1-14/EDTRVFPS1-07,reported,1162.755573464577,0.0,1733.6507568359375
SCTXSUS1-14/EDTRVFPS1-07,reported,1190.981722423109,0.0,1791.9659423828125
SCTXSUS1-14/EDTRVFPS1-07,reported,1219.8930673963603,0.0,1852.318115234375
SCTXSUS1-14/EDTRVFPS1-07,reported,1249.506241669277,0.0,1914.5732421875
SCTXSUS1-14/EDTRVFPS1-07,reported,1279.838282303479,0.0,1979.526123046875
SCTXSUS1-14/EDTRVFPS1-07,reported,1310.9066399390342,0.0,2047.260009765625
SCTXSUS1-14/EDTRVFPS1-07,reported,1342.7291888341526,0.0,2117.7841796875
SCTXSUS1-14/EDTRVFPS1-07,reported,1375.3242371486276,0.0,2191.028564453125
SCTXSUS1-14/EDTRVFPS1-07,reported,1408.7105374768803,0.0,2265.452880859375
SCTXSUS1-14/EDTRVFPS1-07,reported,1442.9072976367124,0.0,2342.228515625
SCTXSUS1-14/EDTRVFPS1-07,reported,1477.934191719959,0.0,2421.14453125
SCTXSUS1-14/EDTRVFPS1-07,reported,1513.8113714113858,0.0,2501.987548828125
SCTXSUS1-14/EDTRVFPS1-07,reported,1550.5594775823695,0.0,2583.9248046875
SCTXSUS1-14/EDTRVFPS1-07,reported,1588.1996521660064,0.0,2666.504638671875
SCTXSUS1-14/EDTRVFPS1-07,reported,1626.7535503205042,0.0,2750.574462890625
SCTXSUS1-14/EDTRVFPS1-07,reported,1666.243352887826,0.0,2836.141357421875
SCTXSUS1-14/EDTRVFPS1-07,reported,1706.6917791547849,0.0,2922.99169921875
SCTXSUS1-14/EDTRVFPS1-07,reported,1748.1220999239113,0.0,3010.065673828125
SCTXSUS1-14/EDTRVFPS1-07,reported,1790.558150901617,0.0,3098.892822265625
SCTXSUS1-14/EDTRVFPS1-07,reported,1834.0243464113685,0.0,3189.619384765625
SCTXSUS1-14/EDTRVFPS1-07,reported,1878.5456934397348,0.0,3282.082275390625
SCTXSUS1-14/EDTRVFPS1-07,reported,1924.1478060234215,0.0,3375.1708984375
SCTXSUS1-14/EDTRVFPS1-07,reported,1970.8569199855438,0.0,3470.48779296875
SCTXSUS1-14/EDTRVFPS1-07,reported,2018.6999080296364,0.0,3568.121826171875
SCTXSUS1-14/EDTRVFPS1-07,reported,2067.704295200056,0.0,3667.28271484375
SCTXSUS1-14/EDTRVFPS1-07,reported,2117.898274717707,0.0,3767.8359375
SCTXSUS1-14/EDTRVFPS1-07,reported,2169.310724200172,0.0,3870.9814453125
SCTXSUS1-14/EDTRVFPS1-07,reported,2221.971222275592,0.0,3976.88232421875
SCTXSUS1-14/EDTRVFPS1-07,reported,2275.9100655998595,0.0,4083.583740234375
SCTXSUS1-14/EDTRVFPS1-07,reported,2331.158286286891,0.0,4193.4091796875
SCTXSUS1-14/EDTRVFPS1-07,reported,2387.7476697620386,0.0,4306.6669921875
SCTXSUS1-14/EDTRVFPS1-07,reported,2445.7107730488915,0.0,4421.833984375
SCTXSUS1-14/EDTRVFPS1-07,reported,2505.080943499999,0.0,4540.5087890625
SCTXSUS1-10/EDTRVFPS1-15,reported,3.9212322850000003,0.0,10866.001953125
SCTXSUS1-10/EDTRVFPS1-15,reported,4.016421066807022,0.0,10865.3828125
SCTXSUS1-10/EDTRVFPS1-15,reported,4.1139205773654535,0.0,10864.7314453125
SCTXSUS1-10/EDTRVFPS1-15,reported,4.213786910127287,0.0,10864.044921875
SCTXSUS1-10/EDTRVFPS1-15,reported,4.316077520225483,0.0,10863.3115234375
SCTXSUS1-10/EDTRVFPS1-15,reported,4.420851257529071,0.0,10862.533203125
SCTXSUS1-10/EDTRVFPS1-15,reported,4.52816840050068,0.0,10861.7099609375
SCTXSUS1-10/EDTRVFPS1-15,reported,4.6380906908759645,0.0,10860.8447265625
SCTXSUS1-10/EDTRVFPS1-15,reported,4.75068136918488,0.0,10859.9443359375
SCTXSUS1-10/EDTRVFPS1-15,reported,4.866005211135249,0.0,10859.0302734375
SCTXSUS1-10/EDTRVFPS1-15,reported,4.984128564879539,0.0,10858.1142578125
SCTXSUS1-10/EDTRVFPS1-15,reported,5.105119389186307,0.0,10857.2197265625
SCTXSUS1-10/EDTRVFPS1-15,reported,5.229047292538265,0.0,10856.3798828125
SCTXSUS1-10/EDTRVFPS1-15,reported,5.355983573179445,0.0,10855.6201171875
SCTXSUS1-10/EDTRVFPS1-15,reported,5.486001260134549,0.0,10854.9609375
SCTXSUS1-10/EDTRVFPS1-15,reported,5.619175155224009,0.0,10854.4267578125
SCTXSUS1-10/EDTRVFPS1-15,reported,5.755581876099015,0.0,10854.0283203125
SCTXSUS1-10/EDTRVFPS1-15,reported,5.8952999003211985,0.0,10853.765625
SCTXSUS1-10/EDTRVFPS1-15,reported,6.038409610512375,0.0,10853.6455078125
SCTXSUS1-10/EDTRVFPS1-15,reported,6.184993340600298,0.0,10853.6416015625
SCTXSUS1-10/EDTRVFPS1-15,reported,6.335135423187042,0.0,10853.728515625
SCTXSUS1-10/EDTRVFPS1-15,reported,6.488922238067276,0.0,10853.8818359375
SCTXSUS1-10/EDTRVFPS1-15,reported,6.646442261924296,0.0,10854.0615234375
SCTXSUS1-10/EDTRVFPS1-15,reported,6.807786119232479,0.0,10854.224609375
SCTXSUS1-10/EDTRVFPS1-15,reported,6.973046634395378,0.0,10854.3271484375
SCTXSUS1-10/EDTRVFPS1-15,reported,7.142318885149493,0.0,10854.3251953125
SCTXSUS1-10/EDTRVFPS1-15,reported,7.315700257264424,0.0,10854.177734375
SCTXSUS1-10/EDTRVFPS1-15,reported,7.493290500570889,0.0,10853.837890625
SCTXSUS1-10/EDTRVFPS1-15,reported,7.675191786348831,0.0,10853.271484375
SCTXSUS1-10/EDTRVFPS1-15,reported,7.861508766108625,0.0,10852.4482421875
SCTXSUS1-10/EDTRVFPS1-15,reported,8.052348631799243,0.0,10851.341796875
SCTXSUS1-10/EDTRVFPS1-15,reported,8.247821177477931,0.0,10849.9423828125
SCTXSUS1-10/EDTRVFPS1-15,reported,8.448038862476992,0.0,10848.25390625
SCTXSUS1-10/EDTRVFPS1-15,reported,8.653116876103914,0.0,10846.2890625
SCTXSUS1-10/EDTRVFPS1-15,reported,8.86317320391213,0.0,10844.0703125
SCTXSUS1-10/EDTRVFPS1-15,reported,9.078328695580495,0.0,10841.654296875
SCTXSUS1-10/EDTRVFPS1-15,reported,9.298707134440571,0.0,10839.0791015625
SCTXSUS1-10/EDTRVFPS1-15,reported,9.524435308691709,0.0,10836.4130859375
SCTXSUS1-10/EDTRVFPS1-15,reported,9.755643084344852,0.0,10833.7197265625
SCTXSUS1-10/EDTRVFPS1-15,reported,9.992463479937124,0.0,10831.0546875
SCTXSUS1-10/EDTRVFPS1-15,reported,10.235032743060076,0.0,10828.4755859375
SCTXSUS1-10/EDTRVFPS1-15,reported,10.483490428745702,0.0,10826.0244140625
SCTXSUS1-10/EDTRVFPS1-15,reported,10.737979479755305,0.0,10823.728515625
SCTXSUS1-10/EDTRVFPS1-15,reported,10.998646308817362,0.0,10821.60546875
SCTXSUS1-10/EDTRVFPS1-15,reported,11.265640882861739,0.0,10819.6572265625
SCTXSUS1-10/EDTRVFPS1-15,reported,11.539116809298726,0.0,10817.865234375
SCTXSUS1-10/EDTRVFPS1-15,reported,11.819231424392502,0.0,10816.1982421875
SCTXSUS1-10/EDTRVFPS1-15,reported,12.106145883779899,0.0,10814.630859375
SCTXSUS1-10/EDTRVFPS1-15,reported,12.40002525518651,0.0,10813.1181640625
SCTXSUS1-10/EDTRVFPS1-15,reported,12.7010386133935,0.0,10811.6259765625
SCTXSUS1-10/EDTRVFPS1-15,reported,13.009359137509776,0.0,10810.125
SCTXSUS1-10/EDTRVFPS1-15,reported,13.325164210605463,0.0,10808.58203125
SCTXSUS1-10/EDTRVFPS1-15,reported,13.648635521763982,0.0,10806.984375
SCTXSUS1-10/EDTRVFPS1-15,reported,13.97995917061147,0.0,10805.333984375
SCTXSUS1-10/EDTRVFPS1-15,reported,14.319325774383687,0.0,10281.349609375
SCTXSUS1-10/EDTRVFPS1-15,reported,14.666930577591987,0.0,9732.84375
SCTXSUS1-10/EDTRVFPS1-15,reported,15.022973564351474,0.0,9202.349609375
SCTXSUS1-10/EDTRVFPS1-15,reported,15.387659573435917,0.0,8699.9892578125
SCTXSUS1-10/EDTRVFPS1-15,reported,15.761198416125655,0.0,8235.533203125
SCTXSUS1-10/EDTRVFPS1-15,reported,16.1438049969163,0.0,7817.35791015625
SCTXSUS1-10/EDTRVFPS1-15,reported,16.535699437157703,0.0,7451.7138671875
SCTXSUS1-10/EDTRVFPS1-15,reported,16.937107201694175,0.0,7142.18017578125
SCTXSUS1-10/EDTRVFPS1-15,reported,17.348259228579064,0.0,6889.54296875
SCTXSUS1-10/EDTRVFPS1-15,reported,17.769392061938074,0.0,6691.83203125
SCTXSUS1-10/EDTRVFPS1-15,reported,18.200747988057927,0.0,6544.58154296875
SCTXSUS1-10/EDTRVFPS1-15,reported,18.642575174778596,0.0,6441.1953125
SCTXSUS1-10/EDTRVFPS1-15,reported,19.09512781426933,0.0,6373.509765625
SCTXSUS1-10/EDTRVFPS1-15,reported,19.55866626927052,0.0,6332.35546875
SCTXSUS1-10/EDTRVFPS1-15,reported,20.033457222885737,0.0,6308.25439453125
SCTXSUS1-10/EDTRVFPS1-15,reported,20.51977383200995,0.0,6292.1767578125
SCTXSUS1-10/EDTRVFPS1-15,reported,21.01789588448219,0.0,6276.396484375
SCTXSUS1-10/EDTRVFPS1-15,reported,21.528109960053257,0.0,6255.18017578125
SCTXSUS1-10/EDTRVFPS1-15,reported,22.050709595260816,0.0,6225.44921875
SCTXSUS1-10/EDTRVFPS1-15,reported,22.585995452306967,0.0,6187.16943359375
SCTXSUS1-10/EDTRVFPS1-15,reported,23.13427549203535,0.0,6143.45166015625
SCTXSUS1-10/EDTRVFPS1-15,reported,23.695865151107256,0.0,6100.353515625
SCTXSUS1-10/EDTRVFPS1-15,reported,24.271087523478748,0.0,6066.357421875
SCTXSUS1-10/EDTRVFPS1-15,reported,24.8602735462832,0.0,6051.7373046875
SCTXSUS1-10/EDTRVFPS1-15,reported,25.46376219022616,0.0,6067.81103515625
SCTXSUS1-10/EDTRVFPS1-15,reported,26.081900654602112,0.0,6126.26318359375
SCTXSUS1-10/EDTRVFPS1-15,reported,26.71504456704528,0.0,6238.77685546875
SCTXSUS1-10/EDTRVFPS1-15,reported,27.363558188129414,0.0,6416.8056640625
SCTXSUS1-10/EDTRVFPS1-15,reported,28.02781462093433,0.0,6671.93408203125
SCTXSUS1-10/EDTRVFPS1-15,reported,28.70819602569973,0.0,7004.1181640625
SCTXSUS1-10/EDTRVFPS1-15,reported,29.405093839689744,0.0,7396.91259765625
SCTXSUS1-10/EDTRVFPS1-15,reported,30.118909002394716,0.0,7850.8486328125
SCTXSUS1-10/EDTRVFPS1-15,reported,30.85005218619987,0.0,8361.3125
SCTXSUS1-10/EDTRVFPS1-15,reported,31.598944032653552,0.0,8914.943359375
SCTXSUS1-10/EDTRVFPS1-15,reported,32.36601539447077,0.0,9485.37890625
SCTXSUS1-10/EDTRVFPS1-15,reported,33.151707583411564,0.0,10029.4521484375
SCTXSUS1-10/EDTRVFPS1-15,reported,33.9564726241767,0.0,10483.1572265625
SCTXSUS1-10/EDTRVFPS1-15,reported,34.78077351446655,0.0,10761.8857421875
SCTXSUS1-10/EDTRVFPS1-15,reported,35.625084491353256,0.0,10808.2451171875
SCTXSUS1-10/EDTRVFPS1-15,reported,36.48989130411878,0.0,10815.5
SCTXSUS1-10/EDTRVFPS1-15,reported,37.3756914937165,0.0,10824.3369140625
SCTXSUS1-10/EDTRVFPS1-15,reported,38.28299467901656,0.0,10835.123046875
SCTXSUS1-10/EDTRVFPS1-15,reported,39.212322850000014,0.0,10848.2822265625
SCTXSUS1-10/EDTRVFPS1-15,reported,40.16421066807024,0.0,10864.248046875
SCTXSUS1-10/EDTRVFPS1-15,reported,41.139205773654545,0.0,10883.43359375
SCTXSUS1-10/EDTRVFPS1-15,reported,42.13786910127289,0.0,10906.1171875
SCTXSUS1-10/EDTRVFPS1-15,reported,43.16077520225484,0.0,10932.408203125
SCTXSUS1-10/EDTRVFPS1-15,reported,44.20851257529072,0.0,10962.11328125
SCTXSUS1-10/EDTRVFPS1-15,reported,45.281684005006795,0.0,10994.673828125
SCTXSUS1-10/EDTRVFPS1-15,reported,46.380906908759655,0.0,11029.119140625
SCTXSUS1-10/EDTRVFPS1-15,reported,47.506813691848805,0.0,11064.0439453125
SCTXSUS1-10/EDTRVFPS1-15,reported,48.6600521113525,0.0,11097.6552734375
SCTXSUS1-10/EDTRVFPS1-15,reported,49.841285648795406,0.0,11127.9140625
SCTXSUS1-10/EDTRVFPS1-15,reported,51.05119389186308,0.0,11152.6826171875
SCTXSUS1-10/EDTRVFPS1-15,reported,52.29047292538266,0.0,11169.966796875
SCTXSUS1-10/EDTRVFPS1-15,reported,53.559835731794465,0.0,11178.130859375
SCTXSUS1-10/EDTRVFPS1-15,reported,54.86001260134548,0.0,11176.1259765625
SCTXSUS1-10/EDTRVFPS1-15,reported,56.19175155224009,0.0,11163.6259765625
SCTXSUS1-10/EDTRVFPS1-15,reported,57.555818760990164,0.0,11141.09765625
SCTXSUS1-10/EDTRVFPS1-15,reported,58.952999003212014,0.0,11109.7353515625
SCTXSUS1-10/EDTRVFPS1-15,reported,60.38409610512378,0.0,11071.3603515625
SCTXSUS1-10/EDTRVFPS1-15,reported,61.84993340600296,0.0,11028.1845703125
SCTXSUS1-10/EDTRVFPS1-15,reported,63.35135423187044,0.0,10982.5810546875
SCTXSUS1-10/EDTRVFPS1-15,reported,64.88922238067278,0.0,10936.83203125
SCTXSUS1-10/EDTRVFPS1-15,reported,66.46442261924292,0.0,10892.9423828125
SCTXSUS1-10/EDTRVFPS1-15,reported,68.07786119232483,0.0,10852.4775390625
SCTXSUS1-10/EDTRVFPS1-15,reported,69.73046634395378,0.0,10816.5146484375
SCTXSUS1-10/EDTRVFPS1-15,reported,71.42318885149494,0.0,6069.33447265625
SCTXSUS1-10/EDTRVFPS1-15,reported,73.15700257264427,3.2489354701243297e-283,1345.812744140625
SCTXSUS1-10/EDTRVFPS1-15,reported,74.93290500570888,5.547033729952281e-20,138.49508666992188
SCTXSUS1-10/EDTRVFPS1-15,reported,76.75191786348836,0.09700991964639119,54.02970886230469
SCTXSUS1-10/EDTRVFPS1-15,reported,78.61508766108626,0.899650934817015,49.36080551147461
SCTXSUS1-10/EDTRVFPS1-15,reported,80.52348631799244,0.003322724277618728,60.54451370239258
SCTXSUS1-10/EDTRVFPS1-15,reported,82.47821177477934,6.192066006161189e-06,72.92340850830078
SCTXSUS1-10/EDTRVFPS1-15,reported,84.4803886247699,2.9013735781196738e-08,83.68560028076172
SCTXSUS1-10/EDTRVFPS1-15,reported,86.53116876103923,4.2512808572150556e-10,91.80201721191406
SCTXSUS1-10/EDTRVFPS1-15,reported,88.63173203912132,1.5506002688081073e-11,98.51950073242188
SCTXSUS1-10/EDTRVFPS1-15,reported,90.78328695580497,1.1157090263940273e-12,103.64592742919922
SCTXSUS1-10/EDTRVFPS1-15,reported,92.98707134440576,1.3731632913800753e-13,108.05326843261719
SCTXSUS1-10/EDTRVFPS1-15,reported,95.24435308691706,2.4206845619890602e-14,111.28248596191406
SCTXSUS1-10/EDTRVFPS1-15,reported,97.55643084344854,5.244264778001917e-15,114.38801574707031
SCTXSUS1-10/EDTRVFPS1-15,reported,99.92463479937126,1.3438695422718446e-15,117.2965087890625
SCTXSUS1-10/EDTRVFPS1-15,reported,102.35032743060069,3.9943077135102333e-16,119.65353393554688
SCTXSUS1-10/EDTRVFPS1-15,reported,104.83490428745709,1.3641947948183105e-16,121.65278625488281
SCTXSUS1-10/EDTRVFPS1-15,reported,107.37979479755307,5.358174317775532e-17,123.43712615966797
SCTXSUS1-10/EDTRVFPS1-15,reported,109.98646308817364,2.4342829641136796e-17,124.96887969970703
SCTXSUS1-10/EDTRVFPS1-15,reported,112.6564088286174,1.2890619690665609e-17,126.21826171875
SCTXSUS1-10/EDTRVFPS1-15,reported,115.39116809298717,7.997433385259753e-18,127.16670227050781
SCTXSUS1-10/EDTRVFPS1-15,reported,118.1923142439251,5.812568601535553e-18,127.81024169921875
SCTXSUS1-10/EDTRVFPS1-15,reported,121.06145883779901,4.92136187028382e-18,128.15504455566406
SCTXSUS1-10/EDTRVFPS1-15,reported,124.00025255186513,4.796540792121951e-18,128.2232666015625
SCTXSUS1-10/EDTRVFPS1-15,reported,127.01038613393503,5.279453310207063e-18,128.0515899658203
SCTXSUS1-10/EDTRVFPS1-15,reported,130.09359137509773,6.4205208919605975e-18,127.68225860595703
SCTXSUS1-10/EDTRVFPS1-15,reported,133.25164210605476,8.407643469979012e-18,127.16565704345703
SCTXSUS1-10/EDTRVFPS1-15,reported,136.48635521763987,1.1563634352515308e-17,126.55029296875
SCTXSUS1-10/EDTRVFPS1-15,reported,139.79959170611474,1.6297144758785832e-17,125.88554382324219
SCTXSUS1-10/EDTRVFPS1-15,reported,143.1932577438369,2.3066299621900548e-17,125.21019744873047
SCTXSUS1-10/EDTRVFPS1-15,reported,146.66930577591984,3.227954402885697e-17,124.55683898925781
SCTXSUS1-10/EDTRVFPS1-15,reported,150.2297356435149,4.4208207181038746e-17,123.94529724121094
SCTXSUS1-10/EDTRVFPS1-15,reported,153.8765957343592,5.906557156011713e-17,123.38095092773438
SCTXSUS1-10/EDTRVFPS1-15,reported,157.61198416125657,7.726188168241826e-17,122.85794067382812
SCTXSUS1-10/EDTRVFPS1-15,reported,161.43804996916313,9.987520154351113e-17,122.35641479492188
SCTXSUS1-10/EDTRVFPS1-15,reported,165.356994371577,1.295047486147327e-16,121.84735870361328
SCTXSUS1-10/EDTRVFPS1-15,reported,169.37107201694178,1.715409418209669e-16,121.29511260986328
SCTXSUS1-10/EDTRVFPS1-15,reported,173.48259228579067,2.3707537943895724e-16,120.65765380859375
SCTXSUS1-10/EDTRVFPS1-15,reported,177.69392061938063,3.4856947999208315e-16,119.89454650878906
SCTXSUS1-10/EDTRVFPS1-15,reported,182.00747988057938,5.544628296772275e-16,118.97481536865234
SCTXSUS1-10/EDTRVFPS1-15,reported,186.42575174778602,9.642102217938783e-16,117.87654113769531
SCTXSUS1-10/EDTRVFPS1-15,reported,190.95127814269333,1.8352526318956453e-15,116.59795379638672
SCTXSUS1-10/EDTRVFPS1-15,reported,195.58666269270523,3.796038738589213e-15,115.15383911132812
SCTXSUS1-10/EDTRVFPS1-15,reported,200.33457222885733,8.365106570986381e-15,113.58282470703125
SCTXSUS1-10/EDTRVFPS1-15,reported,205.19773832009966,1.9114016797451947e-14,111.93977355957031
SCTXSUS1-10/EDTRVFPS1-15,reported,210.17895884482195,4.374238202732195e-14,110.29495239257812
SCTXSUS1-10/EDTRVFPS1-15,reported,215.28109960053243,9.643907330598126e-14,108.72293090820312
SCTXSUS1-10/EDTRVFPS1-15,reported,220.5070959526082,1.9731944382623331e-13,107.30110931396484
SCTXSUS1-10/EDTRVFPS1-15,reported,225.85995452306963,3.6224418858579524e-13,106.0943603515625
SCTXSUS1-10/EDTRVFPS1-15,reported,231.34275492035374,5.810177194446028e-13,105.15586853027344
SCTXSUS1-10/EDTRVFPS1-15,reported,236.95865151107262,8.013457100067491e-13,104.51776885986328
SCTXSUS1-10/EDTRVFPS1-15,reported,242.7108752347873,9.45624985834485e-13,104.18925476074219
SCTXSUS1-10/EDTRVFPS1-15,reported,248.60273546283207,9.62307000542874e-13,104.15467834472656
SCTXSUS1-10/EDTRVFPS1-15,reported,254.63762190226154,8.633379453596519e-13,104.3710708618164
SCTXSUS1-10/EDTRVFPS1-15,reported,260.8190065460214,7.061980212263052e-13,104.76997375488281
SCTXSUS1-10/EDTRVFPS1-15,reported,267.1504456704529,5.518347110174721e-13,105.26029968261719
SCTXSUS1-10/EDTRVFPS1-15,reported,273.63558188129394,4.352912462459917e-13,105.7314682006836
SCTXSUS1-10/EDTRVFPS1-15,reported,280.2781462093435,3.6925036701047676e-13,106.05912780761719
SCTXSUS1-10/EDTRVFPS1-15,reported,287.0819602569974,3.5912273607290473e-13,106.1144790649414
SCTXSUS1-10/EDTRVFPS1-15,reported,294.0509383968978,4.254697053852029e-13,105.77760314941406
SCTXSUS1-10/EDTRVFPS1-15,reported,301.1890900239472,6.457016561423803e-13,104.94841003417969
SCTXSUS1-10/EDTRVFPS1-15,reported,308.50052186199866,1.2974249994741874e-12,103.56207275390625
SCTXSUS1-10/EDTRVFPS1-15,reported,315.98944032653577,3.4945238232825458e-12,101.59423828125
SCTXSUS1-10/EDTRVFPS1-15,reported,323.6601539447076,1.2458559535592597e-11,99.07145690917969
SCTXSUS1-10/EDTRVFPS1-15,reported,331.517075834116,5.6624376920992316e-11,96.05853271484375
SCTXSUS1-10/EDTRVFPS1-15,reported,339.564726241767,3.0981346223058635e-10,92.634765625
SCTXSUS1-10/EDTRVFPS1-15,reported,347.80773514466546,1.8994390830136004e-09,88.97998046875
SCTXSUS1-10/EDTRVFPS1-15,reported,356.2508449135328,1.2077047581506832e-08,85.25080871582031
SCTXSUS1-10/EDTRVFPS1-15,reported,364.8989130411878,7.395375781300806e-08,81.59611511230469
SCTXSUS1-10/EDTRVFPS1-15,reported,373.7569149371648,4.0905476213342266e-07,78.14547729492188
SCTXSUS1-10/EDTRVFPS1-15,reported,382.8299467901658,1.948638778390763e-06,74.9952163696289
SCTXSUS1-10/EDTRVFPS1-15,reported,392.12322850000004,7.753721459275409e-06,72.20791625976562
SCTXSUS1-09/EDTRVFPS1-14,reported,25.999874490000003,0.0,4636.79052734375
SCTXSUS1-09/EDTRVFPS1-14,reported,26.63102719913837,0.0,4825.2158203125
SCTXSUS1-09/EDTRVFPS1-14,reported,27.27750128001665,0.0,5070.4091796875
SCTXSUS1-09/EDTRVFPS1-14,reported,27.93966866232573,0.0,5368.1328125
SCTXSUS1-09/EDTRVFPS1-14,reported,28.617910304432016,0.0,5718.931640625
SCTXSUS1-09/EDTRVFPS1-14,reported,29.312616412550657,0.0,6132.21142578125
SCTXSUS1-09/EDTRVFPS1-14,reported,30.02418666523901,0.0,6617.20703125
SCTXSUS1-09/EDTRVFPS1-14,reported,30.753030443339945,0.0,7183.2509765625
SCTXSUS1-09/EDTRVFPS1-14,reported,31.49956706550686,0.0,7838.375
SCTXSUS1-09/EDTRVFPS1-14,reported,32.264226029446355,0.0,8588.3779296875
SCTXSUS1-09/EDTRVFPS1-14,reported,33.047447259016906,0.0,9434.951171875
SCTXSUS1-09/EDTRVFPS1-14,reported,33.84968135732603,0.0,10372.8193359375
SCTXSUS1-09/EDTRVFPS1-14,reported,34.671389865971484,0.0,11384.5703125
SCTXSUS1-09/EDTRVFPS1-14,reported,35.513045530575425,0.0,12431.7646484375
SCTXSUS1-09/EDTRVFPS1-14,reported,36.37513257276471,0.0,13442.3564453125
SCTXSUS1-09/EDTRVFPS1-14,reported,37.25814696875335,0.0,14295.2109375
SCTXSUS1-09/EDTRVFPS1-14,reported,38.16259673468773,0.0,14813.646484375
SCTXSUS1-09/EDTRVFPS1-14,reported,39.0890022189187,0.0,14890.5859375
SCTXSUS1-09/EDTRVFPS1-14,reported,40.037896401368506,0.0,14907.1455078125
SCTXSUS1-09/EDTRVFPS1-14,reported,41.00982520016499,0.0,14927.1962890625
SCTXSUS1-09/EDTRVFPS1-14,reported,42.00534778571939,0.0,14951.095703125
SCTXSUS1-09/EDTRVFPS1-14,reported,43.02503690242851,0.0,14979.0126953125
SCTXSUS1-09/EDTRVFPS1-14,reported,44.06947919818613,0.0,15010.8037109375
SCTXSUS1-09/EDTRVFPS1-14,reported,45.139275561893584,0.0,15045.9541015625
SCTXSUS1-09/EDTRVFPS1-14,reported,46.23504146916326,0.0,15083.4658203125
SCTXSUS1-09/EDTRVFPS1-14,reported,47.35740733641428,0.0,15121.880859375
SCTXSUS1-09/EDTRVFPS1-14,reported,48.507018883563966,0.0,15159.3076171875
SCTXSUS1-09/EDTRVFPS1-14,reported,49.684537505523565,0.0,15193.537109375
SCTXSUS1-09/EDTRVFPS1-14,reported,50.890640652712186,0.0,15222.2333984375
SCTXSUS1-09/EDTRVFPS1-14,reported,52.12602222080782,0.0,15243.173828125
SCTXSUS1-09/EDTRVFPS1-14,reported,53.39139294995974,0.0,15254.4765625
SCTXSUS1-09/EDTRVFPS1-14,reported,54.68748083369158,0.0,15254.8798828125
SCTXSUS1-09/EDTRVFPS1-14,reported,56.01503153773104,0.0,15243.8759765625
SCTXSUS1-09/EDTRVFPS1-14,reported,57.37480882900634,0.0,15221.8125
SCTXSUS1-09/EDTRVFPS1-14,reported,58.76759501505702,0.0,15189.8603515625
SCTXSUS1-09/EDTRVFPS1-14,reported,60.19419139411124,0.0,15149.8857421875
SCTXSUS1-09/EDTRVFPS1-14,reported,61.655418716089244,0.0,15104.2373046875
SCTXSUS1-09/EDTRVFPS1-14,reported,63.15211765479709,0.0,15055.46484375
SCTXSUS1-09/EDTRVFPS1-14,reported,64.68514929158366,0.0,15006.0908203125
SCTXSUS1-09/EDTRVFPS1-14,reported,66.25539561073822,0.0,14958.3505859375
SCTXSUS1-09/EDTRVFPS1-14,reported,67.86376000691381,0.0,14914.0302734375
SCTXSUS1-09/EDTRVFPS1-14,reported,69.5111678048689,0.0,13988.8955078125
SCTXSUS1-09/EDTRVFPS1-14,reported,71.19856679182512,0.0,5331.58154296875
SCTXSUS1-09/EDTRVFPS1-14,reported,72.9269277627487,1.0384473884824016e-286,1344.696044921875
SCTXSUS1-09/EDTRVFPS1-14,reported,74.6972450788689,5.292627885128478e-75,374.35369873046875
SCTXSUS1-09/EDTRVFPS1-14,reported,76.51053723975345,3.126104158606523e-30,167.77120971679688
SCTXSUS1-09/EDTRVFPS1-14,reported,78.36784746927303,5.305924576219978e-15,97.29230499267578
SCTXSUS1-09/EDTRVFPS1-14,reported,80.2702443157885,2.0867163819745004e-09,71.55184936523438
SCTXSUS1-09/EDTRVFPS1-14,reported,82.21882226690872,3.0363518210961335e-07,61.40376281738281
SCTXSUS1-09/EDTRVFPS1-14,reported,84.21470237917173,2.69997976699107e-06,57.01116943359375
SCTXSUS1-09/EDTRVFPS1-14,reported,86.25903292301103,8.580342283683704e-06,54.93059158325195
SCTXSUS1-09/EDTRVFPS1-14,reported,88.35299004337921,2.2488031946725537e-05,52.64141845703125
SCTXSUS1-09/EDTRVFPS1-14,reported,90.49777843640787,5.074037950376497e-05,50.823448181152344
SCTXSUS1-09/EDTRVFPS1-14,reported,92.6946320424939,0.0001371859755689761,49.2095947265625
SCTXSUS1-09/EDTRVFPS1-14,reported,94.94481475621069,0.0003686055077933572,47.0144157409668
SCTXSUS1-09/EDTRVFPS1-14,reported,97.24962115345198,0.0009400225123226697,45.2763671875
SCTXSUS1-09/EDTRVFPS1-14,reported,99.61037723622803,0.0023011173740386842,43.7159538269043
SCTXSUS1-09/EDTRVFPS1-14,reported,102.0284411955414,0.0053333248857204765,41.77568817138672
SCTXSUS1-09/EDTRVFPS1-14,reported,104.50520419278187,0.011464307007964358,40.099098205566406
SCTXSUS1-09/EDTRVFPS1-14,reported,107.04209116009018,0.022409339520961684,38.673885345458984
SCTXSUS1-09/EDTRVFPS1-14,reported,109.64056162014997,0.03931731452221059,37.50046920776367
SCTXSUS1-09/EDTRVFPS1-14,reported,112.30211052588123,0.06139754830587712,36.58182907104492
SCTXSUS1-09/EDTRVFPS1-14,reported,115.02826912051707,0.0849698637943037,35.91966247558594
SCTXSUS1-09/EDTRVFPS1-14,reported,117.82060581855892,0.10433752859505648,35.50749588012695
SCTXSUS1-09/EDTRVFPS1-14,reported,120.68072710811776,0.11422066519732481,35.33245086669922
SCTXSUS1-09/EDTRVFPS1-14,reported,123.61027847515888,0.1124967582552376,35.37533187866211
SCTXSUS1-09/EDTRVFPS1-14,reported,126.61094535018354,0.10098108393291018,35.60805130004883
SCTXSUS1-09/EDTRVFPS1-14,reported,129.68445407789196,0.0838704656595634,36.00004959106445
SCTXSUS1-09/EDTRVFPS1-14,reported,132.83257291038373,0.06562852302969653,36.51289749145508
SCTXSUS1-09/EDTRVFPS1-14,reported,136.05711302446983,0.049295657045783176,37.109649658203125
SCTXSUS1-09/EDTRVFPS1-14,reported,139.35992956367917,0.0361913876374475,37.75202178955078
SCTXSUS1-09/EDTRVFPS1-14,reported,142.7429227055605,0.026403147814757298,38.406776428222656
SCTXSUS1-09/EDTRVFPS1-14,reported,146.20803875489352,0.019410483000751478,39.04578399658203
SCTXSUS1-09/EDTRVFPS1-14,reported,149.75727126343702,0.01450492162229386,39.650325775146484
SCTXSUS1-09/EDTRVFPS1-14,reported,153.39266217686014,0.011060380934164392,40.212703704833984
SCTXSUS1-09/EDTRVFPS1-14,reported,157.11630300951524,0.008595170024833688,40.73554992675781
SCTXSUS1-09/EDTRVFPS1-14,reported,160.93033604772845,0.006755102639539241,41.234519958496094
SCTXSUS1-09/EDTRVFPS1-14,reported,164.83695558230113,0.005302596643898038,41.73453903198242
SCTXSUS1-09/EDTRVFPS1-14,reported,168.8384091709292,0.004086191857328339,42.27122116088867
SCTXSUS1-09/EDTRVFPS1-14,reported,172.9369989312694,0.0030307671313844035,42.88417053222656
SCTXSUS1-09/EDTRVFPS1-14,reported,177.1350828653942,0.0021202493556503723,43.61432647705078
SCTXSUS1-09/EDTRVFPS1-14,reported,181.4350762163982,0.0013728186385303935,44.50139617919922
SCTXSUS1-09/EDTRVFPS1-14,reported,185.83945285793735,0.000809793771205011,45.576942443847656
SCTXSUS1-09/EDTRVFPS1-14,reported,190.3507467174978,0.00043185437364076835,46.85690689086914
SCTXSUS1-09/EDTRVFPS1-14,reported,194.97155323421632,0.0002083549144314036,48.34005355834961
SCTXSUS1-09/EDTRVFPS1-14,reported,199.70453085209004,9.184545075340719e-05,50.006446838378906
SCTXSUS1-09/EDTRVFPS1-14,reported,204.5524025494314,3.7839013457815315e-05,51.81083679199219
SCTXSUS1-09/EDTRVFPS1-14,reported,209.51795740545546,1.5064664019991314e-05,53.684608459472656
SCTXSUS1-09/EDTRVFPS1-14,reported,214.60405220489196,6.0444840280682865e-06,55.543643951416016
SCTXSUS1-09/EDTRVFPS1-14,reported,219.81361308155235,2.5625447875487537e-06,57.29097366333008
SCTXSUS1-09/EDTRVFPS1-14,reported,225.14963720179495,1.2058395699668646e-06,58.80406188964844
SCTXSUS1-09/EDTRVFPS1-14,reported,230.61519448885355,6.569346667187655e-07,60.00341796875
SCTXSUS1-09/EDTRVFPS1-14,reported,236.21342938902944,4.275480480336462e-07,60.8514404296875
SCTXSUS1-09/EDTRVFPS1-14,reported,241.9475626807533,3.3768849243834504e-07,61.317413330078125
SCTXSUS1-09/EDTRVFPS1-14,reported,247.8208933275651,3.2231091546971e-07,61.40912628173828
SCTXSUS1-09/EDTRVFPS1-14,reported,253.83680037607576,3.6302124673959613e-07,61.17390441894531
SCTXSUS1-09/EDTRVFPS1-14,reported,259.9987449000001,4.6242940018186675e-07,60.6951789855957
SCTXSUS1-09/EDTRVFPS1-14,reported,266.3102719913838,6.27645959502261e-07,60.091712951660156
SCTXSUS1-09/EDTRVFPS1-14,reported,272.7750128001667,8.476531857325423e-07,59.497779846191406
SCTXSUS1-09/EDTRVFPS1-14,reported,279.3966866232572,1.054904535914836e-06,59.06553649902344
SCTXSUS1-09/EDTRVFPS1-14,reported,286.1791030443202,1.1203096289954874e-06,58.94666290283203
SCTXSUS1-09/EDTRVFPS1-14,reported,293.12616412550665,9.427477106615999e-07,59.28792190551758
SCTXSUS1-09/EDTRVFPS1-14,reported,300.24186665239006,5.866403049588232e-07,60.22465515136719
SCTXSUS1-09/EDTRVFPS1-14,reported,307.53030443339964,2.5402583121985097e-07,61.87879180908203
SCTXSUS1-09/EDTRVFPS1-14,reported,314.9956706550687,7.303227308769802e-08,64.34366607666016
SCTXSUS1-09/EDTRVFPS1-14,reported,322.64226029446365,1.3476948175210372e-08,67.68742370605469
SCTXSUS1-09/EDTRVFPS1-14,reported,330.47447259016917,1.5732460678677687e-09,71.94140625
SCTXSUS1-09/EDTRVFPS1-14,reported,338.4968135732602,1.1738486218407122e-10,77.0868911743164
SCTXSUS1-09/EDTRVFPS1-14,reported,346.713898659715,5.801114328283674e-12,83.05628967285156
SCTXSUS1-09/EDTRVFPS1-14,reported,355.1304553057543,2.0281392593743382e-13,89.72085571289062
SCTXSUS1-09/EDTRVFPS1-14,reported,363.7513257276472,5.5012206064717066e-15,96.89900207519531
SCTXSUS1-09/EDTRVFPS1-14,reported,372.5814696875336,1.2971668403560773e-16,104.36528015136719
SCTXSUS1-09/EDTRVFPS1-14,reported,381.62596734687725,3.019493458457229e-18,111.86649322509766
SCTXSUS1-09/EDTRVFPS1-14,reported,390.8900221891874,7.85854206834051e-20,119.15406036376953
SCTXSUS1-09/EDTRVFPS1-14,reported,400.37896401368516,2.565851460545703e-21,125.99605560302734
SCTXSUS1-09/EDTRVFPS1-14,reported,410.09825200165,1.1495588411401766e-22,132.2113800048828
SCTXSUS1-09/EDTRVFPS1-14,reported,420.05347785719414,7.515555934526135e-24,137.67514038085938
SCTXSUS1-09/EDTRVFPS1-14,reported,430.250369024285,7.405129783925873e-25,142.3203582763672
SCTXSUS1-09/EDTRVFPS1-14,reported,440.6947919818614,1.1002493654424744e-25,146.1449432373047
SCTXSUS1-09/EDTRVFPS1-14,reported,451.3927556189359,2.415508561108603e-26,149.18820190429688
SCTXSUS1-09/EDTRVFPS1-14,reported,462.35041469163264,7.555278203034149e-27,151.5216064453125
SCTXSUS1-09/EDTRVFPS1-14,reported,473.5740733641431,3.2099712570249992e-27,153.2406005859375
SCTXSUS1-09/EDTRVFPS1-14,reported,485.0701888356398,1.763164683831863e-27,154.44439697265625
SCTXSUS1-09/EDTRVFPS1-14,reported,496.84537505523576,1.1904415002121306e-27,155.23365783691406
SCTXSUS1-09/EDTRVFPS1-14,reported,508.906406527122,2.981235066279321e-37,199.68106079101562
SCTXSUS1-09/EDTRVFPS1-14,reported,521.2602222080781,1.2059830033511533e-39,210.54891967773438
SCTXSUS1-09/EDTRVFPS1-14,reported,533.9139294995978,2.1471473214223225e-42,223.06561279296875
SCTXSUS1-09/EDTRVFPS1-14,reported,546.874808336916,1.605328541808243e-45,237.340576171875
SCTXSUS1-09/EDTRVFPS1-14,reported,560.1503153773106,4.985308128207619e-49,253.41204833984375
SCTXSUS1-09/EDTRVFPS1-14,reported,573.7480882900636,6.544416102034096e-53,271.2662658691406
SCTXSUS1-09/EDTRVFPS1-14,reported,587.6759501505697,3.797976916021182e-57,290.8365783691406
SCTXSUS1-09/EDTRVFPS1-14,reported,601.9419139411131,1.0308486790622526e-61,312.02734375
SCTXSUS1-09/EDTRVFPS1-14,reported,616.5541871608925,1.4005034951871742e-66,334.7113342285156
SCTXSUS1-09/EDTRVFPS1-14,reported,631.521176547971,1.0086103274892027e-71,358.3306884765625
SCTXSUS1-09/EDTRVFPS1-14,reported,646.8514929158367,4.0487766902720975e-77,383.0265197753906
SCTXSUS1-09/EDTRVFPS1-14,reported,662.5539561073817,9.400813369851622e-83,408.90380859375
SCTXSUS1-09/EDTRVFPS1-14,reported,678.6376000691382,1.3023335686948692e-88,435.9035339355469
SCTXSUS1-09/EDTRVFPS1-14,reported,695.1116780486892,1.096889597594759e-94,464.0018310546875
SCTXSUS1-09/EDTRVFPS1-14,reported,711.9856679182514,5.817584904532155e-101,493.11968994140625
SCTXSUS1-09/EDTRVFPS1-14,reported,729.2692776274879,2.0226494670275375e-107,522.489501953125
SCTXSUS1-09/EDTRVFPS1-14,reported,746.9724507886885,4.886477956321157e-114,552.7575073242188
SCTXSUS1-09/EDTRVFPS1-14,reported,765.1053723975346,8.800374307125357e-121,583.8162231445312
SCTXSUS1-09/EDTRVFPS1-14,reported,783.6784746927304,1.269238433092852e-127,615.5325927734375
SCTXSUS1-09/EDTRVFPS1-14,reported,802.7024431578845,1.5649673873540683e-134,647.7008666992188
SCTXSUS1-09/EDTRVFPS1-14,reported,822.1882226690881,1.7313374869806133e-141,679.482666015625
SCTXSUS1-09/EDTRVFPS1-14,reported,842.1470237917174,1.7849570110081395e-148,711.5471801757812
SCTXSUS1-09/EDTRVFPS1-14,reported,862.5903292301106,1.731099847878871e-155,743.8645629882812
SCTXSUS1-09/EDTRVFPS1-14,reported,883.5299004337922,1.5527178246040744e-162,776.4735107421875
SCTXSUS1-09/EDTRVFPS1-14,reported,904.9777843640782,1.2430102234538686e-169,809.2275390625
SCTXSUS1-09/EDTRVFPS1-14,reported,926.9463204249399,8.340277860480516e-177,841.8991088867188
SCTXSUS1-09/EDTRVFPS1-14,reported,949.4481475621071,4.3544244949159063e-184,875.29150390625
SCTXSUS1-09/EDTRVFPS1-14,reported,972.4962115345201,1.6132610099550503e-191,909.6201782226562
SCTXSUS1-09/EDTRVFPS1-14,reported,996.1037723622806,3.8428151945724203e-199,945.0853881835938
SCTXSUS1-09/EDTRVFPS1-14,reported,1020.2844119554134,5.348681018265446e-207,981.2137451171875
SCTXSUS1-09/EDTRVFPS1-14,reported,1045.0520419278198,3.985146947409468e-215,1018.4776611328125
SCTXSUS1-09/EDTRVFPS1-14,reported,1070.420911600902,1.4916012187824895e-223,1057.296875
SCTXSUS1-09/EDTRVFPS1-14,reported,1096.4056162015,2.6885647984713763e-232,1097.78076171875
SCTXSUS1-09/EDTRVFPS1-14,reported,1123.0211052588127,2.30414813554803e-241,1139.338134765625
SCTXSUS1-09/EDTRVFPS1-14,reported,1150.2826912051698,9.381529047997398e-251,1182.2791748046875
SCTXSUS1-09/EDTRVFPS1-14,reported,1178.2060581855894,1.790433729084265e-260,1227.152587890625
SCTXSUS1-09/EDTRVFPS1-14,reported,1206.807271081178,1.5229982274254454e-270,1274.039306640625
SCTXSUS1-09/EDTRVFPS1-14,reported,1236.102784751589,5.290535435573696e-281,1321.87109375
SCTXSUS1-09/EDTRVFPS1-14,reported,1266.1094535018367,6.941503411795635e-292,1371.955078125
SCTXSUS1-09/EDTRVFPS1-14,reported,1296.8445407789197,3.323738250655248e-303,1424.3922119140625
SCTXSUS1-09/EDTRVFPS1-14,reported,1328.3257291038376,6.09166301e-315,1477.9478759765625
SCTXSUS1-09/EDTRVFPS1-14,reported,1360.5711302446985,0.0,1533.641845703125
SCTXSUS1-09/EDTRVFPS1-14,reported,1393.5992956367909,0.0,1591.5794677734375
SCTXSUS1-09/EDTRVFPS1-14,reported,1427.4292270556052,0.0,1650.0546875
SCTXSUS1-09/EDTRVFPS1-14,reported,1462.0803875489355,0.0,1710.456298828125
SCTXSUS1-09/EDTRVFPS1-14,reported,1497.5727126343704,0.0,1772.04150390625
SCTXSUS1-09/EDTRVFPS1-14,reported,1533.9266217686018,0.0,1834.0894775390625
SCTXSUS1-09/EDTRVFPS1-14,reported,1571.1630300951526,0.0,1897.585205078125
SCTXSUS1-09/EDTRVFPS1-14,reported,1609.3033604772847,0.0,1961.0634765625
SCTXSUS1-09/EDTRVFPS1-14,reported,1648.3695558230115,0.0,2025.458251953125
SCTXSUS1-09/EDTRVFPS1-14,reported,1688.3840917092923,0.0,2090.68701171875
SCTXSUS1-09/EDTRVFPS1-14,reported,1729.3699893126943,0.0,2155.956298828125
SCTXSUS1-09/EDTRVFPS1-14,reported,1771.3508286539422,0.0,2222.683349609375
SCTXSUS1-09/EDTRVFPS1-14,reported,1814.3507621639824,0.0,2289.39208984375
SCTXSUS1-09/EDTRVFPS1-14,reported,1858.394528579374,0.0,2357.3994140625
SCTXSUS1-09/EDTRVFPS1-14,reported,1903.5074671749785,0.0,2426.265625
SCTXSUS1-09/EDTRVFPS1-14,reported,1949.7155323421655,0.0,2495.800048828125
SCTXSUS1-09/EDTRVFPS1-14,reported,1997.0453085208992,0.0,2566.935302734375
SCTXSUS1-09/EDTRVFPS1-14,reported,2045.5240254943146,0.0,2638.130859375
SCTXSUS1-09/EDTRVFPS1-14,reported,2095.1795740545554,0.0,2711.27734375
SCTXSUS1-09/EDTRVFPS1-14,reported,2146.04052204892,0.0,2784.547119140625
SCTXSUS1-09/EDTRVFPS1-14,reported,2198.136130815526,0.0,2859.613525390625
SCTXSUS1-09/EDTRVFPS1-14,reported,2251.496372017948,0.0,2935.3466796875
SCTXSUS1-09/EDTRVFPS1-14,reported,2306.151944888536,0.0,3012.67236328125
SCTXSUS1-09/EDTRVFPS1-14,reported,2362.134293890295,0.0,3091.1708984375
SCTXSUS1-09/EDTRVFPS1-14,reported,2419.4756268075334,0.0,3171.3154296875
SCTXSUS1-09/EDTRVFPS1-14,reported,2478.2089332756514,0.0,3253.056640625
SCTXSUS1-09/EDTRVFPS1-14,reported,2538.368003760758,0.0,3336.6767578125
SCTXSUS1-09/EDTRVFPS1-14,reported,2599.987449000001,0.0,3422.107177734375
SCTXSUS1-04/EDTRVFPS1-20,reported,687.6359499999999,0.0,57420.77734375
SCTXSUS1-04/EDTRVFPS1-20,reported,704.3284649161915,0.0,56838.484375
SCTXSUS1-04/EDTRVFPS1-20,reported,721.4261943273892,0.0,56257.58984375
SCTXSUS1-04/EDTRVFPS1-20,reported,738.9389749051657,0.0,55679.5546875
SCTXSUS1-04/EDTRVFPS1-20,reported,756.8768821084756,0.0,55105.94921875
SCTXSUS1-04/EDTRVFPS1-20,reported,775.2502359802683,0.0,54537.8671875
SCTXSUS1-04/EDTRVFPS1-20,reported,794.0696070848211,0.0,53978.6171875
SCTXSUS1-04/EDTRVFPS1-20,reported,813.3458225891985,0.0,53429.9453125
SCTXSUS1-04/EDTRVFPS1-20,reported,833.0899724923447,0.0,52893.01171875
SCTXSUS1-04/EDTRVFPS1-20,reported,853.3134160053812,0.0,52368.01171875
SCTXSUS1-04/EDTRVFPS1-20,reported,874.0277880867947,0.0,51854.22265625
SCTXSUS1-04/EDTRVFPS1-20,reported,895.2450061362653,0.0,51349.79296875
SCTXSUS1-04/EDTRVFPS1-20,reported,916.9772768509873,0.0,50852.2734375
SCTXSUS1-04/EDTRVFPS1-20,reported,939.2371032484349,0.0,50358.73828125
SCTXSUS1-04/EDTRVFPS1-20,reported,962.0372918595963,0.0,49865.7734375
SCTXSUS1-04/EDTRVFPS1-20,reported,985.3909600968357,0.0,49370.44140625
SCTXSUS1-04/EDTRVFPS1-20,reported,1009.3115438006054,0.0,48871.0546875
SCTXSUS1-04/EDTRVFPS1-20,reported,1033.8128049693619,0.0,48365.9296875
SCTXSUS1-04/EDTRVFPS1-20,reported,1058.9088396771183,0.0,47854.02734375
SCTXSUS1-04/EDTRVFPS1-20,reported,1084.6140861832055,0.0,47334.6484375
SCTXSUS1-04/EDTRVFPS1-20,reported,1110.9433332388965,0.0,46807.421875
SCTXSUS1-04/EDTRVFPS1-20,reported,1137.9117285956738,0.0,46272.12890625
SCTXSUS1-04/EDTRVFPS1-20,reported,1165.5347877200445,0.0,45728.31640625
SCTXSUS1-04/EDTRVFPS1-20,reported,1193.8284027198958,0.0,45175.49609375
SCTXSUS1-04/EDTRVFPS1-20,reported,1222.8088514875542,0.0,44613.234375
SCTXSUS1-04/EDTRVFPS1-20,reported,1252.4928070647854,0.0,44041.15234375
SCTXSUS1-04/EDTRVFPS1-20,reported,1282.8973472351342,0.0,43459.21484375
SCTXSUS1-04/EDTRVFPS1-20,reported,1314.0399643491248,0.0,42867.98046875
SCTXSUS1-04/EDTRVFPS1-20,reported,1345.9385753879596,0.0,42268.42578125
SCTXSUS1-04/EDTRVFPS1-20,reported,1378.6115322715275,0.0,41662.125
SCTXSUS1-04/EDTRVFPS1-20,reported,1412.0776324166352,0.0,41051.21484375
SCTXSUS1-04/EDTRVFPS1-20,reported,1446.3561295515426,0.0,40437.921875
SCTXSUS1-04/EDTRVFPS1-20,reported,1481.4667447930296,0.0,39824.50390625
SCTXSUS1-04/EDTRVFPS1-20,reported,1517.4296779923475,0.0,39213.08984375
SCTXSUS1-04/EDTRVFPS1-20,reported,1554.265619356609,0.0,38605.29296875
SCTXSUS1-04/EDTRVFPS1-20,reported,1591.9957613522886,0.0,38002.234375
SCTXSUS1-04/EDTRVFPS1-20,reported,1630.6418108976723,0.0,37404.43359375
SCTXSUS1-04/EDTRVFPS1-20,reported,1670.226001851294,0.0,36811.96484375
SCTXSUS1-04/EDTRVFPS1-20,reported,1710.7711078035263,0.0,36224.4375
SCTXSUS1-04/EDTRVFPS1-20,reported,1752.3004551786876,0.0,35641.23828125
SCTXSUS1-04/EDTRVFPS1-20,reported,1794.8379366552153,0.0,35061.66796875
SCTXSUS1-04/EDTRVFPS1-20,reported,1838.4080249116014,0.0,34484.96875
SCTXSUS1-04/EDTRVFPS1-20,reported,1883.0357867060266,0.0,33910.6171875
SCTXSUS1-04/EDTRVFPS1-20,reported,1928.7468972977765,0.0,33338.12109375
SCTXSUS1-04/EDTRVFPS1-20,reported,1975.5676552187379,0.0,32767.26953125
SCTXSUS1-04/EDTRVFPS1-20,reported,2023.5249974034864,0.0,32197.83984375
SCTXSUS1-04/EDTRVFPS1-20,reported,2072.646514686642,0.0,31629.72265625
SCTXSUS1-04/EDTRVFPS1-20,reported,2122.9604676764466,0.0,31062.76953125
SCTXSUS1-04/EDTRVFPS1-20,reported,2174.4958030136613,0.0,30496.7109375
SCTXSUS1-04/EDTRVFPS1-20,reported,2227.2821700251598,0.0,29931.20703125
SCTXSUS1-04/EDTRVFPS1-20,reported,2281.349937781794,0.0,29365.638671875
SCTXSUS1-04/EDTRVFPS1-20,reported,2336.7302125703295,0.0,28797.90625
SCTXSUS1-04/EDTRVFPS1-20,reported,2393.4548557895278,0.0,28228.572265625
SCTXSUS1-04/EDTRVFPS1-20,reported,2451.556502280668,0.0,27656.837890625
SCTXSUS1-04/EDTRVFPS1-20,reported,2511.0685791030114,0.0,27081.8984375
SCTXSUS1-04/EDTRVFPS1-20,reported,2572.025324765098,0.0,26503.23046875
SCTXSUS1-04/EDTRVFPS1-20,reported,2634.461808922833,0.0,25920.470703125
SCTXSUS1-04/EDTRVFPS1-20,reported,2698.413952555783,0.0,25333.54296875
SCTXSUS1-04/EDTRVFPS1-20,reported,2763.918548633252,0.0,24740.41796875
SCTXSUS1-04/EDTRVFPS1-20,reported,2831.013283282014,0.0,24144.12109375
SCTXSUS1-04/EDTRVFPS1-20,reported,2899.7367574679142,0.0,23545.65625
SCTXSUS1-04/EDTRVFPS1-20,reported,2970.128509203789,0.0,22946.41015625
SCTXSUS1-04/EDTRVFPS1-20,reported,3042.2290362964873,0.0,22347.26171875
SCTXSUS1-04/EDTRVFPS1-20,reported,3116.079819646096,0.0,21747.53515625
SCTXSUS1-04/EDTRVFPS1-20,reported,3191.7233471107147,0.0,21151.388671875
SCTXSUS1-04/EDTRVFPS1-20,reported,3269.2031379506216,0.0,20560.30078125
SCTXSUS1-04/EDTRVFPS1-20,reported,3348.5637678657727,0.0,19974.41015625
SCTXSUS1-04/EDTRVFPS1-20,reported,3429.8508946410907,0.0,19393.076171875
SCTXSUS1-04/EDTRVFPS1-20,reported,3513.1112844143595,0.0,18820.12109375
SCTXSUS1-04/EDTRVFPS1-20,reported,3598.3928385816853,0.0,18256.40625
SCTXSUS1-04/EDTRVFPS1-20,reported,3685.7446213561893,0.0,17698.46875
SCTXSUS1-04/EDTRVFPS1-20,reported,3775.216887995628,0.0,17150.4140625
SCTXSUS1-04/EDTRVFPS1-20,reported,3866.861113715245,0.0,16613.0859375
SCTXSUS1-04/EDTRVFPS1-20,reported,3960.7300233025503,0.0,16082.5048828125
SCTXSUS1-04/EDTRVFPS1-20,reported,4056.877621450943,0.0,15561.712890625
SCTXSUS1-04/EDTRVFPS1-20,reported,4155.35922382969,0.0,15051.41796875
SCTXSUS1-04/EDTRVFPS1-20,reported,4256.231488908201,0.0,14545.78515625
SCTXSUS1-04/EDTRVFPS1-20,reported,4359.552450552748,0.0,14049.224609375
SCTXSUS1-04/EDTRVFPS1-20,reported,4465.3815514145845,0.0,13559.470703125
SCTXSUS1-04/EDTRVFPS1-20,reported,4573.779677128448,0.0,13073.044921875
SCTXSUS1-04/EDTRVFPS1-20,reported,4684.8091913413655,0.0,12593.4921875
SCTXSUS1-04/EDTRVFPS1-20,reported,4798.533971591701,0.0,12114.595703125
SCTXSUS1-04/EDTRVFPS1-20,reported,4915.019446059177,0.0,11639.94140625
SCTXSUS1-04/EDTRVFPS1-20,reported,5034.332631207091,0.0,11166.5908203125
SCTXSUS1-04/EDTRVFPS1-20,reported,5156.542170338223,0.0,10694.83203125
SCTXSUS1-04/EDTRVFPS1-20,reported,5281.7183730866955,0.0,10225.029296875
SCTXSUS1-04/EDTRVFPS1-20,reported,5409.933255868595,0.0,9756.4697265625
SCTXSUS1-04/EDTRVFPS1-20,reported,5541.260583314449,0.0,9290.615234375
SCTXSUS1-04/EDTRVFPS1-20,reported,5675.775910707504,0.0,8828.208984375
SCTXSUS1-04/EDTRVFPS1-20,reported,5813.556627452233,0.0,8368.9931640625
SCTXSUS1-04/EDTRVFPS1-20,reported,5954.682001598056,0.0,7917.80615234375
SCTXSUS1-04/EDTRVFPS1-20,reported,6099.233225443838,0.0,7469.46484375
SCTXSUS1-04/EDTRVFPS1-20,reported,6247.293462249446,0.0,7031.58935546875
SCTXSUS1-04/EDTRVFPS1-20,reported,6398.947894081321,0.0,6602.8359375
SCTXSUS1-04/EDTRVFPS1-20,reported,6554.283770819426,0.0,6182.4814453125
SCTXSUS1-04/EDTRVFPS1-20,reported,6713.390460353839,0.0,5775.4091796875
SCTXSUS1-04/EDTRVFPS1-20,reported,6876.359499999994,0.0,5380.966796875
SCTXSUS1-04/EDTRVFPS1-20,reported,7043.284649161917,0.0,4997.29443359375
SCTXSUS1-04/EDTRVFPS1-20,reported,7214.2619432738875,0.0,4629.36376953125
SCTXSUS1-04/EDTRVFPS1-20,reported,7389.389749051665,0.0,4277.97265625
SCTXSUS1-04/EDTRVFPS1-20,reported,7568.768821084757,0.0,3940.50732421875
SCTXSUS1-04/EDTRVFPS1-20,reported,7752.502359802691,0.0,3619.3193359375
SCTXSUS1-04/EDTRVFPS1-20,reported,7940.696070848212,0.0,3316.798828125
SCTXSUS1-04/EDTRVFPS1-20,reported,8133.458225891987,0.0,3033.45068359375
SCTXSUS1-04/EDTRVFPS1-20,reported,8330.899724923456,0.0,2765.3916015625
SCTXSUS1-04/EDTRVFPS1-20,reported,8533.134160053814,0.0,2515.50146484375
SCTXSUS1-04/EDTRVFPS1-20,reported,8740.277880867941,0.0,2284.906494140625
SCTXSUS1-04/EDTRVFPS1-20,reported,8952.450061362655,0.0,2072.380859375
SCTXSUS1-04/EDTRVFPS1-20,reported,9169.772768509876,0.0,1872.7291259765625
SCTXSUS1-04/EDTRVFPS1-20,reported,9392.371032484343,0.0,1690.673583984375
SCTXSUS1-04/EDTRVFPS1-20,reported,9620.372918595964,0.0,1525.518798828125
SCTXSUS1-04/EDTRVFPS1-20,reported,9853.909600968349,2.0334940259369468e-297,1368.83837890625
SCTXSUS1-04/EDTRVFPS1-20,reported,10093.115438006065,2.1827422628014314e-266,1227.2828369140625
SCTXSUS1-04/EDTRVFPS1-20,reported,10338.128049693622,2.6598243575946763e-238,1098.251220703125
SCTXSUS1-04/EDTRVFPS1-20,reported,10589.088396771194,3.87802739042174e-212,976.0557861328125
SCTXSUS1-04/EDTRVFPS1-20,reported,10846.140861832057,4.52700800865975e-188,866.7657470703125
SCTXSUS1-04/EDTRVFPS1-20,reported,11109.433332388957,9.879686257974352e-166,763.7547607421875
SCTXSUS1-04/EDTRVFPS1-20,reported,11379.11728595675,1.7385106328650168e-145,669.158203125
SCTXSUS1-04/EDTRVFPS1-20,reported,11655.347877200447,8.290060819675041e-127,584.294189453125
SCTXSUS1-04/EDTRVFPS1-20,reported,11938.28402719895,5.727781232049106e-109,502.30914306640625
SCTXSUS1-04/EDTRVFPS1-20,reported,12228.088514875546,1.1997393553616474e-93,431.25042724609375
SCTXSUS1-04/EDTRVFPS1-20,reported,12524.928070647846,4.6905864470071055e-79,363.23974609375
SCTXSUS1-04/EDTRVFPS1-20,reported,12828.973472351356,9.053075377850498e-66,303.4019470214844
SCTXSUS1-04/EDTRVFPS1-20,reported,13140.39964349125,3.2270735033677247e-54,250.2916259765625
SCTXSUS1-04/EDTRVFPS1-20,reported,13459.385753879611,7.191929738329301e-44,201.1497344970703
SCTXSUS1-04/EDTRVFPS1-20,reported,13786.115322715277,5.190751701330617e-35,162.0363311767578
SCTXSUS1-04/EDTRVFPS1-20,reported,14120.776324166343,1.3374303196958947e-26,122.98770141601562
SCTXSUS1-04/EDTRVFPS1-20,reported,14463.561295515443,1.6835742741004884e-20,94.69277954101562
SCTXSUS1-04/EDTRVFPS1-20,reported,14814.6674479303,1.1101586782383104e-14,66.72994995117188
SCTXSUS1-04/EDTRVFPS1-20,reported,15174.296779923465,3.376809757254959e-10,47.61375045776367
SCTXSUS1-04/EDTRVFPS1-20,reported,15542.656193566107,2.336629707908661e-06,29.773916244506836
SCTXSUS1-04/EDTRVFPS1-20,reported,15919.957613522889,0.00031058629269682767,19.002994537353516
SCTXSUS1-04/EDTRVFPS1-20,reported,16306.418108976712,0.027111529747371105,9.698518753051758
SCTXSUS1-04/EDTRVFPS1-20,reported,16702.260018512945,0.2587170990428392,6.638221740722656
SCTXSUS1-04/EDTRVFPS1-20,reported,17107.711078035252,0.659925030582845,4.670770645141602
SCTXSUS1-04/EDTRVFPS1-20,reported,17523.004551786893,0.04970349234303866,8.91537094116211
SCTXSUS1-04/EDTRVFPS1-20,reported,17948.37936655216,0.00419704618511584,13.411584854125977
SCTXSUS1-04/EDTRVFPS1-20,reported,18384.080249116036,3.2696012084252456e-05,24.691247940063477
SCTXSUS1-04/EDTRVFPS1-20,reported,18830.35786706027,1.8280541687391875e-07,34.86396789550781
SCTXSUS1-04/EDTRVFPS1-20,reported,19287.468972977753,2.118598343531646e-11,52.93767166137695
SCTXSUS1-04/EDTRVFPS1-20,reported,19755.6765521874,6.246670620969191e-15,67.86389923095703
SCTXSUS1-04/EDTRVFPS1-20,reported,20235.24997403487,1.0121968116296001e-19,91.52669525146484
SCTXSUS1-04/EDTRVFPS1-20,reported,20726.46514686641,5.252516492433714e-24,111.04061889648438
SCTXSUS1-04/EDTRVFPS1-20,reported,21229.60467676447,9.791089804365199e-30,137.52511596679688
SCTXSUS1-04/EDTRVFPS1-20,reported,21744.9580301366,1.4327294657508953e-35,162.9636688232422
SCTXSUS1-04/EDTRVFPS1-20,reported,22272.82170025162,1.1933739130360654e-41,190.93948364257812
SCTXSUS1-04/EDTRVFPS1-20,reported,22813.499377817945,3.8499687671459355e-48,222.38650512695312
SCTXSUS1-04/EDTRVFPS1-20,reported,23367.302125703318,2.587233034656112e-54,250.6106719970703
SCTXSUS1-04/EDTRVFPS1-20,reported,23934.5485578953,1.1875129516609426e-61,284.5423889160156
SCTXSUS1-04/EDTRVFPS1-20,reported,24515.565022806662,9.402247402900032e-69,315.7969055175781
SCTXSUS1-04/EDTRVFPS1-20,reported,25110.68579103014,8.910912508972071e-76,348.0718994140625
SCTXSUS1-04/EDTRVFPS1-20,reported,25720.253247650984,1.932202128747784e-83,384.738037109375
SCTXSUS1-04/EDTRVFPS1-20,reported,26344.618089228312,3.4628858958638932e-90,415.82183837890625
SCTXSUS1-04/EDTRVFPS1-20,reported,26984.139525557857,2.043010559555833e-97,449.10650634765625
SCTXSUS1-04/EDTRVFPS1-20,reported,27639.185486332528,3.0106179367143455e-105,485.45068359375
SCTXSUS1-04/EDTRVFPS1-20,reported,28310.132832820123,1.9863024788822024e-112,516.9511108398438
SCTXSUS1-04/EDTRVFPS1-20,reported,28997.36757467915,2.8867329620796283e-119,548.3426513671875
SCTXSUS1-04/EDTRVFPS1-20,reported,29701.28509203787,1.917761267808137e-126,581.4899291992188
SCTXSUS1-04/EDTRVFPS1-20,reported,30422.290362964908,2.7252457390401656e-133,614.837646484375
SCTXSUS1-04/EDTRVFPS1-20,reported,31160.79819646094,2.8045511287897603e-139,641.8987426757812
SCTXSUS1-04/EDTRVFPS1-20,reported,31917.23347110718,2.6318470336096142e-145,669.6466064453125
SCTXSUS1-04/EDTRVFPS1-20,reported,32692.031379506254,2.169548412837452e-151,697.6705932617188
SCTXSUS1-04/EDTRVFPS1-20,reported,33485.63767865771,2.0309983143648252e-157,725.6114501953125
SCTXSUS1-04/EDTRVFPS1-20,reported,34298.50894641095,6.056391185248334e-163,750.25244140625
SCTXSUS1-04/EDTRVFPS1-20,reported,35131.11284414357,1.0909060330114524e-167,771.3862915039062
SCTXSUS1-04/EDTRVFPS1-20,reported,35983.92838581683,3.409836651279304e-172,792.085205078125
SCTXSUS1-04/EDTRVFPS1-20,reported,36857.44621356193,1.471835585304509e-176,812.1847534179688
SCTXSUS1-04/EDTRVFPS1-20,reported,37752.168879956254,9.213399359586624e-181,831.55908203125
SCTXSUS1-04/EDTRVFPS1-20,reported,38668.611137152424,9.203950276661361e-185,850.1129150390625
SCTXSUS1-04/EDTRVFPS1-20,reported,39607.30023302555,1.9233144455487217e-188,867.7747802734375
SCTXSUS1-04/EDTRVFPS1-20,reported,40568.776214509475,1.2372396330231365e-191,883.5337524414062
SCTXSUS1-04/EDTRVFPS1-20,reported,41553.59223829694,1.98590138382722e-194,895.9797973632812
SCTXSUS1-04/EDTRVFPS1-20,reported,42562.31488908198,5.47537525734817e-197,907.6766357421875
SCTXSUS1-04/EDTRVFPS1-20,reported,43595.52450552754,2.323471210262582e-199,918.5814819335938
SCTXSUS1-04/EDTRVFPS1-20,reported,44653.81551414581,1.4996647108760707e-201,928.66259765625
SCTXSUS1-04/EDTRVFPS1-20,reported,45737.796771284455,1.481000943276011e-203,937.8966674804688
SCTXSUS1-04/EDTRVFPS1-20,reported,46848.09191341371,2.243934269336226e-205,946.275634765625
SCTXSUS1-04/EDTRVFPS1-20,reported,47985.339715916976,5.202881866164937e-207,953.8040161132812
SCTXSUS1-04/EDTRVFPS1-20,reported,49150.19446059174,1.824599496462528e-208,960.505126953125
SCTXSUS1-04/EDTRVFPS1-20,reported,50343.32631207097,9.498058435335991e-210,966.41650390625
SCTXSUS1-04/EDTRVFPS1-20,reported,51565.421703382286,7.163466214200495e-211,971.586669921875
SCTXSUS1-04/EDTRVFPS1-20,reported,52817.18373086692,7.586168174954142e-212,976.078369140625
SCTXSUS1-04/EDTRVFPS1-20,reported,54099.33255868601,1.0918751707095606e-212,979.9568481445312
SCTXSUS1-04/EDTRVFPS1-20,reported,55412.60583314455,2.0636608236198075e-213,983.2908935546875
SCTXSUS1-04/EDTRVFPS1-20,reported,56757.759107075006,4.9509189328683124e-214,986.1483154296875
SCTXSUS1-04/EDTRVFPS1-20,reported,58135.566274522294,1.4606351501413898e-214,988.5924682617188
SCTXSUS1-04/EDTRVFPS1-20,reported,59546.82001598062,5.143602359446971e-215,990.682861328125
SCTXSUS1-04/EDTRVFPS1-20,reported,60992.33225443833,2.106441283183993e-215,992.4714965820312
SCTXSUS1-04/EDTRVFPS1-20,reported,62472.93462249442,9.802785590106744e-216,994.0045166015625
SCTXSUS1-04/EDTRVFPS1-20,reported,63989.47894081328,5.0788135515589434e-216,995.3228759765625
SCTXSUS1-04/EDTRVFPS1-20,reported,65542.8377081942,2.8814779877337683e-216,996.4595336914062
SCTXSUS1-04/EDTRVFPS1-20,reported,67133.90460353835,1.764648976270835e-216,997.4432373046875
SCTXSUS1-04/EDTRVFPS1-20,reported,68763.59500000002,1.1525236894968681e-216,998.298095703125
EDTRVFPS1-11,reported,135.37219044999998,1.5987261877759903e-98,456.2558288574219
EDTRVFPS1-11,reported,138.65838034208483,3.420039988178682e-98,454.7274475097656
EDTRVFPS1-11,reported,142.024343221302,7.475603334933161e-98,453.1595764160156
EDTRVFPS1-11,reported,145.47201559457423,1.6078154353790833e-97,451.6251525878906
EDTRVFPS1-11,reported,149.00338097795898,3.316702343356521e-97,450.1736145019531
EDTRVFPS1-11,reported,152.62047103780472,6.489898071960718e-97,448.8289794921875
EDTRVFPS1-11,reported,156.32536675961035,1.204686473020073e-96,447.5901794433594
EDTRVFPS1-11,reported,160.12019964525837,2.15666875402392e-96,446.42364501953125
EDTRVFPS1-11,reported,164.0071529393118,3.834292806330423e-96,445.2731628417969
EDTRVFPS1-11,reported,167.9884628850783,7.0349403590275116e-96,444.0579528808594
EDTRVFPS1-11,reported,172.066420011167,1.3925636808753646e-95,442.6917724609375
EDTRVFPS1-11,reported,176.24337044927614,3.112585265230217e-95,441.0834045410156
EDTRVFPS1-11,reported,180.52171728397016,8.19649564074958e-95,439.1460876464844
EDTRVFPS1-11,reported,184.9039219352238,2.6200379943284216e-94,436.82257080078125
EDTRVFPS1-11,reported,189.39250557452604,1.0323352494175e-93,434.080810546875
EDTRVFPS1-11,reported,193.99005057536215,4.981515057582755e-93,430.9313049316406
EDTRVFPS1-11,reported,198.6992019989052,2.85757122798309e-92,427.4388122558594
EDTRVFPS1-11,reported,203.5226691157744,1.8490448863006637e-91,423.7048645019531
EDTRVFPS1-11,reported,208.4632269647324,1.2557076340484669e-90,419.873779296875
EDTRVFPS1-11,reported,213.52371794922243,8.234748117578458e-90,416.1145935058594
EDTRVFPS1-11,reported,218.70705347266053,4.7488081504076605e-89,412.6098937988281
EDTRVFPS1-11,reported,224.01621561342495,2.210577988917241e-88,409.5354309082031
EDTRVFPS1-11,reported,229.45425884050738,7.701931226869087e-88,407.0390930175781
EDTRVFPS1-11,reported,235.0243117708099,1.9042545172054319e-87,405.22979736328125
EDTRVFPS1-11,reported,240.72957896910273,3.254044072188525e-87,404.1572265625
EDTRVFPS1-11,reported,246.57334279167526,3.8630993274428197e-87,403.8147888183594
EDTRVFPS1-11,reported,252.55896527474223,3.311877568595206e-87,404.1237487792969
EDTRVFPS1-11,reported,258.68989006869253,2.2030081125733724e-87,404.9381408691406
EDTRVFPS1-11,reported,264.96964441928986,1.2570891594583367e-87,406.0599365234375
EDTRVFPS1-11,reported,271.40184119696994,6.993992810025446e-88,407.2339782714844
EDTRVFPS1-11,reported,277.9901809753982,4.3791149471772886e-88,408.1676330566406
EDTRVFPS1-11,reported,284.73845416048465,3.5932646461577205e-88,408.5630187988281
EDTRVFPS1-11,reported,291.65054317108286,4.4718795569838203e-88,408.1263427734375
EDTRVFPS1-11,reported,298.7304246726226,9.648190904291383e-88,406.5900573730469
EDTRVFPS1-11,reported,305.98217186496737,3.996747137686373e-87,403.7471923828125
EDTRVFPS1-11,reported,313.4099568258099,3.3855947235460866e-86,399.47540283203125
EDTRVFPS1-11,reported,321.0180529109518,5.949448296391998e-85,393.7452392578125
EDTRVFPS1-11,reported,328.8108372128529,2.0893246475588207e-83,386.6311950683594
EDTRVFPS1-11,reported,336.7927930788617,1.3459750435598213e-81,378.3020935058594
EDTRVFPS1-11,reported,344.9685126905756,1.3941899219606304e-79,369.02484130859375
EDTRVFPS1-11,reported,353.342699705818,1.976215987008284e-77,359.11962890625
EDTRVFPS1-11,reported,361.92017196474626,3.2106536159161845e-75,348.9423828125
EDTRVFPS1-11,reported,370.7058642616545,5.009049607062441e-73,338.8452453613281
EDTRVFPS1-11,reported,379.70483118406077,6.3832327938897005e-71,329.15185546875
EDTRVFPS1-11,reported,388.92225002071365,5.819643381005456e-69,320.1275634765625
EDTRVFPS1-11,reported,398.3634237401935,3.4391125963747565e-67,311.97039794921875
EDTRVFPS1-11,reported,408.03378404181586,1.2376921469811924e-65,304.802734375
EDTRVFPS1-11,reported,417.93889448059986,2.6469480092578333e-64,298.67669677734375
EDTRVFPS1-11,reported,428.0844536680944,3.382273106328167e-63,293.58099365234375
EDTRVFPS1-11,reported,438.4762985509051,2.657377130776771e-62,289.45709228515625
EDTRVFPS1-11,reported,449.1204077688095,1.3432928331028042e-61,286.2159729003906
EDTRVFPS1-11,reported,460.0229050943884,4.621776020310996e-61,283.74468994140625
EDTRVFPS1-11,reported,471.1900629561576,1.1456629714154851e-60,281.9278869628906
EDTRVFPS1-11,reported,482.62830604722524,2.1689524650496788e-60,280.65142822265625
EDTRVFPS1-11,reported,494.3442150215442,3.310176620524544e-60,279.8057556152344
EDTRVFPS1-11,reported,506.3445302799017,3.706510561449312e-52,242.71810913085938
EDTRVFPS1-11,reported,518.6361558478047,2.4060886505396857e-50,234.3652801513672
EDTRVFPS1-11,reported,531.2261633475078,2.35696417334532e-48,225.1891326904297
EDTRVFPS1-11,reported,544.1217960664626,3.3774335065706818e-46,215.25045776367188
EDTRVFPS1-11,reported,557.3304731245257,6.666191130588006e-44,204.67147827148438
EDTRVFPS1-11,reported,570.8597937423312,1.6745111770482742e-41,193.60955810546875
EDTRVFPS1-11,reported,584.7175416132765,4.898121208448367e-39,182.2455291748047
EDTRVFPS1-11,reported,598.9116893816388,1.5267520859637694e-36,170.7564697265625
EDTRVFPS1-11,reported,613.4504032294016,4.677547095311644e-34,159.30584716796875
EDTRVFPS1-11,reported,628.3420475744225,1.317511052490549e-31,148.03135681152344
EDTRVFPS1-11,reported,643.5951898826547,3.2416268920156274e-29,137.03604125976562
EDTRVFPS1-11,reported,659.2186055971841,6.713188618890828e-27,126.39768981933594
EDTRVFPS1-11,reported,675.2212831869199,1.142272783894606e-24,116.16712188720703
EDTRVFPS1-11,reported,691.6124293178453,1.5702076815641153e-22,106.3810806274414
EDTRVFPS1-11,reported,708.401474149797,1.7222802978864056e-20,97.0673828125
EDTRVFPS1-11,reported,725.5980767618297,1.490684752089372e-18,88.2507553100586
EDTRVFPS1-11,reported,743.2121307092809,1.0059880198583346e-16,79.74348449707031
EDTRVFPS1-11,reported,761.253769715733,5.235600543785721e-15,71.75445556640625
EDTRVFPS1-11,reported,779.7333735031542,2.0802834003923508e-13,64.32251739501953
EDTRVFPS1-11,reported,798.6615737635592,6.270695781622379e-12,57.46310043334961
EDTRVFPS1-11,reported,818.04926027564,1.432501807620487e-10,51.17985534667969
EDTRVFPS1-11,reported,837.9075871698798,2.4934483066176333e-09,45.46400451660156
EDTRVFPS1-11,reported,858.2479793457438,3.3459239474295995e-08,40.29412841796875
EDTRVFPS1-11,reported,879.0821390446662,3.517738704119301e-07,35.63930130004883
EDTRVFPS1-11,reported,900.4220525825793,2.950848939508429e-06,31.466445922851562
EDTRVFPS1-11,reported,922.2799972458885,2.012376175314982e-05,27.74147605895996
EDTRVFPS1-11,reported,944.668548354847,0.00011336754514315356,24.18118667602539
EDTRVFPS1-11,reported,967.6005864983885,0.0005338387191306388,20.949687957763672
EDTRVFPS1-11,reported,991.0893049445955,0.0021162387617270724,18.10089111328125
EDTRVFPS1-11,reported,1015.1482172310542,0.007076029169611871,15.637805938720703
EDTRVFPS1-11,reported,1039.791164939466,0.019900525979963366,13.573805809020996
EDTRVFPS1-11,reported,1065.0323256589954,0.04676847721205535,11.93050765991211
EDTRVFPS1-11,reported,1090.8862211429198,0.09098977794407055,10.734092712402344
EDTRVFPS1-11,reported,1117.367725663293,0.1448671215920218,9.962481498718262
EDTRVFPS1-11,reported,1144.492074568416,0.186230638667238,9.29272174835205
EDTRVFPS1-11,reported,1172.2748730480412,0.19045561599165883,9.143301010131836
EDTRVFPS1-11,reported,1200.7321051113606,0.15250065259361473,9.552346229553223
EDTRVFPS1-11,reported,1229.8801427829244,0.09407190887219663,10.561829566955566
EDTRVFPS1-11,reported,1259.7357555218034,0.04402057043738586,12.217733383178711
EDTRVFPS1-11,reported,1290.316119869404,0.015427329912110831,14.320320129394531
EDTRVFPS1-11,reported,1321.6388293314699,0.004013069608421557,16.78643798828125
EDTRVFPS1-11,reported,1353.7219045000002,0.0007705067261679861,20.00332260131836
EDTRVFPS1-11,reported,1386.5838034208487,0.00010875177358706764,24.00676918029785
EDTRVFPS1-11,reported,1420.2434322130189,1.1226338554283272e-05,28.822832107543945
EDTRVFPS1-11,reported,1454.720155945744,8.421342954534077e-07,33.842918395996094
EDTRVFPS1-11,reported,1490.0338097795902,4.568571569335491e-08,39.554779052734375
EDTRVFPS1-11,reported,1526.2047103780474,1.7955039327013971e-09,46.070430755615234
EDTRVFPS1-11,reported,1563.2536675961037,5.1708724731432016e-11,53.384727478027344
EDTRVFPS1-11,reported,1601.2019964525841,1.11308056816846e-12,60.813602447509766
EDTRVFPS1-11,reported,1640.0715293931185,1.831425244144391e-14,68.87002563476562
EDTRVFPS1-11,reported,1679.8846288507832,2.3375290524792116e-16,77.69869995117188
EDTRVFPS1-11,reported,1720.6642001116704,2.3072131050248558e-18,87.25338745117188
EDTRVFPS1-11,reported,1762.4337044927618,1.7305013442981694e-20,96.77346801757812
EDTRVFPS1-11,reported,1805.2171728397022,9.671774108854515e-23,107.09263610839844
EDTRVFPS1-11,reported,1849.0392193522384,3.9853687029870383e-25,118.23787689208984
EDTRVFPS1-11,reported,1893.9250557452608,1.2192627500253222e-27,129.74444580078125
EDTRVFPS1-11,reported,1939.90050575362,2.819382319406326e-30,141.63766479492188
EDTRVFPS1-11,reported,1986.9920199890544,5.000912477291857e-33,154.41128540039062
EDTRVFPS1-11,reported,2035.2266911577444,6.75166473168288e-36,167.92755126953125
EDTRVFPS1-11,reported,2084.6322696473244,6.734921760130669e-39,181.4839630126953
EDTRVFPS1-11,reported,2135.2371794922246,4.827406441236963e-42,195.97447204589844
EDTRVFPS1-11,reported,2187.070534726604,2.466841546472042e-45,211.43800354003906
EDTRVFPS1-11,reported,2240.1621561342517,9.155817079516765e-49,226.78298950195312
EDTRVFPS1-11,reported,2294.542588405074,2.5285965198535592e-52,243.151611328125
EDTRVFPS1-11,reported,2350.2431177081,5.136225085662688e-56,260.6173400878906
EDTRVFPS1-11,reported,2407.295789691028,7.26039361229791e-60,278.00909423828125
EDTRVFPS1-11,reported,2465.7334279167508,6.705412668097819e-64,296.61041259765625
EDTRVFPS1-11,reported,2525.589652747425,3.949043875313513e-68,316.2489929199219
EDTRVFPS1-11,reported,2586.8989006869256,1.5238357956267422e-72,336.1645812988281
EDTRVFPS1-11,reported,2649.696444192899,3.97157604905389e-77,357.5093078613281
EDTRVFPS1-11,reported,2714.0184119697,6.720015295148751e-82,379.51739501953125
EDTRVFPS1-11,reported,2779.90180975398,6.796008393693953e-87,402.4320068359375
EDTRVFPS1-11,reported,2847.3845416048475,4.010876189476618e-92,426.754150390625
EDTRVFPS1-11,reported,2916.5054317108293,1.4954686299169216e-97,451.2644958496094
EDTRVFPS1-11,reported,2987.304246726224,3.856185104422594e-103,477.3874816894531
EDTRVFPS1-11,reported,3059.8217186496768,6.640987250543752e-109,503.7684326171875
EDTRVFPS1-11,reported,3134.0995682580997,7.046582591023275e-115,531.3723754882812
EDTRVFPS1-11,reported,3210.1805291095156,4.830183522920143e-121,559.5424194335938
EDTRVFPS1-11,reported,3288.10837212853,2.5071246100822373e-127,588.4315185546875
EDTRVFPS1-11,reported,3367.9279307886145,1.0306979479710826e-133,618.1117553710938
EDTRVFPS1-11,reported,3449.6851269057597,2.9939345705648944e-140,648.0777587890625
EDTRVFPS1-11,reported,3533.426997058181,6.037834549890499e-147,679.0151977539062
EDTRVFPS1-11,reported,3619.2017196474667,9.938030249942955e-154,709.8540649414062
EDTRVFPS1-11,reported,3707.058642616546,1.4901131094383877e-160,741.83544921875
EDTRVFPS1-11,reported,3797.048311840605,1.79592000532953e-167,773.37548828125
EDTRVFPS1-11,reported,3889.222500207141,1.5944585363538907e-174,806.239990234375
EDTRVFPS1-11,reported,3983.6342374019364,1.1847039653061606e-181,838.36328125
EDTRVFPS1-11,reported,4080.337840418156,8.564096931384968e-189,871.836181640625
EDTRVFPS1-11,reported,4179.388944805999,5.295833866478215e-196,904.734375
EDTRVFPS1-11,reported,4280.844536680941,2.3610968380448718e-203,938.8434448242188
EDTRVFPS1-11,reported,4384.762985509055,8.060345000021293e-211,972.6568603515625
EDTRVFPS1-11,reported,4491.204077688096,2.4965837869794664e-218,1007.5967407226562
EDTRVFPS1-11,reported,4600.22905094389,6.237548560898546e-226,1042.5570068359375
EDTRVFPS1-11,reported,4711.900629561581,9.755585207230723e-234,1078.64892578125
EDTRVFPS1-11,reported,4826.283060472249,9.623935134544162e-242,1115.0426025390625
EDTRVFPS1-11,reported,4943.442150215447,7.402345892523319e-250,1152.674072265625
EDTRVFPS1-11,reported,5063.4453027990185,4.0209853327698497e-258,1190.7672119140625
EDTRVFPS1-11,reported,5186.361558478044,1.1370150854257518e-266,1230.31396484375
EDTRVFPS1-11,reported,5312.261633475085,1.7667659975349637e-275,1270.26953125
EDTRVFPS1-11,reported,5441.217960664627,2.0508767354918145e-284,1312.007080078125
EDTRVFPS1-11,reported,5573.304731245253,1.5173416713886677e-293,1353.8184814453125
EDTRVFPS1-11,reported,5708.597937423313,5.361687787000648e-303,1397.726318359375
EDTRVFPS1-11,reported,5847.175416132761,1.19856387884e-312,1441.32861328125
EDTRVFPS1-11,reported,5989.116893816395,0.0,1486.7294921875
EDTRVFPS1-11,reported,6134.504032294017,0.0,1532.3895263671875
EDTRVFPS1-11,reported,6283.420475744231,0.0,1578.899169921875
EDTRVFPS1-11,reported,6435.951898826548,0.0,1626.369384765625
EDTRVFPS1-11,reported,6592.186055971837,0.0,1673.55029296875
EDTRVFPS1-11,reported,6752.212831869207,0.0,1722.20166015625
EDTRVFPS1-11,reported,6916.1242931784545,0.0,1769.907470703125
EDTRVFPS1-11,reported,7084.014741497965,0.0,1818.570556640625
EDTRVFPS1-11,reported,7255.980767618299,0.0,1867.042724609375
EDTRVFPS1-11,reported,7432.121307092804,0.0,1915.177978515625
EDTRVFPS1-11,reported,7612.537697157325,0.0,1963.7841796875
EDTRVFPS1-11,reported,7797.333735031544,0.0,2010.766357421875
EDTRVFPS1-11,reported,7986.615737635601,0.0,2058.557373046875
EDTRVFPS1-11,reported,8180.492602756409,0.0,2103.9013671875
EDTRVFPS1-11,reported,8379.075871698793,0.0,2149.787353515625
EDTRVFPS1-11,reported,8582.479793457449,0.0,2193.224609375
EDTRVFPS1-11,reported,8790.821390446665,0.0,2236.875732421875
EDTRVFPS1-11,reported,9004.220525825787,0.0,2277.7763671875
EDTRVFPS1-11,reported,9222.799972458895,0.0,2319.062744140625
EDTRVFPS1-11,reported,9446.685483548472,0.0,2357.23681640625
EDTRVFPS1-11,reported,9676.005864983877,0.0,2395.5009765625
EDTRVFPS1-11,reported,9910.893049445956,0.0,2431.95068359375
EDTRVFPS1-11,reported,10151.482172310552,0.0,2467.281982421875
EDTRVFPS1-11,reported,10397.911649394653,0.0,2502.788330078125
EDTRVFPS1-11,reported,10650.323256589956,0.0,2535.470703125
EDTRVFPS1-11,reported,10908.86221142921,0.0,2568.5478515625
EDTRVFPS1-11,reported,11173.677256632933,0.0,2601.3017578125
EDTRVFPS1-11,reported,11444.920745684152,0.0,2632.210205078125
EDTRVFPS1-11,reported,11722.748730480425,0.0,2663.6904296875
EDTRVFPS1-11,reported,12007.32105111361,0.0,2694.88671875
EDTRVFPS1-11,reported,12298.801427829236,0.0,2724.46044921875
EDTRVFPS1-11,reported,12597.357555218048,0.0,2754.61328125
EDTRVFPS1-11,reported,12903.161198694032,0.0,2784.81103515625
EDTRVFPS1-11,reported,13216.38829331469,0.0,2812.89111328125
EDTRVFPS1-11,reported,13537.219045000003,0.0,2841.35986328125
EDTRVFPS1-12,reported,57.41024650000003,0.0,48977.15625
EDTRVFPS1-12,reported,58.80389294335932,0.0,48895.2890625
EDTRVFPS1-12,reported,60.23137046265884,0.0,48793.42578125
EDTRVFPS1-12,reported,61.693500314756534,0.0,48677.45703125
EDTRVFPS1-12,reported,63.19112369270259,0.0,48553.8046875
EDTRVFPS1-12,reported,64.72510220969454,0.0,48428.765625
EDTRVFPS1-12,reported,66.29631839478108,0.0,48307.9453125
EDTRVFPS1-12,reported,67.90567620059886,0.0,48195.8203125
EDTRVFPS1-12,reported,69.55410152343514,0.0,42593.9609375
EDTRVFPS1-12,reported,71.24254273591428,0.0,20181.1171875
EDTRVFPS1-12,reported,72.97197123261617,0.0,8112.94140625
EDTRVFPS1-12,reported,74.74338198893905,0.0,2806.345947265625
EDTRVFPS1-12,reported,76.55779413352948,5.6138377e-317,1457.6085205078125
EDTRVFPS1-12,reported,78.41625153460728,1.1536491625037137e-292,1345.600830078125
EDTRVFPS1-12,reported,80.31982340052451,8.964055447843046e-280,1286.2362060546875
EDTRVFPS1-12,reported,82.26960489490266,3.868064781696503e-273,1255.213623046875
EDTRVFPS1-12,reported,84.2667177667025,5.90354794872751e-270,1240.691650390625
EDTRVFPS1-12,reported,86.31231099558937,6.854604451449398e-269,1236.052734375
EDTRVFPS1-12,reported,88.40756145296416,2.5180952063758617e-269,1237.9876708984375
EDTRVFPS1-12,reported,90.5536745790416,8.806505728805886e-271,1244.6639404296875
EDTRVFPS1-12,reported,92.75188507636443,1.2605448145411493e-272,1253.2247314453125
EDTRVFPS1-12,reported,95.0034576201532,5.1092934504242664e-275,1263.7691650390625
EDTRVFPS1-12,reported,97.30968758589916,1.7808146055814301e-277,1274.865234375
EDTRVFPS1-12,reported,99.67190179462047,6.628824031736016e-280,1286.793212890625
EDTRVFPS1-12,reported,102.09145927620912,2.9468041843129996e-282,1297.8343505859375
EDTRVFPS1-12,reported,104.56975205130894,1.844746775700193e-284,1307.761474609375
EDTRVFPS1-12,reported,107.1082059321727,1.911826634773667e-286,1316.8056640625
EDTRVFPS1-12,reported,109.70828134296137,3.809914499845197e-288,1324.6038818359375
EDTRVFPS1-12,reported,112.3714741599558,1.6240247313217015e-289,1330.915771484375
EDTRVFPS1-12,reported,115.09931657216451,1.5854395705716475e-290,1335.5906982421875
EDTRVFPS1-12,reported,117.8933779628238,3.632863128255264e-291,1338.5738525390625
EDTRVFPS1-12,reported,120.75526581229511,1.9237815661924007e-291,1339.88818359375
EDTRVFPS1-12,reported,123.68662662288162,2.213739842091228e-291,1339.6552734375
EDTRVFPS1-12,reported,126.68914686609432,5.03434759174363e-291,1338.0609130859375
EDTRVFPS1-12,reported,129.76455395291384,2.007176851395183e-290,1335.3424072265625
EDTRVFPS1-12,reported,132.91461722760442,1.220535942702034e-289,1331.7769775390625
EDTRVFPS1-12,reported,136.14114898565416,9.775522134664895e-289,1327.65673828125
EDTRVFPS1-12,reported,139.44600551642515,8.990932265585826e-288,1323.25732421875
EDTRVFPS1-12,reported,142.8310881711151,8.419411893343988e-287,1318.818115234375
EDTRVFPS1-12,reported,146.2983444566427,7.317580765984748e-286,1314.522705078125
EDTRVFPS1-12,reported,149.84976915608817,5.5379229341348695e-285,1310.5006103515625
EDTRVFPS1-12,reported,153.48740547633273,3.579264762948544e-284,1306.7921142578125
EDTRVFPS1-12,reported,157.2133462235568,2.0032629907857284e-283,1303.3662109375
EDTRVFPS1-12,reported,161.0297350072746,1.0258017132277882e-282,1300.11767578125
EDTRVFPS1-12,reported,164.93876747359536,5.240750344285697e-282,1296.868408203125
EDTRVFPS1-12,reported,168.9426925684239,2.996885743453253e-281,1293.39111328125
EDTRVFPS1-12,reported,173.04381383132468,2.1777846044155094e-280,1289.43115234375
EDTRVFPS1-12,reported,177.24449072079503,2.280887644907878e-279,1284.7364501953125
EDTRVFPS1-12,reported,181.54713997170992,3.83973456233965e-278,1279.0880126953125
EDTRVFPS1-12,reported,185.95423698571813,1.1245634013422372e-276,1272.329345703125
EDTRVFPS1-12,reported,190.46831725539138,5.877102970220328e-275,1264.407958984375
EDTRVFPS1-12,reported,195.0919778229454,5.302482898972103e-273,1255.3912353515625
EDTRVFPS1-12,reported,199.82787877437013,7.482358815251854e-271,1245.4793701171875
EDTRVFPS1-12,reported,204.67874476983198,1.4125737303645722e-268,1234.9832763671875
EDTRVFPS1-12,reported,209.64736661122612,2.8779967969909715e-266,1224.3338623046875
EDTRVFPS1-12,reported,214.7366028477813,4.989800583610736e-264,1214.0079345703125
EDTRVFPS1-12,reported,219.9493814206423,5.684577539231481e-262,1204.5233154296875
EDTRVFPS1-12,reported,225.28870134737272,3.373699836227694e-260,1196.344482421875
EDTRVFPS1-12,reported,230.75763444735165,8.558452486420495e-259,1189.86767578125
EDTRVFPS1-12,reported,236.3593271090537,8.148287983657528e-258,1185.355712890625
EDTRVFPS1-12,reported,242.09700210023,2.764363148153605e-257,1182.9090576171875
EDTRVFPS1-12,reported,247.97396042203295,3.466952436348409e-257,1182.4571533203125
EDTRVFPS1-12,reported,253.99358320814804,1.8335203019316712e-257,1183.733154296875
EDTRVFPS1-12,reported,260.1593336700295,5.104480963952105e-258,1186.2939453125
EDTRVFPS1-12,reported,266.47475908935706,1.0100963658013253e-258,1189.539794921875
EDTRVFPS1-12,reported,272.9434928588577,2.0566018662450168e-259,1192.728515625
EDTRVFPS1-12,reported,279.5692565726716,6.4606914736974315e-260,1195.0479736328125
EDTRVFPS1-12,reported,286.35586216746043,4.781645673148297e-260,1195.6513671875
EDTRVFPS1-12,reported,293.30721411549206,1.2481554514367233e-259,1193.7286376953125
EDTRVFPS1-12,reported,300.4273116709638,1.6260995826926552e-258,1188.587158203125
EDTRVFPS1-12,reported,307.7202511708531,1.374513780955935e-256,1179.69921875
EDTRVFPS1-12,reported,315.19022839162477,8.740539082802569e-254,1166.769775390625
EDTRVFPS1-12,reported,322.84154096314614,4.206908672623012e-250,1149.78759765625
EDTRVFPS1-12,reported,330.6785908412007,1.3384219798252612e-245,1129.025390625
EDTRVFPS1-12,reported,338.7058868400239,2.1449830678252495e-240,1105.0277099609375
EDTRVFPS1-12,reported,346.92804722631405,1.1832535391321367e-234,1078.556396484375
EDTRVFPS1-12,reported,355.3498023762161,1.4154355780966458e-228,1050.538818359375
EDTRVFPS1-12,reported,363.97599749680387,2.228287742629346e-222,1021.9742431640625
EDTRVFPS1-12,reported,372.81159541362473,2.8459913845649613e-216,993.829833984375
EDTRVFPS1-12,reported,381.86167942591516,1.8993224473627768e-210,966.9884033203125
EDTRVFPS1-12,reported,391.1314562311259,4.650598695447155e-205,942.1546630859375
EDTRVFPS1-12,reported,400.62625892044076,3.240826768847814e-200,919.8375854492188
EDTRVFPS1-12,reported,410.3515500470137,5.515355035291378e-196,900.3424682617188
EDTRVFPS1-12,reported,420.3129247686845,2.179635332953999e-192,883.7701416015625
EDTRVFPS1-12,reported,430.51611406698856,2.049953449867115e-189,870.0709838867188
EDTRVFPS1-12,reported,440.96698804430804,5.052124759902872e-187,859.0512084960938
EDTRVFPS1-12,reported,451.67155930105724,3.7169386877692e-185,850.4512329101562
EDTRVFPS1-12,reported,462.6359863948595,9.601152434662173e-184,843.9451293945312
EDTRVFPS1-12,reported,473.8665773836861,1.0255851638652525e-182,839.2060546875
EDTRVFPS1-12,reported,485.36979345501214,5.311314234802701e-182,835.915283203125
EDTRVFPS1-12,reported,497.1522526430708,1.544885853325015e-181,833.7792358398438
EDTRVFPS1-12,reported,509.2207336363383,1.639707832825303e-157,723.1034545898438
EDTRVFPS1-12,reported,521.5821796774574,3.3835439496409215e-152,698.62451171875
EDTRVFPS1-12,reported,534.2437025578212,2.3158069237881085e-146,671.747802734375
EDTRVFPS1-12,reported,547.2125867091335,4.731094915938523e-140,642.685302734375
EDTRVFPS1-12,reported,560.4962933942915,2.4217352449668765e-133,611.7869873046875
EDTRVFPS1-12,reported,574.1024649999999,2.47296614557088e-126,579.509033203125
EDTRVFPS1-12,reported,588.0389294335923,3.913490230048795e-119,546.3571166992188
EDTRVFPS1-12,reported,602.313704626588,7.520856506603645e-112,512.8192138671875
EDTRVFPS1-12,reported,616.9350031475649,1.4070601140443007e-104,479.33758544921875
EDTRVFPS1-12,reported,631.9112369270255,2.1379054758118983e-97,446.2755126953125
EDTRVFPS1-12,reported,647.251022096945,2.295862362203629e-90,413.9114685058594
EDTRVFPS1-12,reported,662.9631839478097,1.5800862919130559e-83,382.4420471191406
EDTRVFPS1-12,reported,679.0567620059888,6.517606551706969e-77,352.0021667480469
EDTRVFPS1-12,reported,695.5410152343509,1.5405207816537858e-70,322.68280029296875
EDTRVFPS1-12,reported,712.4254273591423,2.0046831345648078e-64,294.565185546875
EDTRVFPS1-12,reported,729.7197123261611,1.3841283030086724e-58,267.72479248046875
EDTRVFPS1-12,reported,747.4338198893901,4.896716761279184e-53,242.23419189453125
EDTRVFPS1-12,reported,765.5779413352943,8.513273704629438e-48,218.17840576171875
EDTRVFPS1-12,reported,784.1625153460724,7.052818462201676e-43,195.62081909179688
EDTRVFPS1-12,reported,803.198234005244,2.723130560654987e-38,174.43307495117188
EDTRVFPS1-12,reported,822.696048949026,4.877432797393754e-34,154.64280700683594
EDTRVFPS1-12,reported,842.6671776670244,4.1138586357789184e-30,136.36582946777344
EDTRVFPS1-12,reported,863.123109955893,1.6872830994154146e-26,119.54383850097656
EDTRVFPS1-12,reported,884.0756145296409,3.525379208708505e-23,104.08602905273438
EDTRVFPS1-12,reported,905.5367457904146,3.964658916368634e-20,89.8855209350586
EDTRVFPS1-12,reported,927.5188507636445,2.5273941420245977e-17,76.84341430664062
EDTRVFPS1-12,reported,950.0345762015314,9.566098645618577e-15,64.87016296386719
EDTRVFPS1-12,reported,973.096875858991,2.2188671781546566e-12,53.907066345214844
EDTRVFPS1-12,reported,996.719017946204,3.209514966340576e-10,43.925209045410156
EDTRVFPS1-12,reported,1020.9145927620906,2.8969222372221522e-08,34.92958068847656
EDTRVFPS1-12,reported,1045.6975205130886,1.611795244429613e-06,26.95305824279785
EDTRVFPS1-12,reported,1071.082059321726,5.403190932466825e-05,20.049840927124023
EDTRVFPS1-12,reported,1097.082813429612,0.0010598762145591278,14.28831672668457
EDTRVFPS1-12,reported,1123.714741599557,0.011750430558593298,9.747593879699707
EDTRVFPS1-12,reported,1150.9931657216443,0.07087297176985694,6.512940883636475
EDTRVFPS1-12,reported,1178.9337796282373,0.22268352550614987,4.491568088531494
EDTRVFPS1-12,reported,1207.5526581229503,0.34698528152502534,3.3926455974578857
EDTRVFPS1-12,reported,1236.8662662288143,0.2535179798132992,3.863328456878662
EDTRVFPS1-12,reported,1266.8914686609435,0.08163770320494067,6.025473594665527
EDTRVFPS1-12,reported,1297.6455395291375,0.010864335501409292,10.006418228149414
EDTRVFPS1-12,reported,1329.1461722760434,0.000561465265546165,15.933042526245117
EDTRVFPS1-12,reported,1361.4114898565406,1.068528578776273e-05,23.921703338623047
EDTRVFPS1-12,reported,1394.4600551642504,7.218724677824184e-08,34.06814193725586
EDTRVFPS1-12,reported,1428.3108817111502,1.7047237616678126e-10,46.4422721862793
EDTRVFPS1-12,reported,1462.983444566426,1.4173662033427216e-13,60.181251525878906
EDTRVFPS1-12,reported,1498.4976915608793,4.2454024090721204e-17,75.87744903564453
EDTRVFPS1-12,reported,1534.8740547633263,4.7145479851260915e-21,93.8017349243164
EDTRVFPS1-12,reported,1572.133462235567,1.9880761184412376e-25,113.94175720214844
EDTRVFPS1-12,reported,1610.2973500727448,3.244125608227209e-30,136.28585815429688
EDTRVFPS1-12,reported,1649.3876747359525,2.0651280103864003e-35,160.83349609375
EDTRVFPS1-12,reported,1689.4269256842363,5.054982708117261e-41,186.90789794921875
EDTRVFPS1-12,reported,1730.4381383132459,4.570498519258512e-47,214.4629669189453
EDTRVFPS1-12,reported,1772.444907207949,1.443881981983131e-53,244.28619384765625
EDTRVFPS1-12,reported,1815.471399717098,1.518528477838962e-60,276.447509765625
EDTRVFPS1-12,reported,1859.5423698571801,5.177567320633961e-68,311.0234375
EDTRVFPS1-12,reported,1904.6831725539125,5.725435069910494e-76,347.9459228515625
EDTRVFPS1-12,reported,1950.9197782294527,2.1082055724948307e-84,385.91180419921875
EDTRVFPS1-12,reported,1998.2787877437,2.6312149308920925e-93,426.48870849609375
EDTRVFPS1-12,reported,2046.7874476983166,1.1007635438361481e-102,469.7645263671875
EDTRVFPS1-12,reported,2096.4736661122597,1.5109125993799787e-112,515.8267822265625
EDTRVFPS1-12,reported,2147.3660284778116,6.460029405025814e-123,564.0205688476562
EDTRVFPS1-12,reported,2199.4938142064216,7.692206476874058e-134,614.0043334960938
EDTRVFPS1-12,reported,2252.887013473726,2.2313029553114595e-145,667.0780029296875
EDTRVFPS1-12,reported,2307.576344473513,1.4267007846947308e-157,723.4298706054688
EDTRVFPS1-12,reported,2363.5932710905354,1.965865782612131e-170,782.7326049804688
EDTRVFPS1-12,reported,2420.9700210022984,5.935974194447121e-184,844.0462036132812
EDTRVFPS1-12,reported,2479.7396042203277,3.780316267324304e-198,909.2916870117188
EDTRVFPS1-12,reported,2539.9358320814786,4.600804680917898e-213,978.7678833007812
EDTRVFPS1-12,reported,2601.5933367002935,9.247063814145133e-229,1051.288330078125
EDTRVFPS1-12,reported,2664.747590893569,2.336028937580176e-245,1127.4852294921875
EDTRVFPS1-12,reported,2729.4349285885755,5.940570689468705e-263,1208.68798828125
EDTRVFPS1-12,reported,2795.6925657267116,1.550990758049845e-281,1294.10546875
EDTRVFPS1-12,reported,2863.5586216746024,5.009495017428104e-301,1382.9820556640625
EDTRVFPS1-12,reported,2933.0721411549184,2.24e-321,1477.314697265625
EDTRVFPS1-12,reported,3004.273116709638,0.0,1575.71533203125
EDTRVFPS1-12,reported,3077.2025117085286,0.0,1677.8299560546875
EDTRVFPS1-12,reported,3151.902283916243,0.0,1785.4337158203125
EDTRVFPS1-12,reported,3228.4154096314596,0.0,1895.66162109375
EDTRVFPS1-12,reported,3306.7859084120046,0.0,2010.4873046875
EDTRVFPS1-12,reported,3387.058868400233,0.0,2129.466552734375
EDTRVFPS1-12,reported,3469.280472263138,0.0,2250.958251953125
EDTRVFPS1-12,reported,3553.4980237621585,0.0,2377.54638671875
EDTRVFPS1-12,reported,3639.759974968033,0.0,2505.46923828125
EDTRVFPS1-12,reported,3728.1159541362445,0.0,2638.021728515625
EDTRVFPS1-12,reported,3818.616794259152,0.0,2772.84619140625
EDTRVFPS1-12,reported,3911.3145623112496,0.0,2911.002685546875
EDTRVFPS1-12,reported,4006.2625892044052,0.0,3052.321044921875
EDTRVFPS1-12,reported,4103.515500470137,0.0,3196.079345703125
EDTRVFPS1-12,reported,4203.129247686843,0.0,3343.94677734375
EDTRVFPS1-12,reported,4305.161140669883,0.0,3493.85498046875
EDTRVFPS1-12,reported,4409.669880443077,0.0,3648.917724609375
EDTRVFPS1-12,reported,4516.715593010569,0.0,3806.223876953125
EDTRVFPS1-12,reported,4626.359863948588,0.0,3969.738037109375
EDTRVFPS1-12,reported,4738.665773836858,0.0,4136.306640625
EDTRVFPS1-12,reported,4853.697934550119,0.0,4309.947265625
EDTRVFPS1-12,reported,4971.522526430696,0.0,4488.05322265625
EDTRVFPS1-12,reported,5092.20733636338,0.0,4673.59375
EDTRVFPS1-12,reported,5215.821796774575,0.0,4865.5380859375
EDTRVFPS1-12,reported,5342.437025578199,0.0,5064.4404296875
EDTRVFPS1-12,reported,5472.12586709133,0.0,5272.15576171875
EDTRVFPS1-12,reported,5604.962933942917,0.0,5485.2138671875
EDTRVFPS1-12,reported,5741.024649999996,0.0,5707.287109375
EDTRVFPS1-18,reported,44.968614454999994,0.0,18919.744140625
EDTRVFPS1-18,reported,46.0602375261186,0.0,18969.306640625
EDTRVFPS1-18,reported,47.17835998895384,0.0,19020.357421875
EDTRVFPS1-18,reported,48.32362512210616,0.0,19070.46484375
EDTRVFPS1-18,reported,49.496691819906346,0.0,19116.759765625
EDTRVFPS1-18,reported,50.698234971491026,0.0,19156.1328125
EDTRVFPS1-18,reported,51.92894584907994,0.0,19185.578125
EDTRVFPS1-18,reported,53.18953250567908,0.0,19202.521484375
EDTRVFPS1-18,reported,54.48072018243785,0.0,19205.119140625
EDTRVFPS1-18,reported,55.80325172589512,0.0,19192.5078125
EDTRVFPS1-18,reported,57.15788801535391,0.0,19164.9765625
EDTRVFPS1-18,reported,58.5454084006309,0.0,19123.919921875
EDTRVFPS1-18,reported,59.96661115043195,0.0,19071.681640625
EDTRVFPS1-18,reported,61.42231391161256,0.0,19011.3046875
EDTRVFPS1-18,reported,62.91335417958656,0.0,18946.19140625
EDTRVFPS1-18,reported,64.44058978015457,0.0,18879.724609375
EDTRVFPS1-18,reported,66.0048993630282,0.0,18814.986328125
EDTRVFPS1-18,reported,67.60718290733544,0.0,18754.47265625
EDTRVFPS1-18,reported,69.24836223939683,0.0,18700.005859375
EDTRVFPS1-18,reported,70.92938156307083,0.0,11465.6162109375
EDTRVFPS1-18,reported,72.65120800297382,0.0,3458.3408203125
EDTRVFPS1-18,reported,74.41483216088612,3.301707657215835e-90,408.1880798339844
EDTRVFPS1-18,reported,76.22126868566568,2.575509114546433e-09,39.85612106323242
EDTRVFPS1-18,reported,78.07155685699598,1.1698541657566009e-05,22.798864364624023
EDTRVFPS1-18,reported,79.96676118330515,0.00022013399967705204,16.616716384887695
EDTRVFPS1-18,reported,81.90797201419882,0.0006024074704494784,14.825672149658203
EDTRVFPS1-18,reported,83.89630616776077,0.0006862084204100928,14.084772109985352
EDTRVFPS1-18,reported,85.93290757308102,0.0006140860251946997,14.425445556640625
EDTRVFPS1-18,reported,88.01894792838141,0.00042160177398868745,15.135951042175293
EDTRVFPS1-18,reported,90.15562737511773,0.00024059157624669653,16.377151489257812
EDTRVFPS1-18,reported,92.34417518844508,0.00014656411010160444,17.27820587158203
EDTRVFPS1-18,reported,94.58585048444513,7.293765176079825e-05,18.469343185424805
EDTRVFPS1-18,reported,96.88194294452124,3.8500025931793375e-05,19.664913177490234
EDTRVFPS1-18,reported,99.23377355737821,2.1140613996177463e-05,21.224458694458008
EDTRVFPS1-18,reported,101.6426953790144,1.1712771704968288e-05,22.514514923095703
EDTRVFPS1-18,reported,104.11009431116173,6.607096666613879e-06,23.504859924316406
EDTRVFPS1-18,reported,106.63738989862365,3.875512654127419e-06,24.493576049804688
EDTRVFPS1-18,reported,109.22603614596784,2.416535095565883e-06,25.39992332458496
EDTRVFPS1-18,reported,111.87752235404503,1.6298471029395726e-06,26.17257308959961
EDTRVFPS1-18,reported,114.59337397681352,1.2037461107621562e-06,26.77801513671875
EDTRVFPS1-18,reported,117.3751534989643,9.816477358986586e-07,27.195180892944336
EDTRVFPS1-18,reported,120.22446133484995,8.843222900851659e-07,27.41985321044922
EDTRVFPS1-18,reported,123.14293674923613,8.76024701785848e-07,27.458797454833984
EDTRVFPS1-18,reported,126.13225880040328,9.437498631592064e-07,27.333267211914062
EDTRVFPS1-18,reported,129.19414730614338,1.0902535753084272e-06,27.06997299194336
EDTRVFPS1-18,reported,132.33036383320606,1.327521441859608e-06,26.702075958251953
EDTRVFPS1-18,reported,135.5427127107637,1.6727493858711327e-06,26.265668869018555
EDTRVFPS1-18,reported,138.83304206847907,2.145358762447332e-06,25.793561935424805
EDTRVFPS1-18,reported,142.20324489977136,2.757547287736946e-06,25.31598663330078
EDTRVFPS1-18,reported,145.65526015089412,3.514355099787093e-06,24.853801727294922
EDTRVFPS1-18,reported,149.1910738364505,4.4061872342746135e-06,24.42272186279297
EDTRVFPS1-18,reported,152.81272018198771,5.421253390702615e-06,24.02720069885254
EDTRVFPS1-18,reported,156.52228279432882,6.550901019629779e-06,23.666048049926758
EDTRVFPS1-18,reported,160.32189586031336,7.820680378185457e-06,23.327260971069336
EDTRVFPS1-18,reported,164.21374537463907,9.304943201101218e-06,22.99398422241211
EDTRVFPS1-18,reported,168.2000703975089,1.1169906959585248e-05,22.641536712646484
EDTRVFPS1-18,reported,172.2831643428077,1.3696600356660031e-05,22.245800018310547
EDTRVFPS1-18,reported,176.46537629755065,1.738569830256553e-05,21.780487060546875
EDTRVFPS1-18,reported,180.7491123733597,2.3077178148250684e-05,21.225868225097656
EDTRVFPS1-18,reported,185.1368370907492,3.224094774465293e-05,20.56954002380371
EDTRVFPS1-18,reported,189.63107479701512,4.7442730740130885e-05,19.810068130493164
EDTRVFPS1-18,reported,194.2344111185418,7.30975208057913e-05,18.95999526977539
EDTRVFPS1-18,reported,198.94949444836763,0.00011649594993055819,18.01534652709961
EDTRVFPS1-18,reported,203.77903746985766,0.00018863142306709913,17.027597427368164
EDTRVFPS1-18,reported,208.7258187173661,0.0003040390559792363,16.049333572387695
EDTRVFPS1-18,reported,213.7926841747843,0.00047711840294415456,15.12533950805664
EDTRVFPS1-18,reported,218.98254891289207,0.0007147768408486368,14.296292304992676
EDTRVFPS1-18,reported,224.29839876645792,0.001005850573552811,13.594731330871582
EDTRVFPS1-18,reported,229.7432920520504,0.0013149246662057577,13.044000625610352
EDTRVFPS1-18,reported,235.32036132754956,0.0015862894294515406,12.657879829406738
EDTRVFPS1-18,reported,241.03281519437215,0.0017651651929486176,12.437894821166992
EDTRVFPS1-18,reported,246.883940143444,0.0018192429587057422,12.375348091125488
EDTRVFPS1-18,reported,252.87710244598594,0.001753169903928268,12.450983047485352
EDTRVFPS1-18,reported,259.01575009019786,0.0016030571731338854,12.634503364562988
EDTRVFPS1-18,reported,265.3034147649564,0.0014200303041086086,12.883171081542969
EDTRVFPS1-18,reported,271.74371389166816,0.0012515930556485108,13.141758918762207
EDTRVFPS1-18,reported,278.34035270544456,0.0011329244806951148,13.345840454101562
EDTRVFPS1-18,reported,285.09712638679974,0.0010900145786432187,13.425012588500977
EDTRVFPS1-18,reported,292.0179222450952,0.0011517301322476543,13.311857223510742
EDTRVFPS1-18,reported,299.1067219549872,0.0013727688453446902,12.951852798461914
EDTRVFPS1-18,reported,306.36760384716695,0.0018724475930031283,12.314414024353027
EDTRVFPS1-18,reported,313.804745254705,0.002917777207552502,11.402718544006348
EDTRVFPS1-18,reported,321.4224249163569,0.0050882176308913495,10.257451057434082
EDTRVFPS1-18,reported,329.2250254382097,0.009554216801509523,8.956055641174316
EDTRVFPS1-18,reported,337.2170358150827,0.018343607776320377,7.603414535522461
EDTRVFPS1-18,reported,345.40305401313816,0.03400443662543194,6.315642356872559
EDTRVFPS1-18,reported,353.78778961518526,0.0576705947924172,5.203516483306885
EDTRVFPS1-18,reported,362.3760665301978,0.08586382714288493,4.352379322052002
EDTRVFPS1-18,reported,371.17282576860936,0.10966582404262255,3.81144380569458
EDTRVFPS1-18,reported,380.1831282849733,0.11987958214281999,3.5877602100372314
EDTRVFPS1-18,reported,389.41215788963734,0.11400492741482593,3.650364875793457
EDTRVFPS1-18,reported,398.86522423109193,0.09717244251379102,3.9403443336486816
EDTRVFPS1-18,reported,408.5477658507199,0.07698384491984077,4.3844099044799805
EDTRVFPS1-18,reported,418.4653533117011,0.058794410416766245,4.908797264099121
EDTRVFPS1-18,reported,428.6236924038689,0.04466042860559938,5.449463367462158
EDTRVFPS1-18,reported,439.0286274263681,0.034546296643092285,5.957605361938477
EDTRVFPS1-18,reported,449.6861445500002,0.027624111385629212,6.402099609375
EDTRVFPS1-18,reported,460.60237526118584,0.022996064274261124,6.767633438110352
EDTRVFPS1-18,reported,471.7835998895385,0.019953254234150487,7.051124572753906
EDTRVFPS1-18,reported,483.23625122106165,0.017995417799023986,7.257800579071045
EDTRVFPS1-18,reported,494.96691819906334,0.016785290735905328,7.396980285644531
EDTRVFPS1-18,reported,506.9823497149106,0.00014657676900473897,17.013978958129883
EDTRVFPS1-18,reported,519.2894584907996,3.2070224989044576e-05,20.126995086669922
EDTRVFPS1-18,reported,531.895325056791,4.8695291812509305e-06,24.00043296813965
EDTRVFPS1-18,reported,544.8072018243786,4.827393925002377e-07,28.7651309967041
EDTRVFPS1-18,reported,558.0325172589509,2.9600023887788703e-08,34.53738784790039
EDTRVFPS1-18,reported,571.5788801535397,1.0761944019499746e-09,41.08977127075195
EDTRVFPS1-18,reported,585.4540840063091,2.2536846067071073e-11,48.6983528137207
EDTRVFPS1-18,reported,599.6661115043197,2.6796292948921437e-13,57.467132568359375
EDTRVFPS1-18,reported,614.2231391161257,1.8041819677618802e-15,67.40717315673828
EDTRVFPS1-18,reported,629.1335417958658,6.917394015234635e-18,78.51343536376953
EDTRVFPS1-18,reported,644.4058978015457,1.5262346159568216e-20,90.77134704589844
EDTRVFPS1-18,reported,660.0489936302822,1.9637007200516576e-23,104.1629867553711
EDTRVFPS1-18,reported,676.0718290733546,1.4882684724140596e-26,118.6811294555664
EDTRVFPS1-18,reported,692.4836223939684,6.742179679160037e-30,134.1317901611328
EDTRVFPS1-18,reported,709.2938156307084,1.854528704608078e-33,150.2078094482422
EDTRVFPS1-18,reported,726.5120800297383,3.173190173973342e-37,167.34024047851562
EDTRVFPS1-18,reported,744.1483216088615,3.489473841817521e-41,185.48924255371094
EDTRVFPS1-18,reported,762.2126868566563,2.5721149041689483e-45,204.58982849121094
EDTRVFPS1-18,reported,780.7155685699607,1.3297134075507003e-49,224.5543975830078
EDTRVFPS1-18,reported,799.6676118330516,5.0530573335880084e-54,245.28350830078125
EDTRVFPS1-18,reported,819.0797201419883,1.4716064387818714e-58,265.998779296875
EDTRVFPS1-18,reported,838.9630616776079,3.392728318261737e-63,287.2049255371094
EDTRVFPS1-18,reported,859.3290757308097,6.3109802958108406e-68,308.9339904785156
EDTRVFPS1-18,reported,880.1894792838151,9.456523324188006e-73,331.18499755859375
EDTRVFPS1-18,reported,901.5562737511775,1.115948326407478e-77,354.0093994140625
EDTRVFPS1-18,reported,923.4417518844509,9.999748320708477e-83,377.4966125488281
EDTRVFPS1-18,reported,945.8585048444515,6.442416824293511e-88,401.0105285644531
EDTRVFPS1-18,reported,968.8194294452118,2.8244041701187286e-93,425.4178771972656
EDTRVFPS1-18,reported,992.3377355737833,7.925019758590533e-99,450.9094543457031
EDTRVFPS1-18,reported,1016.4269537901441,1.3391021724392444e-104,477.6355895996094
EDTRVFPS1-18,reported,1041.1009431116177,1.2845613872641031e-110,505.7237243652344
EDTRVFPS1-18,reported,1066.3738989862368,6.589538481407865e-117,534.7266235351562
EDTRVFPS1-18,reported,1092.2603614596785,1.7047267818394692e-123,564.8644409179688
EDTRVFPS1-18,reported,1118.7752235404505,2.1126407997824362e-130,596.62548828125
EDTRVFPS1-18,reported,1145.9337397681356,1.199551403779021e-137,630.1113891601562
EDTRVFPS1-18,reported,1173.751534989642,3.0236294023410315e-145,665.3817749023438
EDTRVFPS1-18,reported,1202.2446133485007,3.3169346664382446e-153,701.4869384765625
EDTRVFPS1-18,reported,1231.4293674923615,1.5695174015401773e-161,739.6256103515625
EDTRVFPS1-18,reported,1261.322588004033,3.136476605081641e-170,779.9243774414062
EDTRVFPS1-18,reported,1291.941473061434,2.525909110250585e-179,822.253173828125
EDTRVFPS1-18,reported,1323.3036383320598,7.711829015343872e-189,865.7646484375
EDTRVFPS1-18,reported,1355.4271271076386,8.606411631252494e-199,911.5772705078125
EDTRVFPS1-18,reported,1388.330420684791,3.610870190172825e-209,959.6655883789062
EDTRVFPS1-18,reported,1422.0324489977138,6.3274748721874595e-220,1008.712890625
EDTRVFPS1-18,reported,1456.5526015089415,5.413761058459231e-231,1059.4881591796875
EDTRVFPS1-18,reported,1491.9107383645041,2.5354068052149657e-242,1112.1749267578125
EDTRVFPS1-18,reported,1528.1272018198788,6.6211391356546826e-254,1165.457275390625
EDTRVFPS1-18,reported,1565.2228279432884,9.467238163317078e-266,1219.895751953125
EDTRVFPS1-18,reported,1603.218958603134,7.573890495332976e-278,1275.9007568359375
EDTRVFPS1-18,reported,1642.1374537463912,3.701097567563518e-290,1332.088134765625
EDTRVFPS1-18,reported,1682.0007039750878,1.2405231980449197e-302,1389.39404296875
EDTRVFPS1-18,reported,1722.8316434280791,2.8924037e-315,1448.2734375
EDTRVFPS1-18,reported,1764.6537629755069,0.0,1507.0887451171875
EDTRVFPS1-18,reported,1807.4911237335975,0.0,1567.4891357421875
EDTRVFPS1-18,reported,1851.368370907494,0.0,1629.363037109375
EDTRVFPS1-18,reported,1896.3107479701498,0.0,1691.55078125
EDTRVFPS1-18,reported,1942.3441111854183,0.0,1755.6968994140625
EDTRVFPS1-18,reported,1989.4949444836768,0.0,1820.7830810546875
EDTRVFPS1-18,reported,2037.7903746985753,0.0,1886.999755859375
EDTRVFPS1-18,reported,2087.2581871736634,0.0,1955.36279296875
EDTRVFPS1-18,reported,2137.9268417478434,0.0,2023.775146484375
EDTRVFPS1-18,reported,2189.825489128921,0.0,2094.467529296875
EDTRVFPS1-18,reported,2242.9839876645797,0.0,2166.29345703125
EDTRVFPS1-18,reported,2297.432920520502,0.0,2239.641845703125
EDTRVFPS1-18,reported,2353.2036132754984,0.0,2315.1884765625
EDTRVFPS1-18,reported,2410.328151943722,0.0,2391.7314453125
EDTRVFPS1-18,reported,2468.8394014344385,0.0,2471.39501953125
EDTRVFPS1-18,reported,2528.7710244598597,0.0,2551.874755859375
EDTRVFPS1-18,reported,2590.157500901977,0.0,2635.844482421875
EDTRVFPS1-18,reported,2653.0341476495673,0.0,2721.208251953125
EDTRVFPS1-18,reported,2717.437138916682,0.0,2810.046142578125
EDTRVFPS1-18,reported,2783.4035270544437,0.0,2900.426513671875
EDTRVFPS1-18,reported,2850.971263867998,0.0,2994.35546875
EDTRVFPS1-18,reported,2920.1792224509495,0.0,3089.460693359375
EDTRVFPS1-18,reported,2991.0672195498755,0.0,3188.0458984375
EDTRVFPS1-18,reported,3063.6760384716704,0.0,3287.44091796875
EDTRVFPS1-18,reported,3138.0474525470477,0.0,3389.6279296875
EDTRVFPS1-18,reported,3214.224249163572,0.0,3492.95849609375
EDTRVFPS1-18,reported,3292.250254382098,0.0,3597.8427734375
EDTRVFPS1-18,reported,3372.1703581508305,0.0,3704.41455078125
EDTRVFPS1-18,reported,3454.0305401313826,0.0,3811.1533203125
EDTRVFPS1-18,reported,3537.87789615185,0.0,3919.841796875
EDTRVFPS1-18,reported,3623.760665301982,0.0,4028.20166015625
EDTRVFPS1-18,reported,3711.728257686091,0.0,4137.71142578125
EDTRVFPS1-18,reported,3801.831282849737,0.0,4247.8720703125
EDTRVFPS1-18,reported,3894.1215788963746,0.0,4357.75048828125
EDTRVFPS1-18,reported,3988.652242310917,0.0,4469.08447265625
EDTRVFPS1-18,reported,4085.477658507203,0.0,4579.5654296875
EDTRVFPS1-18,reported,4184.653533117012,0.0,4691.18359375
EDTRVFPS1-18,reported,4286.236924038687,0.0,4803.4873046875
EDTRVFPS1-18,reported,4390.286274263685,0.0,4915.84912109375
EDTRVFPS1-18,reported,4496.861445499999,0.0,5030.263671875
