decimal_year,H3_31to29_100to95,H3_31to29_105to100,H3_33to31_100to95,H3_33to31_105to100,H3_35to33_100to95,SF6_NH_pptv,C14_NHZone2_pmC
0.5,12.32,12.32,12.32,12.32,12.32,0,5730
2020,2.4134790722115493,2.601825018075011,2.7355009580306344,3.0616158641281785,3.268363372810081,9.97659495858818,95.21036804041752
2019.5,2.429643166903658,2.6245735783582416,2.754056580187658,3.091677985628982,3.2930095465873968,9.890044871020413,95.38759901383929
2019,2.4575829980226325,2.663993698716105,2.786133581150219,3.1438402880531893,3.335654946205264,9.742466696253624,95.68698301468379
2018.5,2.485844124948988,2.7040058946407775,2.8185841888128516,3.196882664601178,3.3788526157400116,9.595157824725542,95.98730980732978
2018,2.514430242443628,2.744619058887373,2.8514127546411676,3.2508199637444952,3.4226097072423616,9.447579649958811,96.28857606350469
2017.5,2.5433450877555974,2.7858422177768656,2.8846236807830885,3.305667284475753,3.4669334653840984,9.300270778430672,96.59079103890186
2017,2.572592441110666,2.827684533202248,2.9182214206591515,3.3614399805353496,3.5118312286575404,9.152692603663922,96.89395138432327
2016.5,2.6021761262055336,2.87015530466473,2.9522104795597026,3.4181536647096276,3.5573104305905674,9.005589388570797,97.19806641365376
2016,2.6321000107077452,2.9132639713405664,2.9865954152490257,3.475824213201362,3.6033786009773134,8.858145865423353,97.50313275663875
2015.5,2.6623680067613162,2.9570201141789436,3.0213808385765244,3.5344677700741065,3.650043367124868,8.71049668584097,97.80915978572004
2015,2.692984071498204,3.0014334580313538,3.056571414095009,3.59410075177149,3.6973124551160983,8.562918511074201,98.11614410945413
2014.5,2.7239522075556564,3.0465138738129327,3.09217186068619,3.6547398517128307,3.745193691088815,8.4156096395461,98.42409515920843
2014,2.7552764635994964,3.0922713806962907,3.128186952193451,3.716402044966163,3.7936950025315226,8.266814200701155,98.73300952221682
2013.5,2.786960934853419,3.138716148338311,3.1646215180620083,3.779104593000151,3.842824419595898,8.123424657534315,99.04289668914261
2013,2.8190097636344045,3.185858499140339,3.2014804439864992,3.842865048516235,3.8925900764263885,7.969963470319783,99.3537532257635
2012.5,2.58669484233695,2.814554539290229,2.9306350667039323,3.300559421390968,3.493554222718131,7.822224954462683,99.66558868241134
2012,2.9880926522875,3.5973869814739317,3.377951038819878,4.515688161043955,4.223936446684423,7.68222495446247,99.9783996032725
2011.5,2.9500779147332596,3.2283975860950918,3.3604217610847145,3.798841287875984,4.0154397036454315,7.542029680365374,100.29219559872291
2011,3.1621529990435113,3.802222687832337,3.577734960012949,4.788852076327733,4.468179534158261,7.401901826483974,100.60697319122174
2010.5,3.1298903831343257,3.4179724220298886,3.560068481857453,4.040311503706969,4.262355763756272,7.262029680365306,100.9227420515662
2010,3.435484841879767,4.1242494964068115,3.897773108866957,5.196853455222566,4.8862276691257565,7.127271689497661,101.23949868035197
2009.5,3.343061045658491,3.668764831122631,3.8127556732097205,4.334531243288716,4.572623230903754,6.976704109589093,101.5572528091774
2009,3.090712993506345,3.7210031487414397,3.5029466073150926,4.687337155591673,4.375227142381225,6.82574885844743,101.87600091663698
2008.5,3.0527845520772448,3.3406310552471314,3.4688504838009524,3.917200482751822,4.156767761313097,6.695825136612086,102.19575279551283
2008,2.8956440560427574,3.4758365591611184,3.2696507987379904,4.371875205777307,4.085878423738392,6.564279599271553,102.51650490225985
2007.5,2.8290856650998903,3.097220329364543,3.210817932862078,3.6386888390164045,3.8424651808393615,6.4027808219178155,102.83826709122819
2007,2.7449964586895113,3.3074330120792848,3.1008326756982405,4.167016842375241,3.8665510477104,6.237100456620851,103.16103579659436
2006.5,3.387056103712604,3.7164880626148467,3.8669370626944066,4.391459395559287,4.635930239451213,6.112131506849171,103.48482093466357
2006,2.8810099080155003,3.4764263266519184,3.261208774688084,4.368339452196793,4.083609850997006,5.99632876712307,103.80961891719365
2005.5,3.1875761068667305,3.49207244831623,3.6293925281630433,4.115746247506069,4.351930949040055,5.859435159817451,104.1354397228348
2005,3.0738573628911134,3.7033977907699787,3.4825435515036247,4.664951733862267,4.354814591748798,5.721038812785423,104.46227974078509
2004.5,3.4731054071554475,3.809082158294748,3.9745388922638814,4.530099482515509,4.761412656408727,5.6187064278496734,104.79014901243126
2004,3.1773288394989017,3.804486481538761,3.5974771108898835,4.802152942150213,4.489610678738701,5.523039035039943,105.1190439042702
2003.5,3.0554119015775822,3.3453061088864975,3.4808775075177274,3.943589170480344,4.165330688190133,5.410336933517726,105.44897452081965
2003,3.289534520361041,3.969585032947638,3.734378432308534,4.996772724934829,4.677573852374112,5.297689030684467,105.77993720573215
2002.5,3.1588438099403615,3.454789965861502,3.5964068697693263,4.081070159359934,4.304395509024537,5.185246689717644,106.11194212705387
2002,2.9008033634508554,3.49732511522807,3.2876097378536175,4.395046391690383,4.106932271628309,5.07259878688446,106.44498560544945
2001.5,3.391064394088939,3.7231387653593555,3.8594618027443706,4.38986313907117,4.641707024899345,4.9601564459177325,106.77907787289229
2001,3.027671142793132,3.6509824219054785,3.4243362897259484,4.584142090281026,4.281848472339462,4.847508543084501,107.11421522691491
2000.5,3.0911533159105162,3.3915551279636116,3.5198925499289095,3.988110486348616,4.218141864329252,4.735223181739883,107.45040796382007
2000,3.1360110855273846,3.7742007236079513,3.549597844715601,4.7459231892073435,4.435222035111059,4.622678059839719,107.78765235786231
1999.5,3.527144476632728,3.9044465824740975,3.9380898001502302,4.538664312081293,4.803746213933081,4.509975958317749,108.2716103632506
1999,3.38831980201546,4.0875970591953035,3.7707035059952436,5.059349437305085,4.856620996610573,4.397328055484555,108.46532345129903
1998.5,3.7603129123606833,4.149219989312898,4.2056023708615005,4.879034812590043,5.140963875167463,4.284885714517704,108.80575682770142
1998,3.9951171677541613,4.830957878591954,4.579032616805194,6.100009528716689,5.768994581822587,4.1722378116845205,109.14725512654489
1997.5,4.732355575089234,5.276090908190592,5.331384815798229,6.185294510288535,6.5309566746936225,4.0597954707176696,109.49346500625734
1997,3.4917558832617606,4.238032333869633,3.9878132323451134,5.336292393333252,5.011947748791449,3.947147567884438,109.82169804777959
1996.5,3.8984957030496084,4.33208326242068,4.375127182760437,5.050857781714933,5.337832969982489,3.834862206539725,110.52491719981515
1996,4.290380654977828,5.202624159418827,4.919857015068586,6.576511943447091,6.197621210530904,3.7223170846398355,110.01118692692383
1995.5,4.59264030467716,5.139996570431236,5.144535656825296,5.9767316418880005,6.324486469163436,3.609614983117742,111.1068277939721
1995,4.341380789805432,5.241101946930766,4.986161780023052,6.640088125693571,6.283077168412592,3.49696708028452,111.1433795972577
1994.5,4.492278070312395,4.985060599510832,5.024600730909828,5.84580956102895,6.1805242341120605,3.3845247393178397,111.69879246734878
1994,4.673366175212924,5.685282570666138,5.3700586201186224,7.160389624330243,6.780197095003003,3.2718768364844286,111.77351143587832
1993.5,4.731914375908995,5.300087457442657,5.335471513648545,6.168884924606064,6.526386066041394,3.1594344955176816,112.09859649838859
1993,5.111179748175021,6.152441595942747,5.867483817398111,7.829633156065699,7.430689481184046,3.046786592684356,112.6159964128093
1992.5,4.165230004986557,4.6252724095452145,4.621948900013339,5.440139483050143,5.695146281133177,2.934501231339747,113.39547796963059
1992,4.389752776104005,5.311991923882789,5.0545214727453205,6.738994527106709,6.351392478060549,2.821956109439801,113.12872814009457
1991.5,4.982693128537703,5.551194013468131,5.587106474236633,6.532868723764742,6.888435230531045,2.7092540079177923,113.95976304783493
1991,4.1486657933170585,4.997064559731382,4.755071976183852,6.340010220624222,5.9998678435382695,2.5966061050845988,113.5752781493469
1990.5,4.672357883890994,5.197107357384376,5.233874943158132,6.090908901321762,6.44283193902956,2.489741928683818,114.66844928149025
1990,4.5139318794080845,5.448512872069312,5.073412284759127,6.939742149536987,6.563510728631491,2.3888584474885874,115.25920297631272
1989.5,5.737344455808588,6.432933974444737,6.510405624485369,7.667460227064734,8.019264851092037,2.288949771689507,115.73060208006832
1989,5.605315517846859,6.76737306311286,6.472629378976133,8.617826213337425,8.214782824097975,2.193972602739772,116.41933456583341
1988.5,4.24685731395508,4.6858176477239954,4.763773215063838,5.549468284519737,5.846038125644377,2.0990892531875907,116.94228966538553
1988,5.880798408127515,7.103551262513936,6.79625512808796,9.022980851192282,8.634804928365996,2.0041803278688803,117.12852778824028
1987.5,5.5,5.666666666666667,6.666666666666667,6.666666666666667,7.666666666666667,1.914054794520581,118.03984267150973
1987,6.833333333333333,8.166666666666666,7.833333333333333,9.666666666666666,9.833333333333334,1.8290867579909218,117.96400623754602
1986.5,6.666666666666667,6.833333333333333,7.333333333333333,8.333333333333334,9.166666666666666,1.7440547945206124,118.61328978910801
1986,6.833333333333333,8.5,7.5,10.666666666666666,9.666666666666666,1.6590867579909439,118.80797218257293
1985.5,7.166666666666667,8.333333333333334,8.166666666666666,10.333333333333334,9.5,1.5791598173516188,119.6548599079983
1985,6.166666666666667,7,7,9.166666666666666,8.333333333333334,1.5042009132419878,120.00393233349621
1984.5,8.666666666666666,9.333333333333334,10.666666666666666,10.5,10.333333333333334,1.4292714025501045,121.16134719256814
1984,7.5,9.5,8.333333333333334,11.333333333333334,10.166666666666666,1.3543624772313574,121.2284323499121
1983.5,7.666666666666667,7.833333333333333,8,9.666666666666666,10.333333333333334,1.2842648401827148,122.47904684544136
1983,7.5,9.166666666666666,9,11.5,11.166666666666666,1.214200913241939,122.7785972571465
1982.5,9,9.5,9.5,10.333333333333334,11.333333333333334,1.1493698630136844,123.62104925740488
1982,10.666666666666666,12.5,12.5,15.5,14.666666666666666,1.0842009132420003,124.12657906074251
1981.5,11.666666666666666,12.5,13.166666666666666,15.166666666666666,16.166666666666668,1.019369863013722,125.52872191044678
1981,17.5,21.5,21.5,26.166666666666668,26.166666666666668,0.9644292237442803,125.41341490353851
1980.5,10.333333333333334,12.166666666666666,13.5,16.166666666666668,17,0.909453551912577,126.48704396594395
1980,11.666666666666666,13.833333333333334,13.833333333333334,17.5,17.5,0.8545446265938116,126.55612375707797
1979.5,9.333333333333334,10.666666666666666,10.666666666666666,14,14,0.7993698630137326,128.67952111848768
1979,12.166666666666666,14.5,14.333333333333334,18.666666666666668,18.666666666666668,0.7495433789954214,129.59408862377808
1978.5,15.5,18.166666666666668,18,22.5,22,0.7044748858447605,131.83415165031417
1978,20.833333333333332,24.166666666666668,24.166666666666668,35.833333333333336,35.833333333333336,0.6633789954337838,132.25237403251154
1977.5,15.833333333333334,19.333333333333332,19.333333333333332,23.833333333333332,23.833333333333332,0.6309086757991054,132.83014674924493
1977,16.5,19.5,19.5,24,24,0.5817579908676009,133.20193728899622
1976.5,14.5,18.666666666666668,19.5,21.666666666666668,23,0.5321812386156589,134.38951926756565
1976,15.666666666666666,18,17.666666666666668,22.5,21.666666666666668,0.4971812386156529,134.92928497125988
1975.5,18.333333333333332,20.5,21.666666666666668,24.5,24.5,0.4646849315068498,138.5279509037449
1975,21.666666666666668,25.833333333333332,28.333333333333332,33.333333333333336,35,0.4346575342465731,137.7171428924482
1974.5,23.333333333333332,25.833333333333332,26.666666666666668,30.833333333333332,32.5,0.4046849315068523,140.32936796446526
1974,22.5,26.666666666666668,26.666666666666668,36.666666666666664,38.333333333333336,0.3746575342465661,141.76862737040477
1973.5,21.666666666666668,21.666666666666668,21.666666666666668,25.833333333333332,28.333333333333332,0.3497899543378959,143.40254548402916
1973,19.166666666666668,21.666666666666668,20.833333333333332,30,30,0.329771689497709,143.53748444778864
1972.5,23.333333333333332,25,25,30.833333333333332,30.833333333333332,0.3098178506375338,146.23543844448525
1972,25.833333333333332,29.166666666666668,29.166666666666668,43.333333333333336,43.333333333333336,0.28981785063752835,148.35359629368432
1971.5,37.5,42.5,44.166666666666664,59.166666666666664,60.833333333333336,0.2748949771689482,149.92348611596026
1971,50,60.833333333333336,60,85,85,0.26488584474885596,150.17024642550447
1970.5,44.166666666666664,49.166666666666664,50,60.833333333333336,65.83333333333333,0.2523424657534174,152.78947428765014
1970,72.5,85.83333333333333,87.5,105,108.33333333333333,0.23732876712328613,153.24593881313606
1969.5,53.333333333333336,59.166666666666664,59.166666666666664,70,73.33333333333333,0.22489497716895102,154.335953647985
1969,80,90.83333333333333,98.33333333333333,110,123.33333333333333,0.21488584474886352,155.9149377060861
1968.5,44.166666666666664,50.833333333333336,54.166666666666664,69.16666666666667,75,0.2049089253187629,155.99004262843107
1968,78.33333333333333,86.66666666666667,94.16666666666667,108.33333333333333,122.5,0.1949089253187554,156.93993181048478
1967.5,48.333333333333336,61.666666666666664,61.666666666666664,76.66666666666667,85,0.18234246575341592,160.5417200253444
1967,75,85.83333333333333,91.66666666666667,108.33333333333333,129.16666666666666,0.16732876712327874,162.53062167178442
1966.5,89.16666666666667,109.16666666666667,109.16666666666667,129.16666666666666,137.5,0.1548949771689531,166.50411248360413
1966,158.33333333333334,195,196.66666666666666,258.3333333333333,268.3333333333333,0.14488584474886443,167.5304814491437
1965.5,131.66666666666666,157.5,165.83333333333334,187.5,204.16666666666666,0.13489497716894996,172.44796427840012
1965,245.83333333333334,291.6666666666667,291.6666666666667,366.6666666666667,383.3333333333333,0.12488584474885893,175.13006390199916
1964.5,184.16666666666666,258.3333333333333,226.66666666666666,395.8333333333333,408.3333333333333,0.11490892531875947,181.8420974817208
1964,408.3333333333333,566.6666666666666,558.3333333333334,833.3333333333334,1016.6666666666666,0.10490892531876028,177.43559402638175
1963.5,525,533.3333333333334,600,683.3333333333334,716.6666666666666,0.09693698630137071,181.3832814064218
1963,925,1116.6666666666667,1150,1433.3333333333333,1350,0.0909315068493175,156.47495402375782
1962.5,270.8333333333333,291.6666666666667,315,345.8333333333333,370.8333333333333,0.08570273972602986,140.20213041935207
1962,425,433.3333333333333,533.3333333333334,566.6666666666666,608.3333333333334,0.08119863013698432,131.8778383286111
1961.5,58.333333333333336,60,77.5,73.33333333333333,94.16666666666667,0.07721324200913375,125.35039612361248
1961,46.666666666666664,51.666666666666664,56.666666666666664,63.333333333333336,68.33333333333333,0.07371004566210211,122.48891093291483
1960.5,30,31.666666666666668,33,36.666666666666664,44.166666666666664,0.07047267759562814,122.92004224810182
1960,43.333333333333336,52.5,50.833333333333336,62.5,62.5,0.06747267759563069,123.22219408567561
1959.5,42.5,45,50.833333333333336,55.833333333333336,65.83333333333333,0.06497899543379004,123.41635141501844
1959,245.83333333333334,245.83333333333334,316.6666666666667,295.8333333333333,379.1666666666667,0.06297716894977216,122.27852048662892
1958.5,123.33333333333333,124.16666666666667,142.5,138.33333333333334,185.83333333333334,0.06148949771689612,119.85951224391245
1958,110,125,137.5,154.16666666666666,175,0.0604885844748874,116.00079055057479
1957.5,26.666666666666668,30.833333333333332,30.833333333333332,31.666666666666668,42.5,0.059489497716895746,110.65485227546628
1957,35,40.833333333333336,42.5,48.333333333333336,54.166666666666664,0.058488584474886064,107.32221540492235
1956.5,32.333333333333336,35.833333333333336,37.166666666666664,38,47.5,0.057490892531876815,105.72922970083721
1956,35,45,44.166666666666664,51.666666666666664,55.833333333333336,0.05649089253187604,104.03164911263093
1955.5,8.5,8.666666666666666,9.666666666666666,9.833333333333334,11.833333333333334,0.05574474885844779,102.17080519998235
1955,16.166666666666668,16.166666666666668,19.333333333333332,18.5,24.166666666666668,0.055244292237441726,100.34680968162668
1954.5,20,20.166666666666668,21.833333333333332,23.333333333333332,30.833333333333332,0.054999999999999716,99.47552261595281
1954,138.66666670986282,134.34444448655873,166.3111111510607,157.93333337220065,205.5111111694217,0.05499999999999999,99.26897960375084
1953.5,6.845844869441746,7.524943392295683,8.50198517734035,8.05129806427444,10.876706196762536,0.054744748858448156,99.06324233324322
1953,3.075069216650473,5.149660353774105,6.011911064042099,4.307788385646632,4.260237180575218,0.0542442922374425,98.85755534681745
1952.5,3.075069216650473,5.149660353774105,6.011911064042099,4.307788385646632,4.260237180575218,0.026508196721304483,98.65295640939316
1952,3.075069216650473,5.149660353774105,6.011911064042099,4.307788385646632,4.260237180575218,0,98.44830826330322
1951.5,3.075069216650473,5.149660353774105,6.011911064042099,4.307788385646632,4.260237180575218,0,98.24380082236947
1951,3.075069216650473,5.149660353774105,6.011911064042099,4.307788385646632,4.260237180575218,0,98.03981525870103
1950.5,3.075069216650473,5.149660353774105,6.011911064042099,4.307788385646632,4.260237180575218,0,97.83662545990474
1950,3.075069216650473,5.149660353774105,6.011911064042099,4.307788385646632,4.260237180575218,0,97.63348532256481
1949.5,3.075069216650473,5.149660353774105,6.011911064042099,4.307788385646632,4.260237180575218,0,97.75
1949,3.075069216650473,5.149660353774105,6.011911064042099,4.307788385646632,4.260237180575218,0,97.75
1948.5,3.075069216650473,5.149660353774105,6.011911064042099,4.307788385646632,4.260237180575218,0,97.75
1948,3.075069216650473,5.149660353774105,6.011911064042099,4.307788385646632,4.260237180575218,0,97.75
1947.5,3.075069216650473,5.149660353774105,6.011911064042099,4.307788385646632,4.260237180575218,0,97.75
1947,3.075069216650473,5.149660353774105,6.011911064042099,4.307788385646632,4.260237180575218,0,97.75
1946.5,3.075069216650473,5.149660353774105,6.011911064042099,4.307788385646632,4.260237180575218,0,97.75
1946,3.075069216650473,5.149660353774105,6.011911064042099,4.307788385646632,4.260237180575218,0,97.75
1945.5,3.075069216650473,5.149660353774105,6.011911064042099,4.307788385646632,4.260237180575218,0,97.75
1945,3.075069216650473,5.149660353774105,6.011911064042099,4.307788385646632,4.260237180575218,0,97.75
1944.5,3.075069216650473,5.149660353774105,6.011911064042099,4.307788385646632,4.260237180575218,0,98
1944,3.075069216650473,5.149660353774105,6.011911064042099,4.307788385646632,4.260237180575218,0,98
1943.5,3.075069216650473,5.149660353774105,6.011911064042099,4.307788385646632,4.260237180575218,0,98
1943,3.075069216650473,5.149660353774105,6.011911064042099,4.307788385646632,4.260237180575218,0,98
1942.5,3.075069216650473,5.149660353774105,6.011911064042099,4.307788385646632,4.260237180575218,0,98
1942,3.075069216650473,5.149660353774105,6.011911064042099,4.307788385646632,4.260237180575218,0,98
1941.5,3.075069216650473,5.149660353774105,6.011911064042099,4.307788385646632,4.260237180575218,0,98
1941,3.075069216650473,5.149660353774105,6.011911064042099,4.307788385646632,4.260237180575218,0,98
1940.5,3.075069216650473,5.149660353774105,6.011911064042099,4.307788385646632,4.260237180575218,0,98
1940,3.075069216650473,5.149660353774105,6.011911064042099,4.307788385646632,4.260237180575218,0,98
1939.5,3.075069216650473,5.149660353774105,6.011911064042099,4.307788385646632,4.260237180575218,0,98.27999999999999
1939,3.075069216650473,5.149660353774105,6.011911064042099,4.307788385646632,4.260237180575218,0,98.27999999999999
1938.5,3.075069216650473,5.149660353774105,6.011911064042099,4.307788385646632,4.260237180575218,0,98.27999999999999
1938,3.075069216650473,5.149660353774105,6.011911064042099,4.307788385646632,4.260237180575218,0,98.27999999999999
1937.5,3.075069216650473,5.149660353774105,6.011911064042099,4.307788385646632,4.260237180575218,0,98.27999999999999
1937,3.075069216650473,5.149660353774105,6.011911064042099,4.307788385646632,4.260237180575218,0,98.27999999999999
1936.5,3.075069216650473,5.149660353774105,6.011911064042099,4.307788385646632,4.260237180575218,0,98.27999999999999
1936,3.075069216650473,5.149660353774105,6.011911064042099,4.307788385646632,4.260237180575218,0,98.27999999999999
1935.5,3.075069216650473,5.149660353774105,6.011911064042099,4.307788385646632,4.260237180575218,0,98.27999999999999
1935,3.075069216650473,5.149660353774105,6.011911064042099,4.307788385646632,4.260237180575218,0,98.27999999999999
1934.5,3.075069216650473,5.149660353774105,6.011911064042099,4.307788385646632,4.260237180575218,0,98.36
1934,3.075069216650473,5.149660353774105,6.011911064042099,4.307788385646632,4.260237180575218,0,98.36
1933.5,3.075069216650473,5.149660353774105,6.011911064042099,4.307788385646632,4.260237180575218,0,98.36
1933,3.075069216650473,5.149660353774105,6.011911064042099,4.307788385646632,4.260237180575218,0,98.36
1932.5,3.075069216650473,5.149660353774105,6.011911064042099,4.307788385646632,4.260237180575218,0,98.36
1932,3.075069216650473,5.149660353774105,6.011911064042099,4.307788385646632,4.260237180575218,0,98.36
1931.5,3.075069216650473,5.149660353774105,6.011911064042099,4.307788385646632,4.260237180575218,0,98.36
1931,3.075069216650473,5.149660353774105,6.011911064042099,4.307788385646632,4.260237180575218,0,98.36
1930.5,3.075069216650473,5.149660353774105,6.011911064042099,4.307788385646632,4.260237180575218,0,98.36
1930,3.075069216650473,5.149660353774105,6.011911064042099,4.307788385646632,4.260237180575218,0,98.36
1929.5,3.075069216650473,5.149660353774105,6.011911064042099,4.307788385646632,4.260237180575218,0,98.67
1929,3.075069216650473,5.149660353774105,6.011911064042099,4.307788385646632,4.260237180575218,0,98.67
1928.5,3.075069216650473,5.149660353774105,6.011911064042099,4.307788385646632,4.260237180575218,0,98.67
1928,3.075069216650473,5.149660353774105,6.011911064042099,4.307788385646632,4.260237180575218,0,98.67
1927.5,3.075069216650473,5.149660353774105,6.011911064042099,4.307788385646632,4.260237180575218,0,98.67
1927,3.075069216650473,5.149660353774105,6.011911064042099,4.307788385646632,4.260237180575218,0,98.67
1926.5,3.075069216650473,5.149660353774105,6.011911064042099,4.307788385646632,4.260237180575218,0,98.67
1926,3.075069216650473,5.149660353774105,6.011911064042099,4.307788385646632,4.260237180575218,0,98.67
1925.5,3.075069216650473,5.149660353774105,6.011911064042099,4.307788385646632,4.260237180575218,0,98.67
1925,3.075069216650473,5.149660353774105,6.011911064042099,4.307788385646632,4.260237180575218,0,98.67
1924.5,3.075069216650473,5.149660353774105,6.011911064042099,4.307788385646632,4.260237180575218,0,98.76
1924,3.075069216650473,5.149660353774105,6.011911064042099,4.307788385646632,4.260237180575218,0,98.76
1923.5,3.075069216650473,5.149660353774105,6.011911064042099,4.307788385646632,4.260237180575218,0,98.76
1923,3.075069216650473,5.149660353774105,6.011911064042099,4.307788385646632,4.260237180575218,0,98.76
1922.5,3.075069216650473,5.149660353774105,6.011911064042099,4.307788385646632,4.260237180575218,0,98.76
1922,3.075069216650473,5.149660353774105,6.011911064042099,4.307788385646632,4.260237180575218,0,98.76
1921.5,3.075069216650473,5.149660353774105,6.011911064042099,4.307788385646632,4.260237180575218,0,98.76
1921,3.075069216650473,5.149660353774105,6.011911064042099,4.307788385646632,4.260237180575218,0,98.76
1920.5,3.075069216650473,5.149660353774105,6.011911064042099,4.307788385646632,4.260237180575218,0,98.76
1920,3.075069216650473,5.149660353774105,6.011911064042099,4.307788385646632,4.260237180575218,0,98.76
1919.5,3.075069216650473,5.149660353774105,6.011911064042099,4.307788385646632,4.260237180575218,0,99.13
1919,3.075069216650473,5.149660353774105,6.011911064042099,4.307788385646632,4.260237180575218,0,99.13
1918.5,3.075069216650473,5.149660353774105,6.011911064042099,4.307788385646632,4.260237180575218,0,99.13
1918,3.075069216650473,5.149660353774105,6.011911064042099,4.307788385646632,4.260237180575218,0,99.13
1917.5,3.075069216650473,5.149660353774105,6.011911064042099,4.307788385646632,4.260237180575218,0,99.13
1917,3.075069216650473,5.149660353774105,6.011911064042099,4.307788385646632,4.260237180575218,0,99.13
1916.5,3.075069216650473,5.149660353774105,6.011911064042099,4.307788385646632,4.260237180575218,0,99.13
1916,3.075069216650473,5.149660353774105,6.011911064042099,4.307788385646632,4.260237180575218,0,99.13
1915.5,3.075069216650473,5.149660353774105,6.011911064042099,4.307788385646632,4.260237180575218,0,99.13
1915,3.075069216650473,5.149660353774105,6.011911064042099,4.307788385646632,4.260237180575218,0,99.13
1914.5,3.075069216650473,5.149660353774105,6.011911064042099,4.307788385646632,4.260237180575218,0,99.25
1914,3.075069216650473,5.149660353774105,6.011911064042099,4.307788385646632,4.260237180575218,0,99.25
1913.5,3.075069216650473,5.149660353774105,6.011911064042099,4.307788385646632,4.260237180575218,0,99.25
1913,3.075069216650473,5.149660353774105,6.011911064042099,4.307788385646632,4.260237180575218,0,99.25
1912.5,3.075069216650473,5.149660353774105,6.011911064042099,4.307788385646632,4.260237180575218,0,99.25
1912,3.075069216650473,5.149660353774105,6.011911064042099,4.307788385646632,4.260237180575218,0,99.25
1911.5,3.075069216650473,5.149660353774105,6.011911064042099,4.307788385646632,4.260237180575218,0,99.25
1911,3.075069216650473,5.149660353774105,6.011911064042099,4.307788385646632,4.260237180575218,0,99.25
1910.5,3.075069216650473,5.149660353774105,6.011911064042099,4.307788385646632,4.260237180575218,0,99.25
1910,3.075069216650473,5.149660353774105,6.011911064042099,4.307788385646632,4.260237180575218,0,99.25
1909.5,3.075069216650473,5.149660353774105,6.011911064042099,4.307788385646632,4.260237180575218,0,99.5
1909,3.075069216650473,5.149660353774105,6.011911064042099,4.307788385646632,4.260237180575218,0,99.5
1908.5,3.075069216650473,5.149660353774105,6.011911064042099,4.307788385646632,4.260237180575218,0,99.5
1908,3.075069216650473,5.149660353774105,6.011911064042099,4.307788385646632,4.260237180575218,0,99.5
1907.5,3.075069216650473,5.149660353774105,6.011911064042099,4.307788385646632,4.260237180575218,0,99.5
1907,3.075069216650473,5.149660353774105,6.011911064042099,4.307788385646632,4.260237180575218,0,99.5
1906.5,3.075069216650473,5.149660353774105,6.011911064042099,4.307788385646632,4.260237180575218,0,99.5
1906,3.075069216650473,5.149660353774105,6.011911064042099,4.307788385646632,4.260237180575218,0,99.5
1905.5,3.075069216650473,5.149660353774105,6.011911064042099,4.307788385646632,4.260237180575218,0,99.5
1905,3.075069216650473,5.149660353774105,6.011911064042099,4.307788385646632,4.260237180575218,0,99.5
1904.5,3.075069216650473,5.149660353774105,6.011911064042099,4.307788385646632,4.260237180575218,0,99.73
1904,3.075069216650473,5.149660353774105,6.011911064042099,4.307788385646632,4.260237180575218,0,99.73
1903.5,3.075069216650473,5.149660353774105,6.011911064042099,4.307788385646632,4.260237180575218,0,99.73
1903,3.075069216650473,5.149660353774105,6.011911064042099,4.307788385646632,4.260237180575218,0,99.73
1902.5,3.075069216650473,5.149660353774105,6.011911064042099,4.307788385646632,4.260237180575218,0,99.73
1902,3.075069216650473,5.149660353774105,6.011911064042099,4.307788385646632,4.260237180575218,0,99.73
1901.5,3.075069216650473,5.149660353774105,6.011911064042099,4.307788385646632,4.260237180575218,0,99.73
1901,3.075069216650473,5.149660353774105,6.011911064042099,4.307788385646632,4.260237180575218,0,99.73
1900.5,3.075069216650473,5.149660353774105,6.011911064042099,4.307788385646632,4.260237180575218,0,99.73
1900,3.075069216650473,5.149660353774105,6.011911064042099,4.307788385646632,4.260237180575218,0,99.73
1899.5,3.075069216650473,5.149660353774105,6.011911064042099,4.307788385646632,4.260237180575218,0,99.69
1899,3.075069216650473,5.149660353774105,6.011911064042099,4.307788385646632,4.260237180575218,0,99.69
1898.5,3.075069216650473,5.149660353774105,6.011911064042099,4.307788385646632,4.260237180575218,0,99.69
1898,3.075069216650473,5.149660353774105,6.011911064042099,4.307788385646632,4.260237180575218,0,99.69
1897.5,3.075069216650473,5.149660353774105,6.011911064042099,4.307788385646632,4.260237180575218,0,99.69
1897,3.075069216650473,5.149660353774105,6.011911064042099,4.307788385646632,4.260237180575218,0,99.69
1896.5,3.075069216650473,5.149660353774105,6.011911064042099,4.307788385646632,4.260237180575218,0,99.69
1896,3.075069216650473,5.149660353774105,6.011911064042099,4.307788385646632,4.260237180575218,0,99.69
1895.5,3.075069216650473,5.149660353774105,6.011911064042099,4.307788385646632,4.260237180575218,0,99.69
1895,3.075069216650473,5.149660353774105,6.011911064042099,4.307788385646632,4.260237180575218,0,99.69
1894.5,3.075069216650473,5.149660353774105,6.011911064042099,4.307788385646632,4.260237180575218,0,99.51
1894,3.075069216650473,5.149660353774105,6.011911064042099,4.307788385646632,4.260237180575218,0,99.51
1893.5,3.075069216650473,5.149660353774105,6.011911064042099,4.307788385646632,4.260237180575218,0,99.51
1893,3.075069216650473,5.149660353774105,6.011911064042099,4.307788385646632,4.260237180575218,0,99.51
1892.5,3.075069216650473,5.149660353774105,6.011911064042099,4.307788385646632,4.260237180575218,0,99.51
1892,3.075069216650473,5.149660353774105,6.011911064042099,4.307788385646632,4.260237180575218,0,99.51
1891.5,3.075069216650473,5.149660353774105,6.011911064042099,4.307788385646632,4.260237180575218,0,99.51
1891,3.075069216650473,5.149660353774105,6.011911064042099,4.307788385646632,4.260237180575218,0,99.51
1890.5,3.075069216650473,5.149660353774105,6.011911064042099,4.307788385646632,4.260237180575218,0,99.51
1890,3.075069216650473,5.149660353774105,6.011911064042099,4.307788385646632,4.260237180575218,0,99.51
1889.5,3.075069216650473,5.149660353774105,6.011911064042099,4.307788385646632,4.260237180575218,0,99.52
1889,3.075069216650473,5.149660353774105,6.011911064042099,4.307788385646632,4.260237180575218,0,99.52
1888.5,3.075069216650473,5.149660353774105,6.011911064042099,4.307788385646632,4.260237180575218,0,99.52
1888,3.075069216650473,5.149660353774105,6.011911064042099,4.307788385646632,4.260237180575218,0,99.52
1887.5,3.075069216650473,5.149660353774105,6.011911064042099,4.307788385646632,4.260237180575218,0,99.52
1887,3.075069216650473,5.149660353774105,6.011911064042099,4.307788385646632,4.260237180575218,0,99.52
1886.5,3.075069216650473,5.149660353774105,6.011911064042099,4.307788385646632,4.260237180575218,0,99.52
1886,3.075069216650473,5.149660353774105,6.011911064042099,4.307788385646632,4.260237180575218,0,99.52
1885.5,3.075069216650473,5.149660353774105,6.011911064042099,4.307788385646632,4.260237180575218,0,99.52
1885,3.075069216650473,5.149660353774105,6.011911064042099,4.307788385646632,4.260237180575218,0,99.52
1884.5,3.075069216650473,5.149660353774105,6.011911064042099,4.307788385646632,4.260237180575218,0,99.55000000000001
1884,3.075069216650473,5.149660353774105,6.011911064042099,4.307788385646632,4.260237180575218,0,99.55000000000001
1883.5,3.075069216650473,5.149660353774105,6.011911064042099,4.307788385646632,4.260237180575218,0,99.55000000000001
1883,3.075069216650473,5.149660353774105,6.011911064042099,4.307788385646632,4.260237180575218,0,99.55000000000001
1882.5,3.075069216650473,5.149660353774105,6.011911064042099,4.307788385646632,4.260237180575218,0,99.55000000000001
1882,3.075069216650473,5.149660353774105,6.011911064042099,4.307788385646632,4.260237180575218,0,99.55000000000001
1881.5,3.075069216650473,5.149660353774105,6.011911064042099,4.307788385646632,4.260237180575218,0,99.55000000000001
1881,3.075069216650473,5.149660353774105,6.011911064042099,4.307788385646632,4.260237180575218,0,99.55000000000001
1880.5,3.075069216650473,5.149660353774105,6.011911064042099,4.307788385646632,4.260237180575218,0,99.55000000000001
1880,3.075069216650473,5.149660353774105,6.011911064042099,4.307788385646632,4.260237180575218,0,99.55000000000001
1879.5,3.075069216650473,5.149660353774105,6.011911064042099,4.307788385646632,4.260237180575218,0,99.42
1879,3.075069216650473,5.149660353774105,6.011911064042099,4.307788385646632,4.260237180575218,0,99.42
1878.5,3.075069216650473,5.149660353774105,6.011911064042099,4.307788385646632,4.260237180575218,0,99.42
1878,3.075069216650473,5.149660353774105,6.011911064042099,4.307788385646632,4.260237180575218,0,99.42
1877.5,3.075069216650473,5.149660353774105,6.011911064042099,4.307788385646632,4.260237180575218,0,99.42
1877,3.075069216650473,5.149660353774105,6.011911064042099,4.307788385646632,4.260237180575218,0,99.42
1876.5,3.075069216650473,5.149660353774105,6.011911064042099,4.307788385646632,4.260237180575218,0,99.42
1876,3.075069216650473,5.149660353774105,6.011911064042099,4.307788385646632,4.260237180575218,0,99.42
1875.5,3.075069216650473,5.149660353774105,6.011911064042099,4.307788385646632,4.260237180575218,0,99.42
1875,3.075069216650473,5.149660353774105,6.011911064042099,4.307788385646632,4.260237180575218,0,99.42
1874.5,3.075069216650473,5.149660353774105,6.011911064042099,4.307788385646632,4.260237180575218,0,99.55000000000001
1874,3.075069216650473,5.149660353774105,6.011911064042099,4.307788385646632,4.260237180575218,0,99.55000000000001
1873.5,3.075069216650473,5.149660353774105,6.011911064042099,4.307788385646632,4.260237180575218,0,99.55000000000001
1873,3.075069216650473,5.149660353774105,6.011911064042099,4.307788385646632,4.260237180575218,0,99.55000000000001
1872.5,3.075069216650473,5.149660353774105,6.011911064042099,4.307788385646632,4.260237180575218,0,99.55000000000001
1872,3.075069216650473,5.149660353774105,6.011911064042099,4.307788385646632,4.260237180575218,0,99.55000000000001
1871.5,3.075069216650473,5.149660353774105,6.011911064042099,4.307788385646632,4.260237180575218,0,99.55000000000001
1871,3.075069216650473,5.149660353774105,6.011911064042099,4.307788385646632,4.260237180575218,0,99.55000000000001
1870.5,3.075069216650473,5.149660353774105,6.011911064042099,4.307788385646632,4.260237180575218,0,99.55000000000001
1870,3.075069216650473,5.149660353774105,6.011911064042099,4.307788385646632,4.260237180575218,0,99.55000000000001
1869.5,3.075069216650473,5.149660353774105,6.011911064042099,4.307788385646632,4.260237180575218,0,99.5
1869,3.075069216650473,5.149660353774105,6.011911064042099,4.307788385646632,4.260237180575218,0,99.5
1868.5,3.075069216650473,5.149660353774105,6.011911064042099,4.307788385646632,4.260237180575218,0,99.5
1868,3.075069216650473,5.149660353774105,6.011911064042099,4.307788385646632,4.260237180575218,0,99.5
1867.5,3.075069216650473,5.149660353774105,6.011911064042099,4.307788385646632,4.260237180575218,0,99.5
1867,3.075069216650473,5.149660353774105,6.011911064042099,4.307788385646632,4.260237180575218,0,99.5
1866.5,3.075069216650473,5.149660353774105,6.011911064042099,4.307788385646632,4.260237180575218,0,99.5
1866,3.075069216650473,5.149660353774105,6.011911064042099,4.307788385646632,4.260237180575218,0,99.5
1865.5,3.075069216650473,5.149660353774105,6.011911064042099,4.307788385646632,4.260237180575218,0,99.5
1865,3.075069216650473,5.149660353774105,6.011911064042099,4.307788385646632,4.260237180575218,0,99.5
1864.5,3.075069216650473,5.149660353774105,6.011911064042099,4.307788385646632,4.260237180575218,0,99.61
1864,3.075069216650473,5.149660353774105,6.011911064042099,4.307788385646632,4.260237180575218,0,99.61
1863.5,3.075069216650473,5.149660353774105,6.011911064042099,4.307788385646632,4.260237180575218,0,99.61
1863,3.075069216650473,5.149660353774105,6.011911064042099,4.307788385646632,4.260237180575218,0,99.61
1862.5,3.075069216650473,5.149660353774105,6.011911064042099,4.307788385646632,4.260237180575218,0,99.61
1862,3.075069216650473,5.149660353774105,6.011911064042099,4.307788385646632,4.260237180575218,0,99.61
1861.5,3.075069216650473,5.149660353774105,6.011911064042099,4.307788385646632,4.260237180575218,0,99.61
1861,3.075069216650473,5.149660353774105,6.011911064042099,4.307788385646632,4.260237180575218,0,99.61
1860.5,3.075069216650473,5.149660353774105,6.011911064042099,4.307788385646632,4.260237180575218,0,99.61
1860,3.075069216650473,5.149660353774105,6.011911064042099,4.307788385646632,4.260237180575218,0,99.61
1859.5,3.075069216650473,5.149660353774105,6.011911064042099,4.307788385646632,4.260237180575218,0,99.62
1859,3.075069216650473,5.149660353774105,6.011911064042099,4.307788385646632,4.260237180575218,0,99.62
1858.5,3.075069216650473,5.149660353774105,6.011911064042099,4.307788385646632,4.260237180575218,0,99.62
1858,3.075069216650473,5.149660353774105,6.011911064042099,4.307788385646632,4.260237180575218,0,99.62
1857.5,3.075069216650473,5.149660353774105,6.011911064042099,4.307788385646632,4.260237180575218,0,99.62
1857,3.075069216650473,5.149660353774105,6.011911064042099,4.307788385646632,4.260237180575218,0,99.62
1856.5,3.075069216650473,5.149660353774105,6.011911064042099,4.307788385646632,4.260237180575218,0,99.62
1856,3.075069216650473,5.149660353774105,6.011911064042099,4.307788385646632,4.260237180575218,0,99.62
1855.5,3.075069216650473,5.149660353774105,6.011911064042099,4.307788385646632,4.260237180575218,0,99.62
1855,3.075069216650473,5.149660353774105,6.011911064042099,4.307788385646632,4.260237180575218,0,99.62
1854.5,3.075069216650473,5.149660353774105,6.011911064042099,4.307788385646632,4.260237180575218,0,99.8
1854,3.075069216650473,5.149660353774105,6.011911064042099,4.307788385646632,4.260237180575218,0,99.8
1853.5,3.075069216650473,5.149660353774105,6.011911064042099,4.307788385646632,4.260237180575218,0,99.8
1853,3.075069216650473,5.149660353774105,6.011911064042099,4.307788385646632,4.260237180575218,0,99.8
1852.5,3.075069216650473,5.149660353774105,6.011911064042099,4.307788385646632,4.260237180575218,0,99.8
1852,3.075069216650473,5.149660353774105,6.011911064042099,4.307788385646632,4.260237180575218,0,99.8
1851.5,3.075069216650473,5.149660353774105,6.011911064042099,4.307788385646632,4.260237180575218,0,99.8
1851,3.075069216650473,5.149660353774105,6.011911064042099,4.307788385646632,4.260237180575218,0,99.8
1850.5,3.075069216650473,5.149660353774105,6.011911064042099,4.307788385646632,4.260237180575218,0,99.8
1850,3.075069216650473,5.149660353774105,6.011911064042099,4.307788385646632,4.260237180575218,0,99.8
1845,3.075069216650473,5.149660353774105,6.011911064042099,4.307788385646632,4.260237180575218,0,99.85115380375947
1840,3.075069216650473,5.149660353774105,6.011911064042099,4.307788385646632,4.260237180575218,0,99.81205066095877
1835,3.075069216650473,5.149660353774105,6.011911064042099,4.307788385646632,4.260237180575218,0,99.98448723373964
1830,3.075069216650473,5.149660353774105,6.011911064042099,4.307788385646632,4.260237180575218,0,100.26931312422838
1825,3.075069216650473,5.149660353774105,6.011911064042099,4.307788385646632,4.260237180575218,0,100.23018071721617
1820,3.075069216650473,5.149660353774105,6.011911064042099,4.307788385646632,4.260237180575218,0,100.3033172812962
1815,3.075069216650473,5.149660353774105,6.011911064042099,4.307788385646632,4.260237180575218,0,100.25158213454529
1810,3.075069216650473,5.149660353774105,6.011911064042099,4.307788385646632,4.260237180575218,0,100.05033865385921
1805,3.075069216650473,5.149660353774105,6.011911064042099,4.307788385646632,4.260237180575218,0,99.83711146794825
1800,3.075069216650473,5.149660353774105,6.011911064042099,4.307788385646632,4.260237180575218,0,99.69874098329501
1795,3.075069216650473,5.149660353774105,6.011911064042099,4.307788385646632,4.260237180575218,0,99.23879696106485
1790,3.075069216650473,5.149660353774105,6.011911064042099,4.307788385646632,4.260237180575218,0,99.21238147622907
1785,3.075069216650473,5.149660353774105,6.011911064042099,4.307788385646632,4.260237180575218,0,99.3217830477604
1780,3.075069216650473,5.149660353774105,6.011911064042099,4.307788385646632,4.260237180575218,0,99.75374429045233
1775,3.075069216650473,5.149660353774105,6.011911064042099,4.307788385646632,4.260237180575218,0,100.0255264236181
1770,3.075069216650473,5.149660353774105,6.011911064042099,4.307788385646632,4.260237180575218,0,99.986500139468
1765,3.075069216650473,5.149660353774105,6.011911064042099,4.307788385646632,4.260237180575218,0,100.09679646278681
1760,3.075069216650473,5.149660353774105,6.011911064042099,4.307788385646632,4.260237180575218,0,100.36957944091944
1755,3.075069216650473,5.149660353774105,6.011911064042099,4.307788385646632,4.260237180575218,0,100.35525577566278
1750,3.075069216650473,5.149660353774105,6.011911064042099,4.307788385646632,4.260237180575218,0,100.39097553290608
1745,3.075069216650473,5.149660353774105,6.011911064042099,4.307788385646632,4.260237180575218,0,100.45171442471941
1740,3.075069216650473,5.149660353774105,6.011911064042099,4.307788385646632,4.260237180575218,0,100.46243450377533
1735,3.075069216650473,5.149660353774105,6.011911064042099,4.307788385646632,4.260237180575218,0,100.71114118735822
1730,3.075069216650473,5.149660353774105,6.011911064042099,4.307788385646632,4.260237180575218,0,100.96042013415041
1725,3.075069216650473,5.149660353774105,6.011911064042099,4.307788385646632,4.260237180575218,0,101.32382100484611
1720,3.075069216650473,5.149660353774105,6.011911064042099,4.307788385646632,4.260237180575218,0,101.48609483869816
1715,3.075069216650473,5.149660353774105,6.011911064042099,4.307788385646632,4.260237180575218,0,101.69935241130594
1710,3.075069216650473,5.149660353774105,6.011911064042099,4.307788385646632,4.260237180575218,0,101.71013062783523
1705,3.075069216650473,5.149660353774105,6.011911064042099,4.307788385646632,4.260237180575218,0,101.67041070308574
1700,3.075069216650473,5.149660353774105,6.011911064042099,4.307788385646632,4.260237180575218,0,101.75727900052476
1695,3.075069216650473,5.149660353774105,6.011911064042099,4.307788385646632,4.260237180575218,0,101.62887400167011
1690,3.075069216650473,5.149660353774105,6.011911064042099,4.307788385646632,4.260237180575218,0,101.50068915877321
1685,3.075069216650473,5.149660353774105,6.011911064042099,4.307788385646632,4.260237180575218,0,101.46101027362933
1680,3.075069216650473,5.149660353774105,6.011911064042099,4.307788385646632,4.260237180575218,0,101.19425204357874
1675,3.075069216650473,5.149660353774105,6.011911064042099,4.307788385646632,4.260237180575218,0,101.1421696360687
1670,3.075069216650473,5.149660353774105,6.011911064042099,4.307788385646632,4.260237180575218,0,101.14036493845302
1665,3.075069216650473,5.149660353774105,6.011911064042099,4.307788385646632,4.260237180575218,0,100.77407039030449
1660,3.075069216650473,5.149660353774105,6.011911064042099,4.307788385646632,4.260237180575218,0,100.60936130662448
1655,3.075069216650473,5.149660353774105,6.011911064042099,4.307788385646632,4.260237180575218,0,100.59509840480949
1650,3.075069216650473,5.149660353774105,6.011911064042099,4.307788385646632,4.260237180575218,0,100.49315855232908
1645,3.075069216650473,5.149660353774105,6.011911064042099,4.307788385646632,4.260237180575218,0,100.29145042730327
1640,3.075069216650473,5.149660353774105,6.011911064042099,4.307788385646632,4.260237180575218,0,100.02789546198683
1635,3.075069216650473,5.149660353774105,6.011911064042099,4.307788385646632,4.260237180575218,0,100.00125598461314
1630,3.075069216650473,5.149660353774105,6.011911064042099,4.307788385646632,4.260237180575218,0,99.78806695829331
1625,3.075069216650473,5.149660353774105,6.011911064042099,4.307788385646632,4.260237180575218,0,99.79872440724976
1620,3.075069216650473,5.149660353774105,6.011911064042099,4.307788385646632,4.260237180575218,0,99.83423159886098
1615,3.075069216650473,5.149660353774105,6.011911064042099,4.307788385646632,4.260237180575218,0,99.64627009214581
1610,3.075069216650473,5.149660353774105,6.011911064042099,4.307788385646632,4.260237180575218,0,99.6320563727039
1605,3.075069216650473,5.149660353774105,6.011911064042099,4.307788385646632,4.260237180575218,0,99.58077607116827
1600,3.075069216650473,5.149660353774105,6.011911064042099,4.307788385646632,4.260237180575218,0,99.91425139983359
1595,3.075069216650473,5.149660353774105,6.011911064042099,4.307788385646632,4.260237180575218,0,100.02449489521699
1590,3.075069216650473,5.149660353774105,6.011911064042099,4.307788385646632,4.260237180575218,0,100.22215630816255
1585,3.075069216650473,5.149660353774105,6.011911064042099,4.307788385646632,4.260237180575218,0,100.2827930603904
1580,3.075069216650473,5.149660353774105,6.011911064042099,4.307788385646632,4.260237180575218,0,100.3060277558625
1575,3.075069216650473,5.149660353774105,6.011911064042099,4.307788385646632,4.260237180575218,0,100.40417664700882
1570,3.075069216650473,5.149660353774105,6.011911064042099,4.307788385646632,4.260237180575218,0,100.55245613460548
1565,3.075069216650473,5.149660353774105,6.011911064042099,4.307788385646632,4.260237180575218,0,100.62586481707723
1560,3.075069216650473,5.149660353774105,6.011911064042099,4.307788385646632,4.260237180575218,0,100.63663669394938
1555,3.075069216650473,5.149660353774105,6.011911064042099,4.307788385646632,4.260237180575218,0,100.84804744772775
1550,3.075069216650473,5.149660353774105,6.011911064042099,4.307788385646632,4.260237180575218,0,100.98442250825134
1545,3.075069216650473,5.149660353774105,6.011911064042099,4.307788385646632,4.260237180575218,0,101.03302292621538
1540,3.075069216650473,5.149660353774105,6.011911064042099,4.307788385646632,4.260237180575218,0,101.14448586383111
1535,3.075069216650473,5.149660353774105,6.011911064042099,4.307788385646632,4.260237180575218,0,101.24342889469133
1530,3.075069216650473,5.149660353774105,6.011911064042099,4.307788385646632,4.260237180575218,0,101.27953788725664
1525,3.075069216650473,5.149660353774105,6.011911064042099,4.307788385646632,4.260237180575218,0,101.16426720726072
1520,3.075069216650473,5.149660353774105,6.011911064042099,4.307788385646632,4.260237180575218,0,101.01152986224406
1515,3.075069216650473,5.149660353774105,6.011911064042099,4.307788385646632,4.260237180575218,0,100.97198431799286
1510,3.075069216650473,5.149660353774105,6.011911064042099,4.307788385646632,4.260237180575218,0,100.93256487975866
1505,3.075069216650473,5.149660353774105,6.011911064042099,4.307788385646632,4.260237180575218,0,101.03130587113283
1500,3.075069216650473,5.149660353774105,6.011911064042099,4.307788385646632,4.260237180575218,0,101.10499791754334
1495,3.075069216650473,5.149660353774105,6.011911064042099,4.307788385646632,4.260237180575218,0,101.12844878269505
1490,3.075069216650473,5.149660353774105,6.011911064042099,4.307788385646632,4.260237180575218,0,101.10146149449865
1485,3.075069216650473,5.149660353774105,6.011911064042099,4.307788385646632,4.260237180575218,0,101.04933319574975
1480,3.075069216650473,5.149660353774105,6.011911064042099,4.307788385646632,4.260237180575218,0,101.06019154912221
1475,3.075069216650473,5.149660353774105,6.011911064042099,4.307788385646632,4.260237180575218,0,101.0835239364933
1470,3.075069216650473,5.149660353774105,6.011911064042099,4.307788385646632,4.260237180575218,0,101.06922524784598
1465,3.075069216650473,5.149660353774105,6.011911064042099,4.307788385646632,4.260237180575218,0,101.02974018882121
1460,3.075069216650473,5.149660353774105,6.011911064042099,4.307788385646632,4.260237180575218,0,101.04046489793961
1455,3.075069216650473,5.149660353774105,6.011911064042099,4.307788385646632,4.260237180575218,0,101.02610928650368
1450,3.075069216650473,5.149660353774105,6.011911064042099,4.307788385646632,4.260237180575218,0,100.87359373341374
1445,3.075069216650473,5.149660353774105,6.011911064042099,4.307788385646632,4.260237180575218,0,100.6585652353521
1440,3.075069216650473,5.149660353774105,6.011911064042099,4.307788385646632,4.260237180575218,0,100.45642871062515
1435,3.075069216650473,5.149660353774105,6.011911064042099,4.307788385646632,4.260237180575218,0,100.3047769035901
1430,3.075069216650473,5.149660353774105,6.011911064042099,4.307788385646632,4.260237180575218,0,100.19070961936703
1425,3.075069216650473,5.149660353774105,6.011911064042099,4.307788385646632,4.260237180575218,0,100.10161500280536
1420,3.075069216650473,5.149660353774105,6.011911064042099,4.307788385646632,4.260237180575218,0,100.02517045807897
1415,3.075069216650473,5.149660353774105,6.011911064042099,4.307788385646632,4.260237180575218,0,99.9238456624932
1410,3.075069216650473,5.149660353774105,6.011911064042099,4.307788385646632,4.260237180575218,0,99.7729362312677
1405,3.075069216650473,5.149660353774105,6.011911064042099,4.307788385646632,4.260237180575218,0,99.6222348748596
1400,3.075069216650473,5.149660353774105,6.011911064042099,4.307788385646632,4.260237180575218,0,99.53373230637315
1395,3.075069216650473,5.149660353774105,6.011911064042099,4.307788385646632,4.260237180575218,0,99.44530006703918
1390,3.075069216650473,5.149660353774105,6.011911064042099,4.307788385646632,4.260237180575218,0,99.24564911323655
1385,3.075069216650473,5.149660353774105,6.011911064042099,4.307788385646632,4.260237180575218,0,99.021735666693
1380,3.075069216650473,5.149660353774105,6.011911064042099,4.307788385646632,4.260237180575218,0,98.87219045054731
1375,3.075069216650473,5.149660353774105,6.011911064042099,4.307788385646632,4.260237180575218,0,98.84581900511562
1370,3.075069216650473,5.149660353774105,6.011911064042099,4.307788385646632,4.260237180575218,0,98.97953078947056
1365,3.075069216650473,5.149660353774105,6.011911064042099,4.307788385646632,4.260237180575218,0,99.19987861850596
1360,3.075069216650473,5.149660353774105,6.011911064042099,4.307788385646632,4.260237180575218,0,99.40821347737699
1355,3.075069216650473,5.149660353774105,6.011911064042099,4.307788385646632,4.260237180575218,0,99.59226256454467
1350,3.075069216650473,5.149660353774105,6.011911064042099,4.307788385646632,4.260237180575218,0,99.77671302697058
1345,3.075069216650473,5.149660353774105,6.011911064042099,4.307788385646632,4.260237180575218,0,99.96145782004815
1340,3.075069216650473,5.149660353774105,6.011911064042099,4.307788385646632,4.260237180575218,0,100.14649729750886
1335,3.075069216650473,5.149660353774105,6.011911064042099,4.307788385646632,4.260237180575218,0,100.28195594242419
1330,3.075069216650473,5.149660353774105,6.011911064042099,4.307788385646632,4.260237180575218,0,100.2927228277416
1325,3.075069216650473,5.149660353774105,6.011911064042099,4.307788385646632,4.260237180575218,0,100.2285077439966
1320,3.075069216650473,5.149660353774105,6.011911064042099,4.307788385646632,4.260237180575218,0,100.15187548908943
1315,3.075069216650473,5.149660353774105,6.011911064042099,4.307788385646632,4.260237180575218,0,100.06291160191287
1310,3.075069216650473,5.149660353774105,6.011911064042099,4.307788385646632,4.260237180575218,0,100.01129659149296
1305,3.075069216650473,5.149660353774105,6.011911064042099,4.307788385646632,4.260237180575218,0,99.95979872594107
1300,3.075069216650473,5.149660353774105,6.011911064042099,4.307788385646632,4.260237180575218,0,99.8709879066484
1295,3.075069216650473,5.149660353774105,6.011911064042099,4.307788385646632,4.260237180575218,0,99.73256471470025
1290,3.075069216650473,5.149660353774105,6.011911064042099,4.307788385646632,4.260237180575218,0,99.59437071113972
1285,3.075069216650473,5.149660353774105,6.011911064042099,4.307788385646632,4.260237180575218,0,99.4439431550268
1280,3.075069216650473,5.149660353774105,6.011911064042099,4.307788385646632,4.260237180575218,0,99.23191874058449
1275,3.075069216650473,5.149660353774105,6.011911064042099,4.307788385646632,4.260237180575218,0,99.02046942865968
1270,3.075069216650473,5.149660353774105,6.011911064042099,4.307788385646632,4.260237180575218,0,98.88320943393715
1265,3.075069216650473,5.149660353774105,6.011911064042099,4.307788385646632,4.260237180575218,0,98.78301038541989
1260,3.075069216650473,5.149660353774105,6.011911064042099,4.307788385646632,4.260237180575218,0,98.63384533129013
1255,3.075069216650473,5.149660353774105,6.011911064042099,4.307788385646632,4.260237180575218,0,98.52166323775808
1250,3.075069216650473,5.149660353774105,6.011911064042099,4.307788385646632,4.260237180575218,0,98.50769759721415
1245,3.075069216650473,5.149660353774105,6.011911064042099,4.307788385646632,4.260237180575218,0,98.54268510399778
1240,3.075069216650473,5.149660353774105,6.011911064042099,4.307788385646632,4.260237180575218,0,98.54095655208283
1235,3.075069216650473,5.149660353774105,6.011911064042099,4.307788385646632,4.260237180575218,0,98.61289701327426
1230,3.075069216650473,5.149660353774105,6.011911064042099,4.307788385646632,4.260237180575218,0,98.73398356850059
1225,3.075069216650473,5.149660353774105,6.011911064042099,4.307788385646632,4.260237180575218,0,98.76915753253755
1220,3.075069216650473,5.149660353774105,6.011911064042099,4.307788385646632,4.260237180575218,0,98.61995377823698
1215,3.075069216650473,5.149660353774105,6.011911064042099,4.307788385646632,4.260237180575218,0,98.44648767813152
1210,3.075069216650473,5.149660353774105,6.011911064042099,4.307788385646632,4.260237180575218,0,98.39570130273148
1205,3.075069216650473,5.149660353774105,6.011911064042099,4.307788385646632,4.260237180575218,0,98.35729253587421
1200,3.075069216650473,5.149660353774105,6.011911064042099,4.307788385646632,4.260237180575218,0,98.39227369578515
1195,3.075069216650473,5.149660353774105,6.011911064042099,4.307788385646632,4.260237180575218,0,98.50088761745972
1190,3.075069216650473,5.149660353774105,6.011911064042099,4.307788385646632,4.260237180575218,0,98.5236474704816
1185,3.075069216650473,5.149660353774105,6.011911064042099,4.307788385646632,4.260237180575218,0,98.50965072551627
1180,3.075069216650473,5.149660353774105,6.011911064042099,4.307788385646632,4.260237180575218,0,98.53248105640517
1175,3.075069216650473,5.149660353774105,6.011911064042099,4.307788385646632,4.260237180575218,0,98.6042864839127
1170,3.075069216650473,5.149660353774105,6.011911064042099,4.307788385646632,4.260237180575218,0,98.6762526262002
1165,3.075069216650473,5.149660353774105,6.011911064042099,4.307788385646632,4.260237180575218,0,98.62544278116565
1160,3.075069216650473,5.149660353774105,6.011911064042099,4.307788385646632,4.260237180575218,0,98.47650037509976
1155,3.075069216650473,5.149660353774105,6.011911064042099,4.307788385646632,4.260237180575218,0,98.32778201789439
1150,3.075069216650473,5.149660353774105,6.011911064042099,4.307788385646632,4.260237180575218,0,98.14260462517944
1145,3.075069216650473,5.149660353774105,6.011911064042099,4.307788385646632,4.260237180575218,0,98.01878452883173
1140,3.075069216650473,5.149660353774105,6.011911064042099,4.307788385646632,4.260237180575218,0,98.15132375812803
1135,3.075069216650473,5.149660353774105,6.011911064042099,4.307788385646632,4.260237180575218,0,98.3697381864244
1130,3.075069216650473,5.149660353774105,6.011911064042099,4.307788385646632,4.260237180575218,0,98.45376920561353
1125,3.075069216650473,5.149660353774105,6.011911064042099,4.307788385646632,4.260237180575218,0,98.46438682610432
1120,3.075069216650473,5.149660353774105,6.011911064042099,4.307788385646632,4.260237180575218,0,98.37680246861164
1115,3.075069216650473,5.149660353774105,6.011911064042099,4.307788385646632,4.260237180575218,0,98.28940797249174
1110,3.075069216650473,5.149660353774105,6.011911064042099,4.307788385646632,4.260237180575218,0,98.34887536670269
1105,3.075069216650473,5.149660353774105,6.011911064042099,4.307788385646632,4.260237180575218,0,98.48192503686842
1100,3.075069216650473,5.149660353774105,6.011911064042099,4.307788385646632,4.260237180575218,0,98.57830430542326
1095,3.075069216650473,5.149660353774105,6.011911064042099,4.307788385646632,4.260237180575218,0,98.66256552578355
1090,3.075069216650473,5.149660353774105,6.011911064042099,4.307788385646632,4.260237180575218,0,98.77141558978627
1085,3.075069216650473,5.149660353774105,6.011911064042099,4.307788385646632,4.260237180575218,0,98.9050100880047
1080,3.075069216650473,5.149660353774105,6.011911064042099,4.307788385646632,4.260237180575218,0,99.07572571035396
1075,3.075069216650473,5.149660353774105,6.011911064042099,4.307788385646632,4.260237180575218,0,99.23449469668384
1070,3.075069216650473,5.149660353774105,6.011911064042099,4.307788385646632,4.260237180575218,0,99.29453389050117
1065,3.075069216650473,5.149660353774105,6.011911064042099,4.307788385646632,4.260237180575218,0,99.35460940943716
1060,3.075069216650473,5.149660353774105,6.011911064042099,4.307788385646632,4.260237180575218,0,99.42708302156936
1055,3.075069216650473,5.149660353774105,6.011911064042099,4.307788385646632,4.260237180575218,0,99.45013106009664
1050,3.075069216650473,5.149660353774105,6.011911064042099,4.307788385646632,4.260237180575218,0,99.37404541899598
1045,3.075069216650473,5.149660353774105,6.011911064042099,4.307788385646632,4.260237180575218,0,99.26112499267812
1040,3.075069216650473,5.149660353774105,6.011911064042099,4.307788385646632,4.260237180575218,0,99.19759831053312
1035,3.075069216650473,5.149660353774105,6.011911064042099,4.307788385646632,4.260237180575218,0,99.14646931475596
1030,3.075069216650473,5.149660353774105,6.011911064042099,4.307788385646632,4.260237180575218,0,99.04595069917661
1025,3.075069216650473,5.149660353774105,6.011911064042099,4.307788385646632,4.260237180575218,0,98.9087026103158
1020,3.075069216650473,5.149660353774105,6.011911064042099,4.307788385646632,4.260237180575218,0,98.64871373644394
1015,3.075069216650473,5.149660353774105,6.011911064042099,4.307788385646632,4.260237180575218,0,98.40169907929003
1010,3.075069216650473,5.149660353774105,6.011911064042099,4.307788385646632,4.260237180575218,0,98.37552173423447
1005,3.075069216650473,5.149660353774105,6.011911064042099,4.307788385646632,4.260237180575218,0,98.45948131934125
1000,3.075069216650473,5.149660353774105,6.011911064042099,4.307788385646632,4.260237180575218,0,98.54361866712505
995,3.075069216650473,5.149660353774105,6.011911064042099,4.307788385646632,4.260237180575218,0,98.55418827324989
990,3.075069216650473,5.149660353774105,6.011911064042099,4.307788385646632,4.260237180575218,0,98.45432982043704
985,3.075069216650473,5.149660353774105,6.011911064042099,4.307788385646632,4.260237180575218,0,98.31790266774408
980,3.075069216650473,5.149660353774105,6.011911064042099,4.307788385646632,4.260237180575218,0,98.2671862403007
975,3.075069216650473,5.149660353774105,6.011911064042099,4.307788385646632,4.260237180575218,0,98.2532783900828
970,3.075069216650473,5.149660353774105,6.011911064042099,4.307788385646632,4.260237180575218,0,98.17818344726726
965,3.075069216650473,5.149660353774105,6.011911064042099,4.307788385646632,4.260237180575218,0,98.10307432440283
960,3.075069216650473,5.149660353774105,6.011911064042099,4.307788385646632,4.260237180575218,0,98.11362016170024
955,3.075069216650473,5.149660353774105,6.011911064042099,4.307788385646632,4.260237180575218,0,98.18516259029843
950,3.075069216650473,5.149660353774105,6.011911064042099,4.307788385646632,4.260237180575218,0,98.22018939329745
945,3.075069216650473,5.149660353774105,6.011911064042099,4.307788385646632,4.260237180575218,0,98.20621224644741
940,3.075069216650473,5.149660353774105,6.011911064042099,4.307788385646632,4.260237180575218,0,98.14336817840821
935,3.075069216650473,5.149660353774105,6.011911064042099,4.307788385646632,4.260237180575218,0,98.10494697525327
930,3.075069216650473,5.149660353774105,6.011911064042099,4.307788385646632,4.260237180575218,0,98.21328903802647
925,3.075069216650473,5.149660353774105,6.011911064042099,4.307788385646632,4.260237180575218,0,98.40730602872576
920,3.075069216650473,5.149660353774105,6.011911064042099,4.307788385646632,4.260237180575218,0,98.6017483761787
915,3.075069216650473,5.149660353774105,6.011911064042099,4.307788385646632,4.260237180575218,0,98.7720223727012
910,3.075069216650473,5.149660353774105,6.011911064042099,4.307788385646632,4.260237180575218,0,98.86875221590296
905,3.075069216650473,5.149660353774105,6.011911064042099,4.307788385646632,4.260237180575218,0,98.87932201161145
900,3.075069216650473,5.149660353774105,6.011911064042099,4.307788385646632,4.260237180575218,0,98.8036888325111
895,3.075069216650473,5.149660353774105,6.011911064042099,4.307788385646632,4.260237180575218,0,98.6790746618059
890,3.075069216650473,5.149660353774105,6.011911064042099,4.307788385646632,4.260237180575218,0,98.51778193057118
885,3.075069216650473,5.149660353774105,6.011911064042099,4.307788385646632,4.260237180575218,0,98.35671290492755
880,3.075069216650473,5.149660353774105,6.011911064042099,4.307788385646632,4.260237180575218,0,98.28157360374854
875,3.075069216650473,5.149660353774105,6.011911064042099,4.307788385646632,4.260237180575218,0,98.25539287782112
870,3.075069216650473,5.149660353774105,6.011911064042099,4.307788385646632,4.260237180575218,0,98.2658384494733
865,3.075069216650473,5.149660353774105,6.011911064042099,4.307788385646632,4.260237180575218,0,98.28857542908595
860,3.075069216650473,5.149660353774105,6.011911064042099,4.307788385646632,4.260237180575218,0,98.31130395097036
855,3.075069216650473,5.149660353774105,6.011911064042099,4.307788385646632,4.260237180575218,0,98.3341381599115
850,3.075069216650473,5.149660353774105,6.011911064042099,4.307788385646632,4.260237180575218,0,98.381409748667
845,3.075069216650473,5.149660353774105,6.011911064042099,4.307788385646632,4.260237180575218,0,98.4531630694959
840,3.075069216650473,5.149660353774105,6.011911064042099,4.307788385646632,4.260237180575218,0,98.57403222497908
835,3.075069216650473,5.149660353774105,6.011911064042099,4.307788385646632,4.260237180575218,0,98.67052146457965
830,3.075069216650473,5.149660353774105,6.011911064042099,4.307788385646632,4.260237180575218,0,98.71796696577147
825,3.075069216650473,5.149660353774105,6.011911064042099,4.307788385646632,4.260237180575218,0,98.74079940388147
820,3.075069216650473,5.149660353774105,6.011911064042099,4.307788385646632,4.260237180575218,0,98.78815794659708
815,3.075069216650473,5.149660353774105,6.011911064042099,4.307788385646632,4.260237180575218,0,98.8603165414825
810,3.075069216650473,5.149660353774105,6.011911064042099,4.307788385646632,4.260237180575218,0,98.9324115034205
805,3.075069216650473,5.149660353774105,6.011911064042099,4.307788385646632,4.260237180575218,0,98.97997834416894
800,3.075069216650473,5.149660353774105,6.011911064042099,4.307788385646632,4.260237180575218,0,98.96585157188056
795,3.075069216650473,5.149660353774105,6.011911064042099,4.307788385646632,4.260237180575218,0,98.97651038577918
790,3.075069216650473,5.149660353774105,6.011911064042099,4.307788385646632,4.260237180575218,0,99.1843664895749
785,3.075069216650473,5.149660353774105,6.011911064042099,4.307788385646632,4.260237180575218,0,99.41753712415718
780,3.075069216650473,5.149660353774105,6.011911064042099,4.307788385646632,4.260237180575218,0,99.40338060282565
775,3.075069216650473,5.149660353774105,6.011911064042099,4.307788385646632,4.260237180575218,0,99.19147648088278
770,3.075069216650473,5.149660353774105,6.011911064042099,4.307788385646632,4.260237180575218,0,98.86924208966714
765,3.075069216650473,5.149660353774105,6.011911064042099,4.307788385646632,4.260237180575218,0,98.54808183993775
760,3.075069216650473,5.149660353774105,6.011911064042099,4.307788385646632,4.260237180575218,0,98.42374152396852
755,3.075069216650473,5.149660353774105,6.011911064042099,4.307788385646632,4.260237180575218,0,98.44642886871075
750,3.075069216650473,5.149660353774105,6.011911064042099,4.307788385646632,4.260237180575218,0,98.5551308918627
745,3.075069216650473,5.149660353774105,6.011911064042099,4.307788385646632,4.260237180575218,0,98.74988802038625
740,3.075069216650473,5.149660353774105,6.011911064042099,4.307788385646632,4.260237180575218,0,98.99427536979294
735,3.075069216650473,5.149660353774105,6.011911064042099,4.307788385646632,4.260237180575218,0,99.22699152933822
730,3.075069216650473,5.149660353774105,6.011911064042099,4.307788385646632,4.260237180575218,0,99.27462459199644
725,3.075069216650473,5.149660353774105,6.011911064042099,4.307788385646632,4.260237180575218,0,99.23576322532274
720,3.075069216650473,5.149660353774105,6.011911064042099,4.307788385646632,4.260237180575218,0,99.19705058079658
715,3.075069216650473,5.149660353774105,6.011911064042099,4.307788385646632,4.260237180575218,0,99.17056276829906
710,3.075069216650473,5.149660353774105,6.011911064042099,4.307788385646632,4.260237180575218,0,99.15643822472492
705,3.075069216650473,5.149660353774105,6.011911064042099,4.307788385646632,4.260237180575218,0,99.19178439356976
700,3.075069216650473,5.149660353774105,6.011911064042099,4.307788385646632,4.260237180575218,0,99.27645845691747
695,3.075069216650473,5.149660353774105,6.011911064042099,4.307788385646632,4.260237180575218,0,99.33652303979275
690,3.075069216650473,5.149660353774105,6.011911064042099,4.307788385646632,4.260237180575218,0,99.28539997866494
685,3.075069216650473,5.149660353774105,6.011911064042099,4.307788385646632,4.260237180575218,0,99.19712044636178
680,3.075069216650473,5.149660353774105,6.011911064042099,4.307788385646632,4.260237180575218,0,99.14601162820531
675,3.075069216650473,5.149660353774105,6.011911064042099,4.307788385646632,4.260237180575218,0,99.0949213309719
670,3.075069216650473,5.149660353774105,6.011911064042099,4.307788385646632,4.260237180575218,0,99.01921604576557
665,3.075069216650473,5.149660353774105,6.011911064042099,4.307788385646632,4.260237180575218,0,98.89431946584325
660,3.075069216650473,5.149660353774105,6.011911064042099,4.307788385646632,4.260237180575218,0,98.73264946185502
655,3.075069216650473,5.149660353774105,6.011911064042099,4.307788385646632,4.260237180575218,0,98.55893476500502
650,3.075069216650473,5.149660353774105,6.011911064042099,4.307788385646632,4.260237180575218,0,98.3855588728786
645,3.075069216650473,5.149660353774105,6.011911064042099,4.307788385646632,4.260237180575218,0,98.224818177965
640,3.075069216650473,5.149660353774105,6.011911064042099,4.307788385646632,4.260237180575218,0,98.11305898094398
635,3.075069216650473,5.149660353774105,6.011911064042099,4.307788385646632,4.260237180575218,0,98.0502531426266
630,3.075069216650473,5.149660353774105,6.011911064042099,4.307788385646632,4.260237180575218,0,98.08517467770555
625,3.075069216650473,5.149660353774105,6.011911064042099,4.307788385646632,4.260237180575218,0,98.14451850598907
620,3.075069216650473,5.149660353774105,6.011911064042099,4.307788385646632,4.260237180575218,0,98.17946753833623
615,3.075069216650473,5.149660353774105,6.011911064042099,4.307788385646632,4.260237180575218,0,98.17775471228774
610,3.075069216650473,5.149660353774105,6.011911064042099,4.307788385646632,4.260237180575218,0,98.16377373892831
605,3.075069216650473,5.149660353774105,6.011911064042099,4.307788385646632,4.260237180575218,0,98.1253825076346
600,3.075069216650473,5.149660353774105,6.011911064042099,4.307788385646632,4.260237180575218,0,98.0626544889709
595,3.075069216650473,5.149660353774105,6.011911064042099,4.307788385646632,4.260237180575218,0,97.9999324583778
590,3.075069216650473,5.149660353774105,6.011911064042099,4.307788385646632,4.260237180575218,0,98.01042143480966
585,3.075069216650473,5.149660353774105,6.011911064042099,4.307788385646632,4.260237180575218,0,98.0574528574523
580,3.075069216650473,5.149660353774105,6.011911064042099,4.307788385646632,4.260237180575218,0,98.08019216306323
575,3.075069216650473,5.149660353774105,6.011911064042099,4.307788385646632,4.260237180575218,0,98.09064106351214
570,3.075069216650473,5.149660353774105,6.011911064042099,4.307788385646632,4.260237180575218,0,98.0767241258731
565,3.075069216650473,5.149660353774105,6.011911064042099,4.307788385646632,4.260237180575218,0,98.05057578818264
560,3.075069216650473,5.149660353774105,6.011911064042099,4.307788385646632,4.260237180575218,0,98.03666424122594
555,3.075069216650473,5.149660353774105,6.011911064042099,4.307788385646632,4.260237180575218,0,98.02269996890446
550,3.075069216650473,5.149660353774105,6.011911064042099,4.307788385646632,4.260237180575218,0,98.0332029105802
545,3.075069216650473,5.149660353774105,6.011911064042099,4.307788385646632,4.260237180575218,0,98.00705821855257
540,3.075069216650473,5.149660353774105,6.011911064042099,4.307788385646632,4.260237180575218,0,97.87126193764298
535,3.075069216650473,5.149660353774105,6.011911064042099,4.307788385646632,4.260237180575218,0,97.69907134604034
530,3.075069216650473,5.149660353774105,6.011911064042099,4.307788385646632,4.260237180575218,0,97.56368377015
525,3.075069216650473,5.149660353774105,6.011911064042099,4.307788385646632,4.260237180575218,0,97.51340424534618
520,3.075069216650473,5.149660353774105,6.011911064042099,4.307788385646632,4.260237180575218,0,97.60878087351458
515,3.075069216650473,5.149660353774105,6.011911064042099,4.307788385646632,4.260237180575218,0,97.74087587450194
510,3.075069216650473,5.149660353774105,6.011911064042099,4.307788385646632,4.260237180575218,0,97.76346959761253
505,3.075069216650473,5.149660353774105,6.011911064042099,4.307788385646632,4.260237180575218,0,97.74961007750504
500,3.075069216650473,5.149660353774105,6.011911064042099,4.307788385646632,4.260237180575218,0,97.78443964516676
495,3.075069216650473,5.149660353774105,6.011911064042099,4.307788385646632,4.260237180575218,0,97.8922534118022
490,3.075069216650473,5.149660353774105,6.011911064042099,4.307788385646632,4.260237180575218,0,98.08571211459143
485,3.075069216650473,5.149660353774105,6.011911064042099,4.307788385646632,4.260237180575218,0,98.30408263466342
480,3.075069216650473,5.149660353774105,6.011911064042099,4.307788385646632,4.260237180575218,0,98.41253808031246
475,3.075069216650473,5.149660353774105,6.011911064042099,4.307788385646632,4.260237180575218,0,98.43526359943274
470,3.075069216650473,5.149660353774105,6.011911064042099,4.307788385646632,4.260237180575218,0,98.42126155279469
465,3.075069216650473,5.149660353774105,6.011911064042099,4.307788385646632,4.260237180575218,0,98.40732620882619
460,3.075069216650473,5.149660353774105,6.011911064042099,4.307788385646632,4.260237180575218,0,98.4790795246307
455,3.075069216650473,5.149660353774105,6.011911064042099,4.307788385646632,4.260237180575218,0,98.58778919463049
450,3.075069216650473,5.149660353774105,6.011911064042099,4.307788385646632,4.260237180575218,0,98.67201573814893
445,3.075069216650473,5.149660353774105,6.011911064042099,4.307788385646632,4.260237180575218,0,98.75630811134101
440,3.075069216650473,5.149660353774105,6.011911064042099,4.307788385646632,4.260237180575218,0,98.84066636303233
435,3.075069216650473,5.149660353774105,6.011911064042099,4.307788385646632,4.260237180575218,0,98.86347233384802
430,3.075069216650473,5.149660353774105,6.011911064042099,4.307788385646632,4.260237180575218,0,98.73880132891159
425,3.075069216650473,5.149660353774105,6.011911064042099,4.307788385646632,4.260237180575218,0,98.54058537644025
420,3.075069216650473,5.149660353774105,6.011911064042099,4.307788385646632,4.260237180575218,0,98.40394387861821
415,3.075069216650473,5.149660353774105,6.011911064042099,4.307788385646632,4.260237180575218,0,98.31658718208975
410,3.075069216650473,5.149660353774105,6.011911064042099,4.307788385646632,4.260237180575218,0,98.29029120867946
405,3.075069216650473,5.149660353774105,6.011911064042099,4.307788385646632,4.260237180575218,0,98.27634409277552
400,3.075069216650473,5.149660353774105,6.011911064042099,4.307788385646632,4.260237180575218,0,98.23797825637058
395,3.075069216650473,5.149660353774105,6.011911064042099,4.307788385646632,4.260237180575218,0,98.16283841565179
390,3.075069216650473,5.149660353774105,6.011911064042099,4.307788385646632,4.260237180575218,0,98.0878132300542
385,3.075069216650473,5.149660353774105,6.011911064042099,4.307788385646632,4.260237180575218,0,98.01290301195723
380,3.075069216650473,5.149660353774105,6.011911064042099,4.307788385646632,4.260237180575218,0,97.92577471611035
375,3.075069216650473,5.149660353774105,6.011911064042099,4.307788385646632,4.260237180575218,0,97.88750542779835
370,3.075069216650473,5.149660353774105,6.011911064042099,4.307788385646632,4.260237180575218,0,97.98329027455654
365,3.075069216650473,5.149660353774105,6.011911064042099,4.307788385646632,4.260237180575218,0,98.11585906132403
360,3.075069216650473,5.149660353774105,6.011911064042099,4.307788385646632,4.260237180575218,0,98.19970550411567
355,3.075069216650473,5.149660353774105,6.011911064042099,4.307788385646632,4.260237180575218,0,98.2223703314907
350,3.075069216650473,5.149660353774105,6.011911064042099,4.307788385646632,4.260237180575218,0,98.2574048356905
345,3.075069216650473,5.149660353774105,6.011911064042099,4.307788385646632,4.260237180575218,0,98.25565300330314
340,3.075069216650473,5.149660353774105,6.011911064042099,4.307788385646632,4.260237180575218,0,98.217169549591
335,3.075069216650473,5.149660353774105,6.011911064042099,4.307788385646632,4.260237180575218,0,98.15441008159192
330,3.075069216650473,5.149660353774105,6.011911064042099,4.307788385646632,4.260237180575218,0,98.07937383539648
325,3.075069216650473,5.149660353774105,6.011911064042099,4.307788385646632,4.260237180575218,0,98.00445430694997
320,3.075069216650473,5.149660353774105,6.011911064042099,4.307788385646632,4.260237180575218,0,97.94170962427097
315,3.075069216650473,5.149660353774105,6.011911064042099,4.307788385646632,4.260237180575218,0,97.90334896661216
310,3.075069216650473,5.149660353774105,6.011911064042099,4.307788385646632,4.260237180575218,0,97.90173297726929
305,3.075069216650473,5.149660353774105,6.011911064042099,4.307788385646632,4.260237180575218,0,97.97304553007471
300,3.075069216650473,5.149660353774105,6.011911064042099,4.307788385646632,4.260237180575218,0,98.11778529223456
295,3.075069216650473,5.149660353774105,6.011911064042099,4.307788385646632,4.260237180575218,0,98.2750029953616
290,3.075069216650473,5.149660353774105,6.011911064042099,4.307788385646632,4.260237180575218,0,98.33446167422396
285,3.075069216650473,5.149660353774105,6.011911064042099,4.307788385646632,4.260237180575218,0,98.38172504251327
280,3.075069216650473,5.149660353774105,6.011911064042099,4.307788385646632,4.260237180575218,0,98.52704147032206
275,3.075069216650473,5.149660353774105,6.011911064042099,4.307788385646632,4.260237180575218,0,98.72172700412875
270,3.075069216650473,5.149660353774105,6.011911064042099,4.307788385646632,4.260237180575218,0,98.8553445576891
265,3.075069216650473,5.149660353774105,6.011911064042099,4.307788385646632,4.260237180575218,0,98.90277083547329
260,3.075069216650473,5.149660353774105,6.011911064042099,4.307788385646632,4.260237180575218,0,98.79036197068419
255,3.075069216650473,5.149660353774105,6.011911064042099,4.307788385646632,4.260237180575218,0,98.64107638085605
250,3.075069216650473,5.149660353774105,6.011911064042099,4.307788385646632,4.260237180575218,0,98.57804757369172
245,3.075069216650473,5.149660353774105,6.011911064042099,4.307788385646632,4.260237180575218,0,98.55177822589727
240,3.075069216650473,5.149660353774105,6.011911064042099,4.307788385646632,4.260237180575218,0,98.45189868029487
235,3.075069216650473,5.149660353774105,6.011911064042099,4.307788385646632,4.260237180575218,0,98.3399258768005
230,3.075069216650473,5.149660353774105,6.011911064042099,4.307788385646632,4.260237180575218,0,98.2892230805635
225,3.075069216650473,5.149660353774105,6.011911064042099,4.307788385646632,4.260237180575218,0,98.28758126259231
220,3.075069216650473,5.149660353774105,6.011911064042099,4.307788385646632,4.260237180575218,0,98.27357364159658
215,3.075069216650473,5.149660353774105,6.011911064042099,4.307788385646632,4.260237180575218,0,98.25963644518416
210,3.075069216650473,5.149660353774105,6.011911064042099,4.307788385646632,4.260237180575218,0,98.23342707930874
205,3.075069216650473,5.149660353774105,6.011911064042099,4.307788385646632,4.260237180575218,0,98.23172698169871
200,3.075069216650473,5.149660353774105,6.011911064042099,4.307788385646632,4.260237180575218,0,98.29115947755908
195,3.075069216650473,5.149660353774105,6.011911064042099,4.307788385646632,4.260237180575218,0,98.39959402666697
190,3.075069216650473,5.149660353774105,6.011911064042099,4.307788385646632,4.260237180575218,0,98.50812380685173
185,3.075069216650473,5.149660353774105,6.011911064042099,4.307788385646632,4.260237180575218,0,98.59223621146018
180,3.075069216650473,5.149660353774105,6.011911064042099,4.307788385646632,4.260237180575218,0,98.65188682384931
175,3.075069216650473,5.149660353774105,6.011911064042099,4.307788385646632,4.260237180575218,0,98.67475999726447
170,3.075069216650473,5.149660353774105,6.011911064042099,4.307788385646632,4.260237180575218,0,98.70990333711768
165,3.075069216650473,5.149660353774105,6.011911064042099,4.307788385646632,4.260237180575218,0,98.74505308183264
160,3.075069216650473,5.149660353774105,6.011911064042099,4.307788385646632,4.260237180575218,0,98.80479615200801
155,3.075069216650473,5.149660353774105,6.011911064042099,4.307788385646632,4.260237180575218,0,98.87687626882973
150,3.075069216650473,5.149660353774105,6.011911064042099,4.307788385646632,4.260237180575218,0,98.94900743814364
145,3.075069216650473,5.149660353774105,6.011911064042099,4.307788385646632,4.260237180575218,0,99.00887390548213
140,3.075069216650473,5.149660353774105,6.011911064042099,4.307788385646632,4.260237180575218,0,99.04413011103638
135,3.075069216650473,5.149660353774105,6.011911064042099,4.307788385646632,4.260237180575218,0,99.01773925047539
130,3.075069216650473,5.149660353774105,6.011911064042099,4.307788385646632,4.260237180575218,0,98.81891988012208
125,3.075069216650473,5.149660353774105,6.011911064042099,4.307788385646632,4.260237180575218,0,98.5960053614612
120,3.075069216650473,5.149660353774105,6.011911064042099,4.307788385646632,4.260237180575218,0,98.53300078845349
115,3.075069216650473,5.149660353774105,6.011911064042099,4.307788385646632,4.260237180575218,0,98.56801928505284
110,3.075069216650473,5.149660353774105,6.011911064042099,4.307788385646632,4.260237180575218,0,98.62765524563424
105,3.075069216650473,5.149660353774105,6.011911064042099,4.307788385646632,4.260237180575218,0,98.72420385764073
100,3.075069216650473,5.149660353774105,6.011911064042099,4.307788385646632,4.260237180575218,0,98.8454741429665
95,3.075069216650473,5.149660353774105,6.011911064042099,4.307788385646632,4.260237180575218,0,98.96685503269393
90,3.075069216650473,5.149660353774105,6.011911064042099,4.307788385646632,4.260237180575218,0,98.97739075088538
85,3.075069216650473,5.149660353774105,6.011911064042099,4.307788385646632,4.260237180575218,0,98.91409650665791
80,3.075069216650473,5.149660353774105,6.011911064042099,4.307788385646632,4.260237180575218,0,98.83840181664165
75,3.075069216650473,5.149660353774105,6.011911064042099,4.307788385646632,4.260237180575218,0,98.76295570405877
70,3.075069216650473,5.149660353774105,6.011911064042099,4.307788385646632,4.260237180575218,0,98.69968461690142
65,3.075069216650473,5.149660353774105,6.011911064042099,4.307788385646632,4.260237180575218,0,98.64886198174791
60,3.075069216650473,5.149660353774105,6.011911064042099,4.307788385646632,4.260237180575218,0,98.63489388943694
55,3.075069216650473,5.149660353774105,6.011911064042099,4.307788385646632,4.260237180575218,0,98.59634886343756
50,3.075069216650473,5.149660353774105,6.011911064042099,4.307788385646632,4.260237180575218,0,98.49643711430375
45,3.075069216650473,5.149660353774105,6.011911064042099,4.307788385646632,4.260237180575218,0,98.43338765708404
40,3.075069216650473,5.149660353774105,6.011911064042099,4.307788385646632,4.260237180575218,0,98.56652155169068
35,3.075069216650473,5.149660353774105,6.011911064042099,4.307788385646632,4.260237180575218,0,98.74907323094352
30,3.075069216650473,5.149660353774105,6.011911064042099,4.307788385646632,4.260237180575218,0,98.7596223364943
25,3.075069216650473,5.149660353774105,6.011911064042099,4.307788385646632,4.260237180575218,0,98.68406538669974
20,3.075069216650473,5.149660353774105,6.011911064042099,4.307788385646632,4.260237180575218,0,98.60875975004971
15,3.075069216650473,5.149660353774105,6.011911064042099,4.307788385646632,4.260237180575218,0,98.59474448818692
10,3.075069216650473,5.149660353774105,6.011911064042099,4.307788385646632,4.260237180575218,0,98.6666622842825
5,3.075069216650473,5.149660353774105,6.011911064042099,4.307788385646632,4.260237180575218,0,98.71408483903352
0,3.075069216650473,5.149660353774105,6.011911064042099,4.307788385646632,4.260237180575218,0,98.55263334157894
-5,3.075069216650473,5.149660353774105,6.011911064042099,4.307788385646632,4.260237180575218,0,98.4650580410431
-10,3.075069216650473,5.149660353774105,6.011911064042099,4.307788385646632,4.260237180575218,0,98.65962734339857
-15,3.075069216650473,5.149660353774105,6.011911064042099,4.307788385646632,4.260237180575218,0,98.79313562585891
-20,3.075069216650473,5.149660353774105,6.011911064042099,4.307788385646632,4.260237180575218,0,98.76686287954848
-25,3.075069216650473,5.149660353774105,6.011911064042099,4.307788385646632,4.260237180575218,0,98.77734831464093
-30,3.075069216650473,5.149660353774105,6.011911064042099,4.307788385646632,4.260237180575218,0,98.89860966134223
-35,3.075069216650473,5.149660353774105,6.011911064042099,4.307788385646632,4.260237180575218,0,98.95844563684523
-40,3.075069216650473,5.149660353774105,6.011911064042099,4.307788385646632,4.260237180575218,0,98.83359828645956
-45,3.075069216650473,5.149660353774105,6.011911064042099,4.307788385646632,4.260237180575218,0,98.68437772855907
-50,3.075069216650473,5.149660353774105,6.011911064042099,4.307788385646632,4.260237180575218,0,98.57213284548064
-55,3.075069216650473,5.149660353774105,6.011911064042099,4.307788385646632,4.260237180575218,0,98.47233340412537
-60,3.075069216650473,5.149660353774105,6.011911064042099,4.307788385646632,4.260237180575218,0,98.44608683581008
-65,3.075069216650473,5.149660353774105,6.011911064042099,4.307788385646632,4.260237180575218,0,98.49339917297577
-70,3.075069216650473,5.149660353774105,6.011911064042099,4.307788385646632,4.260237180575218,0,98.57750451239095
-75,3.075069216650473,5.149660353774105,6.011911064042099,4.307788385646632,4.260237180575218,0,98.69846960578667
-80,3.075069216650473,5.149660353774105,6.011911064042099,4.307788385646632,4.260237180575218,0,98.83207275594503
-85,3.075069216650473,5.149660353774105,6.011911064042099,4.307788385646632,4.260237180575218,0,98.86718151508917
-90,3.075069216650473,5.149660353774105,6.011911064042099,4.307788385646632,4.260237180575218,0,98.80400095141687
-95,3.075069216650473,5.149660353774105,6.011911064042099,4.307788385646632,4.260237180575218,0,98.77759090791766
-100,3.075069216650473,5.149660353774105,6.011911064042099,4.307788385646632,4.260237180575218,0,98.8250518384218
-105,3.075069216650473,5.149660353774105,6.011911064042099,4.307788385646632,4.260237180575218,0,98.84791550358585
-110,3.075069216650473,5.149660353774105,6.011911064042099,4.307788385646632,4.260237180575218,0,98.84626552652745
-115,3.075069216650473,5.149660353774105,6.011911064042099,4.307788385646632,4.260237180575218,0,98.81992903329213
-120,3.075069216650473,5.149660353774105,6.011911064042099,4.307788385646632,4.260237180575218,0,98.79352448866008
-125,3.075069216650473,5.149660353774105,6.011911064042099,4.307788385646632,4.260237180575218,0,98.82874724662969
-130,3.075069216650473,5.149660353774105,6.011911064042099,4.307788385646632,4.260237180575218,0,98.9623630385853
-135,3.075069216650473,5.149660353774105,6.011911064042099,4.307788385646632,4.260237180575218,0,99.09623302303147
-140,3.075069216650473,5.149660353774105,6.011911064042099,4.307788385646632,4.260237180575218,0,99.19327305089955
-145,3.075069216650473,5.149660353774105,6.011911064042099,4.307788385646632,4.260237180575218,0,99.26565627885043
-150,3.075069216650473,5.149660353774105,6.011911064042099,4.307788385646632,4.260237180575218,0,99.30096141072701
-155,3.075069216650473,5.149660353774105,6.011911064042099,4.307788385646632,4.260237180575218,0,99.32388898118091
-160,3.075069216650473,5.149660353774105,6.011911064042099,4.307788385646632,4.260237180575218,0,99.32215414642678
-165,3.075069216650473,5.149660353774105,6.011911064042099,4.307788385646632,4.260237180575218,0,99.28331320383161
-170,3.075069216650473,5.149660353774105,6.011911064042099,4.307788385646632,4.260237180575218,0,99.19515085744915
-175,3.075069216650473,5.149660353774105,6.011911064042099,4.307788385646632,4.260237180575218,0,99.13167337406831
-180,3.075069216650473,5.149660353774105,6.011911064042099,4.307788385646632,4.260237180575218,0,99.12993125898242
-185,3.075069216650473,5.149660353774105,6.011911064042099,4.307788385646632,4.260237180575218,0,99.1528792184993
-190,3.075069216650473,5.149660353774105,6.011911064042099,4.307788385646632,4.260237180575218,0,99.21286903304053
-195,3.075069216650473,5.149660353774105,6.011911064042099,4.307788385646632,4.260237180575218,0,99.18643517429291
-200,3.075069216650473,5.149660353774105,6.011911064042099,4.307788385646632,4.260237180575218,0,99.04890675923357
-205,3.075069216650473,5.149660353774105,6.011911064042099,4.307788385646632,4.260237180575218,0,98.85004827990262
-210,3.075069216650473,5.149660353774105,6.011911064042099,4.307788385646632,4.260237180575218,0,98.6762357247739
-215,3.075069216650473,5.149660353774105,6.011911064042099,4.307788385646632,4.260237180575218,0,98.62535895918427
-220,3.075069216650473,5.149660353774105,6.011911064042099,4.307788385646632,4.260237180575218,0,98.79567471366468
-225,3.075069216650473,5.149660353774105,6.011911064042099,4.307788385646632,4.260237180575218,0,98.91698401305514
-230,3.075069216650473,5.149660353774105,6.011911064042099,4.307788385646632,4.260237180575218,0,98.81684588126961
-235,3.075069216650473,5.149660353774105,6.011911064042099,4.307788385646632,4.260237180575218,0,98.7044367578834
-240,3.075069216650473,5.149660353774105,6.011911064042099,4.307788385646632,4.260237180575218,0,98.75177364896186
-245,3.075069216650473,5.149660353774105,6.011911064042099,4.307788385646632,4.260237180575218,0,98.84842725144722
-250,3.075069216650473,5.149660353774105,6.011911064042099,4.307788385646632,4.260237180575218,0,98.93289555922186
-255,3.075069216650473,5.149660353774105,6.011911064042099,4.307788385646632,4.260237180575218,0,98.9680746631836
-260,3.075069216650473,5.149660353774105,6.011911064042099,4.307788385646632,4.260237180575218,0,98.91716283130103
-265,3.075069216650473,5.149660353774105,6.011911064042099,4.307788385646632,4.260237180575218,0,98.90301830309276
-270,3.075069216650473,5.149660353774105,6.011911064042099,4.307788385646632,4.260237180575218,0,99.01217100744611
-275,3.075069216650473,5.149660353774105,6.011911064042099,4.307788385646632,4.260237180575218,0,99.14615697958054
-280,3.075069216650473,5.149660353774105,6.011911064042099,4.307788385646632,4.260237180575218,0,99.2432057821459
-285,3.075069216650473,5.149660353774105,6.011911064042099,4.307788385646632,4.260237180575218,0,99.36510305966047
-290,3.075069216650473,5.149660353774105,6.011911064042099,4.307788385646632,4.260237180575218,0,99.52421942702053
-295,3.075069216650473,5.149660353774105,6.011911064042099,4.307788385646632,4.260237180575218,0,99.68362316242468
-300,3.075069216650473,5.149660353774105,6.011911064042099,4.307788385646632,4.260237180575218,0,99.80603052000576
-305,3.075069216650473,5.149660353774105,6.011911064042099,4.307788385646632,4.260237180575218,0,99.89137419572903
-310,3.075069216650473,5.149660353774105,6.011911064042099,4.307788385646632,4.260237180575218,0,99.9766531659673
-315,3.075069216650473,5.149660353774105,6.011911064042099,4.307788385646632,4.260237180575218,0,100.08698766184767
-320,3.075069216650473,5.149660353774105,6.011911064042099,4.307788385646632,4.260237180575218,0,100.24729550781954
-325,3.075069216650473,5.149660353774105,6.011911064042099,4.307788385646632,4.260237180575218,0,100.39538280306198
-330,3.075069216650473,5.149660353774105,6.011911064042099,4.307788385646632,4.260237180575218,0,100.49367578695811
-335,3.075069216650473,5.149660353774105,6.011911064042099,4.307788385646632,4.260237180575218,0,100.54195209980644
-340,3.075069216650473,5.149660353774105,6.011911064042099,4.307788385646632,4.260237180575218,0,100.5902500432089
-345,3.075069216650473,5.149660353774105,6.011911064042099,4.307788385646632,4.260237180575218,0,100.55092249864555
-350,3.075069216650473,5.149660353774105,6.011911064042099,4.307788385646632,4.260237180575218,0,100.39911170053036
-355,3.075069216650473,5.149660353774105,6.011911064042099,4.307788385646632,4.260237180575218,0,100.21007602894363
-360,3.075069216650473,5.149660353774105,6.011911064042099,4.307788385646632,4.260237180575218,0,100.02130381757613
-365,3.075069216650473,5.149660353774105,6.011911064042099,4.307788385646632,4.260237180575218,0,99.91999361619195
-370,3.075069216650473,5.149660353774105,6.011911064042099,4.307788385646632,4.260237180575218,0,99.90577481006027
-375,3.075069216650473,5.149660353774105,6.011911064042099,4.307788385646632,4.260237180575218,0,99.91654067491409
-380,3.075069216650473,5.149660353774105,6.011911064042099,4.307788385646632,4.260237180575218,0,99.85251986842152
-385,3.075069216650473,5.149660353774105,6.011911064042099,4.307788385646632,4.260237180575218,0,99.776182236655
-390,3.075069216650473,5.149660353774105,6.011911064042099,4.307788385646632,4.260237180575218,0,99.68763823533274
-395,3.075069216650473,5.149660353774105,6.011911064042099,4.307788385646632,4.260237180575218,0,99.52458285600642
-400,3.075069216650473,5.149660353774105,6.011911064042099,4.307788385646632,4.260237180575218,0,99.22602201115942
-405,3.075069216650473,5.149660353774105,6.011911064042099,4.307788385646632,4.260237180575218,0,98.9282601044511
-410,3.075069216650473,5.149660353774105,6.011911064042099,4.307788385646632,4.260237180575218,0,98.68052398468986
-415,3.075069216650473,5.149660353774105,6.011911064042099,4.307788385646632,4.260237180575218,0,98.5682354679733
-420,3.075069216650473,5.149660353774105,6.011911064042099,4.307788385646632,4.260237180575218,0,98.62787155935041
-425,3.075069216650473,5.149660353774105,6.011911064042099,4.307788385646632,4.260237180575218,0,98.71220095684014
-430,3.075069216650473,5.149660353774105,6.011911064042099,4.307788385646632,4.260237180575218,0,98.71044383741622
-435,3.075069216650473,5.149660353774105,6.011911064042099,4.307788385646632,4.260237180575218,0,98.72092527120431
-440,3.075069216650473,5.149660353774105,6.011911064042099,4.307788385646632,4.260237180575218,0,98.80522222568862
-445,3.075069216650473,5.149660353774105,6.011911064042099,4.307788385646632,4.260237180575218,0,98.90201032481077
-450,3.075069216650473,5.149660353774105,6.011911064042099,4.307788385646632,4.260237180575218,0,98.96184835779482
-455,3.075069216650473,5.149660353774105,6.011911064042099,4.307788385646632,4.260237180575218,0,99.00941604283709
-460,3.075069216650473,5.149660353774105,6.011911064042099,4.307788385646632,4.260237180575218,0,99.0693190587965
-465,3.075069216650473,5.149660353774105,6.011911064042099,4.307788385646632,4.260237180575218,0,99.14157976484569
-470,3.075069216650473,5.149660353774105,6.011911064042099,4.307788385646632,4.260237180575218,0,99.20156274295277
-475,3.075069216650473,5.149660353774105,6.011911064042099,4.307788385646632,4.260237180575218,0,99.24924565076589
-480,3.075069216650473,5.149660353774105,6.011911064042099,4.307788385646632,4.260237180575218,0,99.28447194686618
-485,3.075069216650473,5.149660353774105,6.011911064042099,4.307788385646632,4.260237180575218,0,99.30748749761511
-490,3.075069216650473,5.149660353774105,6.011911064042099,4.307788385646632,4.260237180575218,0,99.318135788532
-495,3.075069216650473,5.149660353774105,6.011911064042099,4.307788385646632,4.260237180575218,0,99.35349309985551
-500,3.075069216650473,5.149660353774105,6.011911064042099,4.307788385646632,4.260237180575218,0,99.45072546706598
-505,3.075069216650473,5.149660353774105,6.011911064042099,4.307788385646632,4.260237180575218,0,99.52327669748225
-510,3.075069216650473,5.149660353774105,6.011911064042099,4.307788385646632,4.260237180575218,0,99.50915839412902
-515,3.075069216650473,5.149660353774105,6.011911064042099,4.307788385646632,4.260237180575218,0,99.4825903778427
-520,3.075069216650473,5.149660353774105,6.011911064042099,4.307788385646632,4.260237180575218,0,99.50570340330603
-525,3.075069216650473,5.149660353774105,6.011911064042099,4.307788385646632,4.260237180575218,0,99.55349548192909
-530,3.075069216650473,5.149660353774105,6.011911064042099,4.307788385646632,4.260237180575218,0,99.66326754022782
-535,3.075069216650473,5.149660353774105,6.011911064042099,4.307788385646632,4.260237180575218,0,99.68642254284353
-540,3.075069216650473,5.149660353774105,6.011911064042099,4.307788385646632,4.260237180575218,0,99.56063445697293
-545,3.075069216650473,5.149660353774105,6.011911064042099,4.307788385646632,4.260237180575218,0,99.42262209818684
-550,3.075069216650473,5.149660353774105,6.011911064042099,4.307788385646632,4.260237180575218,0,99.35896374219946
-555,3.075069216650473,5.149660353774105,6.011911064042099,4.307788385646632,4.260237180575218,0,99.35720280009112
-560,3.075069216650473,5.149660353774105,6.011911064042099,4.307788385646632,4.260237180575218,0,99.39265946510993
-565,3.075069216650473,5.149660353774105,6.011911064042099,4.307788385646632,4.260237180575218,0,99.44032294959236
-570,3.075069216650473,5.149660353774105,6.011911064042099,4.307788385646632,4.260237180575218,0,99.47580005937601
-575,3.075069216650473,5.149660353774105,6.011911064042099,4.307788385646632,4.260237180575218,0,99.53598524859026
-580,3.075069216650473,5.149660353774105,6.011911064042099,4.307788385646632,4.260237180575218,0,99.65813389604
-585,3.075069216650473,5.149660353774105,6.011911064042099,4.307788385646632,4.260237180575218,0,99.73093101358666
-590,3.075069216650473,5.149660353774105,6.011911064042099,4.307788385646632,4.260237180575218,0,99.69187700265223
-595,3.075069216650473,5.149660353774105,6.011911064042099,4.307788385646632,4.260237180575218,0,99.64049458662625
-600,3.075069216650473,5.149660353774105,6.011911064042099,4.307788385646632,4.260237180575218,0,99.66361487015433
-605,3.075069216650473,5.149660353774105,6.011911064042099,4.307788385646632,4.260237180575218,0,99.74870504849936
-610,3.075069216650473,5.149660353774105,6.011911064042099,4.307788385646632,4.260237180575218,0,99.88361071865182
-615,3.075069216650473,5.149660353774105,6.011911064042099,4.307788385646632,4.260237180575218,0,100.00623243536384
-620,3.075069216650473,5.149660353774105,6.011911064042099,4.307788385646632,4.260237180575218,0,100.06673854859072
-625,3.075069216650473,5.149660353774105,6.011911064042099,4.307788385646632,4.260237180575218,0,100.10242986078461
-630,3.075069216650473,5.149660353774105,6.011911064042099,4.307788385646632,4.260237180575218,0,100.13799110255906
-635,3.075069216650473,5.149660353774105,6.011911064042099,4.307788385646632,4.260237180575218,0,100.22359513345909
-640,3.075069216650473,5.149660353774105,6.011911064042099,4.307788385646632,4.260237180575218,0,100.37164424508833
-645,3.075069216650473,5.149660353774105,6.011911064042099,4.307788385646632,4.260237180575218,0,100.55747697879332
-650,3.075069216650473,5.149660353774105,6.011911064042099,4.307788385646632,4.260237180575218,0,100.80636237175294
-655,3.075069216650473,5.149660353774105,6.011911064042099,4.307788385646632,4.260237180575218,0,100.95533395311949
-660,3.075069216650473,5.149660353774105,6.011911064042099,4.307788385646632,4.260237180575218,0,100.86557619260859
-665,3.075069216650473,5.149660353774105,6.011911064042099,4.307788385646632,4.260237180575218,0,100.70075701852517
-670,3.075069216650473,5.149660353774105,6.011911064042099,4.307788385646632,4.260237180575218,0,100.52361982903611
-675,3.075069216650473,5.149660353774105,6.011911064042099,4.307788385646632,4.260237180575218,0,100.49679398485902
-680,3.075069216650473,5.149660353774105,6.011911064042099,4.307788385646632,4.260237180575218,0,100.70797562923275
-685,3.075069216650473,5.149660353774105,6.011911064042099,4.307788385646632,4.260237180575218,0,100.982369744894
-690,3.075069216650473,5.149660353774105,6.011911064042099,4.307788385646632,4.260237180575218,0,101.28265710582724
-695,3.075069216650473,5.149660353774105,6.011911064042099,4.307788385646632,4.260237180575218,0,101.48288220401598
-700,3.075069216650473,5.149660353774105,6.011911064042099,4.307788385646632,4.260237180575218,0,101.54428172494276
-705,3.075069216650473,5.149660353774105,6.011911064042099,4.307788385646632,4.260237180575218,0,101.55511862327413
-710,3.075069216650473,5.149660353774105,6.011911064042099,4.307788385646632,4.260237180575218,0,101.59131563525736
-715,3.075069216650473,5.149660353774105,6.011911064042099,4.307788385646632,4.260237180575218,0,101.66534248460042
-720,3.075069216650473,5.149660353774105,6.011911064042099,4.307788385646632,4.260237180575218,0,101.77754406673247
-725,3.075069216650473,5.149660353774105,6.011911064042099,4.307788385646632,4.260237180575218,0,101.83912186498856
-730,3.075069216650473,5.149660353774105,6.011911064042099,4.307788385646632,4.260237180575218,0,101.76133896143075
-735,3.075069216650473,5.149660353774105,6.011911064042099,4.307788385646632,4.260237180575218,0,101.69615518545831
-740,3.075069216650473,5.149660353774105,6.011911064042099,4.307788385646632,4.260237180575218,0,101.70700774212062
-745,3.075069216650473,5.149660353774105,6.011911064042099,4.307788385646632,4.260237180575218,0,101.70522881116486
-750,3.075069216650473,5.149660353774105,6.011911064042099,4.307788385646632,4.260237180575218,0,101.62758174319728
-755,3.075069216650473,5.149660353774105,6.011911064042099,4.307788385646632,4.260237180575218,0,101.56256485323445
-760,3.075069216650473,5.149660353774105,6.011911064042099,4.307788385646632,4.260237180575218,0,101.5607223363516
-765,3.075069216650473,5.149660353774105,6.011911064042099,4.307788385646632,4.260237180575218,0,101.50842756188936
-770,3.075069216650473,5.149660353774105,6.011911064042099,4.307788385646632,4.260237180575218,0,101.36765224440529
-775,3.075069216650473,5.149660353774105,6.011911064042099,4.307788385646632,4.260237180575218,0,101.26504625230275
-780,3.075069216650473,5.149660353774105,6.011911064042099,4.307788385646632,4.260237180575218,0,101.2758095684056
-785,3.075069216650473,5.149660353774105,6.011911064042099,4.307788385646632,4.260237180575218,0,101.2866880549969
-790,3.075069216650473,5.149660353774105,6.011911064042099,4.307788385646632,4.260237180575218,0,101.15894011905976
-795,3.075069216650473,5.149660353774105,6.011911064042099,4.307788385646632,4.260237180575218,0,100.91810006263391
-800,3.075069216650473,5.149660353774105,6.011911064042099,4.307788385646632,4.260237180575218,0,100.65294311858896
-805,3.075069216650473,5.149660353774105,6.011911064042099,4.307788385646632,4.260237180575218,0,100.4133850526616
-810,3.075069216650473,5.149660353774105,6.011911064042099,4.307788385646632,4.260237180575218,0,100.23675556933969
-815,3.075069216650473,5.149660353774105,6.011911064042099,4.307788385646632,4.260237180575218,0,100.14762033386634
-820,3.075069216650473,5.149660353774105,6.011911064042099,4.307788385646632,4.260237180575218,0,100.12097338980695
-825,3.075069216650473,5.149660353774105,6.011911064042099,4.307788385646632,4.260237180575218,0,100.10670775541675
-830,3.075069216650473,5.149660353774105,6.011911064042099,4.307788385646632,4.260237180575218,0,100.0426972009477
-835,3.075069216650473,5.149660353774105,6.011911064042099,4.307788385646632,4.260237180575218,0,99.95378203969352
-840,3.075069216650473,5.149660353774105,6.011911064042099,4.307788385646632,4.260237180575218,0,99.90228128439746
-845,3.075069216650473,5.149660353774105,6.011911064042099,4.307788385646632,4.260237180575218,0,99.85082185124762
-850,3.075069216650473,5.149660353774105,6.011911064042099,4.307788385646632,4.260237180575218,0,99.84907495466206
-855,3.075069216650473,5.149660353774105,6.011911064042099,4.307788385646632,4.260237180575218,0,99.89699050640036
-860,3.075069216650473,5.149660353774105,6.011911064042099,4.307788385646632,4.260237180575218,0,99.94492748811321
-865,3.075069216650473,5.149660353774105,6.011911064042099,4.307788385646632,4.260237180575218,0,100.01790711262959
-870,3.075069216650473,5.149660353774105,6.011911064042099,4.307788385646632,4.260237180575218,0,100.09093846073573
-875,3.075069216650473,5.149660353774105,6.011911064042099,4.307788385646632,4.260237180575218,0,100.18879158131062
-880,3.075069216650473,5.149660353774105,6.011911064042099,4.307788385646632,4.260237180575218,0,100.31193394114798
-885,3.075069216650473,5.149660353774105,6.011911064042099,4.307788385646632,4.260237180575218,0,100.39756591495778
-890,3.075069216650473,5.149660353774105,6.011911064042099,4.307788385646632,4.260237180575218,0,100.4082558121068
-895,3.075069216650473,5.149660353774105,6.011911064042099,4.307788385646632,4.260237180575218,0,100.34400861525828
-900,3.075069216650473,5.149660353774105,6.011911064042099,4.307788385646632,4.260237180575218,0,100.25494305056837
-905,3.075069216650473,5.149660353774105,6.011911064042099,4.307788385646632,4.260237180575218,0,100.16587423149757
-910,3.075069216650473,5.149660353774105,6.011911064042099,4.307788385646632,4.260237180575218,0,100.12669382536383
-915,3.075069216650473,5.149660353774105,6.011911064042099,4.307788385646632,4.260237180575218,0,100.10001584375499
-920,3.075069216650473,5.149660353774105,6.011911064042099,4.307788385646632,4.260237180575218,0,100.06081631991401
-925,3.075069216650473,5.149660353774105,6.011911064042099,4.307788385646632,4.260237180575218,0,100.02167431340163
-930,3.075069216650473,5.149660353774105,6.011911064042099,4.307788385646632,4.260237180575218,0,99.98258999383246
-935,3.075069216650473,5.149660353774105,6.011911064042099,4.307788385646632,4.260237180575218,0,99.9683722170399
-940,3.075069216650473,5.149660353774105,6.011911064042099,4.307788385646632,4.260237180575218,0,99.9417597140456
-945,3.075069216650473,5.149660353774105,6.011911064042099,4.307788385646632,4.260237180575218,0,99.92756874004357
-950,3.075069216650473,5.149660353774105,6.011911064042099,4.307788385646632,4.260237180575218,0,99.98802725989209
-955,3.075069216650473,5.149660353774105,6.011911064042099,4.307788385646632,4.260237180575218,0,100.11076536181127
-960,3.075069216650473,5.149660353774105,6.011911064042099,4.307788385646632,4.260237180575218,0,100.29618042994028
-965,3.075069216650473,5.149660353774105,6.011911064042099,4.307788385646632,4.260237180575218,0,100.44436375145295
-970,3.075069216650473,5.149660353774105,6.011911064042099,4.307788385646632,4.260237180575218,0,100.3925239096636
-975,3.075069216650473,5.149660353774105,6.011911064042099,4.307788385646632,4.260237180575218,0,100.27833324886986
-980,3.075069216650473,5.149660353774105,6.011911064042099,4.307788385646632,4.260237180575218,0,100.26417168377142
-985,3.075069216650473,5.149660353774105,6.011911064042099,4.307788385646632,4.260237180575218,0,100.33724214113535
-990,3.075069216650473,5.149660353774105,6.011911064042099,4.307788385646632,4.260237180575218,0,100.41050702539522
-995,3.075069216650473,5.149660353774105,6.011911064042099,4.307788385646632,4.260237180575218,0,100.44626832962591
-1000,3.075069216650473,5.149660353774105,6.011911064042099,4.307788385646632,4.260237180575218,0,100.41945340019114
-1005,3.075069216650473,5.149660353774105,6.011911064042099,4.307788385646632,4.260237180575218,0,100.3426729200019
-1010,3.075069216650473,5.149660353774105,6.011911064042099,4.307788385646632,4.260237180575218,0,100.27849475165154
-1015,3.075069216650473,5.149660353774105,6.011911064042099,4.307788385646632,4.260237180575218,0,100.21434533643239
-1020,3.075069216650473,5.149660353774105,6.011911064042099,4.307788385646632,4.260237180575218,0,100.21252947648824
-1025,3.075069216650473,5.149660353774105,6.011911064042099,4.307788385646632,4.260237180575218,0,100.23575499243873
-1030,3.075069216650473,5.149660353774105,6.011911064042099,4.307788385646632,4.260237180575218,0,100.2839239578661
-1035,3.075069216650473,5.149660353774105,6.011911064042099,4.307788385646632,4.260237180575218,0,100.34459808096886
-1040,3.075069216650473,5.149660353774105,6.011911064042099,4.307788385646632,4.260237180575218,0,100.40530891333741
-1045,3.075069216650473,5.149660353774105,6.011911064042099,4.307788385646632,4.260237180575218,0,100.41606178570501
-1050,3.075069216650473,5.149660353774105,6.011911064042099,4.307788385646632,4.260237180575218,0,100.35175350669871
-1055,3.075069216650473,5.149660353774105,6.011911064042099,4.307788385646632,4.260237180575218,0,100.26259072477461
-1060,3.075069216650473,5.149660353774105,6.011911064042099,4.307788385646632,4.260237180575218,0,100.2858317468931
-1065,3.075069216650473,5.149660353774105,6.011911064042099,4.307788385646632,4.260237180575218,0,100.38394985822532
-1070,3.075069216650473,5.149660353774105,6.011911064042099,4.307788385646632,4.260237180575218,0,100.4446844993409
-1075,3.075069216650473,5.149660353774105,6.011911064042099,4.307788385646632,4.260237180575218,0,100.4929117728456
-1080,3.075069216650473,5.149660353774105,6.011911064042099,4.307788385646632,4.260237180575218,0,100.5537123384719
-1085,3.075069216650473,5.149660353774105,6.011911064042099,4.307788385646632,4.260237180575218,0,100.60213475255256
-1090,3.075069216650473,5.149660353774105,6.011911064042099,4.307788385646632,4.260237180575218,0,100.62530071348858
-1095,3.075069216650473,5.149660353774105,6.011911064042099,4.307788385646632,4.260237180575218,0,100.67375141301275
-1100,3.075069216650473,5.149660353774105,6.011911064042099,4.307788385646632,4.260237180575218,0,100.78484519633919
-1105,3.075069216650473,5.149660353774105,6.011911064042099,4.307788385646632,4.260237180575218,0,100.85826739842692
-1110,3.075069216650473,5.149660353774105,6.011911064042099,4.307788385646632,4.260237180575218,0,100.84399458833897
-1115,3.075069216650473,5.149660353774105,6.011911064042099,4.307788385646632,4.260237180575218,0,100.7543276086595
-1120,3.075069216650473,5.149660353774105,6.011911064042099,4.307788385646632,4.260237180575218,0,100.70249793880508
-1125,3.075069216650473,5.149660353774105,6.011911064042099,4.307788385646632,4.260237180575218,0,100.65056867116343
-1130,3.075069216650473,5.149660353774105,6.011911064042099,4.307788385646632,4.260237180575218,0,100.51101563479743
-1135,3.075069216650473,5.149660353774105,6.011911064042099,4.307788385646632,4.260237180575218,0,100.39681834220518
-1140,3.075069216650473,5.149660353774105,6.011911064042099,4.307788385646632,4.260237180575218,0,100.53254764298805
-1145,3.075069216650473,5.149660353774105,6.011911064042099,4.307788385646632,4.260237180575218,0,100.80654518899044
-1150,3.075069216650473,5.149660353774105,6.011911064042099,4.307788385646632,4.260237180575218,0,100.93024570865798
-1155,3.075069216650473,5.149660353774105,6.011911064042099,4.307788385646632,4.260237180575218,0,100.94108324240023
-1160,3.075069216650473,5.149660353774105,6.011911064042099,4.307788385646632,4.260237180575218,0,100.90163892616022
-1165,3.075069216650473,5.149660353774105,6.011911064042099,4.307788385646632,4.260237180575218,0,100.92493402140312
-1170,3.075069216650473,5.149660353774105,6.011911064042099,4.307788385646632,4.260237180575218,0,100.98599597060975
-1175,3.075069216650473,5.149660353774105,6.011911064042099,4.307788385646632,4.260237180575218,0,101.07234248126329
-1180,3.075069216650473,5.149660353774105,6.011911064042099,4.307788385646632,4.260237180575218,0,101.2215486706146
-1185,3.075069216650473,5.149660353774105,6.011911064042099,4.307788385646632,4.260237180575218,0,101.33334643379072
-1190,3.075069216650473,5.149660353774105,6.011911064042099,4.307788385646632,4.260237180575218,0,101.268480534804
-1195,3.075069216650473,5.149660353774105,6.011911064042099,4.307788385646632,4.260237180575218,0,101.17848286400832
-1200,3.075069216650473,5.149660353774105,6.011911064042099,4.307788385646632,4.260237180575218,0,101.239698216204
-1205,3.075069216650473,5.149660353774105,6.011911064042099,4.307788385646632,4.260237180575218,0,101.32614354323024
-1210,3.075069216650473,5.149660353774105,6.011911064042099,4.307788385646632,4.260237180575218,0,101.23605259184967
-1215,3.075069216650473,5.149660353774105,6.011911064042099,4.307788385646632,4.260237180575218,0,101.17133226310995
-1220,3.075069216650473,5.149660353774105,6.011911064042099,4.307788385646632,4.260237180575218,0,101.11926264489696
-1225,3.075069216650473,5.149660353774105,6.011911064042099,4.307788385646632,4.260237180575218,0,101.0797199672687
-1230,3.075069216650473,5.149660353774105,6.011911064042099,4.307788385646632,4.260237180575218,0,101.09048399585106
-1235,3.075069216650473,5.149660353774105,6.011911064042099,4.307788385646632,4.260237180575218,0,101.02581146672765
-1240,3.075069216650473,5.149660353774105,6.011911064042099,4.307788385646632,4.260237180575218,0,101.09943727122182
-1245,3.075069216650473,5.149660353774105,6.011911064042099,4.307788385646632,4.260237180575218,0,101.22359827488938
-1250,3.075069216650473,5.149660353774105,6.011911064042099,4.307788385646632,4.260237180575218,0,101.33535455575382
-1255,3.075069216650473,5.149660353774105,6.011911064042099,4.307788385646632,4.260237180575218,0,101.40933770746956
-1260,3.075069216650473,5.149660353774105,6.011911064042099,4.307788385646632,4.260237180575218,0,101.29390219174483
-1265,3.075069216650473,5.149660353774105,6.011911064042099,4.307788385646632,4.260237180575218,0,101.19127317537789
-1270,3.075069216650473,5.149660353774105,6.011911064042099,4.307788385646632,4.260237180575218,0,101.2273997104568
-1275,3.075069216650473,5.149660353774105,6.011911064042099,4.307788385646632,4.260237180575218,0,101.27594107259601
-1280,3.075069216650473,5.149660353774105,6.011911064042099,4.307788385646632,4.260237180575218,0,101.24897551369436
-1285,3.075069216650473,5.149660353774105,6.011911064042099,4.307788385646632,4.260237180575218,0,101.22194025280622
-1290,3.075069216650473,5.149660353774105,6.011911064042099,4.307788385646632,4.260237180575218,0,101.2328672043141
-1295,3.075069216650473,5.149660353774105,6.011911064042099,4.307788385646632,4.260237180575218,0,101.26879481888606
-1300,3.075069216650473,5.149660353774105,6.011911064042099,4.307788385646632,4.260237180575218,0,101.24190752071478
-1305,3.075069216650473,5.149660353774105,6.011911064042099,4.307788385646632,4.260237180575218,0,101.13934150777939
-1310,3.075069216650473,5.149660353774105,6.011911064042099,4.307788385646632,4.260237180575218,0,101.11241752345343
-1315,3.075069216650473,5.149660353774105,6.011911064042099,4.307788385646632,4.260237180575218,0,101.17359290457051
-1320,3.075069216650473,5.149660353774105,6.011911064042099,4.307788385646632,4.260237180575218,0,101.14658298681611
-1325,3.075069216650473,5.149660353774105,6.011911064042099,4.307788385646632,4.260237180575218,0,101.094387877349
-1330,3.075069216650473,5.149660353774105,6.011911064042099,4.307788385646632,4.260237180575218,0,101.11778199556937
-1335,3.075069216650473,5.149660353774105,6.011911064042099,4.307788385646632,4.260237180575218,0,101.2798417010527
-1340,3.075069216650473,5.149660353774105,6.011911064042099,4.307788385646632,4.260237180575218,0,101.53049650338232
-1345,3.075069216650473,5.149660353774105,6.011911064042099,4.307788385646632,4.260237180575218,0,101.70573963219599
-1350,3.075069216650473,5.149660353774105,6.011911064042099,4.307788385646632,4.260237180575218,0,101.80543395717822
-1355,3.075069216650473,5.149660353774105,6.011911064042099,4.307788385646632,4.260237180575218,0,101.90506253466877
-1360,3.075069216650473,5.149660353774105,6.011911064042099,4.307788385646632,4.260237180575218,0,102.0682025955211
-1365,3.075069216650473,5.149660353774105,6.011911064042099,4.307788385646632,4.260237180575218,0,102.16818552402825
-1370,3.075069216650473,5.149660353774105,6.011911064042099,4.307788385646632,4.260237180575218,0,102.15364428369315
-1375,3.075069216650473,5.149660353774105,6.011911064042099,4.307788385646632,4.260237180575218,0,102.07550465813657
-1380,3.075069216650473,5.149660353774105,6.011911064042099,4.307788385646632,4.260237180575218,0,102.04839776362718
-1385,3.075069216650473,5.149660353774105,6.011911064042099,4.307788385646632,4.260237180575218,0,102.02122070342563
-1390,3.075069216650473,5.149660353774105,6.011911064042099,4.307788385646632,4.260237180575218,0,101.96865966949433
-1395,3.075069216650473,5.149660353774105,6.011911064042099,4.307788385646632,4.260237180575218,0,101.90340810282478
-1400,3.075069216650473,5.149660353774105,6.011911064042099,4.307788385646632,4.260237180575218,0,101.9142233388151
-1405,3.075069216650473,5.149660353774105,6.011911064042099,4.307788385646632,4.260237180575218,0,101.91240953485097
-1410,3.075069216650473,5.149660353774105,6.011911064042099,4.307788385646632,4.260237180575218,0,101.82181862818396
-1415,3.075069216650473,5.149660353774105,6.011911064042099,4.307788385646632,4.260237180575218,0,101.69337079039936
-1420,3.075069216650473,5.149660353774105,6.011911064042099,4.307788385646632,4.260237180575218,0,101.6537255934751
-1425,3.075069216650473,5.149660353774105,6.011911064042099,4.307788385646632,4.260237180575218,0,101.65190127090425
-1430,3.075069216650473,5.149660353774105,6.011911064042099,4.307788385646632,4.260237180575218,0,101.56153651576028
-1435,3.075069216650473,5.149660353774105,6.011911064042099,4.307788385646632,4.260237180575218,0,101.45867575963014
-1440,3.075069216650473,5.149660353774105,6.011911064042099,4.307788385646632,4.260237180575218,0,101.43160319206102
-1445,3.075069216650473,5.149660353774105,6.011911064042099,4.307788385646632,4.260237180575218,0,101.42979265388337
-1450,3.075069216650473,5.149660353774105,6.011911064042099,4.307788385646632,4.260237180575218,0,101.39022366727221
-1455,3.075069216650473,5.149660353774105,6.011911064042099,4.307788385646632,4.260237180575218,0,101.3378883766955
-1460,3.075069216650473,5.149660353774105,6.011911064042099,4.307788385646632,4.260237180575218,0,101.32351954594579
-1465,3.075069216650473,5.149660353774105,6.011911064042099,4.307788385646632,4.260237180575218,0,101.334338371687
-1470,3.075069216650473,5.149660353774105,6.011911064042099,4.307788385646632,4.260237180575218,0,101.40835234640915
-1475,3.075069216650473,5.149660353774105,6.011911064042099,4.307788385646632,4.260237180575218,0,101.5328128381149
-1480,3.075069216650473,5.149660353774105,6.011911064042099,4.307788385646632,4.260237180575218,0,101.69554592330189
-1485,3.075069216650473,5.149660353774105,6.011911064042099,4.307788385646632,4.260237180575218,0,101.84571135722744
-1490,3.075069216650473,5.149660353774105,6.011911064042099,4.307788385646632,4.260237180575218,0,101.86927670702019
-1495,3.075069216650473,5.149660353774105,6.011911064042099,4.307788385646632,4.260237180575218,0,101.75342093740485
-1500,3.075069216650473,5.149660353774105,6.011911064042099,4.307788385646632,4.260237180575218,0,101.53659790524081
-1505,3.075069216650473,5.149660353774105,6.011911064042099,4.307788385646632,4.260237180575218,0,101.39587274993218
-1510,3.075069216650473,5.149660353774105,6.011911064042099,4.307788385646632,4.260237180575218,0,101.3309279284012
-1515,3.075069216650473,5.149660353774105,6.011911064042099,4.307788385646632,4.260237180575218,0,101.37961390927013
-1520,3.075069216650473,5.149660353774105,6.011911064042099,4.307788385646632,4.260237180575218,0,101.39043398834828
-1525,3.075069216650473,5.149660353774105,6.011911064042099,4.307788385646632,4.260237180575218,0,101.45177757593903
-1530,3.075069216650473,5.149660353774105,6.011911064042099,4.307788385646632,4.260237180575218,0,101.29865834783843
-1535,3.075069216650473,5.149660353774105,6.011911064042099,4.307788385646632,4.260237180575218,0,101.18342566948346
-1540,3.075069216650473,5.149660353774105,6.011911064042099,4.307788385646632,4.260237180575218,0,101.32029794932782
-1545,3.075069216650473,5.149660353774105,6.011911064042099,4.307788385646632,4.260237180575218,0,101.30589939343233
-1550,3.075069216650473,5.149660353774105,6.011911064042099,4.307788385646632,4.260237180575218,0,101.3418415239199
-1555,3.075069216650473,5.149660353774105,6.011911064042099,4.307788385646632,4.260237180575218,0,101.46641702987932
-1560,3.075069216650473,5.149660353774105,6.011911064042099,4.307788385646632,4.260237180575218,0,101.45196939601068
-1565,3.075069216650473,5.149660353774105,6.011911064042099,4.307788385646632,4.260237180575218,0,101.42492195171273
-1570,3.075069216650473,5.149660353774105,6.011911064042099,4.307788385646632,4.260237180575218,0,101.48628640532917
-1575,3.075069216650473,5.149660353774105,6.011911064042099,4.307788385646632,4.260237180575218,0,101.57296190283016
-1580,3.075069216650473,5.149660353774105,6.011911064042099,4.307788385646632,4.260237180575218,0,101.68499434061367
-1585,3.075069216650473,5.149660353774105,6.011911064042099,4.307788385646632,4.260237180575218,0,101.88592098365983
-1590,3.075069216650473,5.149660353774105,6.011911064042099,4.307788385646632,4.260237180575218,0,102.08736044211778
-1595,3.075069216650473,5.149660353774105,6.011911064042099,4.307788385646632,4.260237180575218,0,102.07281318076433
-1600,3.075069216650473,5.149660353774105,6.011911064042099,4.307788385646632,4.260237180575218,0,102.03286048103983
-1605,3.075069216650473,5.149660353774105,6.011911064042099,4.307788385646632,4.260237180575218,0,102.05646718007131
-1610,3.075069216650473,5.149660353774105,6.011911064042099,4.307788385646632,4.260237180575218,0,101.96577300450045
-1615,3.075069216650473,5.149660353774105,6.011911064042099,4.307788385646632,4.260237180575218,0,101.79920396086983
-1620,3.075069216650473,5.149660353774105,6.011911064042099,4.307788385646632,4.260237180575218,0,101.75930138606843
-1625,3.075069216650473,5.149660353774105,6.011911064042099,4.307788385646632,4.260237180575218,0,101.66892108279603
-1630,3.075069216650473,5.149660353774105,6.011911064042099,4.307788385646632,4.260237180575218,0,101.61648101362526
-1635,3.075069216650473,5.149660353774105,6.011911064042099,4.307788385646632,4.260237180575218,0,101.64000576474865
-1640,3.075069216650473,5.149660353774105,6.011911064042099,4.307788385646632,4.260237180575218,0,101.61288369921706
-1645,3.075069216650473,5.149660353774105,6.011911064042099,4.307788385646632,4.260237180575218,0,101.61118044830579
-1650,3.075069216650473,5.149660353774105,6.011911064042099,4.307788385646632,4.260237180575218,0,101.68533243733708
-1655,3.075069216650473,5.149660353774105,6.011911064042099,4.307788385646632,4.260237180575218,0,101.77221947187593
-1660,3.075069216650473,5.149660353774105,6.011911064042099,4.307788385646632,4.260237180575218,0,101.74496274342918
-1665,3.075069216650473,5.149660353774105,6.011911064042099,4.307788385646632,4.260237180575218,0,101.68000674206348
-1670,3.075069216650473,5.149660353774105,6.011911064042099,4.307788385646632,4.260237180575218,0,101.72881998113105
-1675,3.075069216650473,5.149660353774105,6.011911064042099,4.307788385646632,4.260237180575218,0,101.82835296266252
-1680,3.075069216650473,5.149660353774105,6.011911064042099,4.307788385646632,4.260237180575218,0,101.88996150149082
-1685,3.075069216650473,5.149660353774105,6.011911064042099,4.307788385646632,4.260237180575218,0,101.85008879122361
-1690,3.075069216650473,5.149660353774105,6.011911064042099,4.307788385646632,4.260237180575218,0,101.69628023085502
-1695,3.075069216650473,5.149660353774105,6.011911064042099,4.307788385646632,4.260237180575218,0,101.53012590318757
-1700,3.075069216650473,5.149660353774105,6.011911064042099,4.307788385646632,4.260237180575218,0,101.41458474396863
-1705,3.075069216650473,5.149660353774105,6.011911064042099,4.307788385646632,4.260237180575218,0,101.41276808243455
-1710,3.075069216650473,5.149660353774105,6.011911064042099,4.307788385646632,4.260237180575218,0,101.60055134901218
-1715,3.075069216650473,5.149660353774105,6.011911064042099,4.307788385646632,4.260237180575218,0,101.83931273224809
-1720,3.075069216650473,5.149660353774105,6.011911064042099,4.307788385646632,4.260237180575218,0,102.01519212532916
-1725,3.075069216650473,5.149660353774105,6.011911064042099,4.307788385646632,4.260237180575218,0,102.115128811531
-1730,3.075069216650473,5.149660353774105,6.011911064042099,4.307788385646632,4.260237180575218,0,102.12603060427774
-1735,3.075069216650473,5.149660353774105,6.011911064042099,4.307788385646632,4.260237180575218,0,102.07334749861587
-1740,3.075069216650473,5.149660353774105,6.011911064042099,4.307788385646632,4.260237180575218,0,101.95727662074536
-1745,3.075069216650473,5.149660353774105,6.011911064042099,4.307788385646632,4.260237180575218,0,101.82867565718448
-1750,3.075069216650473,5.149660353774105,6.011911064042099,4.307788385646632,4.260237180575218,0,101.72553996056142
-1755,3.075069216650473,5.149660353774105,6.011911064042099,4.307788385646632,4.260237180575218,0,101.68564376900511
-1760,3.075069216650473,5.149660353774105,6.011911064042099,4.307788385646632,4.260237180575218,0,101.73463461959935
-1765,3.075069216650473,5.149660353774105,6.011911064042099,4.307788385646632,4.260237180575218,0,101.78349079245321
-1770,3.075069216650473,5.149660353774105,6.011911064042099,4.307788385646632,4.260237180575218,0,101.74360225719559
-1775,3.075069216650473,5.149660353774105,6.011911064042099,4.307788385646632,4.260237180575218,0,101.64054381980041
-1780,3.075069216650473,5.149660353774105,6.011911064042099,4.307788385646632,4.260237180575218,0,101.56291789783465
-1785,3.075069216650473,5.149660353774105,6.011911064042099,4.307788385646632,4.260237180575218,0,101.52318297306944
-1790,3.075069216650473,5.149660353774105,6.011911064042099,4.307788385646632,4.260237180575218,0,101.59734099345923
-1795,3.075069216650473,5.149660353774105,6.011911064042099,4.307788385646632,4.260237180575218,0,101.7346314648617
-1800,3.075069216650473,5.149660353774105,6.011911064042099,4.307788385646632,4.260237180575218,0,101.91029946439807
-1805,3.075069216650473,5.149660353774105,6.011911064042099,4.307788385646632,4.260237180575218,0,102.04818605224612
-1810,3.075069216650473,5.149660353774105,6.011911064042099,4.307788385646632,4.260237180575218,0,102.07179030050497
-1815,3.075069216650473,5.149660353774105,6.011911064042099,4.307788385646632,4.260237180575218,0,102.04461038931979
-1820,3.075069216650473,5.149660353774105,6.011911064042099,4.307788385646632,4.260237180575218,0,102.04276326889683
-1825,3.075069216650473,5.149660353774105,6.011911064042099,4.307788385646632,4.260237180575218,0,102.0664528508263
-1830,3.075069216650473,5.149660353774105,6.011911064042099,4.307788385646632,4.260237180575218,0,102.05190407080468
-1835,3.075069216650473,5.149660353774105,6.011911064042099,4.307788385646632,4.260237180575218,0,102.08819868363037
-1840,3.075069216650473,5.149660353774105,6.011911064042099,4.307788385646632,4.260237180575218,0,102.28994052622112
-1845,3.075069216650473,5.149660353774105,6.011911064042099,4.307788385646632,4.260237180575218,0,102.53050474359921
-1850,3.075069216650473,5.149660353774105,6.011911064042099,4.307788385646632,4.260237180575218,0,102.70750493396095
-1855,3.075069216650473,5.149660353774105,6.011911064042099,4.307788385646632,4.260237180575218,0,102.80799084395413
-1860,3.075069216650473,5.149660353774105,6.011911064042099,4.307788385646632,4.260237180575218,0,102.84466582702552
-1865,3.075069216650473,5.149660353774105,6.011911064042099,4.307788385646632,4.260237180575218,0,102.84279703374149
-1870,3.075069216650473,5.149660353774105,6.011911064042099,4.307788385646632,4.260237180575218,0,102.80263196714374
-1875,3.075069216650473,5.149660353774105,6.011911064042099,4.307788385646632,4.260237180575218,0,102.73680803336862
-1880,3.075069216650473,5.149660353774105,6.011911064042099,4.307788385646632,4.260237180575218,0,102.5817058281461
-1885,3.075069216650473,5.149660353774105,6.011911064042099,4.307788385646632,4.260237180575218,0,102.41397411932466
-1890,3.075069216650473,5.149660353774105,6.011911064042099,4.307788385646632,4.260237180575218,0,102.31028824334456
-1895,3.075069216650473,5.149660353774105,6.011911064042099,4.307788385646632,4.260237180575218,0,102.25754932060356
-1900,3.075069216650473,5.149660353774105,6.011911064042099,4.307788385646632,4.260237180575218,0,102.26843602083322
-1905,3.075069216650473,5.149660353774105,6.011911064042099,4.307788385646632,4.260237180575218,0,102.30480464149139
-1910,3.075069216650473,5.149660353774105,6.011911064042099,4.307788385646632,4.260237180575218,0,102.34117983418133
-1915,3.075069216650473,5.149660353774105,6.011911064042099,4.307788385646632,4.260237180575218,0,102.36495267424763
-1920,3.075069216650473,5.149660353774105,6.011911064042099,4.307788385646632,4.260237180575218,0,102.3631643159816
-1925,3.075069216650473,5.149660353774105,6.011911064042099,4.307788385646632,4.260237180575218,0,102.36133632268505
-1930,3.075069216650473,5.149660353774105,6.011911064042099,4.307788385646632,4.260237180575218,0,102.38505207838213
-1935,3.075069216650473,5.149660353774105,6.011911064042099,4.307788385646632,4.260237180575218,0,102.43419797826331
-1940,3.075069216650473,5.149660353774105,6.011911064042099,4.307788385646632,4.260237180575218,0,102.39419574609654
-1945,3.075069216650473,5.149660353774105,6.011911064042099,4.307788385646632,4.260237180575218,0,102.35410761297403
-1950,3.075069216650473,5.149660353774105,6.011911064042099,4.307788385646632,4.260237180575218,0,102.326756190516
-1955,3.075069216650473,5.149660353774105,6.011911064042099,4.307788385646632,4.260237180575218,0,102.29949458522891
-1960,3.075069216650473,5.149660353774105,6.011911064042099,4.307788385646632,4.260237180575218,0,102.32319446626505
-1965,3.075069216650473,5.149660353774105,6.011911064042099,4.307788385646632,4.260237180575218,0,102.3468855781955
-1970,3.075069216650473,5.149660353774105,6.011911064042099,4.307788385646632,4.260237180575218,0,102.40880784140256
-1975,3.075069216650473,5.149660353774105,6.011911064042099,4.307788385646632,4.260237180575218,0,102.43250449330131
-1980,3.075069216650473,5.149660353774105,6.011911064042099,4.307788385646632,4.260237180575218,0,102.3033691620213
-1985,3.075069216650473,5.149660353774105,6.011911064042099,4.307788385646632,4.260237180575218,0,102.26337499688564
-1990,3.075069216650473,5.149660353774105,6.011911064042099,4.307788385646632,4.260237180575218,0,102.36341824095196
-1995,3.075069216650473,5.149660353774105,6.011911064042099,4.307788385646632,4.260237180575218,0,102.51463240199948
-2000,3.075069216650473,5.149660353774105,6.011911064042099,4.307788385646632,4.260237180575218,0,102.71727152778374
-2005,3.075069216650473,5.149660353774105,6.011911064042099,4.307788385646632,4.260237180575218,0,102.83056701370539
-2010,3.075069216650473,5.149660353774105,6.011911064042099,4.307788385646632,4.260237180575218,0,102.81593107439595
-2015,3.075069216650473,5.149660353774105,6.011911064042099,4.307788385646632,4.260237180575218,0,102.76295266363293
-2020,3.075069216650473,5.149660353774105,6.011911064042099,4.307788385646632,4.260237180575218,0,102.74834444157787
-2025,3.075069216650473,5.149660353774105,6.011911064042099,4.307788385646632,4.260237180575218,0,102.6953474631351
-2030,3.075069216650473,5.149660353774105,6.011911064042099,4.307788385646632,4.260237180575218,0,102.5914302217815
-2035,3.075069216650473,5.149660353774105,6.011911064042099,4.307788385646632,4.260237180575218,0,102.44913172171908
-2040,3.075069216650473,5.149660353774105,6.011911064042099,4.307788385646632,4.260237180575218,0,102.3707906566377
-2045,3.075069216650473,5.149660353774105,6.011911064042099,4.307788385646632,4.260237180575218,0,102.31809697493286
-2050,3.075069216650473,5.149660353774105,6.011911064042099,4.307788385646632,4.260237180575218,0,102.30358939042918
-2055,3.075069216650473,5.149660353774105,6.011911064042099,4.307788385646632,4.260237180575218,0,102.3526611819145
-2060,3.075069216650473,5.149660353774105,6.011911064042099,4.307788385646632,4.260237180575218,0,102.33824444980372
-2065,3.075069216650473,5.149660353774105,6.011911064042099,4.307788385646632,4.260237180575218,0,102.3364500763179
-2070,3.075069216650473,5.149660353774105,6.011911064042099,4.307788385646632,4.260237180575218,0,102.42373590605287
-2075,3.075069216650473,5.149660353774105,6.011911064042099,4.307788385646632,4.260237180575218,0,102.4730120506971
-2080,3.075069216650473,5.149660353774105,6.011911064042099,4.307788385646632,4.260237180575218,0,102.59883774264563
-2085,3.075069216650473,5.149660353774105,6.011911064042099,4.307788385646632,4.260237180575218,0,102.75035705801612
-2090,3.075069216650473,5.149660353774105,6.011911064042099,4.307788385646632,4.260237180575218,0,102.9406582265362
-2095,3.075069216650473,5.149660353774105,6.011911064042099,4.307788385646632,4.260237180575218,0,103.07993237620616
-2100,3.075069216650473,5.149660353774105,6.011911064042099,4.307788385646632,4.260237180575218,0,103.24496270693682
-2105,3.075069216650473,5.149660353774105,6.011911064042099,4.307788385646632,4.260237180575218,0,103.34613456177999
-2110,3.075069216650473,5.149660353774105,6.011911064042099,4.307788385646632,4.260237180575218,0,103.39575150999103
-2115,3.075069216650473,5.149660353774105,6.011911064042099,4.307788385646632,4.260237180575218,0,103.38112922298252
-2120,3.075069216650473,5.149660353774105,6.011911064042099,4.307788385646632,4.260237180575218,0,103.35352588363276
-2125,3.075069216650473,5.149660353774105,6.011911064042099,4.307788385646632,4.260237180575218,0,103.35171796107079
-2130,3.075069216650473,5.149660353774105,6.011911064042099,4.307788385646632,4.260237180575218,0,103.29843301999355
-2135,3.075069216650473,5.149660353774105,6.011911064042099,4.307788385646632,4.260237180575218,0,103.1680075028111
-2140,3.075069216650473,5.149660353774105,6.011911064042099,4.307788385646632,4.260237180575218,0,102.96095751686411
-2145,3.075069216650473,5.149660353774105,6.011911064042099,4.307788385646632,4.260237180575218,0,102.81827841040332
-2150,3.075069216650473,5.149660353774105,6.011911064042099,4.307788385646632,4.260237180575218,0,102.77801952627419
-2155,3.075069216650473,5.149660353774105,6.011911064042099,4.307788385646632,4.260237180575218,0,102.7123708201307
-2160,3.075069216650473,5.149660353774105,6.011911064042099,4.307788385646632,4.260237180575218,0,102.86411638324482
-2165,3.075069216650473,5.149660353774105,6.011911064042099,4.307788385646632,4.260237180575218,0,102.97751329968634
-2170,3.075069216650473,5.149660353774105,6.011911064042099,4.307788385646632,4.260237180575218,0,103.12969234249512
-2175,3.075069216650473,5.149660353774105,6.011911064042099,4.307788385646632,4.260237180575218,0,103.25632365904616
-2180,3.075069216650473,5.149660353774105,6.011911064042099,4.307788385646632,4.260237180575218,0,103.43465470104059
-2185,3.075069216650473,5.149660353774105,6.011911064042099,4.307788385646632,4.260237180575218,0,103.53582300303728
-2190,3.075069216650473,5.149660353774105,6.011911064042099,4.307788385646632,4.260237180575218,0,103.54698292179538
-2195,3.075069216650473,5.149660353774105,6.011911064042099,4.307788385646632,4.260237180575218,0,103.42917127207036
-2200,3.075069216650473,5.149660353774105,6.011911064042099,4.307788385646632,4.260237180575218,0,103.23435878603722
-2205,3.075069216650473,5.149660353774105,6.011911064042099,4.307788385646632,4.260237180575218,0,103.02720543776378
-2210,3.075069216650473,5.149660353774105,6.011911064042099,4.307788385646632,4.260237180575218,0,102.89717320951956
-2215,3.075069216650473,5.149660353774105,6.011911064042099,4.307788385646632,4.260237180575218,0,102.85698072314125
-2220,3.075069216650473,5.149660353774105,6.011911064042099,4.307788385646632,4.260237180575218,0,103.0346384876218
-2225,3.075069216650473,5.149660353774105,6.011911064042099,4.307788385646632,4.260237180575218,0,103.1740299044281
-2230,3.075069216650473,5.149660353774105,6.011911064042099,4.307788385646632,4.260237180575218,0,103.09502031902029
-2235,3.075069216650473,5.149660353774105,6.011911064042099,4.307788385646632,4.260237180575218,0,103.04192461087311
-2240,3.075069216650473,5.149660353774105,6.011911064042099,4.307788385646632,4.260237180575218,0,103.12999838507841
-2245,3.075069216650473,5.149660353774105,6.011911064042099,4.307788385646632,4.260237180575218,0,103.16664788591991
-2250,3.075069216650473,5.149660353774105,6.011911064042099,4.307788385646632,4.260237180575218,0,103.40923490578788
-2255,3.075069216650473,5.149660353774105,6.011911064042099,4.307788385646632,4.260237180575218,0,103.56193880902087
-2260,3.075069216650473,5.149660353774105,6.011911064042099,4.307788385646632,4.260237180575218,0,103.74074937043711
-2265,3.075069216650473,5.149660353774105,6.011911064042099,4.307788385646632,4.260237180575218,0,103.80351495388915
-2270,3.075069216650473,5.149660353774105,6.011911064042099,4.307788385646632,4.260237180575218,0,103.81466942272444
-2275,3.075069216650473,5.149660353774105,6.011911064042099,4.307788385646632,4.260237180575218,0,103.76111561326424
-2280,3.075069216650473,5.149660353774105,6.011911064042099,4.307788385646632,4.260237180575218,0,103.70762581111094
-2285,3.075069216650473,5.149660353774105,6.011911064042099,4.307788385646632,4.260237180575218,0,103.6800716606059
-2290,3.075069216650473,5.149660353774105,6.011911064042099,4.307788385646632,4.260237180575218,0,103.5492318360826
-2295,3.075069216650473,5.149660353774105,6.011911064042099,4.307788385646632,4.260237180575218,0,103.45713343634029
-2300,3.075069216650473,5.149660353774105,6.011911064042099,4.307788385646632,4.260237180575218,0,103.40384694643265
-2305,3.075069216650473,5.149660353774105,6.011911064042099,4.307788385646632,4.260237180575218,0,103.46640869602639
-2310,3.075069216650473,5.149660353774105,6.011911064042099,4.307788385646632,4.260237180575218,0,103.43876994181957
-2315,3.075069216650473,5.149660353774105,6.011911064042099,4.307788385646632,4.260237180575218,0,103.52715080677022
-2320,3.075069216650473,5.149660353774105,6.011911064042099,4.307788385646632,4.260237180575218,0,103.5897871580878
-2325,3.075069216650473,5.149660353774105,6.011911064042099,4.307788385646632,4.260237180575218,0,103.75577825523274
-2330,3.075069216650473,5.149660353774105,6.011911064042099,4.307788385646632,4.260237180575218,0,103.83147535132234
-2335,3.075069216650473,5.149660353774105,6.011911064042099,4.307788385646632,4.260237180575218,0,103.81671439705673
-2340,3.075069216650473,5.149660353774105,6.011911064042099,4.307788385646632,4.260237180575218,0,103.78912753898202
-2345,3.075069216650473,5.149660353774105,6.011911064042099,4.307788385646632,4.260237180575218,0,103.73557751885316
-2350,3.075069216650473,5.149660353774105,6.011911064042099,4.307788385646632,4.260237180575218,0,103.57896785557877
-2355,3.075069216650473,5.149660353774105,6.011911064042099,4.307788385646632,4.260237180575218,0,103.64163555742468
-2360,3.075069216650473,5.149660353774105,6.011911064042099,4.307788385646632,4.260237180575218,0,103.70434117469816
-2365,3.075069216650473,5.149660353774105,6.011911064042099,4.307788385646632,4.260237180575218,0,103.77989344246652
-2370,3.075069216650473,5.149660353774105,6.011911064042099,4.307788385646632,4.260237180575218,0,103.80389604859597
-2375,3.075069216650473,5.149660353774105,6.011911064042099,4.307788385646632,4.260237180575218,0,103.90550996450874
-2380,3.075069216650473,5.149660353774105,6.011911064042099,4.307788385646632,4.260237180575218,0,104.0850448985867
-2385,3.075069216650473,5.149660353774105,6.011911064042099,4.307788385646632,4.260237180575218,0,104.2517503609038
-2390,3.075069216650473,5.149660353774105,6.011911064042099,4.307788385646632,4.260237180575218,0,104.30180855888467
-2395,3.075069216650473,5.149660353774105,6.011911064042099,4.307788385646632,4.260237180575218,0,104.3649135962883
-2400,3.075069216650473,5.149660353774105,6.011911064042099,4.307788385646632,4.260237180575218,0,104.3500322138119
-2405,3.075069216650473,5.149660353774105,6.011911064042099,4.307788385646632,4.260237180575218,0,104.29631274747115
-2410,3.075069216650473,5.149660353774105,6.011911064042099,4.307788385646632,4.260237180575218,0,104.26841679059574
-2415,3.075069216650473,5.149660353774105,6.011911064042099,4.307788385646632,4.260237180575218,0,104.34455760251163
-2420,3.075069216650473,5.149660353774105,6.011911064042099,4.307788385646632,4.260237180575218,0,104.55071250250359
-2425,3.075069216650473,5.149660353774105,6.011911064042099,4.307788385646632,4.260237180575218,0,104.67915727142952
-2430,3.075069216650473,5.149660353774105,6.011911064042099,4.307788385646632,4.260237180575218,0,104.71650110139458
-2435,3.075069216650473,5.149660353774105,6.011911064042099,4.307788385646632,4.260237180575218,0,104.71458899291981
-2440,3.075069216650473,5.149660353774105,6.011911064042099,4.307788385646632,4.260237180575218,0,104.7648482511597
-2445,3.075069216650473,5.149660353774105,6.011911064042099,4.307788385646632,4.260237180575218,0,104.84133688251617
-2450,3.075069216650473,5.149660353774105,6.011911064042099,4.307788385646632,4.260237180575218,0,104.89165697521072
-2455,3.075069216650473,5.149660353774105,6.011911064042099,4.307788385646632,4.260237180575218,0,104.88986312253195
-2460,3.075069216650473,5.149660353774105,6.011911064042099,4.307788385646632,4.260237180575218,0,104.75743821635368
-2465,3.075069216650473,5.149660353774105,6.011911064042099,4.307788385646632,4.260237180575218,0,104.56016227318597
-2470,3.075069216650473,5.149660353774105,6.011911064042099,4.307788385646632,4.260237180575218,0,104.29842982255313
-2475,3.075069216650473,5.149660353774105,6.011911064042099,4.307788385646632,4.260237180575218,0,104.06315693555572
-2480,3.075069216650473,5.149660353774105,6.011911064042099,4.307788385646632,4.260237180575218,0,104.04835961857748
-2485,3.075069216650473,5.149660353774105,6.011911064042099,4.307788385646632,4.260237180575218,0,104.08531931011153
-2490,3.075069216650473,5.149660353774105,6.011911064042099,4.307788385646632,4.260237180575218,0,103.96692367670957
-2495,3.075069216650473,5.149660353774105,6.011911064042099,4.307788385646632,4.260237180575218,0,103.86170082446017
-2500,3.075069216650473,5.149660353774105,6.011911064042099,4.307788385646632,4.260237180575218,0,103.71776770817189
-2505,3.075069216650473,5.149660353774105,6.011911064042099,4.307788385646632,4.260237180575218,0,103.638416987472
-2510,3.075069216650473,5.149660353774105,6.011911064042099,4.307788385646632,4.260237180575218,0,103.71415602112542
-2515,3.075069216650473,5.149660353774105,6.011911064042099,4.307788385646632,4.260237180575218,0,103.9449231746139
-2520,3.075069216650473,5.149660353774105,6.011911064042099,4.307788385646632,4.260237180575218,0,104.09848337883463
-2525,3.075069216650473,5.149660353774105,6.011911064042099,4.307788385646632,4.260237180575218,0,104.25219134870987
-2530,3.075069216650473,5.149660353774105,6.011911064042099,4.307788385646632,4.260237180575218,0,104.28930442168267
-2535,3.075069216650473,5.149660353774105,6.011911064042099,4.307788385646632,4.260237180575218,0,104.5344174983123
-2540,3.075069216650473,5.149660353774105,6.011911064042099,4.307788385646632,4.260237180575218,0,104.70198103073099
-2545,3.075069216650473,5.149660353774105,6.011911064042099,4.307788385646632,4.260237180575218,0,104.76532818185397
-2550,3.075069216650473,5.149660353774105,6.011911064042099,4.307788385646632,4.260237180575218,0,104.72426963076525
-2555,3.075069216650473,5.149660353774105,6.011911064042099,4.307788385646632,4.260237180575218,0,104.80073678302861
-2560,3.075069216650473,5.149660353774105,6.011911064042099,4.307788385646632,4.260237180575218,0,104.838087350663
-2565,3.075069216650473,5.149660353774105,6.011911064042099,4.307788385646632,4.260237180575218,0,104.70571712202039
-2570,3.075069216650473,5.149660353774105,6.011911064042099,4.307788385646632,4.260237180575218,0,104.52166366841544
-2575,3.075069216650473,5.149660353774105,6.011911064042099,4.307788385646632,4.260237180575218,0,104.37676396506039
-2580,3.075069216650473,5.149660353774105,6.011911064042099,4.307788385646632,4.260237180575218,0,104.14135694123897
-2585,3.075069216650473,5.149660353774105,6.011911064042099,4.307788385646632,4.260237180575218,0,104.12647838928405
-2590,3.075069216650473,5.149660353774105,6.011911064042099,4.307788385646632,4.260237180575218,0,104.13769477666091
-2595,3.075069216650473,5.149660353774105,6.011911064042099,4.307788385646632,4.260237180575218,0,104.31749841156007
-2600,3.075069216650473,5.149660353774105,6.011911064042099,4.307788385646632,4.260237180575218,0,104.26374438605454
-2605,3.075069216650473,5.149660353774105,6.011911064042099,4.307788385646632,4.260237180575218,0,104.35267795207113
-2610,3.075069216650473,5.149660353774105,6.011911064042099,4.307788385646632,4.260237180575218,0,104.53299738685774
-2615,3.075069216650473,5.149660353774105,6.011911064042099,4.307788385646632,4.260237180575218,0,104.60927057881153
-2620,3.075069216650473,5.149660353774105,6.011911064042099,4.307788385646632,4.260237180575218,0,104.4641568565047
-2625,3.075069216650473,5.149660353774105,6.011911064042099,4.307788385646632,4.260237180575218,0,104.41031151432472
-2630,3.075069216650473,5.149660353774105,6.011911064042099,4.307788385646632,4.260237180575218,0,104.39551860164606
-2635,3.075069216650473,5.149660353774105,6.011911064042099,4.307788385646632,4.260237180575218,0,104.32877847874722
-2640,3.075069216650473,5.149660353774105,6.011911064042099,4.307788385646632,4.260237180575218,0,104.31401610505769
-2645,3.075069216650473,5.149660353774105,6.011911064042099,4.307788385646632,4.260237180575218,0,104.42908242831712
-2650,3.075069216650473,5.149660353774105,6.011911064042099,4.307788385646632,4.260237180575218,0,104.57024246938946
-2655,3.075069216650473,5.149660353774105,6.011911064042099,4.307788385646632,4.260237180575218,0,104.68570125424431
-2660,3.075069216650473,5.149660353774105,6.011911064042099,4.307788385646632,4.260237180575218,0,104.65769211801413
-2665,3.075069216650473,5.149660353774105,6.011911064042099,4.307788385646632,4.260237180575218,0,104.62996029737239
-2670,3.075069216650473,5.149660353774105,6.011911064042099,4.307788385646632,4.260237180575218,0,104.64097774734394
-2675,3.075069216650473,5.149660353774105,6.011911064042099,4.307788385646632,4.260237180575218,0,104.61312560338784
-2680,3.075069216650473,5.149660353774105,6.011911064042099,4.307788385646632,4.260237180575218,0,104.58520145285286
-2685,3.075069216650473,5.149660353774105,6.011911064042099,4.307788385646632,4.260237180575218,0,104.66161701832787
-2690,3.075069216650473,5.149660353774105,6.011911064042099,4.307788385646632,4.260237180575218,0,104.76403021565599
-2695,3.075069216650473,5.149660353774105,6.011911064042099,4.307788385646632,4.260237180575218,0,104.74918667193613
-2700,3.075069216650473,5.149660353774105,6.011911064042099,4.307788385646632,4.260237180575218,0,104.65601125164086
-2705,3.075069216650473,5.149660353774105,6.011911064042099,4.307788385646632,4.260237180575218,0,104.58902653168937
-2710,3.075069216650473,5.149660353774105,6.011911064042099,4.307788385646632,4.260237180575218,0,104.58728961323784
-2715,3.075069216650473,5.149660353774105,6.011911064042099,4.307788385646632,4.260237180575218,0,104.63755636026744
-2720,3.075069216650473,5.149660353774105,6.011911064042099,4.307788385646632,4.260237180575218,0,104.88348078565082
-2725,3.075069216650473,5.149660353774105,6.011911064042099,4.307788385646632,4.260237180575218,0,105.13001656282601
-2730,3.075069216650473,5.149660353774105,6.011911064042099,4.307788385646632,4.260237180575218,0,105.24593740247418
-2735,3.075069216650473,5.149660353774105,6.011911064042099,4.307788385646632,4.260237180575218,0,105.32283243990133
-2740,3.075069216650473,5.149660353774105,6.011911064042099,4.307788385646632,4.260237180575218,0,105.3602780224474
-2745,3.075069216650473,5.149660353774105,6.011911064042099,4.307788385646632,4.260237180575218,0,105.35837894918063
-2750,3.075069216650473,5.149660353774105,6.011911064042099,4.307788385646632,4.260237180575218,0,105.30417414249906
-2755,3.075069216650473,5.149660353774105,6.011911064042099,4.307788385646632,4.260237180575218,0,105.26293930103363
-2760,3.075069216650473,5.149660353774105,6.011911064042099,4.307788385646632,4.260237180575218,0,105.16946467072063
-2765,3.075069216650473,5.149660353774105,6.011911064042099,4.307788385646632,4.260237180575218,0,105.19364792687975
-2770,3.075069216650473,5.149660353774105,6.011911064042099,4.307788385646632,4.260237180575218,0,105.28366528053665
-2775,3.075069216650473,5.149660353774105,6.011911064042099,4.307788385646632,4.260237180575218,0,105.33408146727712
-2780,3.075069216650473,5.149660353774105,6.011911064042099,4.307788385646632,4.260237180575218,0,105.26685105644438
-2785,3.075069216650473,5.149660353774105,6.011911064042099,4.307788385646632,4.260237180575218,0,105.35660595771242
-2790,3.075069216650473,5.149660353774105,6.011911064042099,4.307788385646632,4.260237180575218,0,105.43347876626487
-2795,3.075069216650473,5.149660353774105,6.011911064042099,4.307788385646632,4.260237180575218,0,105.45803341176764
-2800,3.075069216650473,5.149660353774105,6.011911064042099,4.307788385646632,4.260237180575218,0,105.56109680931837
-2805,3.075069216650473,5.149660353774105,6.011911064042099,4.307788385646632,4.260237180575218,0,105.79613620922397
-2810,3.075069216650473,5.149660353774105,6.011911064042099,4.307788385646632,4.260237180575218,0,106.15040752639425
-2815,3.075069216650473,5.149660353774105,6.011911064042099,4.307788385646632,4.260237180575218,0,106.51912798375707
-2820,3.075069216650473,5.149660353774105,6.011911064042099,4.307788385646632,4.260237180575218,0,106.82272525526713
-2825,3.075069216650473,5.149660353774105,6.011911064042099,4.307788385646632,4.260237180575218,0,107.00727047378518
-2830,3.075069216650473,5.149660353774105,6.011911064042099,4.307788385646632,4.260237180575218,0,106.95202486019566
-2835,3.075069216650473,5.149660353774105,6.011911064042099,4.307788385646632,4.260237180575218,0,106.75056738182622
-2840,3.075069216650473,5.149660353774105,6.011911064042099,4.307788385646632,4.260237180575218,0,106.66913823693844
-2845,3.075069216650473,5.149660353774105,6.011911064042099,4.307788385646632,4.260237180575218,0,106.76011004357746
-2850,3.075069216650473,5.149660353774105,6.011911064042099,4.307788385646632,4.260237180575218,0,106.75821879012813
-2855,3.075069216650473,5.149660353774105,6.011911064042099,4.307788385646632,4.260237180575218,0,106.74305293029758
-2860,3.075069216650473,5.149660353774105,6.011911064042099,4.307788385646632,4.260237180575218,0,106.58199701573217
-2865,3.075069216650473,5.149660353774105,6.011911064042099,4.307788385646632,4.260237180575218,0,106.48713246462202
-2870,3.075069216650473,5.149660353774105,6.011911064042099,4.307788385646632,4.260237180575218,0,106.45875877177016
-2875,3.075069216650473,5.149660353774105,6.011911064042099,4.307788385646632,4.260237180575218,0,106.28475206681574
-2880,3.075069216650473,5.149660353774105,6.011911064042099,4.307788385646632,4.260237180575218,0,106.0186588212104
-2885,3.075069216650473,5.149660353774105,6.011911064042099,4.307788385646632,4.260237180575218,0,105.89812004808599
-2890,3.075069216650473,5.149660353774105,6.011911064042099,4.307788385646632,4.260237180575218,0,105.69873781814705
-2895,3.075069216650473,5.149660353774105,6.011911064042099,4.307788385646632,4.260237180575218,0,105.5520855675961
-2900,3.075069216650473,5.149660353774105,6.011911064042099,4.307788385646632,4.260237180575218,0,105.43218771765122
-2905,3.075069216650473,5.149660353774105,6.011911064042099,4.307788385646632,4.260237180575218,0,105.27288523623734
-2910,3.075069216650473,5.149660353774105,6.011911064042099,4.307788385646632,4.260237180575218,0,105.12703301563116
-2915,3.075069216650473,5.149660353774105,6.011911064042099,4.307788385646632,4.260237180575218,0,105.02041428697808
-2920,3.075069216650473,5.149660353774105,6.011911064042099,4.307788385646632,4.260237180575218,0,104.86189941486504
-2925,3.075069216650473,5.149660353774105,6.011911064042099,4.307788385646632,4.260237180575218,0,104.75563562695956
-2930,3.075069216650473,5.149660353774105,6.011911064042099,4.307788385646632,4.260237180575218,0,104.70171795998498
-2935,3.075069216650473,5.149660353774105,6.011911064042099,4.307788385646632,4.260237180575218,0,104.71288122322346
-2940,3.075069216650473,5.149660353774105,6.011911064042099,4.307788385646632,4.260237180575218,0,104.75021765656001
-2945,3.075069216650473,5.149660353774105,6.011911064042099,4.307788385646632,4.260237180575218,0,104.77436362626335
-2950,3.075069216650473,5.149660353774105,6.011911064042099,4.307788385646632,4.260237180575218,0,104.86380337490134
-2955,3.075069216650473,5.149660353774105,6.011911064042099,4.307788385646632,4.260237180575218,0,104.95349400073917
-2960,3.075069216650473,5.149660353774105,6.011911064042099,4.307788385646632,4.260237180575218,0,104.99073187551089
-2965,3.075069216650473,5.149660353774105,6.011911064042099,4.307788385646632,4.260237180575218,0,105.05425372765882
-2970,3.075069216650473,5.149660353774105,6.011911064042099,4.307788385646632,4.260237180575218,0,105.10475806094979
-2975,3.075069216650473,5.149660353774105,6.011911064042099,4.307788385646632,4.260237180575218,0,105.16834890161093
-2980,3.075069216650473,5.149660353774105,6.011911064042099,4.307788385646632,4.260237180575218,0,105.2713750308327
-2985,3.075069216650473,5.149660353774105,6.011911064042099,4.307788385646632,4.260237180575218,0,105.37430566728732
-2990,3.075069216650473,5.149660353774105,6.011911064042099,4.307788385646632,4.260237180575218,0,105.50367924434352
-2995,3.075069216650473,5.149660353774105,6.011911064042099,4.307788385646632,4.260237180575218,0,105.60697980753741
-3000,3.075069216650473,5.149660353774105,6.011911064042099,4.307788385646632,4.260237180575218,0,105.64466766862293
-3005,3.075069216650473,5.149660353774105,6.011911064042099,4.307788385646632,4.260237180575218,0,105.66906902835231
-3010,3.075069216650473,5.149660353774105,6.011911064042099,4.307788385646632,4.260237180575218,0,105.61456336132238
-3015,3.075069216650473,5.149660353774105,6.011911064042099,4.307788385646632,4.260237180575218,0,105.59951702910155
-3020,3.075069216650473,5.149660353774105,6.011911064042099,4.307788385646632,4.260237180575218,0,105.5189204721105
-3025,3.075069216650473,5.149660353774105,6.011911064042099,4.307788385646632,4.260237180575218,0,105.37265475199862
-3030,3.075069216650473,5.149660353774105,6.011911064042099,4.307788385646632,4.260237180575218,0,105.20041926466229
-3035,3.075069216650473,5.149660353774105,6.011911064042099,4.307788385646632,4.260237180575218,0,105.23793271927113
-3040,3.075069216650473,5.149660353774105,6.011911064042099,4.307788385646632,4.260237180575218,0,105.27527018329653
-3045,3.075069216650473,5.149660353774105,6.011911064042099,4.307788385646632,4.260237180575218,0,105.36531407086633
-3050,3.075069216650473,5.149660353774105,6.011911064042099,4.307788385646632,4.260237180575218,0,105.44206237069578
-3055,3.075069216650473,5.149660353774105,6.011911064042099,4.307788385646632,4.260237180575218,0,105.519048177025
-3060,3.075069216650473,5.149660353774105,6.011911064042099,4.307788385646632,4.260237180575218,0,105.66171625438479
-3065,3.075069216650473,5.149660353774105,6.011911064042099,4.307788385646632,4.260237180575218,0,105.81790862482565
-3070,3.075069216650473,5.149660353774105,6.011911064042099,4.307788385646632,4.260237180575218,0,106.01371231462021
-3075,3.075069216650473,5.149660353774105,6.011911064042099,4.307788385646632,4.260237180575218,0,106.14396729804207
-3080,3.075069216650473,5.149660353774105,6.011911064042099,4.307788385646632,4.260237180575218,0,106.08929307769701
-3085,3.075069216650473,5.149660353774105,6.011911064042099,4.307788385646632,4.260237180575218,0,105.98174233378484
-3090,3.075069216650473,5.149660353774105,6.011911064042099,4.307788385646632,4.260237180575218,0,105.88763743804645
-3095,3.075069216650473,5.149660353774105,6.011911064042099,4.307788385646632,4.260237180575218,0,105.72765781029001
-3100,3.075069216650473,5.149660353774105,6.011911064042099,4.307788385646632,4.260237180575218,0,105.56799845957796
-3105,3.075069216650473,5.149660353774105,6.011911064042099,4.307788385646632,4.260237180575218,0,105.47427746466671
-3110,3.075069216650473,5.149660353774105,6.011911064042099,4.307788385646632,4.260237180575218,0,105.48552938862929
-3115,3.075069216650473,5.149660353774105,6.011911064042099,4.307788385646632,4.260237180575218,0,105.50985875492833
-3120,3.075069216650473,5.149660353774105,6.011911064042099,4.307788385646632,4.260237180575218,0,105.48173749367307
-3125,3.075069216650473,5.149660353774105,6.011911064042099,4.307788385646632,4.260237180575218,0,105.42749175576138
-3130,3.075069216650473,5.149660353774105,6.011911064042099,4.307788385646632,4.260237180575218,0,105.43858805164578
-3135,3.075069216650473,5.149660353774105,6.011911064042099,4.307788385646632,4.260237180575218,0,105.43689498511219
-3140,3.075069216650473,5.149660353774105,6.011911064042099,4.307788385646632,4.260237180575218,0,105.40869193227434
-3145,3.075069216650473,5.149660353774105,6.011911064042099,4.307788385646632,4.260237180575218,0,105.43320165668975
-3150,3.075069216650473,5.149660353774105,6.011911064042099,4.307788385646632,4.260237180575218,0,105.58891208494676
-3155,3.075069216650473,5.149660353774105,6.011911064042099,4.307788385646632,4.260237180575218,0,105.79762172798732
-3160,3.075069216650473,5.149660353774105,6.011911064042099,4.307788385646632,4.260237180575218,0,106.04625268083865
-3165,3.075069216650473,5.149660353774105,6.011911064042099,4.307788385646632,4.260237180575218,0,106.216054210146
-3170,3.075069216650473,5.149660353774105,6.011911064042099,4.307788385646632,4.260237180575218,0,106.2141821350011
-3175,3.075069216650473,5.149660353774105,6.011911064042099,4.307788385646632,4.260237180575218,0,106.18587315231377
-3180,3.075069216650473,5.149660353774105,6.011911064042099,4.307788385646632,4.260237180575218,0,106.18408876404008
-3185,3.075069216650473,5.149660353774105,6.011911064042099,4.307788385646632,4.260237180575218,0,106.18226334687897
-3190,3.075069216650473,5.149660353774105,6.011911064042099,4.307788385646632,4.260237180575218,0,106.14073130085195
-3195,3.075069216650473,5.149660353774105,6.011911064042099,4.307788385646632,4.260237180575218,0,106.05960691707202
-3200,3.075069216650473,5.149660353774105,6.011911064042099,4.307788385646632,4.260237180575218,0,106.07082404675197
-3205,3.075069216650473,5.149660353774105,6.011911064042099,4.307788385646632,4.260237180575218,0,106.20122869715627
-3210,3.075069216650473,5.149660353774105,6.011911064042099,4.307788385646632,4.260237180575218,0,106.38458115137041
-3215,3.075069216650473,5.149660353774105,6.011911064042099,4.307788385646632,4.260237180575218,0,106.63461286461451
-3220,3.075069216650473,5.149660353774105,6.011911064042099,4.307788385646632,4.260237180575218,0,106.84528532531645
-3225,3.075069216650473,5.149660353774105,6.011911064042099,4.307788385646632,4.260237180575218,0,106.84335246851595
-3230,3.075069216650473,5.149660353774105,6.011911064042099,4.307788385646632,4.260237180575218,0,106.93475429051593
-3235,3.075069216650473,5.149660353774105,6.011911064042099,4.307788385646632,4.260237180575218,0,107.07940368492996
-3240,3.075069216650473,5.149660353774105,6.011911064042099,4.307788385646632,4.260237180575218,0,107.27758457614354
-3245,3.075069216650473,5.149660353774105,6.011911064042099,4.307788385646632,4.260237180575218,0,107.47615354511004
-3250,3.075069216650473,5.149660353774105,6.011911064042099,4.307788385646632,4.260237180575218,0,107.60814511894327
-3255,3.075069216650473,5.149660353774105,6.011911064042099,4.307788385646632,4.260237180575218,0,107.7402570667591
-3260,3.075069216650473,5.149660353774105,6.011911064042099,4.307788385646632,4.260237180575218,0,107.80544244605419
-3265,3.075069216650473,5.149660353774105,6.011911064042099,4.307788385646632,4.260237180575218,0,107.4687053961652
-3270,3.075069216650473,5.149660353774105,6.011911064042099,4.307788385646632,4.260237180575218,0,107.49348717050167
-3275,3.075069216650473,5.149660353774105,6.011911064042099,4.307788385646632,4.260237180575218,0,107.70584307208435
-3280,3.075069216650473,5.149660353774105,6.011911064042099,4.307788385646632,4.260237180575218,0,107.78456247661686
-3285,3.075069216650473,5.149660353774105,6.011911064042099,4.307788385646632,4.260237180575218,0,107.79608759866247
-3290,3.075069216650473,5.149660353774105,6.011911064042099,4.307788385646632,4.260237180575218,0,107.78063319443486
-3295,3.075069216650473,5.149660353774105,6.011911064042099,4.307788385646632,4.260237180575218,0,107.9533470953812
-3300,3.075069216650473,5.149660353774105,6.011911064042099,4.307788385646632,4.260237180575218,0,108.03206036164508
-3305,3.075069216650473,5.149660353774105,6.011911064042099,4.307788385646632,4.260237180575218,0,108.12442525912161
-3310,3.075069216650473,5.149660353774105,6.011911064042099,4.307788385646632,4.260237180575218,0,108.12257821902882
-3315,3.075069216650473,5.149660353774105,6.011911064042099,4.307788385646632,4.260237180575218,0,108.14753595919476
-3320,3.075069216650473,5.149660353774105,6.011911064042099,4.307788385646632,4.260237180575218,0,108.17248432076418
-3325,3.075069216650473,5.149660353774105,6.011911064042099,4.307788385646632,4.260237180575218,0,108.17073348258346
-3330,3.075069216650473,5.149660353774105,6.011911064042099,4.307788385646632,4.260237180575218,0,108.06117011495672
-3335,3.075069216650473,5.149660353774105,6.011911064042099,4.307788385646632,4.260237180575218,0,107.96507990516477
-3340,3.075069216650473,5.149660353774105,6.011911064042099,4.307788385646632,4.260237180575218,0,107.86902349871237
-3345,3.075069216650473,5.149660353774105,6.011911064042099,4.307788385646632,4.260237180575218,0,107.84036158393732
-3350,3.075069216650473,5.149660353774105,6.011911064042099,4.307788385646632,4.260237180575218,0,107.69087283516107
-3355,3.075069216650473,5.149660353774105,6.011911064042099,4.307788385646632,4.260237180575218,0,107.56833051284116
-3360,3.075069216650473,5.149660353774105,6.011911064042099,4.307788385646632,4.260237180575218,0,107.43267419833928
-3365,3.075069216650473,5.149660353774105,6.011911064042099,4.307788385646632,4.260237180575218,0,107.17698362949228
-3370,3.075069216650473,5.149660353774105,6.011911064042099,4.307788385646632,4.260237180575218,0,106.92189594991302
-3375,3.075069216650473,5.149660353774105,6.011911064042099,4.307788385646632,4.260237180575218,0,106.58780958543166
-3380,3.075069216650473,5.149660353774105,6.011911064042099,4.307788385646632,4.260237180575218,0,106.28129110589344
-3385,3.075069216650473,5.149660353774105,6.011911064042099,4.307788385646632,4.260237180575218,0,106.12060525006358
-3390,3.075069216650473,5.149660353774105,6.011911064042099,4.307788385646632,4.260237180575218,0,106.07911658679114
-3395,3.075069216650473,5.149660353774105,6.011911064042099,4.307788385646632,4.260237180575218,0,106.27558996506737
-3400,3.075069216650473,5.149660353774105,6.011911064042099,4.307788385646632,4.260237180575218,0,106.44590224978492
-3405,3.075069216650473,5.149660353774105,6.011911064042099,4.307788385646632,4.260237180575218,0,106.43079439383412
-3410,3.075069216650473,5.149660353774105,6.011911064042099,4.307788385646632,4.260237180575218,0,106.52157942896426
-3415,3.075069216650473,5.149660353774105,6.011911064042099,4.307788385646632,4.260237180575218,0,106.59942278075978
-3420,3.075069216650473,5.149660353774105,6.011911064042099,4.307788385646632,4.260237180575218,0,106.62409066656325
-3425,3.075069216650473,5.149660353774105,6.011911064042099,4.307788385646632,4.260237180575218,0,106.83478625105253
-3430,3.075069216650473,5.149660353774105,6.011911064042099,4.307788385646632,4.260237180575218,0,107.03246983680859
-3435,3.075069216650473,5.149660353774105,6.011911064042099,4.307788385646632,4.260237180575218,0,107.23073717168636
-3440,3.075069216650473,5.149660353774105,6.011911064042099,4.307788385646632,4.260237180575218,0,107.34897388718565
-3445,3.075069216650473,5.149660353774105,6.011911064042099,4.307788385646632,4.260237180575218,0,107.37378258379321
-3450,3.075069216650473,5.149660353774105,6.011911064042099,4.307788385646632,4.260237180575218,0,107.46565050822112
-3455,3.075069216650473,5.149660353774105,6.011911064042099,4.307788385646632,4.260237180575218,0,107.55739800297724
-3460,3.075069216650473,5.149660353774105,6.011911064042099,4.307788385646632,4.260237180575218,0,107.70289844447967
-3465,3.075069216650473,5.149660353774105,6.011911064042099,4.307788385646632,4.260237180575218,0,107.83505900985124
-3470,3.075069216650473,5.149660353774105,6.011911064042099,4.307788385646632,4.260237180575218,0,108.11547935595438
-3475,3.075069216650473,5.149660353774105,6.011911064042099,4.307788385646632,4.260237180575218,0,108.34261354547021
-3480,3.075069216650473,5.149660353774105,6.011911064042099,4.307788385646632,4.260237180575218,0,108.43516544945382
-3485,3.075069216650473,5.149660353774105,6.011911064042099,4.307788385646632,4.260237180575218,0,108.39269757738698
-3490,3.075069216650473,5.149660353774105,6.011911064042099,4.307788385646632,4.260237180575218,0,108.30997268225877
-3495,3.075069216650473,5.149660353774105,6.011911064042099,4.307788385646632,4.260237180575218,0,108.14634107752121
-3500,3.075069216650473,5.149660353774105,6.011911064042099,4.307788385646632,4.260237180575218,0,107.87555523098436
-3505,3.075069216650473,5.149660353774105,6.011911064042099,4.307788385646632,4.260237180575218,0,107.90058357882177
-3510,3.075069216650473,5.149660353774105,6.011911064042099,4.307788385646632,4.260237180575218,0,107.89869604251743
-3515,3.075069216650473,5.149660353774105,6.011911064042099,4.307788385646632,4.260237180575218,0,107.85647912914824
-3520,3.075069216650473,5.149660353774105,6.011911064042099,4.307788385646632,4.260237180575218,0,107.59962667559886
-3525,3.075069216650473,5.149660353774105,6.011911064042099,4.307788385646632,4.260237180575218,0,107.39711073351688
-3530,3.075069216650473,5.149660353774105,6.011911064042099,4.307788385646632,4.260237180575218,0,107.31500456044705
-3535,3.075069216650473,5.149660353774105,6.011911064042099,4.307788385646632,4.260237180575218,0,107.19295701663994
-3540,3.075069216650473,5.149660353774105,6.011911064042099,4.307788385646632,4.260237180575218,0,107.00447404637889
-3545,3.075069216650473,5.149660353774105,6.011911064042099,4.307788385646632,4.260237180575218,0,106.98931809904408
-3550,3.075069216650473,5.149660353774105,6.011911064042099,4.307788385646632,4.260237180575218,0,107.12057230302084
-3555,3.075069216650473,5.149660353774105,6.011911064042099,4.307788385646632,4.260237180575218,0,107.30566400530815
-3560,3.075069216650473,5.149660353774105,6.011911064042099,4.307788385646632,4.260237180575218,0,107.50418330250875
-3565,3.075069216650473,5.149660353774105,6.011911064042099,4.307788385646632,4.260237180575218,0,107.59611728121502
-3570,3.075069216650473,5.149660353774105,6.011911064042099,4.307788385646632,4.260237180575218,0,107.70138201850357
-3575,3.075069216650473,5.149660353774105,6.011911064042099,4.307788385646632,4.260237180575218,0,107.68616214217705
-3580,3.075069216650473,5.149660353774105,6.011911064042099,4.307788385646632,4.260237180575218,0,107.89890061392491
-3585,3.075069216650473,5.149660353774105,6.011911064042099,4.307788385646632,4.260237180575218,0,108.0583346283478
-3590,3.075069216650473,5.149660353774105,6.011911064042099,4.307788385646632,4.260237180575218,0,108.20443562974953
-3595,3.075069216650473,5.149660353774105,6.011911064042099,4.307788385646632,4.260237180575218,0,108.29689104496036
-3600,3.075069216650473,5.149660353774105,6.011911064042099,4.307788385646632,4.260237180575218,0,108.45693254223048
-3605,3.075069216650473,5.149660353774105,6.011911064042099,4.307788385646632,4.260237180575218,0,108.63063898731306
-3610,3.075069216650473,5.149660353774105,6.011911064042099,4.307788385646632,4.260237180575218,0,108.7774777103637
-3615,3.075069216650473,5.149660353774105,6.011911064042099,4.307788385646632,4.260237180575218,0,108.89759582546968
-3620,3.075069216650473,5.149660353774105,6.011911064042099,4.307788385646632,4.260237180575218,0,108.85500149018783
-3625,3.075069216650473,5.149660353774105,6.011911064042099,4.307788385646632,4.260237180575218,0,108.71770641670454
-3630,3.075069216650473,5.149660353774105,6.011911064042099,4.307788385646632,4.260237180575218,0,108.44547243592153
-3635,3.075069216650473,5.149660353774105,6.011911064042099,4.307788385646632,4.260237180575218,0,108.05279398756724
-3640,3.075069216650473,5.149660353774105,6.011911064042099,4.307788385646632,4.260237180575218,0,107.63462722356924
-3645,3.075069216650473,5.149660353774105,6.011911064042099,4.307788385646632,4.260237180575218,0,107.47209692770869
-3650,3.075069216650473,5.149660353774105,6.011911064042099,4.307788385646632,4.260237180575218,0,107.3231121227069
-3655,3.075069216650473,5.149660353774105,6.011911064042099,4.307788385646632,4.260237180575218,0,107.12111208790614
-3660,3.075069216650473,5.149660353774105,6.011911064042099,4.307788385646632,4.260237180575218,0,107.02586326829977
-3665,3.075069216650473,5.149660353774105,6.011911064042099,4.307788385646632,4.260237180575218,0,106.9706963284885
-3670,3.075069216650473,5.149660353774105,6.011911064042099,4.307788385646632,4.260237180575218,0,107.00877300097144
-3675,3.075069216650473,5.149660353774105,6.011911064042099,4.307788385646632,4.260237180575218,0,107.06008746528386
-3680,3.075069216650473,5.149660353774105,6.011911064042099,4.307788385646632,4.260237180575218,0,107.19164850788461
-3685,3.075069216650473,5.149660353774105,6.011911064042099,4.307788385646632,4.260237180575218,0,107.33657644488133
-3690,3.075069216650473,5.149660353774105,6.011911064042099,4.307788385646632,4.260237180575218,0,107.40151758794416
-3695,3.075069216650473,5.149660353774105,6.011911064042099,4.307788385646632,4.260237180575218,0,107.27943141745635
-3700,3.075069216650473,5.149660353774105,6.011911064042099,4.307788385646632,4.260237180575218,0,107.25084713129127
-3705,3.075069216650473,5.149660353774105,6.011911064042099,4.307788385646632,4.260237180575218,0,107.11556078429321
-3710,3.075069216650473,5.149660353774105,6.011911064042099,4.307788385646632,4.260237180575218,0,106.900547722633
-3715,3.075069216650473,5.149660353774105,6.011911064042099,4.307788385646632,4.260237180575218,0,106.76560087545633
-3720,3.075069216650473,5.149660353774105,6.011911064042099,4.307788385646632,4.260237180575218,0,106.8035903774158
-3725,3.075069216650473,5.149660353774105,6.011911064042099,4.307788385646632,4.260237180575218,0,106.96138704848761
-3730,3.075069216650473,5.149660353774105,6.011911064042099,4.307788385646632,4.260237180575218,0,107.01278199718614
-3735,3.075069216650473,5.149660353774105,6.011911064042099,4.307788385646632,4.260237180575218,0,107.064199982607
-3740,3.075069216650473,5.149660353774105,6.011911064042099,4.307788385646632,4.260237180575218,0,107.14231164924728
-3745,3.075069216650473,5.149660353774105,6.011911064042099,4.307788385646632,4.260237180575218,0,107.3140814997482
-3750,3.075069216650473,5.149660353774105,6.011911064042099,4.307788385646632,4.260237180575218,0,107.32540392150301
-3755,3.075069216650473,5.149660353774105,6.011911064042099,4.307788385646632,4.260237180575218,0,107.43041691563806
-3760,3.075069216650473,5.149660353774105,6.011911064042099,4.307788385646632,4.260237180575218,0,107.40184149622975
-3765,3.075069216650473,5.149660353774105,6.011911064042099,4.307788385646632,4.260237180575218,0,107.38656788142124
-3770,3.075069216650473,5.149660353774105,6.011911064042099,4.307788385646632,4.260237180575218,0,107.38482002830574
-3775,3.075069216650473,5.149660353774105,6.011911064042099,4.307788385646632,4.260237180575218,0,107.32946316064076
-3780,3.075069216650473,5.149660353774105,6.011911064042099,4.307788385646632,4.260237180575218,0,107.32740000000001
-3785,3.075069216650473,5.149660353774105,6.011911064042099,4.307788385646632,4.260237180575218,0,107.31228718922472
-3790,3.075069216650473,5.149660353774105,6.011911064042099,4.307788385646632,4.260237180575218,0,107.25686814508803
-3795,3.075069216650473,5.149660353774105,6.011911064042099,4.307788385646632,4.260237180575218,0,107.17489481243749
-3800,3.075069216650473,5.149660353774105,6.011911064042099,4.307788385646632,4.260237180575218,0,106.98652626364292
-3805,3.075069216650473,5.149660353774105,6.011911064042099,4.307788385646632,4.260237180575218,0,106.86469226509018
-3810,3.075069216650473,5.149660353774105,6.011911064042099,4.307788385646632,4.260237180575218,0,106.80971453938565
-3815,3.075069216650473,5.149660353774105,6.011911064042099,4.307788385646632,4.260237180575218,0,106.75463116987942
-3820,3.075069216650473,5.149660353774105,6.011911064042099,4.307788385646632,4.260237180575218,0,106.77942814462669
-3825,3.075069216650473,5.149660353774105,6.011911064042099,4.307788385646632,4.260237180575218,0,106.7907429043267
-3830,3.075069216650473,5.149660353774105,6.011911064042099,4.307788385646632,4.260237180575218,0,106.88191396706937
-3835,3.075069216650473,5.149660353774105,6.011911064042099,4.307788385646632,4.260237180575218,0,106.97335759504611
-3840,3.075069216650473,5.149660353774105,6.011911064042099,4.307788385646632,4.260237180575218,0,107.0513751374567
-3845,3.075069216650473,5.149660353774105,6.011911064042099,4.307788385646632,4.260237180575218,0,107.07602954902713
-3850,3.075069216650473,5.149660353774105,6.011911064042099,4.307788385646632,4.260237180575218,0,107.07425180962463
-3855,3.075069216650473,5.149660353774105,6.011911064042099,4.307788385646632,4.260237180575218,0,107.23247818615984
-3860,3.075069216650473,5.149660353774105,6.011911064042099,4.307788385646632,4.260237180575218,0,107.43104386126889
-3865,3.075069216650473,5.149660353774105,6.011911064042099,4.307788385646632,4.260237180575218,0,107.49604215933147
-3870,3.075069216650473,5.149660353774105,6.011911064042099,4.307788385646632,4.260237180575218,0,107.57442427812491
-3875,3.075069216650473,5.149660353774105,6.011911064042099,4.307788385646632,4.260237180575218,0,107.78699451832314
-3880,3.075069216650473,5.149660353774105,6.011911064042099,4.307788385646632,4.260237180575218,0,108.09411686982051
-3885,3.075069216650473,5.149660353774105,6.011911064042099,4.307788385646632,4.260237180575218,0,108.29421643616305
-3890,3.075069216650473,5.149660353774105,6.011911064042099,4.307788385646632,4.260237180575218,0,108.33278065579502
-3895,3.075069216650473,5.149660353774105,6.011911064042099,4.307788385646632,4.260237180575218,0,108.25007647665575
-3900,3.075069216650473,5.149660353774105,6.011911064042099,4.307788385646632,4.260237180575218,0,108.3425592549692
-3905,3.075069216650473,5.149660353774105,6.011911064042099,4.307788385646632,4.260237180575218,0,108.38110376591905
-3910,3.075069216650473,5.149660353774105,6.011911064042099,4.307788385646632,4.260237180575218,0,108.33859041607087
-3915,3.075069216650473,5.149660353774105,6.011911064042099,4.307788385646632,4.260237180575218,0,108.3636825033176
-3920,3.075069216650473,5.149660353774105,6.011911064042099,4.307788385646632,4.260237180575218,0,108.44287393828668
-3925,3.075069216650473,5.149660353774105,6.011911064042099,4.307788385646632,4.260237180575218,0,108.49484730278137
-3930,3.075069216650473,5.149660353774105,6.011911064042099,4.307788385646632,4.260237180575218,0,108.50651875238894
-3935,3.075069216650473,5.149660353774105,6.011911064042099,4.307788385646632,4.260237180575218,0,108.45050786123262
-3940,3.075069216650473,5.149660353774105,6.011911064042099,4.307788385646632,4.260237180575218,0,108.36767743761706
-3945,3.075069216650473,5.149660353774105,6.011911064042099,4.307788385646632,4.260237180575218,0,108.25797888774605
-3950,3.075069216650473,5.149660353774105,6.011911064042099,4.307788385646632,4.260237180575218,0,108.16178634742366
-3955,3.075069216650473,5.149660353774105,6.011911064042099,4.307788385646632,4.260237180575218,0,108.0386772303777
-3960,3.075069216650473,5.149660353774105,6.011911064042099,4.307788385646632,4.260237180575218,0,107.86203047154163
-3965,3.075069216650473,5.149660353774105,6.011911064042099,4.307788385646632,4.260237180575218,0,107.68574399276527
-3970,3.075069216650473,5.149660353774105,6.011911064042099,4.307788385646632,4.260237180575218,0,107.53662781861814
-3975,3.075069216650473,5.149660353774105,6.011911064042099,4.307788385646632,4.260237180575218,0,107.42763223443814
-3980,3.075069216650473,5.149660353774105,6.011911064042099,4.307788385646632,4.260237180575218,0,107.3588302495182
-3985,3.075069216650473,5.149660353774105,6.011911064042099,4.307788385646632,4.260237180575218,0,107.29011070842887
-3990,3.075069216650473,5.149660353774105,6.011911064042099,4.307788385646632,4.260237180575218,0,107.23480833343228
-3995,3.075069216650473,5.149660353774105,6.011911064042099,4.307788385646632,4.260237180575218,0,107.15291995404432
-4000,3.075069216650473,5.149660353774105,6.011911064042099,4.307788385646632,4.260237180575218,0,107.05774801278285
-4005,3.075069216650473,5.149660353774105,6.011911064042099,4.307788385646632,4.260237180575218,0,107.04257383088189
-4010,3.075069216650473,5.149660353774105,6.011911064042099,4.307788385646632,4.260237180575218,0,107.1204982260574
-4015,3.075069216650473,5.149660353774105,6.011911064042099,4.307788385646632,4.260237180575218,0,107.27893265993764
-4020,3.075069216650473,5.149660353774105,6.011911064042099,4.307788385646632,4.260237180575218,0,107.50422846631697
-4025,3.075069216650473,5.149660353774105,6.011911064042099,4.307788385646632,4.260237180575218,0,107.67639943926793
-4030,3.075069216650473,5.149660353774105,6.011911064042099,4.307788385646632,4.260237180575218,0,107.78194977837323
-4035,3.075069216650473,5.149660353774105,6.011911064042099,4.307788385646632,4.260237180575218,0,107.72628879288231
-4040,3.075069216650473,5.149660353774105,6.011911064042099,4.307788385646632,4.260237180575218,0,107.5099493420767
-4045,3.075069216650473,5.149660353774105,6.011911064042099,4.307788385646632,4.260237180575218,0,107.25427730816519
-4050,3.075069216650473,5.149660353774105,6.011911064042099,4.307788385646632,4.260237180575218,0,107.07884619335238
-4055,3.075069216650473,5.149660353774105,6.011911064042099,4.307788385646632,4.260237180575218,0,106.98380194512431
-4060,3.075069216650473,5.149660353774105,6.011911064042099,4.307788385646632,4.260237180575218,0,106.99515196826377
-4065,3.075069216650473,5.149660353774105,6.011911064042099,4.307788385646632,4.260237180575218,0,107.03318155260246
-4070,3.075069216650473,5.149660353774105,6.011911064042099,4.307788385646632,4.260237180575218,0,107.0179828371301
-4075,3.075069216650473,5.149660353774105,6.011911064042099,4.307788385646632,4.260237180575218,0,106.97619650365682
-4080,3.075069216650473,5.149660353774105,6.011911064042099,4.307788385646632,4.260237180575218,0,106.94759348161635
-4085,3.075069216650473,5.149660353774105,6.011911064042099,4.307788385646632,4.260237180575218,0,106.93240528610434
-4090,3.075069216650473,5.149660353774105,6.011911064042099,4.307788385646632,4.260237180575218,0,107.0905409860937
-4095,3.075069216650473,5.149660353774105,6.011911064042099,4.307788385646632,4.260237180575218,0,107.19522473766155
-4100,3.075069216650473,5.149660353774105,6.011911064042099,4.307788385646632,4.260237180575218,0,107.36693774978625
-4105,3.075069216650473,5.149660353774105,6.011911064042099,4.307788385646632,4.260237180575218,0,107.44541853197407
-4110,3.075069216650473,5.149660353774105,6.011911064042099,4.307788385646632,4.260237180575218,0,107.51042552704915
-4115,3.075069216650473,5.149660353774105,6.011911064042099,4.307788385646632,4.260237180575218,0,107.49507912131753
-4120,3.075069216650473,5.149660353774105,6.011911064042099,4.307788385646632,4.260237180575218,0,107.47988318849953
-4125,3.075069216650473,5.149660353774105,6.011911064042099,4.307788385646632,4.260237180575218,0,107.53135701322591
-4130,3.075069216650473,5.149660353774105,6.011911064042099,4.307788385646632,4.260237180575218,0,107.824469995283
-4135,3.075069216650473,5.149660353774105,6.011911064042099,4.307788385646632,4.260237180575218,0,108.10474541896897
-4140,3.075069216650473,5.149660353774105,6.011911064042099,4.307788385646632,4.260237180575218,0,108.18372996091878
-4145,3.075069216650473,5.149660353774105,6.011911064042099,4.307788385646632,4.260237180575218,0,108.22221897211075
-4150,3.075069216650473,5.149660353774105,6.011911064042099,4.307788385646632,4.260237180575218,0,108.20675296808334
-4155,3.075069216650473,5.149660353774105,6.011911064042099,4.307788385646632,4.260237180575218,0,108.19143791589603
-4160,3.075069216650473,5.149660353774105,6.011911064042099,4.307788385646632,4.260237180575218,0,108.1894668442558
-4165,3.075069216650473,5.149660353774105,6.011911064042099,4.307788385646632,4.260237180575218,0,108.16063332265043
-4170,3.075069216650473,5.149660353774105,6.011911064042099,4.307788385646632,4.260237180575218,0,108.07805193192554
-4175,3.075069216650473,5.149660353774105,6.011911064042099,4.307788385646632,4.260237180575218,0,108.00896727219838
-4180,3.075069216650473,5.149660353774105,6.011911064042099,4.307788385646632,4.260237180575218,0,107.96662862598312
-4185,3.075069216650473,5.149660353774105,6.011911064042099,4.307788385646632,4.260237180575218,0,108.0050655373769
-4190,3.075069216650473,5.149660353774105,6.011911064042099,4.307788385646632,4.260237180575218,0,108.13766536777732
-4195,3.075069216650473,5.149660353774105,6.011911064042099,4.307788385646632,4.260237180575218,0,108.32443235214602
-4200,3.075069216650473,5.149660353774105,6.011911064042099,4.307788385646632,4.260237180575218,0,108.53853042950922
-4205,3.075069216650473,5.149660353774105,6.011911064042099,4.307788385646632,4.260237180575218,0,108.76653375040819
-4210,3.075069216650473,5.149660353774105,6.011911064042099,4.307788385646632,4.260237180575218,0,108.98150048467332
-4215,3.075069216650473,5.149660353774105,6.011911064042099,4.307788385646632,4.260237180575218,0,109.11531639145286
-4220,3.075069216650473,5.149660353774105,6.011911064042099,4.307788385646632,4.260237180575218,0,109.0997024158699
-4225,3.075069216650473,5.149660353774105,6.011911064042099,4.307788385646632,4.260237180575218,0,108.94852831019213
-4230,3.075069216650473,5.149660353774105,6.011911064042099,4.307788385646632,4.260237180575218,0,108.68921381089469
-4235,3.075069216650473,5.149660353774105,6.011911064042099,4.307788385646632,4.260237180575218,0,108.45765076603604
-4240,3.075069216650473,5.149660353774105,6.011911064042099,4.307788385646632,4.260237180575218,0,108.334238776381
-4245,3.075069216650473,5.149660353774105,6.011911064042099,4.307788385646632,4.260237180575218,0,108.29188157498916
-4250,3.075069216650473,5.149660353774105,6.011911064042099,4.307788385646632,4.260237180575218,0,108.35740070003332
-4255,3.075069216650473,5.149660353774105,6.011911064042099,4.307788385646632,4.260237180575218,0,108.36894318595695
-4260,3.075069216650473,5.149660353774105,6.011911064042099,4.307788385646632,4.260237180575218,0,108.25922073659046
-4265,3.075069216650473,5.149660353774105,6.011911064042099,4.307788385646632,4.260237180575218,0,108.10924179394277
-4270,3.075069216650473,5.149660353774105,6.011911064042099,4.307788385646632,4.260237180575218,0,107.97283560327871
-4275,3.075069216650473,5.149660353774105,6.011911064042099,4.307788385646632,4.260237180575218,0,107.94409434340524
-4280,3.075069216650473,5.149660353774105,6.011911064042099,4.307788385646632,4.260237180575218,0,108.04955990359505
-4285,3.075069216650473,5.149660353774105,6.011911064042099,4.307788385646632,4.260237180575218,0,108.23611366560557
-4290,3.075069216650473,5.149660353774105,6.011911064042099,4.307788385646632,4.260237180575218,0,108.43668088943252
-4295,3.075069216650473,5.149660353774105,6.011911064042099,4.307788385646632,4.260237180575218,0,108.6238284040644
-4300,3.075069216650473,5.149660353774105,6.011911064042099,4.307788385646632,4.260237180575218,0,108.78432659824624
-4305,3.075069216650473,5.149660353774105,6.011911064042099,4.307788385646632,4.260237180575218,0,108.90427453249576
-4310,3.075069216650473,5.149660353774105,6.011911064042099,4.307788385646632,4.260237180575218,0,108.95672988620264
-4315,3.075069216650473,5.149660353774105,6.011911064042099,4.307788385646632,4.260237180575218,0,108.9411433047393
-4320,3.075069216650473,5.149660353774105,6.011911064042099,4.307788385646632,4.260237180575218,0,108.84436771068613
-4325,3.075069216650473,5.149660353774105,6.011911064042099,4.307788385646632,4.260237180575218,0,108.70705908832232
-4330,3.075069216650473,5.149660353774105,6.011911064042099,4.307788385646632,4.260237180575218,0,108.48874352226304
-4335,3.075069216650473,5.149660353774105,6.011911064042099,4.307788385646632,4.260237180575218,0,108.28445451830271
-4340,3.075069216650473,5.149660353774105,6.011911064042099,4.307788385646632,4.260237180575218,0,108.10748690717476
-4345,3.075069216650473,5.149660353774105,6.011911064042099,4.307788385646632,4.260237180575218,0,107.94418509695416
-4350,3.075069216650473,5.149660353774105,6.011911064042099,4.307788385646632,4.260237180575218,0,107.80807355608279
-4355,3.075069216650473,5.149660353774105,6.011911064042099,4.307788385646632,4.260237180575218,0,107.67197220709923
-4360,3.075069216650473,5.149660353774105,6.011911064042099,4.307788385646632,4.260237180575218,0,107.5496115637967
-4365,3.075069216650473,5.149660353774105,6.011911064042099,4.307788385646632,4.260237180575218,0,107.44058740770019
-4370,3.075069216650473,5.149660353774105,6.011911064042099,4.307788385646632,4.260237180575218,0,107.35845624900587
-4375,3.075069216650473,5.149660353774105,6.011911064042099,4.307788385646632,4.260237180575218,0,107.26307589802163
-4380,3.075069216650473,5.149660353774105,6.011911064042099,4.307788385646632,4.260237180575218,0,107.36818803403388
-4385,3.075069216650473,5.149660353774105,6.011911064042099,4.307788385646632,4.260237180575218,0,107.45983137467243
-4390,3.075069216650473,5.149660353774105,6.011911064042099,4.307788385646632,4.260237180575218,0,107.55154630556231
-4395,3.075069216650473,5.149660353774105,6.011911064042099,4.307788385646632,4.260237180575218,0,107.58990214106817
-4400,3.075069216650473,5.149660353774105,6.011911064042099,4.307788385646632,4.260237180575218,0,107.58795214327768
-4405,3.075069216650473,5.149660353774105,6.011911064042099,4.307788385646632,4.260237180575218,0,107.54605455058235
-4410,3.075069216650473,5.149660353774105,6.011911064042099,4.307788385646632,4.260237180575218,0,107.59774048831868
-4415,3.075069216650473,5.149660353774105,6.011911064042099,4.307788385646632,4.260237180575218,0,107.71639980525435
-4420,3.075069216650473,5.149660353774105,6.011911064042099,4.307788385646632,4.260237180575218,0,107.92916641323632
-4425,3.075069216650473,5.149660353774105,6.011911064042099,4.307788385646632,4.260237180575218,0,108.11555478193475
-4430,3.075069216650473,5.149660353774105,6.011911064042099,4.307788385646632,4.260237180575218,0,108.20801230467455
-4435,3.075069216650473,5.149660353774105,6.011911064042099,4.307788385646632,4.260237180575218,0,108.25984171985455
-4440,3.075069216650473,5.149660353774105,6.011911064042099,4.307788385646632,4.260237180575218,0,108.27140245205975
-4445,3.075069216650473,5.149660353774105,6.011911064042099,4.307788385646632,4.260237180575218,0,108.18886648909299
-4450,3.075069216650473,5.149660353774105,6.011911064042099,4.307788385646632,4.260237180575218,0,107.98495245953484
-4455,3.075069216650473,5.149660353774105,6.011911064042099,4.307788385646632,4.260237180575218,0,107.82198511110639
-4460,3.075069216650473,5.149660353774105,6.011911064042099,4.307788385646632,4.260237180575218,0,107.56540772105303
-4465,3.075069216650473,5.149660353774105,6.011911064042099,4.307788385646632,4.260237180575218,0,107.48317240537595
-4470,3.075069216650473,5.149660353774105,6.011911064042099,4.307788385646632,4.260237180575218,0,107.56146425746647
-4475,3.075069216650473,5.149660353774105,6.011911064042099,4.307788385646632,4.260237180575218,0,107.62654146292377
-4480,3.075069216650473,5.149660353774105,6.011911064042099,4.307788385646632,4.260237180575218,0,107.7319275907471
-4485,3.075069216650473,5.149660353774105,6.011911064042099,4.307788385646632,4.260237180575218,0,107.75681401736131
-4490,3.075069216650473,5.149660353774105,6.011911064042099,4.307788385646632,4.260237180575218,0,107.71478455117911
-4495,3.075069216650473,5.149660353774105,6.011911064042099,4.307788385646632,4.260237180575218,0,107.65914453129997
-4500,3.075069216650473,5.149660353774105,6.011911064042099,4.307788385646632,4.260237180575218,0,107.57699549375148
-4505,3.075069216650473,5.149660353774105,6.011911064042099,4.307788385646632,4.260237180575218,0,107.57505401144753
-4510,3.075069216650473,5.149660353774105,6.011911064042099,4.307788385646632,4.260237180575218,0,107.6670105871819
-4515,3.075069216650473,5.149660353774105,6.011911064042099,4.307788385646632,4.260237180575218,0,107.7185986493276
-4520,3.075069216650473,5.149660353774105,6.011911064042099,4.307788385646632,4.260237180575218,0,107.73018230714042
-4525,3.075069216650473,5.149660353774105,6.011911064042099,4.307788385646632,4.260237180575218,0,107.75509109562198
-4530,3.075069216650473,5.149660353774105,6.011911064042099,4.307788385646632,4.260237180575218,0,107.77999058991108
-4535,3.075069216650473,5.149660353774105,6.011911064042099,4.307788385646632,4.260237180575218,0,107.77814736099351
-4540,3.075069216650473,5.149660353774105,6.011911064042099,4.307788385646632,4.260237180575218,0,107.74951286546832
-4545,3.075069216650473,5.149660353774105,6.011911064042099,4.307788385646632,4.260237180575218,0,107.61352180832682
-4550,3.075069216650473,5.149660353774105,6.011911064042099,4.307788385646632,4.260237180575218,0,107.46437482159273
-4555,3.075069216650473,5.149660353774105,6.011911064042099,4.307788385646632,4.260237180575218,0,107.4489987914398
-4560,3.075069216650473,5.149660353774105,6.011911064042099,4.307788385646632,4.260237180575218,0,107.48741336438165
-4565,3.075069216650473,5.149660353774105,6.011911064042099,4.307788385646632,4.260237180575218,0,107.55244576731404
-4570,3.075069216650473,5.149660353774105,6.011911064042099,4.307788385646632,4.260237180575218,0,107.6309409337382
-4575,3.075069216650473,5.149660353774105,6.011911064042099,4.307788385646632,4.260237180575218,0,107.72270306274385
-4580,3.075069216650473,5.149660353774105,6.011911064042099,4.307788385646632,4.260237180575218,0,107.74777914810979
-4585,3.075069216650473,5.149660353774105,6.011911064042099,4.307788385646632,4.260237180575218,0,107.77262568877681
-4590,3.075069216650473,5.149660353774105,6.011911064042099,4.307788385646632,4.260237180575218,0,107.79768344254931
-4595,3.075069216650473,5.149660353774105,6.011911064042099,4.307788385646632,4.260237180575218,0,107.84943949220602
-4600,3.075069216650473,5.149660353774105,6.011911064042099,4.307788385646632,4.260237180575218,0,107.86080204934179
-4605,3.075069216650473,5.149660353774105,6.011911064042099,4.307788385646632,4.260237180575218,0,107.85910048540428
-4610,3.075069216650473,5.149660353774105,6.011911064042099,4.307788385646632,4.260237180575218,0,107.85713625629442
-4615,3.075069216650473,5.149660353774105,6.011911064042099,4.307788385646632,4.260237180575218,0,107.81486136183432
-4620,3.075069216650473,5.149660353774105,6.011911064042099,4.307788385646632,4.260237180575218,0,107.73264544346533
-4625,3.075069216650473,5.149660353774105,6.011911064042099,4.307788385646632,4.260237180575218,0,107.7171911210713
-4630,3.075069216650473,5.149660353774105,6.011911064042099,4.307788385646632,4.260237180575218,0,107.82270448622941
-4635,3.075069216650473,5.149660353774105,6.011911064042099,4.307788385646632,4.260237180575218,0,107.98198003400645
-4640,3.075069216650473,5.149660353774105,6.011911064042099,4.307788385646632,4.260237180575218,0,108.14140884379665
-4645,3.075069216650473,5.149660353774105,6.011911064042099,4.307788385646632,4.260237180575218,0,108.26079789526943
-4650,3.075069216650473,5.149660353774105,6.011911064042099,4.307788385646632,4.260237180575218,0,108.28585855274129
-4655,3.075069216650473,5.149660353774105,6.011911064042099,4.307788385646632,4.260237180575218,0,108.25710595492492
-4660,3.075069216650473,5.149660353774105,6.011911064042099,4.307788385646632,4.260237180575218,0,108.36287018492041
-4665,3.075069216650473,5.149660353774105,6.011911064042099,4.307788385646632,4.260237180575218,0,108.44201082838613
-4670,3.075069216650473,5.149660353774105,6.011911064042099,4.307788385646632,4.260237180575218,0,108.453719117466
-4675,3.075069216650473,5.149660353774105,6.011911064042099,4.307788385646632,4.260237180575218,0,108.53270829341535
-4680,3.075069216650473,5.149660353774105,6.011911064042099,4.307788385646632,4.260237180575218,0,108.54440621331204
-4685,3.075069216650473,5.149660353774105,6.011911064042099,4.307788385646632,4.260237180575218,0,108.44785629639495
-4690,3.075069216650473,5.149660353774105,6.011911064042099,4.307788385646632,4.260237180575218,0,108.24375517118752
-4695,3.075069216650473,5.149660353774105,6.011911064042099,4.307788385646632,4.260237180575218,0,108.25518025466457
-4700,3.075069216650473,5.149660353774105,6.011911064042099,4.307788385646632,4.260237180575218,0,108.32067717455021
-4705,3.075069216650473,5.149660353774105,6.011911064042099,4.307788385646632,4.260237180575218,0,108.31888628433826
-4710,3.075069216650473,5.149660353774105,6.011911064042099,4.307788385646632,4.260237180575218,0,108.2091749749971
-4715,3.075069216650473,5.149660353774105,6.011911064042099,4.307788385646632,4.260237180575218,0,108.1398261980766
-4720,3.075069216650473,5.149660353774105,6.011911064042099,4.307788385646632,4.260237180575218,0,108.0436877290627
-4725,3.075069216650473,5.149660353774105,6.011911064042099,4.307788385646632,4.260237180575218,0,107.88057548217394
-4730,3.075069216650473,5.149660353774105,6.011911064042099,4.307788385646632,4.260237180575218,0,107.77129626920943
-4735,3.075069216650473,5.149660353774105,6.011911064042099,4.307788385646632,4.260237180575218,0,107.903623658438
-4740,3.075069216650473,5.149660353774105,6.011911064042099,4.307788385646632,4.260237180575218,0,107.96890787834785
-4745,3.075069216650473,5.149660353774105,6.011911064042099,4.307788385646632,4.260237180575218,0,107.95354127113661
-4750,3.075069216650473,5.149660353774105,6.011911064042099,4.307788385646632,4.260237180575218,0,108.00558658495281
-4755,3.075069216650473,5.149660353774105,6.011911064042099,4.307788385646632,4.260237180575218,0,108.16499762457572
-4760,3.075069216650473,5.149660353774105,6.011911064042099,4.307788385646632,4.260237180575218,0,108.27097100445332
-4765,3.075069216650473,5.149660353774105,6.011911064042099,4.307788385646632,4.260237180575218,0,108.29592193329873
-4770,3.075069216650473,5.149660353774105,6.011911064042099,4.307788385646632,4.260237180575218,0,108.25368084100388
-4775,3.075069216650473,5.149660353774105,6.011911064042099,4.307788385646632,4.260237180575218,0,108.33271173163195
-4780,3.075069216650473,5.149660353774105,6.011911064042099,4.307788385646632,4.260237180575218,0,108.31722287661196
-4785,3.075069216650473,5.149660353774105,6.011911064042099,4.307788385646632,4.260237180575218,0,108.26147355034968
-4790,3.075069216650473,5.149660353774105,6.011911064042099,4.307788385646632,4.260237180575218,0,108.16516472726995
-4795,3.075069216650473,5.149660353774105,6.011911064042099,4.307788385646632,4.260237180575218,0,108.05558432863789
-4800,3.075069216650473,5.149660353774105,6.011911064042099,4.307788385646632,4.260237180575218,0,107.99990896218917
-4805,3.075069216650473,5.149660353774105,6.011911064042099,4.307788385646632,4.260237180575218,0,107.98465252782832
-4810,3.075069216650473,5.149660353774105,6.011911064042099,4.307788385646632,4.260237180575218,0,107.92901426205779
-4815,3.075069216650473,5.149660353774105,6.011911064042099,4.307788385646632,4.260237180575218,0,108.18268115892116
-4820,3.075069216650473,5.149660353774105,6.011911064042099,4.307788385646632,4.260237180575218,0,108.30188880451605
-4825,3.075069216650473,5.149660353774105,6.011911064042099,4.307788385646632,4.260237180575218,0,108.31362687202231
-4830,3.075069216650473,5.149660353774105,6.011911064042099,4.307788385646632,4.260237180575218,0,108.25766752809739
-4835,3.075069216650473,5.149660353774105,6.011911064042099,4.307788385646632,4.260237180575218,0,108.24227401542896
-4840,3.075069216650473,5.149660353774105,6.011911064042099,4.307788385646632,4.260237180575218,0,108.15952309004602
-4845,3.075069216650473,5.149660353774105,6.011911064042099,4.307788385646632,4.260237180575218,0,108.03659248384905
-4850,3.075069216650473,5.149660353774105,6.011911064042099,4.307788385646632,4.260237180575218,0,107.9137011709256
-4855,3.075069216650473,5.149660353774105,6.011911064042099,4.307788385646632,4.260237180575218,0,107.83116554720868
-4860,3.075069216650473,5.149660353774105,6.011911064042099,4.307788385646632,4.260237180575218,0,107.78905901999141
-4865,3.075069216650473,5.149660353774105,6.011911064042099,4.307788385646632,4.260237180575218,0,108.1096906524619
-4870,3.075069216650473,5.149660353774105,6.011911064042099,4.307788385646632,4.260237180575218,0,108.29649589620797
-4875,3.075069216650473,5.149660353774105,6.011911064042099,4.307788385646632,4.260237180575218,0,108.36201781302455
-4880,3.075069216650473,5.149660353774105,6.011911064042099,4.307788385646632,4.260237180575218,0,108.41409994731819
-4885,3.075069216650473,5.149660353774105,6.011911064042099,4.307788385646632,4.260237180575218,0,108.39853893317533
-4890,3.075069216650473,5.149660353774105,6.011911064042099,4.307788385646632,4.260237180575218,0,108.53160129085535
-4895,3.075069216650473,5.149660353774105,6.011911064042099,4.307788385646632,4.260237180575218,0,108.51624201758527
-4900,3.075069216650473,5.149660353774105,6.011911064042099,4.307788385646632,4.260237180575218,0,108.4332640509915
-4905,3.075069216650473,5.149660353774105,6.011911064042099,4.307788385646632,4.260237180575218,0,108.45853711945854
-4910,3.075069216650473,5.149660353774105,6.011911064042099,4.307788385646632,4.260237180575218,0,108.42945805733484
-4915,3.075069216650473,5.149660353774105,6.011911064042099,4.307788385646632,4.260237180575218,0,108.44114338908774
-4920,3.075069216650473,5.149660353774105,6.011911064042099,4.307788385646632,4.260237180575218,0,108.56070247237784
-4925,3.075069216650473,5.149660353774105,6.011911064042099,4.307788385646632,4.260237180575218,0,108.68059624439832
-4930,3.075069216650473,5.149660353774105,6.011911064042099,4.307788385646632,4.260237180575218,0,108.70566694824639
-4935,3.075069216650473,5.149660353774105,6.011911064042099,4.307788385646632,4.260237180575218,0,108.60906353415301
-4940,3.075069216650473,5.149660353774105,6.011911064042099,4.307788385646632,4.260237180575218,0,108.56661389550865
-4945,3.075069216650473,5.149660353774105,6.011911064042099,4.307788385646632,4.260237180575218,0,108.45660451912211
-4950,3.075069216650473,5.149660353774105,6.011911064042099,4.307788385646632,4.260237180575218,0,108.44135022789621
-4955,3.075069216650473,5.149660353774105,6.011911064042099,4.307788385646632,4.260237180575218,0,108.49335751019214
-4960,3.075069216650473,5.149660353774105,6.011911064042099,4.307788385646632,4.260237180575218,0,108.50501788801236
-4965,3.075069216650473,5.149660353774105,6.011911064042099,4.307788385646632,4.260237180575218,0,108.54365931329912
-4970,3.075069216650473,5.149660353774105,6.011911064042099,4.307788385646632,4.260237180575218,0,108.62272678283979
-4975,3.075069216650473,5.149660353774105,6.011911064042099,4.307788385646632,4.260237180575218,0,108.68844607698458
-4980,3.075069216650473,5.149660353774105,6.011911064042099,4.307788385646632,4.260237180575218,0,108.74079290506768
-4985,3.075069216650473,5.149660353774105,6.011911064042099,4.307788385646632,4.260237180575218,0,108.76585983409328
-4990,3.075069216650473,5.149660353774105,6.011911064042099,4.307788385646632,4.260237180575218,0,108.73697191670712
-4995,3.075069216650473,5.149660353774105,6.011911064042099,4.307788385646632,4.260237180575218,0,108.69434097755213
-5000,3.075069216650473,5.149660353774105,6.011911064042099,4.307788385646632,4.260237180575218,0,108.57071854743272
-5005,3.075069216650473,5.149660353774105,6.011911064042099,4.307788385646632,4.260237180575218,0,108.52831968030472
-5010,3.075069216650473,5.149660353774105,6.011911064042099,4.307788385646632,4.260237180575218,0,108.55336680066306
-5015,3.075069216650473,5.149660353774105,6.011911064042099,4.307788385646632,4.260237180575218,0,108.61904413039395
-5020,3.075069216650473,5.149660353774105,6.011911064042099,4.307788385646632,4.260237180575218,0,108.65780663023783
-5025,3.075069216650473,5.149660353774105,6.011911064042099,4.307788385646632,4.260237180575218,0,108.68285832944376
-5030,3.075069216650473,5.149660353774105,6.011911064042099,4.307788385646632,4.260237180575218,0,108.69463961985355
-5035,3.075069216650473,5.149660353774105,6.011911064042099,4.307788385646632,4.260237180575218,0,108.71966435360937
-5040,3.075069216650473,5.149660353774105,6.011911064042099,4.307788385646632,4.260237180575218,0,108.74491251023957
-5045,3.075069216650473,5.149660353774105,6.011911064042099,4.307788385646632,4.260237180575218,0,108.74288214472946
-5050,3.075069216650473,5.149660353774105,6.011911064042099,4.307788385646632,4.260237180575218,0,108.71399016449956
-5055,3.075069216650473,5.149660353774105,6.011911064042099,4.307788385646632,4.260237180575218,0,108.60381662603538
-5060,3.075069216650473,5.149660353774105,6.011911064042099,4.307788385646632,4.260237180575218,0,108.57495939524291
-5065,3.075069216650473,5.149660353774105,6.011911064042099,4.307788385646632,4.260237180575218,0,108.54602749105896
-5070,3.075069216650473,5.149660353774105,6.011911064042099,4.307788385646632,4.260237180575218,0,108.51702083368858
-5075,3.075069216650473,5.149660353774105,6.011911064042099,4.307788385646632,4.260237180575218,0,108.4746060116391
-5080,3.075069216650473,5.149660353774105,6.011911064042099,4.307788385646632,4.260237180575218,0,108.4456756008804
-5085,3.075069216650473,5.149660353774105,6.011911064042099,4.307788385646632,4.260237180575218,0,108.44383781887939
-5090,3.075069216650473,5.149660353774105,6.011911064042099,4.307788385646632,4.260237180575218,0,108.54999020849935
-5095,3.075069216650473,5.149660353774105,6.011911064042099,4.307788385646632,4.260237180575218,0,108.66959698009066
-5100,3.075069216650473,5.149660353774105,6.011911064042099,4.307788385646632,4.260237180575218,0,108.72197091644796
-5105,3.075069216650473,5.149660353774105,6.011911064042099,4.307788385646632,4.260237180575218,0,108.78775025561833
-5110,3.075069216650473,5.149660353774105,6.011911064042099,4.307788385646632,4.260237180575218,0,108.92122363993238
-5115,3.075069216650473,5.149660353774105,6.011911064042099,4.307788385646632,4.260237180575218,0,108.98712353166789
-5120,3.075069216650473,5.149660353774105,6.011911064042099,4.307788385646632,4.260237180575218,0,108.97168585240253
-5125,3.075069216650473,5.149660353774105,6.011911064042099,4.307788385646632,4.260237180575218,0,109.02396671634655
-5130,3.075069216650473,5.149660353774105,6.011911064042099,4.307788385646632,4.260237180575218,0,109.14432455810719
-5135,3.075069216650473,5.149660353774105,6.011911064042099,4.307788385646632,4.260237180575218,0,109.1966933509103
-5140,3.075069216650473,5.149660353774105,6.011911064042099,4.307788385646632,4.260237180575218,0,109.18118534645716
-5145,3.075069216650473,5.149660353774105,6.011911064042099,4.307788385646632,4.260237180575218,0,109.30173710109703
-5150,3.075069216650473,5.149660353774105,6.011911064042099,4.307788385646632,4.260237180575218,0,109.38155811251036
-5155,3.075069216650473,5.149660353774105,6.011911064042099,4.307788385646632,4.260237180575218,0,109.43403733394919
-5160,3.075069216650473,5.149660353774105,6.011911064042099,4.307788385646632,4.260237180575218,0,109.51395496174466
-5165,3.075069216650473,5.149660353774105,6.011911064042099,4.307788385646632,4.260237180575218,0,109.64831933791761
-5170,3.075069216650473,5.149660353774105,6.011911064042099,4.307788385646632,4.260237180575218,0,109.79676689857831
-5175,3.075069216650473,5.149660353774105,6.011911064042099,4.307788385646632,4.260237180575218,0,109.93162158376488
-5180,3.075069216650473,5.149660353774105,6.011911064042099,4.307788385646632,4.260237180575218,0,110.18979151879802
-5185,3.075069216650473,5.149660353774105,6.011911064042099,4.307788385646632,4.260237180575218,0,110.32520386720186
-5190,3.075069216650473,5.149660353774105,6.011911064042099,4.307788385646632,4.260237180575218,0,110.36443858558769
-5195,3.075069216650473,5.149660353774105,6.011911064042099,4.307788385646632,4.260237180575218,0,110.33508958021778
-5200,3.075069216650473,5.149660353774105,6.011911064042099,4.307788385646632,4.260237180575218,0,110.26458026648062
-5205,3.075069216650473,5.149660353774105,6.011911064042099,4.307788385646632,4.260237180575218,0,110.13905369946906
-5210,3.075069216650473,5.149660353774105,6.011911064042099,4.307788385646632,4.260237180575218,0,109.86330231854204
-5215,3.075069216650473,5.149660353774105,6.011911064042099,4.307788385646632,4.260237180575218,0,109.56076856558141
-5220,3.075069216650473,5.149660353774105,6.011911064042099,4.307788385646632,4.260237180575218,0,109.31377198347414
-5225,3.075069216650473,5.149660353774105,6.011911064042099,4.307788385646632,4.260237180575218,0,109.21650326010945
-5230,3.075069216650473,5.149660353774105,6.011911064042099,4.307788385646632,4.260237180575218,0,109.13313920407168
-5235,3.075069216650473,5.149660353774105,6.011911064042099,4.307788385646632,4.260237180575218,0,109.13119775735424
-5240,3.075069216650473,5.149660353774105,6.011911064042099,4.307788385646632,4.260237180575218,0,109.22442895855117
-5245,3.075069216650473,5.149660353774105,6.011911064042099,4.307788385646632,4.260237180575218,0,109.33134339074077
-5250,3.075069216650473,5.149660353774105,6.011911064042099,4.307788385646632,4.260237180575218,0,109.42472861313391
-5255,3.075069216650473,5.149660353774105,6.011911064042099,4.307788385646632,4.260237180575218,0,109.50455997604493
-5260,3.075069216650473,5.149660353774105,6.011911064042099,4.307788385646632,4.260237180575218,0,109.57081279992818
-5265,3.075069216650473,5.149660353774105,6.011911064042099,4.307788385646632,4.260237180575218,0,109.65074904129577
-5270,3.075069216650473,5.149660353774105,6.011911064042099,4.307788385646632,4.260237180575218,0,109.7716966630278
-5275,3.075069216650473,5.149660353774105,6.011911064042099,4.307788385646632,4.260237180575218,0,109.90641034606521
-5280,3.075069216650473,5.149660353774105,6.011911064042099,4.307788385646632,4.260237180575218,0,109.9729062988355
-5285,3.075069216650473,5.149660353774105,6.011911064042099,4.307788385646632,4.260237180575218,0,109.98473695883368
-5290,3.075069216650473,5.149660353774105,6.011911064042099,4.307788385646632,4.260237180575218,0,109.98285702290838
-5295,3.075069216650473,5.149660353774105,6.011911064042099,4.307788385646632,4.260237180575218,0,109.95354868156488
-5300,3.075069216650473,5.149660353774105,6.011911064042099,4.307788385646632,4.260237180575218,0,109.81479523075859
-5305,3.075069216650473,5.149660353774105,6.011911064042099,4.307788385646632,4.260237180575218,0,109.64889564978743
-5310,3.075069216650473,5.149660353774105,6.011911064042099,4.307788385646632,4.260237180575218,0,109.52414919923254
-5315,3.075069216650473,5.149660353774105,6.011911064042099,4.307788385646632,4.260237180575218,0,109.4134193833834
-5320,3.075069216650473,5.149660353774105,6.011911064042099,4.307788385646632,4.260237180575218,0,109.24805976444341
-5325,3.075069216650473,5.149660353774105,6.011911064042099,4.307788385646632,4.260237180575218,0,109.09668491977855
-5330,3.075069216650473,5.149660353774105,6.011911064042099,4.307788385646632,4.260237180575218,0,109.10841057882526
-5335,3.075069216650473,5.149660353774105,6.011911064042099,4.307788385646632,4.260237180575218,0,109.18794168295356
-5340,3.075069216650473,5.149660353774105,6.011911064042099,4.307788385646632,4.260237180575218,0,109.22670912997894
-5345,3.075069216650473,5.149660353774105,6.011911064042099,4.307788385646632,4.260237180575218,0,109.25194919659715
-5350,3.075069216650473,5.149660353774105,6.011911064042099,4.307788385646632,4.260237180575218,0,109.33183352639668
-5355,3.075069216650473,5.149660353774105,6.011911064042099,4.307788385646632,4.260237180575218,0,109.3841891655273
-5360,3.075069216650473,5.149660353774105,6.011911064042099,4.307788385646632,4.260237180575218,0,109.38233252481133
-5365,3.075069216650473,5.149660353774105,6.011911064042099,4.307788385646632,4.260237180575218,0,109.31235579582619
-5370,3.075069216650473,5.149660353774105,6.011911064042099,4.307788385646632,4.260237180575218,0,109.20152840783459
-5375,3.075069216650473,5.149660353774105,6.011911064042099,4.307788385646632,4.260237180575218,0,109.09101202536111
-5380,3.075069216650473,5.149660353774105,6.011911064042099,4.307788385646632,4.260237180575218,0,109.03468892507011
-5385,3.075069216650473,5.149660353774105,6.011911064042099,4.307788385646632,4.260237180575218,0,108.99210056442912
-5390,3.075069216650473,5.149660353774105,6.011911064042099,4.307788385646632,4.260237180575218,0,108.94966376090092
-5395,3.075069216650473,5.149660353774105,6.011911064042099,4.307788385646632,4.260237180575218,0,108.96111513419284
-5400,3.075069216650473,5.149660353774105,6.011911064042099,4.307788385646632,4.260237180575218,0,109.10854388117926
-5405,3.075069216650473,5.149660353774105,6.011911064042099,4.307788385646632,4.260237180575218,0,109.31064278967555
-5410,3.075069216650473,5.149660353774105,6.011911064042099,4.307788385646632,4.260237180575218,0,109.47202282452729
-5415,3.075069216650473,5.149660353774105,6.011911064042099,4.307788385646632,4.260237180575218,0,109.55190537697526
-5420,3.075069216650473,5.149660353774105,6.011911064042099,4.307788385646632,4.260237180575218,0,109.56355615585942
-5425,3.075069216650473,5.149660353774105,6.011911064042099,4.307788385646632,4.260237180575218,0,109.54809309399572
-5430,3.075069216650473,5.149660353774105,6.011911064042099,4.307788385646632,4.260237180575218,0,109.58702384855118
-5435,3.075069216650473,5.149660353774105,6.011911064042099,4.307788385646632,4.260237180575218,0,109.68069151932032
-5440,3.075069216650473,5.149660353774105,6.011911064042099,4.307788385646632,4.260237180575218,0,109.78812317303756
-5445,3.075069216650473,5.149660353774105,6.011911064042099,4.307788385646632,4.260237180575218,0,109.92279812662073
-5450,3.075069216650473,5.149660353774105,6.011911064042099,4.307788385646632,4.260237180575218,0,110.08525528227469
-5455,3.075069216650473,5.149660353774105,6.011911064042099,4.307788385646632,4.260237180575218,0,110.20672192080323
-5460,3.075069216650473,5.149660353774105,6.011911064042099,4.307788385646632,4.260237180575218,0,110.20477997727562
-5465,3.075069216650473,5.149660353774105,6.011911064042099,4.307788385646632,4.260237180575218,0,110.06571834401868
-5470,3.075069216650473,5.149660353774105,6.011911064042099,4.307788385646632,4.260237180575218,0,109.77652910215166
-5475,3.075069216650473,5.149660353774105,6.011911064042099,4.307788385646632,4.260237180575218,0,109.4061751833395
-5480,3.075069216650473,5.149660353774105,6.011911064042099,4.307788385646632,4.260237180575218,0,109.06432123985827
-5485,3.075069216650473,5.149660353774105,6.011911064042099,4.307788385646632,4.260237180575218,0,108.79108682630121
-5490,3.075069216650473,5.149660353774105,6.011911064042099,4.307788385646632,4.260237180575218,0,108.68104589867988
-5495,3.075069216650473,5.149660353774105,6.011911064042099,4.307788385646632,4.260237180575218,0,108.69265632826625
-5500,3.075069216650473,5.149660353774105,6.011911064042099,4.307788385646632,4.260237180575218,0,108.78550638515814
-5505,3.075069216650473,5.149660353774105,6.011911064042099,4.307788385646632,4.260237180575218,0,108.87842900765845
-5510,3.075069216650473,5.149660353774105,6.011911064042099,4.307788385646632,4.260237180575218,0,108.87649990276915
-5515,3.075069216650473,5.149660353774105,6.011911064042099,4.307788385646632,4.260237180575218,0,108.83382213185759
-5520,3.075069216650473,5.149660353774105,6.011911064042099,4.307788385646632,4.260237180575218,0,108.81845378926647
-5525,3.075069216650473,5.149660353774105,6.011911064042099,4.307788385646632,4.260237180575218,0,108.82995050544007
-5530,3.075069216650473,5.149660353774105,6.011911064042099,4.307788385646632,4.260237180575218,0,108.78754173280298
-5535,3.075069216650473,5.149660353774105,6.011911064042099,4.307788385646632,4.260237180575218,0,108.75839619559558
-5540,3.075069216650473,5.149660353774105,6.011911064042099,4.307788385646632,4.260237180575218,0,108.74303294446752
-5545,3.075069216650473,5.149660353774105,6.011911064042099,4.307788385646632,4.260237180575218,0,108.75460000241004
-5550,3.075069216650473,5.149660353774105,6.011911064042099,4.307788385646632,4.260237180575218,0,108.79339404344073
-5555,3.075069216650473,5.149660353774105,6.011911064042099,4.307788385646632,4.260237180575218,0,108.80492593635884
-5560,3.075069216650473,5.149660353774105,6.011911064042099,4.307788385646632,4.260237180575218,0,108.69488621511965
-5565,3.075069216650473,5.149660353774105,6.011911064042099,4.307788385646632,4.260237180575218,0,108.53056534184083
-5570,3.075069216650473,5.149660353774105,6.011911064042099,4.307788385646632,4.260237180575218,0,108.46112496112701
-5575,3.075069216650473,5.149660353774105,6.011911064042099,4.307788385646632,4.260237180575218,0,108.45940215739778
-5580,3.075069216650473,5.149660353774105,6.011911064042099,4.307788385646632,4.260237180575218,0,108.53844991961562
-5585,3.075069216650473,5.149660353774105,6.011911064042099,4.307788385646632,4.260237180575218,0,108.69866368178216
-5590,3.075069216650473,5.149660353774105,6.011911064042099,4.307788385646632,4.260237180575218,0,108.95438110206189
-5595,3.075069216650473,5.149660353774105,6.011911064042099,4.307788385646632,4.260237180575218,0,109.21036816289092
-5600,3.075069216650473,5.149660353774105,6.011911064042099,4.307788385646632,4.260237180575218,0,109.3173209294967
-5605,3.075069216650473,5.149660353774105,6.011911064042099,4.307788385646632,4.260237180575218,0,109.30165513383194
-5610,3.075069216650473,5.149660353774105,6.011911064042099,4.307788385646632,4.260237180575218,0,109.19109855097284
-5615,3.075069216650473,5.149660353774105,6.011911064042099,4.307788385646632,4.260237180575218,0,109.01244749561636
-5620,3.075069216650473,5.149660353774105,6.011911064042099,4.307788385646632,4.260237180575218,0,108.7938126378093
-5625,3.075069216650473,5.149660353774105,6.011911064042099,4.307788385646632,4.260237180575218,0,108.58887391338152
-5630,3.075069216650473,5.149660353774105,6.011911064042099,4.307788385646632,4.260237180575218,0,108.4249240940115
-5635,3.075069216650473,5.149660353774105,6.011911064042099,4.307788385646632,4.260237180575218,0,108.30153720006852
-5640,3.075069216650473,5.149660353774105,6.011911064042099,4.307788385646632,4.260237180575218,0,108.17821177760463
-5645,3.075069216650473,5.149660353774105,6.011911064042099,4.307788385646632,4.260237180575218,0,108.10908120650224
-5650,3.075069216650473,5.149660353774105,6.011911064042099,4.307788385646632,4.260237180575218,0,108.16094826789278
-5655,3.075069216650473,5.149660353774105,6.011911064042099,4.307788385646632,4.260237180575218,0,108.23993783327137
-5660,3.075069216650473,5.149660353774105,6.011911064042099,4.307788385646632,4.260237180575218,0,108.18415804213701
-5665,3.075069216650473,5.149660353774105,6.011911064042099,4.307788385646632,4.260237180575218,0,108.07450934493772
-5670,3.075069216650473,5.149660353774105,6.011911064042099,4.307788385646632,4.260237180575218,0,107.97851400832745
-5675,3.075069216650473,5.149660353774105,6.011911064042099,4.307788385646632,4.260237180575218,0,107.94977229336816
-5680,3.075069216650473,5.149660353774105,6.011911064042099,4.307788385646632,4.260237180575218,0,108.00174541687306
-5685,3.075069216650473,5.149660353774105,6.011911064042099,4.307788385646632,4.260237180575218,0,108.09378317840141
-5690,3.075069216650473,5.149660353774105,6.011911064042099,4.307788385646632,4.260237180575218,0,108.17278959661414
-5695,3.075069216650473,5.149660353774105,6.011911064042099,4.307788385646632,4.260237180575218,0,108.25159991153713
-5700,3.075069216650473,5.149660353774105,6.011911064042099,4.307788385646632,4.260237180575218,0,108.3170946652313
-5705,3.075069216650473,5.149660353774105,6.011911064042099,4.307788385646632,4.260237180575218,0,108.34223834785719
-5710,3.075069216650473,5.149660353774105,6.011911064042099,4.307788385646632,4.260237180575218,0,108.28628994260083
-5715,3.075069216650473,5.149660353774105,6.011911064042099,4.307788385646632,4.260237180575218,0,108.17665172620168
-5720,3.075069216650473,5.149660353774105,6.011911064042099,4.307788385646632,4.260237180575218,0,108.05369038656065
-5725,3.075069216650473,5.149660353774105,6.011911064042099,4.307788385646632,4.260237180575218,0,107.9307937128563
-5730,3.075069216650473,5.149660353774105,6.011911064042099,4.307788385646632,4.260237180575218,0,107.79454203978047
-5735,3.075069216650473,5.149660353774105,6.011911064042099,4.307788385646632,4.260237180575218,0,107.68544882875312
-5740,3.075069216650473,5.149660353774105,6.011911064042099,4.307788385646632,4.260237180575218,0,107.58962033661803
-5745,3.075069216650473,5.149660353774105,6.011911064042099,4.307788385646632,4.260237180575218,0,107.52103243061966
-5750,3.075069216650473,5.149660353774105,6.011911064042099,4.307788385646632,4.260237180575218,0,107.5056243016217
-5755,3.075069216650473,5.149660353774105,6.011911064042099,4.307788385646632,4.260237180575218,0,107.50361875735206
-5760,3.075069216650473,5.149660353774105,6.011911064042099,4.307788385646632,4.260237180575218,0,107.54197762855856
-5765,3.075069216650473,5.149660353774105,6.011911064042099,4.307788385646632,4.260237180575218,0,107.58034356373707
-5770,3.075069216650473,5.149660353774105,6.011911064042099,4.307788385646632,4.260237180575218,0,107.6184621227824
-5775,3.075069216650473,5.149660353774105,6.011911064042099,4.307788385646632,4.260237180575218,0,107.64334882229703
-5780,3.075069216650473,5.149660353774105,6.011911064042099,4.307788385646632,4.260237180575218,0,107.66848098436861
-5785,3.075069216650473,5.149660353774105,6.011911064042099,4.307788385646632,4.260237180575218,0,107.69334925761807
-5790,3.075069216650473,5.149660353774105,6.011911064042099,4.307788385646632,4.260237180575218,0,107.7046905111422
-5795,3.075069216650473,5.149660353774105,6.011911064042099,4.307788385646632,4.260237180575218,0,107.71626127184182
-5800,3.075069216650473,5.149660353774105,6.011911064042099,4.307788385646632,4.260237180575218,0,107.75461937058037
-5805,3.075069216650473,5.149660353774105,6.011911064042099,4.307788385646632,4.260237180575218,0,107.79298445451776
-5810,3.075069216650473,5.149660353774105,6.011911064042099,4.307788385646632,4.260237180575218,0,107.79121652685386
-5815,3.075069216650473,5.149660353774105,6.011911064042099,4.307788385646632,4.260237180575218,0,107.78915117851275
-5820,3.075069216650473,5.149660353774105,6.011911064042099,4.307788385646632,4.260237180575218,0,107.86793298441478
-5825,3.075069216650473,5.149660353774105,6.011911064042099,4.307788385646632,4.260237180575218,0,107.98698355561882
-5830,3.075069216650473,5.149660353774105,6.011911064042099,4.307788385646632,4.260237180575218,0,108.07922845419648
-5835,3.075069216650473,5.149660353774105,6.011911064042099,4.307788385646632,4.260237180575218,0,108.0907658685106
-5840,3.075069216650473,5.149660353774105,6.011911064042099,4.307788385646632,4.260237180575218,0,107.96782019670638
-5845,3.075069216650473,5.149660353774105,6.011911064042099,4.307788385646632,4.260237180575218,0,107.77793027784608
-5850,3.075069216650473,5.149660353774105,6.011911064042099,4.307788385646632,4.260237180575218,0,107.77582833369597
-5855,3.075069216650473,5.149660353774105,6.011911064042099,4.307788385646632,4.260237180575218,0,107.8410352344408
-5860,3.075069216650473,5.149660353774105,6.011911064042099,4.307788385646632,4.260237180575218,0,107.96004052672656
-5865,3.075069216650473,5.149660353774105,6.011911064042099,4.307788385646632,4.260237180575218,0,108.06576682296354
-5870,3.075069216650473,5.149660353774105,6.011911064042099,4.307788385646632,4.260237180575218,0,108.10436590368462
-5875,3.075069216650473,5.149660353774105,6.011911064042099,4.307788385646632,4.260237180575218,0,108.11591500221516
-5880,3.075069216650473,5.149660353774105,6.011911064042099,4.307788385646632,4.260237180575218,0,108.10036500248204
-5885,3.075069216650473,5.149660353774105,6.011911064042099,4.307788385646632,4.260237180575218,0,108.08501460919848
-5890,3.075069216650473,5.149660353774105,6.011911064042099,4.307788385646632,4.260237180575218,0,108.00248577972194
-5895,3.075069216650473,5.149660353774105,6.011911064042099,4.307788385646632,4.260237180575218,0,107.92007583276944
-5900,3.075069216650473,5.149660353774105,6.011911064042099,4.307788385646632,4.260237180575218,0,107.89128785866045
-5905,3.075069216650473,5.149660353774105,6.011911064042099,4.307788385646632,4.260237180575218,0,107.889322422356
-5910,3.075069216650473,5.149660353774105,6.011911064042099,4.307788385646632,4.260237180575218,0,107.90077168898844
-5915,3.075069216650473,5.149660353774105,6.011911064042099,4.307788385646632,4.260237180575218,0,107.87206010323204
-5920,3.075069216650473,5.149660353774105,6.011911064042099,4.307788385646632,4.260237180575218,0,107.78964191845282
-5925,3.075069216650473,5.149660353774105,6.011911064042099,4.307788385646632,4.260237180575218,0,107.69386275257725
-5930,3.075069216650473,5.149660353774105,6.011911064042099,4.307788385646632,4.260237180575218,0,107.65188491631798
-5935,3.075069216650473,5.149660353774105,6.011911064042099,4.307788385646632,4.260237180575218,0,107.66328706376164
-5940,3.075069216650473,5.149660353774105,6.011911064042099,4.307788385646632,4.260237180575218,0,107.80893942243542
-5945,3.075069216650473,5.149660353774105,6.011911064042099,4.307788385646632,4.260237180575218,0,108.062318216442
-5950,3.075069216650473,5.149660353774105,6.011911064042099,4.307788385646632,4.260237180575218,0,108.31622418232958
-5955,3.075069216650473,5.149660353774105,6.011911064042099,4.307788385646632,4.260237180575218,0,108.55738818875562
-5960,3.075069216650473,5.149660353774105,6.011911064042099,4.307788385646632,4.260237180575218,0,108.67722080202327
-5965,3.075069216650473,5.149660353774105,6.011911064042099,4.307788385646632,4.260237180575218,0,108.70233385564178
-5970,3.075069216650473,5.149660353774105,6.011911064042099,4.307788385646632,4.260237180575218,0,108.67321911775988
-5975,3.075069216650473,5.149660353774105,6.011911064042099,4.307788385646632,4.260237180575218,0,108.54961140287203
-5980,3.075069216650473,5.149660353774105,6.011911064042099,4.307788385646632,4.260237180575218,0,108.37231325486343
-5985,3.075069216650473,5.149660353774105,6.011911064042099,4.307788385646632,4.260237180575218,0,108.16812467663075
-5990,3.075069216650473,5.149660353774105,6.011911064042099,4.307788385646632,4.260237180575218,0,107.97802067358498
-5995,3.075069216650473,5.149660353774105,6.011911064042099,4.307788385646632,4.260237180575218,0,107.96256034994256
-6000,3.075069216650473,5.149660353774105,6.011911064042099,4.307788385646632,4.260237180575218,0,107.92035726090623
-6005,3.075069216650473,5.149660353774105,6.011911064042099,4.307788385646632,4.260237180575218,0,107.85136290736936
-6010,3.075069216650473,5.149660353774105,6.011911064042099,4.307788385646632,4.260237180575218,0,107.75552873156049
-6015,3.075069216650473,5.149660353774105,6.011911064042099,4.307788385646632,4.260237180575218,0,107.65980120074896
-6020,3.075069216650473,5.149660353774105,6.011911064042099,4.307788385646632,4.260237180575218,0,107.56418063763009
-6025,3.075069216650473,5.149660353774105,6.011911064042099,4.307788385646632,4.260237180575218,0,107.49517031345557
-6030,3.075069216650473,5.149660353774105,6.011911064042099,4.307788385646632,4.260237180575218,0,107.46673455850657
-6035,3.075069216650473,5.149660353774105,6.011911064042099,4.307788385646632,4.260237180575218,0,107.45136119828207
-6040,3.075069216650473,5.149660353774105,6.011911064042099,4.307788385646632,4.260237180575218,0,107.5565927347073
-6045,3.075069216650473,5.149660353774105,6.011911064042099,4.307788385646632,4.260237180575218,0,107.62166699277923
-6050,3.075069216650473,5.149660353774105,6.011911064042099,4.307788385646632,4.260237180575218,0,107.56623493294775
-6055,3.075069216650473,5.149660353774105,6.011911064042099,4.307788385646632,4.260237180575218,0,107.52412773376214
-6060,3.075069216650473,5.149660353774105,6.011911064042099,4.307788385646632,4.260237180575218,0,107.4284358963832
-6065,3.075069216650473,5.149660353774105,6.011911064042099,4.307788385646632,4.260237180575218,0,107.31966867549043
-6070,3.075069216650473,5.149660353774105,6.011911064042099,4.307788385646632,4.260237180575218,0,107.22445007923828
-6075,3.075069216650473,5.149660353774105,6.011911064042099,4.307788385646632,4.260237180575218,0,107.12907697930012
-6080,3.075069216650473,5.149660353774105,6.011911064042099,4.307788385646632,4.260237180575218,0,107.04728539252176
-6085,3.075069216650473,5.149660353774105,6.011911064042099,4.307788385646632,4.260237180575218,0,107.04544364479548
-6090,3.075069216650473,5.149660353774105,6.011911064042099,4.307788385646632,4.260237180575218,0,107.03007216490217
-6095,3.075069216650473,5.149660353774105,6.011911064042099,4.307788385646632,4.260237180575218,0,106.98817921555755
-6100,3.075069216650473,5.149660353774105,6.011911064042099,4.307788385646632,4.260237180575218,0,106.95970104004975
-6105,3.075069216650473,5.149660353774105,6.011911064042099,4.307788385646632,4.260237180575218,0,106.94466205684519
-6110,3.075069216650473,5.149660353774105,6.011911064042099,4.307788385646632,4.260237180575218,0,106.94255647904241
-6115,3.075069216650473,5.149660353774105,6.011911064042099,4.307788385646632,4.260237180575218,0,106.94067448381705
-6120,3.075069216650473,5.149660353774105,6.011911064042099,4.307788385646632,4.260237180575218,0,106.96556034055857
-6125,3.075069216650473,5.149660353774105,6.011911064042099,4.307788385646632,4.260237180575218,0,107.0037171129699
-6130,3.075069216650473,5.149660353774105,6.011911064042099,4.307788385646632,4.260237180575218,0,107.06845686833981
-6135,3.075069216650473,5.149660353774105,6.011911064042099,4.307788385646632,4.260237180575218,0,107.17312386126791
-6140,3.075069216650473,5.149660353774105,6.011911064042099,4.307788385646632,4.260237180575218,0,107.37153894672986
-6145,3.075069216650473,5.149660353774105,6.011911064042099,4.307788385646632,4.260237180575218,0,107.5302185431379
-6150,3.075069216650473,5.149660353774105,6.011911064042099,4.307788385646632,4.260237180575218,0,107.62218358891874
-6155,3.075069216650473,5.149660353774105,6.011911064042099,4.307788385646632,4.260237180575218,0,107.66037450707049
-6160,3.075069216650473,5.149660353774105,6.011911064042099,4.307788385646632,4.260237180575218,0,107.64496034246626
-6165,3.075069216650473,5.149660353774105,6.011911064042099,4.307788385646632,4.260237180575218,0,107.65644372845948
-6170,3.075069216650473,5.149660353774105,6.011911064042099,4.307788385646632,4.260237180575218,0,107.82893198398477
-6175,3.075069216650473,5.149660353774105,6.011911064042099,4.307788385646632,4.260237180575218,0,107.9615080068353
-6180,3.075069216650473,5.149660353774105,6.011911064042099,4.307788385646632,4.260237180575218,0,107.98645408235672
-6185,3.075069216650473,5.149660353774105,6.011911064042099,4.307788385646632,4.260237180575218,0,107.94423985913355
-6190,3.075069216650473,5.149660353774105,6.011911064042099,4.307788385646632,4.260237180575218,0,108.0633554662344
-6195,3.075069216650473,5.149660353774105,6.011911064042099,4.307788385646632,4.260237180575218,0,108.24980794083837
-6200,3.075069216650473,5.149660353774105,6.011911064042099,4.307788385646632,4.260237180575218,0,108.27509866863232
-6205,3.075069216650473,5.149660353774105,6.011911064042099,4.307788385646632,4.260237180575218,0,108.21912129800396
-6210,3.075069216650473,5.149660353774105,6.011911064042099,4.307788385646632,4.260237180575218,0,108.12305329782315
-6215,3.075069216650473,5.149660353774105,6.011911064042099,4.307788385646632,4.260237180575218,0,107.98655347985166
-6220,3.075069216650473,5.149660353774105,6.011911064042099,4.307788385646632,4.260237180575218,0,107.86381969121139
-6225,3.075069216650473,5.149660353774105,6.011911064042099,4.307788385646632,4.260237180575218,0,107.71428355309726
-6230,3.075069216650473,5.149660353774105,6.011911064042099,4.307788385646632,4.260237180575218,0,107.5381655700919
-6235,3.075069216650473,5.149660353774105,6.011911064042099,4.307788385646632,4.260237180575218,0,107.36233336046404
-6240,3.075069216650473,5.149660353774105,6.011911064042099,4.307788385646632,4.260237180575218,0,107.26704490901284
-6245,3.075069216650473,5.149660353774105,6.011911064042099,4.307788385646632,4.260237180575218,0,107.21175475690738
-6250,3.075069216650473,5.149660353774105,6.011911064042099,4.307788385646632,4.260237180575218,0,107.12993316540408
-6255,3.075069216650473,5.149660353774105,6.011911064042099,4.307788385646632,4.260237180575218,0,107.07468438764774
-6260,3.075069216650473,5.149660353774105,6.011911064042099,4.307788385646632,4.260237180575218,0,107.03282814088465
-6265,3.075069216650473,5.149660353774105,6.011911064042099,4.307788385646632,4.260237180575218,0,106.99088205105569
-6270,3.075069216650473,5.149660353774105,6.011911064042099,4.307788385646632,4.260237180575218,0,106.98912054225052
-6275,3.075069216650473,5.149660353774105,6.011911064042099,4.307788385646632,4.260237180575218,0,107.01382304415662
-6280,3.075069216650473,5.149660353774105,6.011911064042099,4.307788385646632,4.260237180575218,0,107.09182958531214
-6285,3.075069216650473,5.149660353774105,6.011911064042099,4.307788385646632,4.260237180575218,0,107.16989134526919
-6290,3.075069216650473,5.149660353774105,6.011911064042099,4.307788385646632,4.260237180575218,0,107.27483276050454
-6295,3.075069216650473,5.149660353774105,6.011911064042099,4.307788385646632,4.260237180575218,0,107.40670255747489
-6300,3.075069216650473,5.149660353774105,6.011911064042099,4.307788385646632,4.260237180575218,0,107.45812205433116
-6305,3.075069216650473,5.149660353774105,6.011911064042099,4.307788385646632,4.260237180575218,0,107.49653506510424
-6310,3.075069216650473,5.149660353774105,6.011911064042099,4.307788385646632,4.260237180575218,0,107.6552783835952
-6315,3.075069216650473,5.149660353774105,6.011911064042099,4.307788385646632,4.260237180575218,0,107.89489136970651
-6320,3.075069216650473,5.149660353774105,6.011911064042099,4.307788385646632,4.260237180575218,0,108.05426106391994
-6325,3.075069216650473,5.149660353774105,6.011911064042099,4.307788385646632,4.260237180575218,0,108.10630336938148
-6330,3.075069216650473,5.149660353774105,6.011911064042099,4.307788385646632,4.260237180575218,0,108.1041878098884
-6335,3.075069216650473,5.149660353774105,6.011911064042099,4.307788385646632,4.260237180575218,0,108.12927336699398
-6340,3.075069216650473,5.149660353774105,6.011911064042099,4.307788385646632,4.260237180575218,0,108.1407198408981
-6345,3.075069216650473,5.149660353774105,6.011911064042099,4.307788385646632,4.260237180575218,0,108.13904799659593
-6350,3.075069216650473,5.149660353774105,6.011911064042099,4.307788385646632,4.260237180575218,0,108.13706161673626
-6355,3.075069216650473,5.149660353774105,6.011911064042099,4.307788385646632,4.260237180575218,0,108.12165172086976
-6360,3.075069216650473,5.149660353774105,6.011911064042099,4.307788385646632,4.260237180575218,0,108.14662572361947
-6365,3.075069216650473,5.149660353774105,6.011911064042099,4.307788385646632,4.260237180575218,0,108.15819264288251
-6370,3.075069216650473,5.149660353774105,6.011911064042099,4.307788385646632,4.260237180575218,0,108.1295164786901
-6375,3.075069216650473,5.149660353774105,6.011911064042099,4.307788385646632,4.260237180575218,0,108.08707832772862
-6380,3.075069216650473,5.149660353774105,6.011911064042099,4.307788385646632,4.260237180575218,0,108.00455699067719
-6385,3.075069216650473,5.149660353774105,6.011911064042099,4.307788385646632,4.260237180575218,0,108.01618156523745
-6390,3.075069216650473,5.149660353774105,6.011911064042099,4.307788385646632,4.260237180575218,0,108.01406811588569
-6395,3.075069216650473,5.149660353774105,6.011911064042099,4.307788385646632,4.260237180575218,0,107.89144349612143
-6400,3.075069216650473,5.149660353774105,6.011911064042099,4.307788385646632,4.260237180575218,0,107.80899466460194
-6405,3.075069216650473,5.149660353774105,6.011911064042099,4.307788385646632,4.260237180575218,0,107.84729621196745
-6410,3.075069216650473,5.149660353774105,6.011911064042099,4.307788385646632,4.260237180575218,0,107.89907549730466
-6415,3.075069216650473,5.149660353774105,6.011911064042099,4.307788385646632,4.260237180575218,0,107.81663807031264
-6420,3.075069216650473,5.149660353774105,6.011911064042099,4.307788385646632,4.260237180575218,0,107.82819626829665
-6425,3.075069216650473,5.149660353774105,6.011911064042099,4.307788385646632,4.260237180575218,0,107.74581257155805
-6430,3.075069216650473,5.149660353774105,6.011911064042099,4.307788385646632,4.260237180575218,0,107.60982693657564
-6435,3.075069216650473,5.149660353774105,6.011911064042099,4.307788385646632,4.260237180575218,0,107.50093637076448
-6440,3.075069216650473,5.149660353774105,6.011911064042099,4.307788385646632,4.260237180575218,0,107.37863073596274
-6445,3.075069216650473,5.149660353774105,6.011911064042099,4.307788385646632,4.260237180575218,0,107.28319377470572
-6450,3.075069216650473,5.149660353774105,6.011911064042099,4.307788385646632,4.260237180575218,0,107.30804653320745
-6455,3.075069216650473,5.149660353774105,6.011911064042099,4.307788385646632,4.260237180575218,0,107.18583677522714
-6460,3.075069216650473,5.149660353774105,6.011911064042099,4.307788385646632,4.260237180575218,0,107.07726901972747
-6465,3.075069216650473,5.149660353774105,6.011911064042099,4.307788385646632,4.260237180575218,0,106.9422393504687
-6470,3.075069216650473,5.149660353774105,6.011911064042099,4.307788385646632,4.260237180575218,0,106.82057607644136
-6475,3.075069216650473,5.149660353774105,6.011911064042099,4.307788385646632,4.260237180575218,0,106.75220395288389
-6480,3.075069216650473,5.149660353774105,6.011911064042099,4.307788385646632,4.260237180575218,0,106.60441557440865
-6485,3.075069216650473,5.149660353774105,6.011911064042099,4.307788385646632,4.260237180575218,0,106.64228133088893
-6490,3.075069216650473,5.149660353774105,6.011911064042099,4.307788385646632,4.260237180575218,0,106.70680240914423
-6495,3.075069216650473,5.149660353774105,6.011911064042099,4.307788385646632,4.260237180575218,0,106.74469787584262
-6500,3.075069216650473,5.149660353774105,6.011911064042099,4.307788385646632,4.260237180575218,0,106.70311364388236
-6505,3.075069216650473,5.149660353774105,6.011911064042099,4.307788385646632,4.260237180575218,0,106.58162734108846
-6510,3.075069216650473,5.149660353774105,6.011911064042099,4.307788385646632,4.260237180575218,0,106.56652901721486
-6515,3.075069216650473,5.149660353774105,6.011911064042099,4.307788385646632,4.260237180575218,0,106.59118883632337
-6520,3.075069216650473,5.149660353774105,6.011911064042099,4.307788385646632,4.260237180575218,0,106.72198533056456
-6525,3.075069216650473,5.149660353774105,6.011911064042099,4.307788385646632,4.260237180575218,0,106.77345260254738
-6530,3.075069216650473,5.149660353774105,6.011911064042099,4.307788385646632,4.260237180575218,0,106.74488867365798
-6535,3.075069216650473,5.149660353774105,6.011911064042099,4.307788385646632,4.260237180575218,0,106.70313320837268
-6540,3.075069216650473,5.149660353774105,6.011911064042099,4.307788385646632,4.260237180575218,0,106.80762712282635
-6545,3.075069216650473,5.149660353774105,6.011911064042099,4.307788385646632,4.260237180575218,0,106.99212878400175
-6550,3.075069216650473,5.149660353774105,6.011911064042099,4.307788385646632,4.260237180575218,0,107.1499719573028
-6555,3.075069216650473,5.149660353774105,6.011911064042099,4.307788385646632,4.260237180575218,0,107.22822964361389
-6560,3.075069216650473,5.149660353774105,6.011911064042099,4.307788385646632,4.260237180575218,0,107.22647729069897
-6565,3.075069216650473,5.149660353774105,6.011911064042099,4.307788385646632,4.260237180575218,0,107.22440344738402
-6570,3.075069216650473,5.149660353774105,6.011911064042099,4.307788385646632,4.260237180575218,0,107.18248692000007
-6575,3.075069216650473,5.149660353774105,6.011911064042099,4.307788385646632,4.260237180575218,0,107.15394239515564
-6580,3.075069216650473,5.149660353774105,6.011911064042099,4.307788385646632,4.260237180575218,0,107.31222198508945
-6585,3.075069216650473,5.149660353774105,6.011911064042099,4.307788385646632,4.260237180575218,0,107.43078066748195
-6590,3.075069216650473,5.149660353774105,6.011911064042099,4.307788385646632,4.260237180575218,0,107.30865469319085
-6595,3.075069216650473,5.149660353774105,6.011911064042099,4.307788385646632,4.260237180575218,0,107.06657719860799
-6600,3.075069216650473,5.149660353774105,6.011911064042099,4.307788385646632,4.260237180575218,0,106.95806973639893
-6605,3.075069216650473,5.149660353774105,6.011911064042099,4.307788385646632,4.260237180575218,0,106.91610193166088
-6610,3.075069216650473,5.149660353774105,6.011911064042099,4.307788385646632,4.260237180575218,0,106.94079470141891
-6615,3.075069216650473,5.149660353774105,6.011911064042099,4.307788385646632,4.260237180575218,0,106.96576003171292
-6620,3.075069216650473,5.149660353774105,6.011911064042099,4.307788385646632,4.260237180575218,0,107.05698375347217
-6625,3.075069216650473,5.149660353774105,6.011911064042099,4.307788385646632,4.260237180575218,0,107.13501722072081
-6630,3.075069216650473,5.149660353774105,6.011911064042099,4.307788385646632,4.260237180575218,0,107.17329740008732
-6635,3.075069216650473,5.149660353774105,6.011911064042099,4.307788385646632,4.260237180575218,0,107.17146957380743
-6640,3.075069216650473,5.149660353774105,6.011911064042099,4.307788385646632,4.260237180575218,0,107.04946483659872
-6645,3.075069216650473,5.149660353774105,6.011911064042099,4.307788385646632,4.260237180575218,0,106.82120722028937
-6650,3.075069216650473,5.149660353774105,6.011911064042099,4.307788385646632,4.260237180575218,0,106.65999150942396
-6655,3.075069216650473,5.149660353774105,6.011911064042099,4.307788385646632,4.260237180575218,0,106.57839980717745
-6660,3.075069216650473,5.149660353774105,6.011911064042099,4.307788385646632,4.260237180575218,0,106.52358919014372
-6665,3.075069216650473,5.149660353774105,6.011911064042099,4.307788385646632,4.260237180575218,0,106.58803845687355
-6670,3.075069216650473,5.149660353774105,6.011911064042099,4.307788385646632,4.260237180575218,0,106.67891075933278
-6675,3.075069216650473,5.149660353774105,6.011911064042099,4.307788385646632,4.260237180575218,0,106.75679593745164
-6680,3.075069216650473,5.149660353774105,6.011911064042099,4.307788385646632,4.260237180575218,0,106.7285043125695
-6685,3.075069216650473,5.149660353774105,6.011911064042099,4.307788385646632,4.260237180575218,0,106.66006511244726
-6690,3.075069216650473,5.149660353774105,6.011911064042099,4.307788385646632,4.260237180575218,0,106.55197429429325
-6695,3.075069216650473,5.149660353774105,6.011911064042099,4.307788385646632,4.260237180575218,0,106.45737245281236
-6700,3.075069216650473,5.149660353774105,6.011911064042099,4.307788385646632,4.260237180575218,0,106.40247944814192
-6705,3.075069216650473,5.149660353774105,6.011911064042099,4.307788385646632,4.260237180575218,0,106.40075792672651
-6710,3.075069216650473,5.149660353774105,6.011911064042099,4.307788385646632,4.260237180575218,0,106.41210884391776
-6715,3.075069216650473,5.149660353774105,6.011911064042099,4.307788385646632,4.260237180575218,0,106.43655595256583
-6720,3.075069216650473,5.149660353774105,6.011911064042099,4.307788385646632,4.260237180575218,0,106.58058488423055
-6725,3.075069216650473,5.149660353774105,6.011911064042099,4.307788385646632,4.260237180575218,0,106.73817201637436
-6730,3.075069216650473,5.149660353774105,6.011911064042099,4.307788385646632,4.260237180575218,0,106.82932734743137
-6735,3.075069216650473,5.149660353774105,6.011911064042099,4.307788385646632,4.260237180575218,0,106.8673692769716
-6740,3.075069216650473,5.149660353774105,6.011911064042099,4.307788385646632,4.260237180575218,0,106.94518768522177
-6745,3.075069216650473,5.149660353774105,6.011911064042099,4.307788385646632,4.260237180575218,0,106.99672291960003
-6750,3.075069216650473,5.149660353774105,6.011911064042099,4.307788385646632,4.260237180575218,0,106.95489599505021
-6755,3.075069216650473,5.149660353774105,6.011911064042099,4.307788385646632,4.260237180575218,0,106.96629275197706
-6760,3.075069216650473,5.149660353774105,6.011911064042099,4.307788385646632,4.260237180575218,0,107.03100986473193
-6765,3.075069216650473,5.149660353774105,6.011911064042099,4.307788385646632,4.260237180575218,0,107.09576613285601
-6770,3.075069216650473,5.149660353774105,6.011911064042099,4.307788385646632,4.260237180575218,0,107.08044614990058
-6775,3.075069216650473,5.149660353774105,6.011911064042099,4.307788385646632,4.260237180575218,0,107.05185143888285
-6780,3.075069216650473,5.149660353774105,6.011911064042099,4.307788385646632,4.260237180575218,0,107.05020789705131
-6785,3.075069216650473,5.149660353774105,6.011911064042099,4.307788385646632,4.260237180575218,0,107.14144175126252
-6790,3.075069216650473,5.149660353774105,6.011911064042099,4.307788385646632,4.260237180575218,0,107.24627565595031
-6795,3.075069216650473,5.149660353774105,6.011911064042099,4.307788385646632,4.260237180575218,0,107.32469918951055
-6800,3.075069216650473,5.149660353774105,6.011911064042099,4.307788385646632,4.260237180575218,0,107.3628309130014
-6805,3.075069216650473,5.149660353774105,6.011911064042099,4.307788385646632,4.260237180575218,0,107.38770445154483
-6810,3.075069216650473,5.149660353774105,6.011911064042099,4.307788385646632,4.260237180575218,0,107.45267652824934
-6815,3.075069216650473,5.149660353774105,6.011911064042099,4.307788385646632,4.260237180575218,0,107.46427481219307
-6820,3.075069216650473,5.149660353774105,6.011911064042099,4.307788385646632,4.260237180575218,0,107.46226977193454
-6825,3.075069216650473,5.149660353774105,6.011911064042099,4.307788385646632,4.260237180575218,0,107.36685369951226
-6830,3.075069216650473,5.149660353774105,6.011911064042099,4.307788385646632,4.260237180575218,0,107.27128283224899
-6835,3.075069216650473,5.149660353774105,6.011911064042099,4.307788385646632,4.260237180575218,0,107.29624467192697
-6840,3.075069216650473,5.149660353774105,6.011911064042099,4.307788385646632,4.260237180575218,0,107.29426521315928
-6845,3.075069216650473,5.149660353774105,6.011911064042099,4.307788385646632,4.260237180575218,0,107.27891470204851
-6850,3.075069216650473,5.149660353774105,6.011911064042099,4.307788385646632,4.260237180575218,0,107.29047117623132
-6855,3.075069216650473,5.149660353774105,6.011911064042099,4.307788385646632,4.260237180575218,0,107.36872993953735
-6860,3.075069216650473,5.149660353774105,6.011911064042099,4.307788385646632,4.260237180575218,0,107.40698335749781
-6865,3.075069216650473,5.149660353774105,6.011911064042099,4.307788385646632,4.260237180575218,0,107.40515875542074
-6870,3.075069216650473,5.149660353774105,6.011911064042099,4.307788385646632,4.260237180575218,0,107.4032926288042
-6875,3.075069216650473,5.149660353774105,6.011911064042099,4.307788385646632,4.260237180575218,0,107.58867471229401
-6880,3.075069216650473,5.149660353774105,6.011911064042099,4.307788385646632,4.260237180575218,0,107.85484841388377
-6885,3.075069216650473,5.149660353774105,6.011911064042099,4.307788385646632,4.260237180575218,0,108.08170506092425
-6890,3.075069216650473,5.149660353774105,6.011911064042099,4.307788385646632,4.260237180575218,0,108.24120334211342
-6895,3.075069216650473,5.149660353774105,6.011911064042099,4.307788385646632,4.260237180575218,0,108.32010205239422
-6900,3.075069216650473,5.149660353774105,6.011911064042099,4.307788385646632,4.260237180575218,0,108.33167310693183
-6905,3.075069216650473,5.149660353774105,6.011911064042099,4.307788385646632,4.260237180575218,0,108.37036334940417
-6910,3.075069216650473,5.149660353774105,6.011911064042099,4.307788385646632,4.260237180575218,0,108.36846489107212
-6915,3.075069216650473,5.149660353774105,6.011911064042099,4.307788385646632,4.260237180575218,0,108.27213312100194
-6920,3.075069216650473,5.149660353774105,6.011911064042099,4.307788385646632,4.260237180575218,0,108.20283925329292
-6925,3.075069216650473,5.149660353774105,6.011911064042099,4.307788385646632,4.260237180575218,0,108.18755049648124
-6930,3.075069216650473,5.149660353774105,6.011911064042099,4.307788385646632,4.260237180575218,0,108.34727651055039
-6935,3.075069216650473,5.149660353774105,6.011911064042099,4.307788385646632,4.260237180575218,0,108.57482560168903
-6940,3.075069216650473,5.149660353774105,6.011911064042099,4.307788385646632,4.260237180575218,0,108.69474281425133
-6945,3.075069216650473,5.149660353774105,6.011911064042099,4.307788385646632,4.260237180575218,0,108.70624597148336
-6950,3.075069216650473,5.149660353774105,6.011911064042099,4.307788385646632,4.260237180575218,0,108.66401766964977
-6955,3.075069216650473,5.149660353774105,6.011911064042099,4.307788385646632,4.260237180575218,0,108.7024524279087
-6960,3.075069216650473,5.149660353774105,6.011911064042099,4.307788385646632,4.260237180575218,0,108.79554599867392
-6965,3.075069216650473,5.149660353774105,6.011911064042099,4.307788385646632,4.260237180575218,0,108.94251555488536
-6970,3.075069216650473,5.149660353774105,6.011911064042099,4.307788385646632,4.260237180575218,0,109.11698224270164
-6975,3.075069216650473,5.149660353774105,6.011911064042099,4.307788385646632,4.260237180575218,0,109.26483321924927
-6980,3.075069216650473,5.149660353774105,6.011911064042099,4.307788385646632,4.260237180575218,0,109.31709761658396
-6985,3.075069216650473,5.149660353774105,6.011911064042099,4.307788385646632,4.260237180575218,0,109.31515708560393
-6990,3.075069216650473,5.149660353774105,6.011911064042099,4.307788385646632,4.260237180575218,0,109.39515545876031
-6995,3.075069216650473,5.149660353774105,6.011911064042099,4.307788385646632,4.260237180575218,0,109.4884889965518
-7000,3.075069216650473,5.149660353774105,6.011911064042099,4.307788385646632,4.260237180575218,0,109.52756876639793
-7005,3.075069216650473,5.149660353774105,6.011911064042099,4.307788385646632,4.260237180575218,0,109.5255906659846
-7010,3.075069216650473,5.149660353774105,6.011911064042099,4.307788385646632,4.260237180575218,0,109.57825810914588
-7015,3.075069216650473,5.149660353774105,6.011911064042099,4.307788385646632,4.260237180575218,0,109.69898084994179
-7020,3.075069216650473,5.149660353774105,6.011911064042099,4.307788385646632,4.260237180575218,0,109.72450761069751
-7025,3.075069216650473,5.149660353774105,6.011911064042099,4.307788385646632,4.260237180575218,0,109.66799214909568
-7030,3.075069216650473,5.149660353774105,6.011911064042099,4.307788385646632,4.260237180575218,0,109.52958187602933
-7035,3.075069216650473,5.149660353774105,6.011911064042099,4.307788385646632,4.260237180575218,0,109.47309622471546
-7040,3.075069216650473,5.149660353774105,6.011911064042099,4.307788385646632,4.260237180575218,0,109.3895037300782
-7045,3.075069216650473,5.149660353774105,6.011911064042099,4.307788385646632,4.260237180575218,0,109.22413207909503
-7050,3.075069216650473,5.149660353774105,6.011911064042099,4.307788385646632,4.260237180575218,0,108.97772408735197
-7055,3.075069216650473,5.149660353774105,6.011911064042099,4.307788385646632,4.260237180575218,0,108.96221863959532
-7060,3.075069216650473,5.149660353774105,6.011911064042099,4.307788385646632,4.260237180575218,0,108.68939976088537
-7065,3.075069216650473,5.149660353774105,6.011911064042099,4.307788385646632,4.260237180575218,0,108.52542431178678
-7070,3.075069216650473,5.149660353774105,6.011911064042099,4.307788385646632,4.260237180575218,0,108.455899721426
-7075,3.075069216650473,5.149660353774105,6.011911064042099,4.307788385646632,4.260237180575218,0,108.3326212664313
-7080,3.075069216650473,5.149660353774105,6.011911064042099,4.307788385646632,4.260237180575218,0,108.18232270911548
-7085,3.075069216650473,5.149660353774105,6.011911064042099,4.307788385646632,4.260237180575218,0,107.96528058203243
-7090,3.075069216650473,5.149660353774105,6.011911064042099,4.307788385646632,4.260237180575218,0,107.97687469415334
-7095,3.075069216650473,5.149660353774105,6.011911064042099,4.307788385646632,4.260237180575218,0,108.05564321215932
-7100,3.075069216650473,5.149660353774105,6.011911064042099,4.307788385646632,4.260237180575218,0,108.22860429550884
-7105,3.075069216650473,5.149660353774105,6.011911064042099,4.307788385646632,4.260237180575218,0,108.37512164860685
-7110,3.075069216650473,5.149660353774105,6.011911064042099,4.307788385646632,4.260237180575218,0,108.45415552461859
-7115,3.075069216650473,5.149660353774105,6.011911064042099,4.307788385646632,4.260237180575218,0,108.56019043433476
-7120,3.075069216650473,5.149660353774105,6.011911064042099,4.307788385646632,4.260237180575218,0,108.62587189252382
-7125,3.075069216650473,5.149660353774105,6.011911064042099,4.307788385646632,4.260237180575218,0,108.65112656241165
-7130,3.075069216650473,5.149660353774105,6.011911064042099,4.307788385646632,4.260237180575218,0,108.67637202876948
-7135,3.075069216650473,5.149660353774105,6.011911064042099,4.307788385646632,4.260237180575218,0,108.70130815633958
-7140,3.075069216650473,5.149660353774105,6.011911064042099,4.307788385646632,4.260237180575218,0,108.61842824980211
-7145,3.075069216650473,5.149660353774105,6.011911064042099,4.307788385646632,4.260237180575218,0,108.54892978049166
-7150,3.075069216650473,5.149660353774105,6.011911064042099,4.307788385646632,4.260237180575218,0,108.64166381993796
-7155,3.075069216650473,5.149660353774105,6.011911064042099,4.307788385646632,4.260237180575218,0,108.76154610300166
-7160,3.075069216650473,5.149660353774105,6.011911064042099,4.307788385646632,4.260237180575218,0,108.84089545971516
-7165,3.075069216650473,5.149660353774105,6.011911064042099,4.307788385646632,4.260237180575218,0,108.89319248169993
-7170,3.075069216650473,5.149660353774105,6.011911064042099,4.307788385646632,4.260237180575218,0,108.931950473987
-7175,3.075069216650473,5.149660353774105,6.011911064042099,4.307788385646632,4.260237180575218,0,108.87572077546534
-7180,3.075069216650473,5.149660353774105,6.011911064042099,4.307788385646632,4.260237180575218,0,108.69777669208838
-7185,3.075069216650473,5.149660353774105,6.011911064042099,4.307788385646632,4.260237180575218,0,108.57422777611919
-7190,3.075069216650473,5.149660353774105,6.011911064042099,4.307788385646632,4.260237180575218,0,108.53175938602642
-7195,3.075069216650473,5.149660353774105,6.011911064042099,4.307788385646632,4.260237180575218,0,108.48919986323284
-7200,3.075069216650473,5.149660353774105,6.011911064042099,4.307788385646632,4.260237180575218,0,108.47377266935258
-7205,3.075069216650473,5.149660353774105,6.011911064042099,4.307788385646632,4.260237180575218,0,108.51246448250626
-7210,3.075069216650473,5.149660353774105,6.011911064042099,4.307788385646632,4.260237180575218,0,108.57811706537652
-7215,3.075069216650473,5.149660353774105,6.011911064042099,4.307788385646632,4.260237180575218,0,108.68441583464545
-7220,3.075069216650473,5.149660353774105,6.011911064042099,4.307788385646632,4.260237180575218,0,108.81778976807495
-7225,3.075069216650473,5.149660353774105,6.011911064042099,4.307788385646632,4.260237180575218,0,108.99224432167252
-7230,3.075069216650473,5.149660353774105,6.011911064042099,4.307788385646632,4.260237180575218,0,109.12588634341908
-7235,3.075069216650473,5.149660353774105,6.011911064042099,4.307788385646632,4.260237180575218,0,109.2192491229345
-7240,3.075069216650473,5.149660353774105,6.011911064042099,4.307788385646632,4.260237180575218,0,109.28532932706835
-7245,3.075069216650473,5.149660353774105,6.011911064042099,4.307788385646632,4.260237180575218,0,109.33776343447181
-7250,3.075069216650473,5.149660353774105,6.011911064042099,4.307788385646632,4.260237180575218,0,109.37652662814259
-7255,3.075069216650473,5.149660353774105,6.011911064042099,4.307788385646632,4.260237180575218,0,109.38850042476633
-7260,3.075069216650473,5.149660353774105,6.011911064042099,4.307788385646632,4.260237180575218,0,109.41355023082595
-7265,3.075069216650473,5.149660353774105,6.011911064042099,4.307788385646632,4.260237180575218,0,109.47974799168148
-7270,3.075069216650473,5.149660353774105,6.011911064042099,4.307788385646632,4.260237180575218,0,109.58716839048017
-7275,3.075069216650473,5.149660353774105,6.011911064042099,4.307788385646632,4.260237180575218,0,109.70780405042986
-7280,3.075069216650473,5.149660353774105,6.011911064042099,4.307788385646632,4.260237180575218,0,109.78792398663286
-7285,3.075069216650473,5.149660353774105,6.011911064042099,4.307788385646632,4.260237180575218,0,109.82714894176495
-7290,3.075069216650473,5.149660353774105,6.011911064042099,4.307788385646632,4.260237180575218,0,109.83885961072531
-7295,3.075069216650473,5.149660353774105,6.011911064042099,4.307788385646632,4.260237180575218,0,109.85054424754857
-7300,3.075069216650473,5.149660353774105,6.011911064042099,4.307788385646632,4.260237180575218,0,109.83495410729726
-7305,3.075069216650473,5.149660353774105,6.011911064042099,4.307788385646632,4.260237180575218,0,109.805825468712
-7310,3.075069216650473,5.149660353774105,6.011911064042099,4.307788385646632,4.260237180575218,0,109.7901089553982
-7315,3.075069216650473,5.149660353774105,6.011911064042099,4.307788385646632,4.260237180575218,0,109.78813568893793
-7320,3.075069216650473,5.149660353774105,6.011911064042099,4.307788385646632,4.260237180575218,0,109.77261594241712
-7325,3.075069216650473,5.149660353774105,6.011911064042099,4.307788385646632,4.260237180575218,0,109.7570372279617
-7330,3.075069216650473,5.149660353774105,6.011911064042099,4.307788385646632,4.260237180575218,0,109.74139947989879
-7335,3.075069216650473,5.149660353774105,6.011911064042099,4.307788385646632,4.260237180575218,0,109.71217420385251
-7340,3.075069216650473,5.149660353774105,6.011911064042099,4.307788385646632,4.260237180575218,0,109.68287339264677
-7345,3.075069216650473,5.149660353774105,6.011911064042099,4.307788385646632,4.260237180575218,0,109.65349696557848
-7350,3.075069216650473,5.149660353774105,6.011911064042099,4.307788385646632,4.260237180575218,0,109.59724686746281
-7355,3.075069216650473,5.149660353774105,6.011911064042099,4.307788385646632,4.260237180575218,0,109.5541415544432
-7360,3.075069216650473,5.149660353774105,6.011911064042099,4.307788385646632,4.260237180575218,0,109.5386995611495
-7365,3.075069216650473,5.149660353774105,6.011911064042099,4.307788385646632,4.260237180575218,0,109.5367763927448
-7370,3.075069216650473,5.149660353774105,6.011911064042099,4.307788385646632,4.260237180575218,0,109.54839662806712
-7375,3.075069216650473,5.149660353774105,6.011911064042099,4.307788385646632,4.260237180575218,0,109.54670573614027
-7380,3.075069216650473,5.149660353774105,6.011911064042099,4.307788385646632,4.260237180575218,0,109.5174590104063
-7385,3.075069216650473,5.149660353774105,6.011911064042099,4.307788385646632,4.260237180575218,0,109.48813679482599
-7390,3.075069216650473,5.149660353774105,6.011911064042099,4.307788385646632,4.260237180575218,0,109.60885462904164
-7395,3.075069216650473,5.149660353774105,6.011911064042099,4.307788385646632,4.260237180575218,0,109.81205972504998
-7400,3.075069216650473,5.149660353774105,6.011911064042099,4.307788385646632,4.260237180575218,0,109.93303947740458
-7405,3.075069216650473,5.149660353774105,6.011911064042099,4.307788385646632,4.260237180575218,0,109.99955154142312
-7410,3.075069216650473,5.149660353774105,6.011911064042099,4.307788385646632,4.260237180575218,0,110.18958990681026
-7415,3.075069216650473,5.149660353774105,6.011911064042099,4.307788385646632,4.260237180575218,0,110.37981796181893
-7420,3.075069216650473,5.149660353774105,6.011911064042099,4.307788385646632,4.260237180575218,0,110.41895319634956
-7425,3.075069216650473,5.149660353774105,6.011911064042099,4.307788385646632,4.260237180575218,0,110.41706582425724
-7430,3.075069216650473,5.149660353774105,6.011911064042099,4.307788385646632,4.260237180575218,0,110.48387073555372
-7435,3.075069216650473,5.149660353774105,6.011911064042099,4.307788385646632,4.260237180575218,0,110.59210649149182
-7440,3.075069216650473,5.149660353774105,6.011911064042099,4.307788385646632,4.260237180575218,0,110.68642002234847
-7445,3.075069216650473,5.149660353774105,6.011911064042099,4.307788385646632,4.260237180575218,0,110.72596860410309
-7450,3.075069216650473,5.149660353774105,6.011911064042099,4.307788385646632,4.260237180575218,0,110.59997390337486
-7455,3.075069216650473,5.149660353774105,6.011911064042099,4.307788385646632,4.260237180575218,0,110.43291944587344
-7460,3.075069216650473,5.149660353774105,6.011911064042099,4.307788385646632,4.260237180575218,0,110.43106121596833
-7465,3.075069216650473,5.149660353774105,6.011911064042099,4.307788385646632,4.260237180575218,0,110.48413173847939
-7470,3.075069216650473,5.149660353774105,6.011911064042099,4.307788385646632,4.260237180575218,0,110.48222137084882
-7475,3.075069216650473,5.149660353774105,6.011911064042099,4.307788385646632,4.260237180575218,0,110.46650875764219
-7480,3.075069216650473,5.149660353774105,6.011911064042099,4.307788385646632,4.260237180575218,0,110.38189761070021
-7485,3.075069216650473,5.149660353774105,6.011911064042099,4.307788385646632,4.260237180575218,0,110.27021754106205
-7490,3.075069216650473,5.149660353774105,6.011911064042099,4.307788385646632,4.260237180575218,0,110.22697104605832
-7495,3.075069216650473,5.149660353774105,6.011911064042099,4.307788385646632,4.260237180575218,0,110.2115309698681
-7500,3.075069216650473,5.149660353774105,6.011911064042099,4.307788385646632,4.260237180575218,0,110.2368080317887
-7505,3.075069216650473,5.149660353774105,6.011911064042099,4.307788385646632,4.260237180575218,0,110.29000822016688
-7510,3.075069216650473,5.149660353774105,6.011911064042099,4.307788385646632,4.260237180575218,0,110.30177881941299
-7515,3.075069216650473,5.149660353774105,6.011911064042099,4.307788385646632,4.260237180575218,0,110.24470636927887
-7520,3.075069216650473,5.149660353774105,6.011911064042099,4.307788385646632,4.260237180575218,0,110.10577459842294
-7525,3.075069216650473,5.149660353774105,6.011911064042099,4.307788385646632,4.260237180575218,0,109.99432029020508
-7530,3.075069216650473,5.149660353774105,6.011911064042099,4.307788385646632,4.260237180575218,0,109.92393003325924
-7535,3.075069216650473,5.149660353774105,6.011911064042099,4.307788385646632,4.260237180575218,0,109.85341433701599
-7540,3.075069216650473,5.149660353774105,6.011911064042099,4.307788385646632,4.260237180575218,0,109.76953533678501
-7545,3.075069216650473,5.149660353774105,6.011911064042099,4.307788385646632,4.260237180575218,0,109.68583000177236
-7550,3.075069216650473,5.149660353774105,6.011911064042099,4.307788385646632,4.260237180575218,0,109.65657607385937
-7555,3.075069216650473,5.149660353774105,6.011911064042099,4.307788385646632,4.260237180575218,0,109.68187250240908
-7560,3.075069216650473,5.149660353774105,6.011911064042099,4.307788385646632,4.260237180575218,0,109.76181835656966
-7565,3.075069216650473,5.149660353774105,6.011911064042099,4.307788385646632,4.260237180575218,0,109.84182079954297
-7570,3.075069216650473,5.149660353774105,6.011911064042099,4.307788385646632,4.260237180575218,0,109.81274596907068
-7575,3.075069216650473,5.149660353774105,6.011911064042099,4.307788385646632,4.260237180575218,0,109.6876897232159
-7580,3.075069216650473,5.149660353774105,6.011911064042099,4.307788385646632,4.260237180575218,0,109.45380938364917
-7585,3.075069216650473,5.149660353774105,6.011911064042099,4.307788385646632,4.260237180575218,0,109.20692970004535
-7590,3.075069216650473,5.149660353774105,6.011911064042099,4.307788385646632,4.260237180575218,0,108.93370931031335
-7595,3.075069216650473,5.149660353774105,6.011911064042099,4.307788385646632,4.260237180575218,0,108.64710951756126
-7600,3.075069216650473,5.149660353774105,6.011911064042099,4.307788385646632,4.260237180575218,0,108.3347246332529
-7605,3.075069216650473,5.149660353774105,6.011911064042099,4.307788385646632,4.260237180575218,0,108.17122795583994
-7610,3.075069216650473,5.149660353774105,6.011911064042099,4.307788385646632,4.260237180575218,0,107.99414347481282
-7615,3.075069216650473,5.149660353774105,6.011911064042099,4.307788385646632,4.260237180575218,0,107.95197926022783
-7620,3.075069216650473,5.149660353774105,6.011911064042099,4.307788385646632,4.260237180575218,0,108.03097745372175
-7625,3.075069216650473,5.149660353774105,6.011911064042099,4.307788385646632,4.260237180575218,0,108.19027905314
-7630,3.075069216650473,5.149660353774105,6.011911064042099,4.307788385646632,4.260237180575218,0,108.24235405926059
-7635,3.075069216650473,5.149660353774105,6.011911064042099,4.307788385646632,4.260237180575218,0,108.24057067259962
-7640,3.075069216650473,5.149660353774105,6.011911064042099,4.307788385646632,4.260237180575218,0,108.31945759889234
-7645,3.075069216650473,5.149660353774105,6.011911064042099,4.307788385646632,4.260237180575218,0,108.37158645591502
-7650,3.075069216650473,5.149660353774105,6.011911064042099,4.307788385646632,4.260237180575218,0,108.35602460963096
-7655,3.075069216650473,5.149660353774105,6.011911064042099,4.307788385646632,4.260237180575218,0,108.34072386252866
-7660,3.075069216650473,5.149660353774105,6.011911064042099,4.307788385646632,4.260237180575218,0,108.37940993540458
-7665,3.075069216650473,5.149660353774105,6.011911064042099,4.307788385646632,4.260237180575218,0,108.43122260308311
-7670,3.075069216650473,5.149660353774105,6.011911064042099,4.307788385646632,4.260237180575218,0,108.51059377155504
-7675,3.075069216650473,5.149660353774105,6.011911064042099,4.307788385646632,4.260237180575218,0,108.54901345899823
-7680,3.075069216650473,5.149660353774105,6.011911064042099,4.307788385646632,4.260237180575218,0,108.54704840749494
-7685,3.075069216650473,5.149660353774105,6.011911064042099,4.307788385646632,4.260237180575218,0,108.53189002302814
-7690,3.075069216650473,5.149660353774105,6.011911064042099,4.307788385646632,4.260237180575218,0,108.59755435880547
-7695,3.075069216650473,5.149660353774105,6.011911064042099,4.307788385646632,4.260237180575218,0,108.71721157730147
-7700,3.075069216650473,5.149660353774105,6.011911064042099,4.307788385646632,4.260237180575218,0,108.83729517817058
-7705,3.075069216650473,5.149660353774105,6.011911064042099,4.307788385646632,4.260237180575218,0,108.86230890788065
-7710,3.075069216650473,5.149660353774105,6.011911064042099,4.307788385646632,4.260237180575218,0,108.87412201253821
-7715,3.075069216650473,5.149660353774105,6.011911064042099,4.307788385646632,4.260237180575218,0,108.89910859567084
-7720,3.075069216650473,5.149660353774105,6.011911064042099,4.307788385646632,4.260237180575218,0,108.93793682404403
-7725,3.075069216650473,5.149660353774105,6.011911064042099,4.307788385646632,4.260237180575218,0,108.96323484644086
-7730,3.075069216650473,5.149660353774105,6.011911064042099,4.307788385646632,4.260237180575218,0,108.94756453880672
-7735,3.075069216650473,5.149660353774105,6.011911064042099,4.307788385646632,4.260237180575218,0,108.90505066480944
-7740,3.075069216650473,5.149660353774105,6.011911064042099,4.307788385646632,4.260237180575218,0,108.88956929268845
-7745,3.075069216650473,5.149660353774105,6.011911064042099,4.307788385646632,4.260237180575218,0,108.87402932232393
-7750,3.075069216650473,5.149660353774105,6.011911064042099,4.307788385646632,4.260237180575218,0,108.79086233875255
-7755,3.075069216650473,5.149660353774105,6.011911064042099,4.307788385646632,4.260237180575218,0,108.72146489853125
-7760,3.075069216650473,5.149660353774105,6.011911064042099,4.307788385646632,4.260237180575218,0,108.69240426814943
-7765,3.075069216650473,5.149660353774105,6.011911064042099,4.307788385646632,4.260237180575218,0,108.75816571880503
-7770,3.075069216650473,5.149660353774105,6.011911064042099,4.307788385646632,4.260237180575218,0,108.90531019591587
-7775,3.075069216650473,5.149660353774105,6.011911064042099,4.307788385646632,4.260237180575218,0,109.02535400460506
-7780,3.075069216650473,5.149660353774105,6.011911064042099,4.307788385646632,4.260237180575218,0,109.06438597754722
-7785,3.075069216650473,5.149660353774105,6.011911064042099,4.307788385646632,4.260237180575218,0,109.03524557398745
-7790,3.075069216650473,5.149660353774105,6.011911064042099,4.307788385646632,4.260237180575218,0,108.99238579614361
-7795,3.075069216650473,5.149660353774105,6.011911064042099,4.307788385646632,4.260237180575218,0,108.97706419085485
-7800,3.075069216650473,5.149660353774105,6.011911064042099,4.307788385646632,4.260237180575218,0,109.02933716268122
-7805,3.075069216650473,5.149660353774105,6.011911064042099,4.307788385646632,4.260237180575218,0,109.12264040522427
-7810,3.075069216650473,5.149660353774105,6.011911064042099,4.307788385646632,4.260237180575218,0,109.18866215882088
-7815,3.075069216650473,5.149660353774105,6.011911064042099,4.307788385646632,4.260237180575218,0,109.21399315803477
-7820,3.075069216650473,5.149660353774105,6.011911064042099,4.307788385646632,4.260237180575218,0,109.22562104511815
-7825,3.075069216650473,5.149660353774105,6.011911064042099,4.307788385646632,4.260237180575218,0,109.19644302428829
-7830,3.075069216650473,5.149660353774105,6.011911064042099,4.307788385646632,4.260237180575218,0,109.22170475728905
-7835,3.075069216650473,5.149660353774105,6.011911064042099,4.307788385646632,4.260237180575218,0,109.26067575163967
-7840,3.075069216650473,5.149660353774105,6.011911064042099,4.307788385646632,4.260237180575218,0,109.29932708924154
-7845,3.075069216650473,5.149660353774105,6.011911064042099,4.307788385646632,4.260237180575218,0,109.33831223178562
-7850,3.075069216650473,5.149660353774105,6.011911064042099,4.307788385646632,4.260237180575218,0,109.37730453879438
-7855,3.075069216650473,5.149660353774105,6.011911064042099,4.307788385646632,4.260237180575218,0,109.47065673564789
-7860,3.075069216650473,5.149660353774105,6.011911064042099,4.307788385646632,4.260237180575218,0,109.55064926328608
-7865,3.075069216650473,5.149660353774105,6.011911064042099,4.307788385646632,4.260237180575218,0,109.61692997226776
-7870,3.075069216650473,5.149660353774105,6.011911064042099,4.307788385646632,4.260237180575218,0,109.64224818872457
-7875,3.075069216650473,5.149660353774105,6.011911064042099,4.307788385646632,4.260237180575218,0,109.69479911031922
-7880,3.075069216650473,5.149660353774105,6.011911064042099,4.307788385646632,4.260237180575218,0,109.761167033335
-7885,3.075069216650473,5.149660353774105,6.011911064042099,4.307788385646632,4.260237180575218,0,109.81410183431626
-7890,3.075069216650473,5.149660353774105,6.011911064042099,4.307788385646632,4.260237180575218,0,109.89402336610495
-7895,3.075069216650473,5.149660353774105,6.011911064042099,4.307788385646632,4.260237180575218,0,109.974330423126
-7900,3.075069216650473,5.149660353774105,6.011911064042099,4.307788385646632,4.260237180575218,0,110.13666854386604
-7905,3.075069216650473,5.149660353774105,6.011911064042099,4.307788385646632,4.260237180575218,0,110.23097445798757
-7910,3.075069216650473,5.149660353774105,6.011911064042099,4.307788385646632,4.260237180575218,0,110.25646530473898
-7915,3.075069216650473,5.149660353774105,6.011911064042099,4.307788385646632,4.260237180575218,0,110.29546890629982
-7920,3.075069216650473,5.149660353774105,6.011911064042099,4.307788385646632,4.260237180575218,0,110.2800275679658
-7925,3.075069216650473,5.149660353774105,6.011911064042099,4.307788385646632,4.260237180575218,0,110.40156449926948
-7930,3.075069216650473,5.149660353774105,6.011911064042099,4.307788385646632,4.260237180575218,0,110.5509625856359
-7935,3.075069216650473,5.149660353774105,6.011911064042099,4.307788385646632,4.260237180575218,0,110.56263661742614
-7940,3.075069216650473,5.149660353774105,6.011911064042099,4.307788385646632,4.260237180575218,0,110.46445533874727
-7945,3.075069216650473,5.149660353774105,6.011911064042099,4.307788385646632,4.260237180575218,0,110.43496492578635
-7950,3.075069216650473,5.149660353774105,6.011911064042099,4.307788385646632,4.260237180575218,0,110.474290189597
-7955,3.075069216650473,5.149660353774105,6.011911064042099,4.307788385646632,4.260237180575218,0,110.34857995826704
-7960,3.075069216650473,5.149660353774105,6.011911064042099,4.307788385646632,4.260237180575218,0,110.23693646522823
-7965,3.075069216650473,5.149660353774105,6.011911064042099,4.307788385646632,4.260237180575218,0,110.15265788906972
-7970,3.075069216650473,5.149660353774105,6.011911064042099,4.307788385646632,4.260237180575218,0,110.09579404607996
-7975,3.075069216650473,5.149660353774105,6.011911064042099,4.307788385646632,4.260237180575218,0,110.08034778948841
-7980,3.075069216650473,5.149660353774105,6.011911064042099,4.307788385646632,4.260237180575218,0,110.07847154501778
-7985,3.075069216650473,5.149660353774105,6.011911064042099,4.307788385646632,4.260237180575218,0,110.07655273492396
-7990,3.075069216650473,5.149660353774105,6.011911064042099,4.307788385646632,4.260237180575218,0,110.08823680885796
-7995,3.075069216650473,5.149660353774105,6.011911064042099,4.307788385646632,4.260237180575218,0,110.11354848349659
-8000,3.075069216650473,5.149660353774105,6.011911064042099,4.307788385646632,4.260237180575218,0,110.12552169105048
-8005,3.075069216650473,5.149660353774105,6.011911064042099,4.307788385646632,4.260237180575218,0,110.15080594077797
-8010,3.075069216650473,5.149660353774105,6.011911064042099,4.307788385646632,4.260237180575218,0,110.16273554323881
-8015,3.075069216650473,5.149660353774105,6.011911064042099,4.307788385646632,4.260237180575218,0,110.13324494582903
-8020,3.075069216650473,5.149660353774105,6.011911064042099,4.307788385646632,4.260237180575218,0,110.1177074756037
-8025,3.075069216650473,5.149660353774105,6.011911064042099,4.307788385646632,4.260237180575218,0,110.15692447528092
-8030,3.075069216650473,5.149660353774105,6.011911064042099,4.307788385646632,4.260237180575218,0,110.22357199496757
-8035,3.075069216650473,5.149660353774105,6.011911064042099,4.307788385646632,4.260237180575218,0,110.44117965284393
-8040,3.075069216650473,5.149660353774105,6.011911064042099,4.307788385646632,4.260237180575218,0,110.68713651903217
-8045,3.075069216650473,5.149660353774105,6.011911064042099,4.307788385646632,4.260237180575218,0,110.8921408071418
-8050,3.075069216650473,5.149660353774105,6.011911064042099,4.307788385646632,4.260237180575218,0,111.01454799531538
-8055,3.075069216650473,5.149660353774105,6.011911064042099,4.307788385646632,4.260237180575218,0,111.01261286819867
-8060,3.075069216650473,5.149660353774105,6.011911064042099,4.307788385646632,4.260237180575218,0,110.98277603901371
-8065,3.075069216650473,5.149660353774105,6.011911064042099,4.307788385646632,4.260237180575218,0,110.96696818370421
-8070,3.075069216650473,5.149660353774105,6.011911064042099,4.307788385646632,4.260237180575218,0,111.02032760368662
-8075,3.075069216650473,5.149660353774105,6.011911064042099,4.307788385646632,4.260237180575218,0,111.15676641561878
-8080,3.075069216650473,5.149660353774105,6.011911064042099,4.307788385646632,4.260237180575218,0,111.29332968554317
-8085,3.075069216650473,5.149660353774105,6.011911064042099,4.307788385646632,4.260237180575218,0,111.36066475700184
-8090,3.075069216650473,5.149660353774105,6.011911064042099,4.307788385646632,4.260237180575218,0,111.3172111408407
-8095,3.075069216650473,5.149660353774105,6.011911064042099,4.307788385646632,4.260237180575218,0,111.23186732972398
-8100,3.075069216650473,5.149660353774105,6.011911064042099,4.307788385646632,4.260237180575218,0,111.29916521501768
-8105,3.075069216650473,5.149660353774105,6.011911064042099,4.307788385646632,4.260237180575218,0,111.42218791271536
-8110,3.075069216650473,5.149660353774105,6.011911064042099,4.307788385646632,4.260237180575218,0,111.60069883444808
-8115,3.075069216650473,5.149660353774105,6.011911064042099,4.307788385646632,4.260237180575218,0,111.87669667902296
-8120,3.075069216650473,5.149660353774105,6.011911064042099,4.307788385646632,4.260237180575218,0,112.07015503185391
-8125,3.075069216650473,5.149660353774105,6.011911064042099,4.307788385646632,4.260237180575218,0,112.16570044176632
-8130,3.075069216650473,5.149660353774105,6.011911064042099,4.307788385646632,4.260237180575218,0,112.24744188020664
-8135,3.075069216650473,5.149660353774105,6.011911064042099,4.307788385646632,4.260237180575218,0,112.34346683640109
-8140,3.075069216650473,5.149660353774105,6.011911064042099,4.307788385646632,4.260237180575218,0,112.42533262646508
-8145,3.075069216650473,5.149660353774105,6.011911064042099,4.307788385646632,4.260237180575218,0,112.50759547056252
-8150,3.075069216650473,5.149660353774105,6.011911064042099,4.307788385646632,4.260237180575218,0,112.65947760365778
-8155,3.075069216650473,5.149660353774105,6.011911064042099,4.307788385646632,4.260237180575218,0,112.7697405454205
-8160,3.075069216650473,5.149660353774105,6.011911064042099,4.307788385646632,4.260237180575218,0,112.78191306930081
-8165,3.075069216650473,5.149660353774105,6.011911064042099,4.307788385646632,4.260237180575218,0,112.7236919322011
-8170,3.075069216650473,5.149660353774105,6.011911064042099,4.307788385646632,4.260237180575218,0,112.58168378359099
-8175,3.075069216650473,5.149660353774105,6.011911064042099,4.307788385646632,4.260237180575218,0,112.59364072191882
-8180,3.075069216650473,5.149660353774105,6.011911064042099,4.307788385646632,4.260237180575218,0,112.63383699246528
-8185,3.075069216650473,5.149660353774105,6.011911064042099,4.307788385646632,4.260237180575218,0,112.63178630323034
-8190,3.075069216650473,5.149660353774105,6.011911064042099,4.307788385646632,4.260237180575218,0,112.68595151181668
-8195,3.075069216650473,5.149660353774105,6.011911064042099,4.307788385646632,4.260237180575218,0,112.75412915210181
-8200,3.075069216650473,5.149660353774105,6.011911064042099,4.307788385646632,4.260237180575218,0,112.73802717157497
-8205,3.075069216650473,5.149660353774105,6.011911064042099,4.307788385646632,4.260237180575218,0,112.6378341334713
-8210,3.075069216650473,5.149660353774105,6.011911064042099,4.307788385646632,4.260237180575218,0,112.50979333565002
-8215,3.075069216650473,5.149660353774105,6.011911064042099,4.307788385646632,4.260237180575218,0,112.50775438714669
-8220,3.075069216650473,5.149660353774105,6.011911064042099,4.307788385646632,4.260237180575218,0,112.49164130140143
-8225,3.075069216650473,5.149660353774105,6.011911064042099,4.307788385646632,4.260237180575218,0,112.3919185170079
-8230,3.075069216650473,5.149660353774105,6.011911064042099,4.307788385646632,4.260237180575218,0,112.27798641731856
-8235,3.075069216650473,5.149660353774105,6.011911064042099,4.307788385646632,4.260237180575218,0,112.19198724733434
-8240,3.075069216650473,5.149660353774105,6.011911064042099,4.307788385646632,4.260237180575218,0,112.1202504218295
-8245,3.075069216650473,5.149660353774105,6.011911064042099,4.307788385646632,4.260237180575218,0,112.02058300521517
-8250,3.075069216650473,5.149660353774105,6.011911064042099,4.307788385646632,4.260237180575218,0,111.8795398121673
-8255,3.075069216650473,5.149660353774105,6.011911064042099,4.307788385646632,4.260237180575218,0,111.80770404205576
-8260,3.075069216650473,5.149660353774105,6.011911064042099,4.307788385646632,4.260237180575218,0,111.80588922455246
-8265,3.075069216650473,5.149660353774105,6.011911064042099,4.307788385646632,4.260237180575218,0,111.84566434233028
-8270,3.075069216650473,5.149660353774105,6.011911064042099,4.307788385646632,4.260237180575218,0,111.85755973669424
-8275,3.075069216650473,5.149660353774105,6.011911064042099,4.307788385646632,4.260237180575218,0,111.73025408243376
-8280,3.075069216650473,5.149660353774105,6.011911064042099,4.307788385646632,4.260237180575218,0,111.53381348358182
-8285,3.075069216650473,5.149660353774105,6.011911064042099,4.307788385646632,4.260237180575218,0,111.33778409980141
-8290,3.075069216650473,5.149660353774105,6.011911064042099,4.307788385646632,4.260237180575218,0,111.16943116045539
-8295,3.075069216650473,5.149660353774105,6.011911064042099,4.307788385646632,4.260237180575218,0,110.98771137028598
-8300,3.075069216650473,5.149660353774105,6.011911064042099,4.307788385646632,4.260237180575218,0,110.76495789882699
-8305,3.075069216650473,5.149660353774105,6.011911064042099,4.307788385646632,4.260237180575218,0,110.63904826124443
-8310,3.075069216650473,5.149660353774105,6.011911064042099,4.307788385646632,4.260237180575218,0,110.6094665991668
-8315,3.075069216650473,5.149660353774105,6.011911064042099,4.307788385646632,4.260237180575218,0,110.60750162427499
-8320,3.075069216650473,5.149660353774105,6.011911064042099,4.307788385646632,4.260237180575218,0,110.59198528588014
-8325,3.075069216650473,5.149660353774105,6.011911064042099,4.307788385646632,4.260237180575218,0,110.57606310246659
-8330,3.075069216650473,5.149660353774105,6.011911064042099,4.307788385646632,4.260237180575218,0,110.5742995995167
-8335,3.075069216650473,5.149660353774105,6.011911064042099,4.307788385646632,4.260237180575218,0,110.59990654776028
-8340,3.075069216650473,5.149660353774105,6.011911064042099,4.307788385646632,4.260237180575218,0,110.62550400551878
-8345,3.075069216650473,5.149660353774105,6.011911064042099,4.307788385646632,4.260237180575218,0,110.60974887707191
-8350,3.075069216650473,5.149660353774105,6.011911064042099,4.307788385646632,4.260237180575218,0,110.52510325235816
-8355,3.075069216650473,5.149660353774105,6.011911064042099,4.307788385646632,4.260237180575218,0,110.42709674325275
-8360,3.075069216650473,5.149660353774105,6.011911064042099,4.307788385646632,4.260237180575218,0,110.47998565261305
-8365,3.075069216650473,5.149660353774105,6.011911064042099,4.307788385646632,4.260237180575218,0,110.65687953492309
-8370,3.075069216650473,5.149660353774105,6.011911064042099,4.307788385646632,4.260237180575218,0,110.79282720467228
-8375,3.075069216650473,5.149660353774105,6.011911064042099,4.307788385646632,4.260237180575218,0,110.90135284363095
-8380,3.075069216650473,5.149660353774105,6.011911064042099,4.307788385646632,4.260237180575218,0,110.99601345342943
-8385,3.075069216650473,5.149660353774105,6.011911064042099,4.307788385646632,4.260237180575218,0,111.0907480111894
-8390,3.075069216650473,5.149660353774105,6.011911064042099,4.307788385646632,4.260237180575218,0,111.11674109094409
-8395,3.075069216650473,5.149660353774105,6.011911064042099,4.307788385646632,4.260237180575218,0,111.11476267788572
-8400,3.075069216650473,5.149660353774105,6.011911064042099,4.307788385646632,4.260237180575218,0,111.18198971212195
-8405,3.075069216650473,5.149660353774105,6.011911064042099,4.307788385646632,4.260237180575218,0,111.33219594481558
-8410,3.075069216650473,5.149660353774105,6.011911064042099,4.307788385646632,4.260237180575218,0,111.46888686649044
-8415,3.075069216650473,5.149660353774105,6.011911064042099,4.307788385646632,4.260237180575218,0,111.55034316080359
-8420,3.075069216650473,5.149660353774105,6.011911064042099,4.307788385646632,4.260237180575218,0,111.54841747546325
-8425,3.075069216650473,5.149660353774105,6.011911064042099,4.307788385646632,4.260237180575218,0,111.53241665598475
-8430,3.075069216650473,5.149660353774105,6.011911064042099,4.307788385646632,4.260237180575218,0,111.55847702288399
-8435,3.075069216650473,5.149660353774105,6.011911064042099,4.307788385646632,4.260237180575218,0,111.59787460455124
-8440,3.075069216650473,5.149660353774105,6.011911064042099,4.307788385646632,4.260237180575218,0,111.62392444051765
-8445,3.075069216650473,5.149660353774105,6.011911064042099,4.307788385646632,4.260237180575218,0,111.64961329822806
-8450,3.075069216650473,5.149660353774105,6.011911064042099,4.307788385646632,4.260237180575218,0,111.67564424210754
-8455,3.075069216650473,5.149660353774105,6.011911064042099,4.307788385646632,4.260237180575218,0,111.6875828292075
-8460,3.075069216650473,5.149660353774105,6.011911064042099,4.307788385646632,4.260237180575218,0,111.6575727521814
-8465,3.075069216650473,5.149660353774105,6.011911064042099,4.307788385646632,4.260237180575218,0,111.61409044758616
-8470,3.075069216650473,5.149660353774105,6.011911064042099,4.307788385646632,4.260237180575218,0,111.62589076374346
-8475,3.075069216650473,5.149660353774105,6.011911064042099,4.307788385646632,4.260237180575218,0,111.63801742959537
-8480,3.075069216650473,5.149660353774105,6.011911064042099,4.307788385646632,4.260237180575218,0,111.62186662826939
-8485,3.075069216650473,5.149660353774105,6.011911064042099,4.307788385646632,4.260237180575218,0,111.60600877290588
-8490,3.075069216650473,5.149660353774105,6.011911064042099,4.307788385646632,4.260237180575218,0,111.5487233610331
-8495,3.075069216650473,5.149660353774105,6.011911064042099,4.307788385646632,4.260237180575218,0,111.49097399501204
-8500,3.075069216650473,5.149660353774105,6.011911064042099,4.307788385646632,4.260237180575218,0,111.57258850230751
-8505,3.075069216650473,5.149660353774105,6.011911064042099,4.307788385646632,4.260237180575218,0,111.77894308164913
-8510,3.075069216650473,5.149660353774105,6.011911064042099,4.307788385646632,4.260237180575218,0,111.95821580151019
-8515,3.075069216650473,5.149660353774105,6.011911064042099,4.307788385646632,4.260237180575218,0,112.12347895961798
-8520,3.075069216650473,5.149660353774105,6.011911064042099,4.307788385646632,4.260237180575218,0,112.28925596510248
-8525,3.075069216650473,5.149660353774105,6.011911064042099,4.307788385646632,4.260237180575218,0,112.37104127019013
-8530,3.075069216650473,5.149660353774105,6.011911064042099,4.307788385646632,4.260237180575218,0,112.3551814971683
-8535,3.075069216650473,5.149660353774105,6.011911064042099,4.307788385646632,4.260237180575218,0,112.32504146461082
-8540,3.075069216650473,5.149660353774105,6.011911064042099,4.307788385646632,4.260237180575218,0,112.26743389743608
-8545,3.075069216650473,5.149660353774105,6.011911064042099,4.307788385646632,4.260237180575218,0,112.1954783587849
-8550,3.075069216650473,5.149660353774105,6.011911064042099,4.307788385646632,4.260237180575218,0,112.13764041516269
-8555,3.075069216650473,5.149660353774105,6.011911064042099,4.307788385646632,4.260237180575218,0,112.09394579487926
-8560,3.075069216650473,5.149660353774105,6.011911064042099,4.307788385646632,4.260237180575218,0,112.03589424997615
-8565,3.075069216650473,5.149660353774105,6.011911064042099,4.307788385646632,4.260237180575218,0,111.95025853375829
-8570,3.075069216650473,5.149660353774105,6.011911064042099,4.307788385646632,4.260237180575218,0,111.90660497334812
-8575,3.075069216650473,5.149660353774105,6.011911064042099,4.307788385646632,4.260237180575218,0,111.89072098041903
-8580,3.075069216650473,5.149660353774105,6.011911064042099,4.307788385646632,4.260237180575218,0,111.97235760165101
-8585,3.075069216650473,5.149660353774105,6.011911064042099,4.307788385646632,4.260237180575218,0,112.09589769347193
-8590,3.075069216650473,5.149660353774105,6.011911064042099,4.307788385646632,4.260237180575218,0,112.17767532471537
-8595,3.075069216650473,5.149660353774105,6.011911064042099,4.307788385646632,4.260237180575218,0,112.23158001435674
-8600,3.075069216650473,5.149660353774105,6.011911064042099,4.307788385646632,4.260237180575218,0,112.2715349871271
-8605,3.075069216650473,5.149660353774105,6.011911064042099,4.307788385646632,4.260237180575218,0,112.29751488895809
-8610,3.075069216650473,5.149660353774105,6.011911064042099,4.307788385646632,4.260237180575218,0,112.28151274464571
-8615,3.075069216650473,5.149660353774105,6.011911064042099,4.307788385646632,4.260237180575218,0,112.26545013010816
-8620,3.075069216650473,5.149660353774105,6.011911064042099,4.307788385646632,4.260237180575218,0,112.20766296100382
-8625,3.075069216650473,5.149660353774105,6.011911064042099,4.307788385646632,4.260237180575218,0,112.09405934197301
-8630,3.075069216650473,5.149660353774105,6.011911064042099,4.307788385646632,4.260237180575218,0,112.02235123824957
-8635,3.075069216650473,5.149660353774105,6.011911064042099,4.307788385646632,4.260237180575218,0,111.93684198657185
-8640,3.075069216650473,5.149660353774105,6.011911064042099,4.307788385646632,4.260237180575218,0,111.79538165848098
-8645,3.075069216650473,5.149660353774105,6.011911064042099,4.307788385646632,4.260237180575218,0,111.80754037920234
-8650,3.075069216650473,5.149660353774105,6.011911064042099,4.307788385646632,4.260237180575218,0,111.84742972482394
-8655,3.075069216650473,5.149660353774105,6.011911064042099,4.307788385646632,4.260237180575218,0,111.80364482775695
-8660,3.075069216650473,5.149660353774105,6.011911064042099,4.307788385646632,4.260237180575218,0,111.71826081526663
-8665,3.075069216650473,5.149660353774105,6.011911064042099,4.307788385646632,4.260237180575218,0,111.85519052959287
-8670,3.075069216650473,5.149660353774105,6.011911064042099,4.307788385646632,4.260237180575218,0,112.04861588453832
-8675,3.075069216650473,5.149660353774105,6.011911064042099,4.307788385646632,4.260237180575218,0,112.22813311081494
-8680,3.075069216650473,5.149660353774105,6.011911064042099,4.307788385646632,4.260237180575218,0,112.36585902745699
-8685,3.075069216650473,5.149660353774105,6.011911064042099,4.307788385646632,4.260237180575218,0,112.51782882319029
-8690,3.075069216650473,5.149660353774105,6.011911064042099,4.307788385646632,4.260237180575218,0,112.58590474531063
-8695,3.075069216650473,5.149660353774105,6.011911064042099,4.307788385646632,4.260237180575218,0,112.59784272200679
-8700,3.075069216650473,5.149660353774105,6.011911064042099,4.307788385646632,4.260237180575218,0,112.55390347443131
-8705,3.075069216650473,5.149660353774105,6.011911064042099,4.307788385646632,4.260237180575218,0,112.45398559332018
-8710,3.075069216650473,5.149660353774105,6.011911064042099,4.307788385646632,4.260237180575218,0,112.40982366560898
-8715,3.075069216650473,5.149660353774105,6.011911064042099,4.307788385646632,4.260237180575218,0,112.40807604008118
-8720,3.075069216650473,5.149660353774105,6.011911064042099,4.307788385646632,4.260237180575218,0,112.44772914371327
-8725,3.075069216650473,5.149660353774105,6.011911064042099,4.307788385646632,4.260237180575218,0,112.48775284584711
-8730,3.075069216650473,5.149660353774105,6.011911064042099,4.307788385646632,4.260237180575218,0,112.51395243126727
-8735,3.075069216650473,5.149660353774105,6.011911064042099,4.307788385646632,4.260237180575218,0,112.49789487366544
-8740,3.075069216650473,5.149660353774105,6.011911064042099,4.307788385646632,4.260237180575218,0,112.52404992961719
-8745,3.075069216650473,5.149660353774105,6.011911064042099,4.307788385646632,4.260237180575218,0,112.5078966478278
-8750,3.075069216650473,5.149660353774105,6.011911064042099,4.307788385646632,4.260237180575218,0,112.43585820834458
-8755,3.075069216650473,5.149660353774105,6.011911064042099,4.307788385646632,4.260237180575218,0,112.4060414204574
-8760,3.075069216650473,5.149660353774105,6.011911064042099,4.307788385646632,4.260237180575218,0,112.37614739533805
-8765,3.075069216650473,5.149660353774105,6.011911064042099,4.307788385646632,4.260237180575218,0,112.33228598042353
-8770,3.075069216650473,5.149660353774105,6.011911064042099,4.307788385646632,4.260237180575218,0,112.3442900001276
-8775,3.075069216650473,5.149660353774105,6.011911064042099,4.307788385646632,4.260237180575218,0,112.34236054291202
-8780,3.075069216650473,5.149660353774105,6.011911064042099,4.307788385646632,4.260237180575218,0,112.35430292368649
-8785,3.075069216650473,5.149660353774105,6.011911064042099,4.307788385646632,4.260237180575218,0,112.33837120039001
-8790,3.075069216650473,5.149660353774105,6.011911064042099,4.307788385646632,4.260237180575218,0,112.32237907129361
-8795,3.075069216650473,5.149660353774105,6.011911064042099,4.307788385646632,4.260237180575218,0,112.29238589988285
-8800,3.075069216650473,5.149660353774105,6.011911064042099,4.307788385646632,4.260237180575218,0,112.27626432297046
-8805,3.075069216650473,5.149660353774105,6.011911064042099,4.307788385646632,4.260237180575218,0,112.26044943432545
-8810,3.075069216650473,5.149660353774105,6.011911064042099,4.307788385646632,4.260237180575218,0,112.23060842214483
-8815,3.075069216650473,5.149660353774105,6.011911064042099,4.307788385646632,4.260237180575218,0,112.21466454499513
-8820,3.075069216650473,5.149660353774105,6.011911064042099,4.307788385646632,4.260237180575218,0,112.21264308478554
-8825,3.075069216650473,5.149660353774105,6.011911064042099,4.307788385646632,4.260237180575218,0,112.21057810196116
-8830,3.075069216650473,5.149660353774105,6.011911064042099,4.307788385646632,4.260237180575218,0,112.25046869595778
-8835,3.075069216650473,5.149660353774105,6.011911064042099,4.307788385646632,4.260237180575218,0,112.26271874633818
-8840,3.075069216650473,5.149660353774105,6.011911064042099,4.307788385646632,4.260237180575218,0,112.17682589228579
-8845,3.075069216650473,5.149660353774105,6.011911064042099,4.307788385646632,4.260237180575218,0,112.09115709242205
-8850,3.075069216650473,5.149660353774105,6.011911064042099,4.307788385646632,4.260237180575218,0,112.08917603162641
-8855,3.075069216650473,5.149660353774105,6.011911064042099,4.307788385646632,4.260237180575218,0,112.12890837040388
-8860,3.075069216650473,5.149660353774105,6.011911064042099,4.307788385646632,4.260237180575218,0,112.16901750958104
-8865,3.075069216650473,5.149660353774105,6.011911064042099,4.307788385646632,4.260237180575218,0,112.2087641607984
-8870,3.075069216650473,5.149660353774105,6.011911064042099,4.307788385646632,4.260237180575218,0,112.26258546952008
-8875,3.075069216650473,5.149660353774105,6.011911064042099,4.307788385646632,4.260237180575218,0,112.31680125471337
-8880,3.075069216650473,5.149660353774105,6.011911064042099,4.307788385646632,4.260237180575218,0,112.37067090077637
-8885,3.075069216650473,5.149660353774105,6.011911064042099,4.307788385646632,4.260237180575218,0,112.42456461769407
-8890,3.075069216650473,5.149660353774105,6.011911064042099,4.307788385646632,4.260237180575218,0,112.52078750860768
-8895,3.075069216650473,5.149660353774105,6.011911064042099,4.307788385646632,4.260237180575218,0,112.61671435850332
-8900,3.075069216650473,5.149660353774105,6.011911064042099,4.307788385646632,4.260237180575218,0,112.78330992971193
-8905,3.075069216650473,5.149660353774105,6.011911064042099,4.307788385646632,4.260237180575218,0,112.97794871229858
-8910,3.075069216650473,5.149660353774105,6.011911064042099,4.307788385646632,4.260237180575218,0,113.01803130507852
-8915,3.075069216650473,5.149660353774105,6.011911064042099,4.307788385646632,4.260237180575218,0,112.94571021548944
-8920,3.075069216650473,5.149660353774105,6.011911064042099,4.307788385646632,4.260237180575218,0,112.83154623669591
-8925,3.075069216650473,5.149660353774105,6.011911064042099,4.307788385646632,4.260237180575218,0,112.75931468643228
-8930,3.075069216650473,5.149660353774105,6.011911064042099,4.307788385646632,4.260237180575218,0,112.72909182538756
-8935,3.075069216650473,5.149660353774105,6.011911064042099,4.307788385646632,4.260237180575218,0,112.7129697880636
-8940,3.075069216650473,5.149660353774105,6.011911064042099,4.307788385646632,4.260237180575218,0,112.73934872491029
-8945,3.075069216650473,5.149660353774105,6.011911064042099,4.307788385646632,4.260237180575218,0,112.76534474800037
-8950,3.075069216650473,5.149660353774105,6.011911064042099,4.307788385646632,4.260237180575218,0,112.819366001473
-8955,3.075069216650473,5.149660353774105,6.011911064042099,4.307788385646632,4.260237180575218,0,112.87378537178763
-8960,3.075069216650473,5.149660353774105,6.011911064042099,4.307788385646632,4.260237180575218,0,112.9278550411627
-8965,3.075069216650473,5.149660353774105,6.011911064042099,4.307788385646632,4.260237180575218,0,112.99617903874959
-8970,3.075069216650473,5.149660353774105,6.011911064042099,4.307788385646632,4.260237180575218,0,113.12075027719763
-8975,3.075069216650473,5.149660353774105,6.011911064042099,4.307788385646632,4.260237180575218,0,113.28817322098996
-8980,3.075069216650473,5.149660353774105,6.011911064042099,4.307788385646632,4.260237180575218,0,113.42724521879208
-8985,3.075069216650473,5.149660353774105,6.011911064042099,4.307788385646632,4.260237180575218,0,113.52402535045536
-8990,3.075069216650473,5.149660353774105,6.011911064042099,4.307788385646632,4.260237180575218,0,113.59271004504438
-8995,3.075069216650473,5.149660353774105,6.011911064042099,4.307788385646632,4.260237180575218,0,113.7463763442321
-9000,3.075069216650473,5.149660353774105,6.011911064042099,4.307788385646632,4.260237180575218,0,113.98517844531825
-9005,3.075069216650473,5.149660353774105,6.011911064042099,4.307788385646632,4.260237180575218,0,114.19638197826127
-9010,3.075069216650473,5.149660353774105,6.011911064042099,4.307788385646632,4.260237180575218,0,114.36525219561626
-9015,3.075069216650473,5.149660353774105,6.011911064042099,4.307788385646632,4.260237180575218,0,114.50565185157937
-9020,3.075069216650473,5.149660353774105,6.011911064042099,4.307788385646632,4.260237180575218,0,114.67482995791596
-9025,3.075069216650473,5.149660353774105,6.011911064042099,4.307788385646632,4.260237180575218,0,114.8155031043374
-9030,3.075069216650473,5.149660353774105,6.011911064042099,4.307788385646632,4.260237180575218,0,114.92799682747696
-9035,3.075069216650473,5.149660353774105,6.011911064042099,4.307788385646632,4.260237180575218,0,115.01188218669569
-9040,3.075069216650473,5.149660353774105,6.011911064042099,4.307788385646632,4.260237180575218,0,115.03838733403806
-9045,3.075069216650473,5.149660353774105,6.011911064042099,4.307788385646632,4.260237180575218,0,115.06488245336637
-9050,3.075069216650473,5.149660353774105,6.011911064042099,4.307788385646632,4.260237180575218,0,115.07736857941542
-9055,3.075069216650473,5.149660353774105,6.011911064042099,4.307788385646632,4.260237180575218,0,115.04666971882669
-9060,3.075069216650473,5.149660353774105,6.011911064042099,4.307788385646632,4.260237180575218,0,114.9874810030804
-9065,3.075069216650473,5.149660353774105,6.011911064042099,4.307788385646632,4.260237180575218,0,115.0570511226201
-9070,3.075069216650473,5.149660353774105,6.011911064042099,4.307788385646632,4.260237180575218,0,115.1983446636039
-9075,3.075069216650473,5.149660353774105,6.011911064042099,4.307788385646632,4.260237180575218,0,115.35380840251995
-9080,3.075069216650473,5.149660353774105,6.011911064042099,4.307788385646632,4.260237180575218,0,115.52422738032129
-9085,3.075069216650473,5.149660353774105,6.011911064042099,4.307788385646632,4.260237180575218,0,115.72406689068329
-9090,3.075069216650473,5.149660353774105,6.011911064042099,4.307788385646632,4.260237180575218,0,115.85149059528183
-9095,3.075069216650473,5.149660353774105,6.011911064042099,4.307788385646632,4.260237180575218,0,115.92158346086387
-9100,3.075069216650473,5.149660353774105,6.011911064042099,4.307788385646632,4.260237180575218,0,115.97725421781759
-9105,3.075069216650473,5.149660353774105,6.011911064042099,4.307788385646632,4.260237180575218,0,116.03294990551201
-9110,3.075069216650473,5.149660353774105,6.011911064042099,4.307788385646632,4.260237180575218,0,116.03112354167877
-9115,3.075069216650473,5.149660353774105,6.011911064042099,4.307788385646632,4.260237180575218,0,115.88472596554288
-9120,3.075069216650473,5.149660353774105,6.011911064042099,4.307788385646632,4.260237180575218,0,115.69537324114516
-9125,3.075069216650473,5.149660353774105,6.011911064042099,4.307788385646632,4.260237180575218,0,115.54927394995902
-9130,3.075069216650473,5.149660353774105,6.011911064042099,4.307788385646632,4.260237180575218,0,115.51832829633322
-9135,3.075069216650473,5.149660353774105,6.011911064042099,4.307788385646632,4.260237180575218,0,115.4444897581391
-9140,3.075069216650473,5.149660353774105,6.011911064042099,4.307788385646632,4.260237180575218,0,115.42827579794475
-9145,3.075069216650473,5.149660353774105,6.011911064042099,4.307788385646632,4.260237180575218,0,115.44032145283897
-9150,3.075069216650473,5.149660353774105,6.011911064042099,4.307788385646632,4.260237180575218,0,115.39527921869386
-9155,3.075069216650473,5.149660353774105,6.011911064042099,4.307788385646632,4.260237180575218,0,115.3214012635977
-9160,3.075069216650473,5.149660353774105,6.011911064042099,4.307788385646632,4.260237180575218,0,115.30528778619451
-9165,3.075069216650473,5.149660353774105,6.011911064042099,4.307788385646632,4.260237180575218,0,115.40382393271275
-9170,3.075069216650473,5.149660353774105,6.011911064042099,4.307788385646632,4.260237180575218,0,115.48784958605316
-9175,3.075069216650473,5.149660353774105,6.011911064042099,4.307788385646632,4.260237180575218,0,115.50010529121812
-9180,3.075069216650473,5.149660353774105,6.011911064042099,4.307788385646632,4.260237180575218,0,115.49811272280634
-9185,3.075069216650473,5.149660353774105,6.011911064042099,4.307788385646632,4.260237180575218,0,115.51068947613297
-9190,3.075069216650473,5.149660353774105,6.011911064042099,4.307788385646632,4.260237180575218,0,115.50861631559096
-9195,3.075069216650473,5.149660353774105,6.011911064042099,4.307788385646632,4.260237180575218,0,115.52074501961754
-9200,3.075069216650473,5.149660353774105,6.011911064042099,4.307788385646632,4.260237180575218,0,115.57638250055382
-9205,3.075069216650473,5.149660353774105,6.011911064042099,4.307788385646632,4.260237180575218,0,115.63165950786644
-9210,3.075069216650473,5.149660353774105,6.011911064042099,4.307788385646632,4.260237180575218,0,115.6730743093017
-9215,3.075069216650473,5.149660353774105,6.011911064042099,4.307788385646632,4.260237180575218,0,115.65660027908234
-9220,3.075069216650473,5.149660353774105,6.011911064042099,4.307788385646632,4.260237180575218,0,115.611484359499
-9225,3.075069216650473,5.149660353774105,6.011911064042099,4.307788385646632,4.260237180575218,0,115.49439280682046
-9230,3.075069216650473,5.149660353774105,6.011911064042099,4.307788385646632,4.260237180575218,0,115.3914243507228
-9235,3.075069216650473,5.149660353774105,6.011911064042099,4.307788385646632,4.260237180575218,0,115.3463258814611
-9240,3.075069216650473,5.149660353774105,6.011911064042099,4.307788385646632,4.260237180575218,0,115.301517748017
-9245,3.075069216650473,5.149660353774105,6.011911064042099,4.307788385646632,4.260237180575218,0,115.27055887792356
-9250,3.075069216650473,5.149660353774105,6.011911064042099,4.307788385646632,4.260237180575218,0,115.09649036693494
-9255,3.075069216650473,5.149660353774105,6.011911064042099,4.307788385646632,4.260237180575218,0,114.90859429307551
-9260,3.075069216650473,5.149660353774105,6.011911064042099,4.307788385646632,4.260237180575218,0,114.86363182273891
-9265,3.075069216650473,5.149660353774105,6.011911064042099,4.307788385646632,4.260237180575218,0,114.77585778460741
-9270,3.075069216650473,5.149660353774105,6.011911064042099,4.307788385646632,4.260237180575218,0,114.73067643162034
-9275,3.075069216650473,5.149660353774105,6.011911064042099,4.307788385646632,4.260237180575218,0,114.67179077438772
-9280,3.075069216650473,5.149660353774105,6.011911064042099,4.307788385646632,4.260237180575218,0,114.59839796501112
-9285,3.075069216650473,5.149660353774105,6.011911064042099,4.307788385646632,4.260237180575218,0,114.49645841292477
-9290,3.075069216650473,5.149660353774105,6.011911064042099,4.307788385646632,4.260237180575218,0,114.3378767546879
-9295,3.075069216650473,5.149660353774105,6.011911064042099,4.307788385646632,4.260237180575218,0,114.17945102426692
-9300,3.075069216650473,5.149660353774105,6.011911064042099,4.307788385646632,4.260237180575218,0,114.0067529377818
-9305,3.075069216650473,5.149660353774105,6.011911064042099,4.307788385646632,4.260237180575218,0,113.93408615058556
-9310,3.075069216650473,5.149660353774105,6.011911064042099,4.307788385646632,4.260237180575218,0,113.93195910175157
-9315,3.075069216650473,5.149660353774105,6.011911064042099,4.307788385646632,4.260237180575218,0,113.90165917998736
-9320,3.075069216650473,5.149660353774105,6.011911064042099,4.307788385646632,4.260237180575218,0,113.74384381395211
-9325,3.075069216650473,5.149660353774105,6.011911064042099,4.307788385646632,4.260237180575218,0,113.68514732667381
-9330,3.075069216650473,5.149660353774105,6.011911064042099,4.307788385646632,4.260237180575218,0,113.73983966412395
-9335,3.075069216650473,5.149660353774105,6.011911064042099,4.307788385646632,4.260237180575218,0,113.79455656703637
-9340,3.075069216650473,5.149660353774105,6.011911064042099,4.307788385646632,4.260237180575218,0,113.83479929271041
-9345,3.075069216650473,5.149660353774105,6.011911064042099,4.307788385646632,4.260237180575218,0,113.86132572511245
-9350,3.075069216650473,5.149660353774105,6.011911064042099,4.307788385646632,4.260237180575218,0,113.9725864025271
-9355,3.075069216650473,5.149660353774105,6.011911064042099,4.307788385646632,4.260237180575218,0,114.02740997232841
-9360,3.075069216650473,5.149660353774105,6.011911064042099,4.307788385646632,4.260237180575218,0,114.03944215810135
-9365,3.075069216650473,5.149660353774105,6.011911064042099,4.307788385646632,4.260237180575218,0,114.0376905873835
-9370,3.075069216650473,5.149660353774105,6.011911064042099,4.307788385646632,4.260237180575218,0,114.02134368807522
-9375,3.075069216650473,5.149660353774105,6.011911064042099,4.307788385646632,4.260237180575218,0,114.00532878514696
-9380,3.075069216650473,5.149660353774105,6.011911064042099,4.307788385646632,4.260237180575218,0,113.97468368767261
-9385,3.075069216650473,5.149660353774105,6.011911064042099,4.307788385646632,4.260237180575218,0,114.00108935488869
-9390,3.075069216650473,5.149660353774105,6.011911064042099,4.307788385646632,4.260237180575218,0,114.04167773038185
-9395,3.075069216650473,5.149660353774105,6.011911064042099,4.307788385646632,4.260237180575218,0,114.08227348923086
-9400,3.075069216650473,5.149660353774105,6.011911064042099,4.307788385646632,4.260237180575218,0,114.12287662551248
-9405,3.075069216650473,5.149660353774105,6.011911064042099,4.307788385646632,4.260237180575218,0,114.14926888036479
-9410,3.075069216650473,5.149660353774105,6.011911064042099,4.307788385646632,4.260237180575218,0,114.16142444071656
-9415,3.075069216650473,5.149660353774105,6.011911064042099,4.307788385646632,4.260237180575218,0,114.17394835466881
-9420,3.075069216650473,5.149660353774105,6.011911064042099,4.307788385646632,4.260237180575218,0,114.21453811655167
-9425,3.075069216650473,5.149660353774105,6.011911064042099,4.307788385646632,4.260237180575218,0,114.36876084142197
-9430,3.075069216650473,5.149660353774105,6.011911064042099,4.307788385646632,4.260237180575218,0,114.55204715586613
-9435,3.075069216650473,5.149660353774105,6.011911064042099,4.307788385646632,4.260237180575218,0,114.62135382772844
-9440,3.075069216650473,5.149660353774105,6.011911064042099,4.307788385646632,4.260237180575218,0,114.59075237896836
-9445,3.075069216650473,5.149660353774105,6.011911064042099,4.307788385646632,4.260237180575218,0,114.46045828574852
-9450,3.075069216650473,5.149660353774105,6.011911064042099,4.307788385646632,4.260237180575218,0,114.31606582957473
-9455,3.075069216650473,5.149660353774105,6.011911064042099,4.307788385646632,4.260237180575218,0,114.2147676344956
-9460,3.075069216650473,5.149660353774105,6.011911064042099,4.307788385646632,4.260237180575218,0,114.12722059597733
-9465,3.075069216650473,5.149660353774105,6.011911064042099,4.307788385646632,4.260237180575218,0,114.09681311530923
-9470,3.075069216650473,5.149660353774105,6.011911064042099,4.307788385646632,4.260237180575218,0,114.15151386923188
-9475,3.075069216650473,5.149660353774105,6.011911064042099,4.307788385646632,4.260237180575218,0,114.24925653100149
-9480,3.075069216650473,5.149660353774105,6.011911064042099,4.307788385646632,4.260237180575218,0,114.38932208787713
-9485,3.075069216650473,5.149660353774105,6.011911064042099,4.307788385646632,4.260237180575218,0,114.50159985906991
-9490,3.075069216650473,5.149660353774105,6.011911064042099,4.307788385646632,4.260237180575218,0,114.59920738230839
-9495,3.075069216650473,5.149660353774105,6.011911064042099,4.307788385646632,4.260237180575218,0,114.69729037637882
-9500,3.075069216650473,5.149660353774105,6.011911064042099,4.307788385646632,4.260237180575218,0,114.76668492379179
-9505,3.075069216650473,5.149660353774105,6.011911064042099,4.307788385646632,4.260237180575218,0,114.8932868701172
-9510,3.075069216650473,5.149660353774105,6.011911064042099,4.307788385646632,4.260237180575218,0,114.9912
-9515,3.075069216650473,5.149660353774105,6.011911064042099,4.307788385646632,4.260237180575218,0,115.046763899292
-9520,3.075069216650473,5.149660353774105,6.011911064042099,4.307788385646632,4.260237180575218,0,115.0731175965352
-9525,3.075069216650473,5.149660353774105,6.011911064042099,4.307788385646632,4.260237180575218,0,115.07100949054427
-9530,3.075069216650473,5.149660353774105,6.011911064042099,4.307788385646632,4.260237180575218,0,115.0832915917358
-9535,3.075069216650473,5.149660353774105,6.011911064042099,4.307788385646632,4.260237180575218,0,115.18180690778625
-9540,3.075069216650473,5.149660353774105,6.011911064042099,4.307788385646632,4.260237180575218,0,115.26594695220555
-9545,3.075069216650473,5.149660353774105,6.011911064042099,4.307788385646632,4.260237180575218,0,115.2782428586413
-9550,3.075069216650473,5.149660353774105,6.011911064042099,4.307788385646632,4.260237180575218,0,115.26157175727462
-9555,3.075069216650473,5.149660353774105,6.011911064042099,4.307788385646632,4.260237180575218,0,115.18813043093272
-9560,3.075069216650473,5.149660353774105,6.011911064042099,4.307788385646632,4.260237180575218,0,115.17170263571013
-9565,3.075069216650473,5.149660353774105,6.011911064042099,4.307788385646632,4.260237180575218,0,115.21279463152068
-9570,3.075069216650473,5.149660353774105,6.011911064042099,4.307788385646632,4.260237180575218,0,115.36832170958083
-9575,3.075069216650473,5.149660353774105,6.011911064042099,4.307788385646632,4.260237180575218,0,115.59656317091138
-9580,3.075069216650473,5.149660353774105,6.011911064042099,4.307788385646632,4.260237180575218,0,115.75282971782346
-9585,3.075069216650473,5.149660353774105,6.011911064042099,4.307788385646632,4.260237180575218,0,115.83739413124965
-9590,3.075069216650473,5.149660353774105,6.011911064042099,4.307788385646632,4.260237180575218,0,115.89293843641406
-9595,3.075069216650473,5.149660353774105,6.011911064042099,4.307788385646632,4.260237180575218,0,115.97760520769738
-9600,3.075069216650473,5.149660353774105,6.011911064042099,4.307788385646632,4.260237180575218,0,116.06192762809921
-9605,3.075069216650473,5.149660353774105,6.011911064042099,4.307788385646632,4.260237180575218,0,116.21914182297253
-9610,3.075069216650473,5.149660353774105,6.011911064042099,4.307788385646632,4.260237180575218,0,116.33277801379049
-9615,3.075069216650473,5.149660353774105,6.011911064042099,4.307788385646632,4.260237180575218,0,116.46109323759968
-9620,3.075069216650473,5.149660353774105,6.011911064042099,4.307788385646632,4.260237180575218,0,116.54614782104625
-9625,3.075069216650473,5.149660353774105,6.011911064042099,4.307788385646632,4.260237180575218,0,116.602059247493
-9630,3.075069216650473,5.149660353774105,6.011911064042099,4.307788385646632,4.260237180575218,0,116.70182733951815
-9635,3.075069216650473,5.149660353774105,6.011911064042099,4.307788385646632,4.260237180575218,0,116.77243467874928
-9640,3.075069216650473,5.149660353774105,6.011911064042099,4.307788385646632,4.260237180575218,0,116.82845649485394
-9645,3.075069216650473,5.149660353774105,6.011911064042099,4.307788385646632,4.260237180575218,0,116.84099866299795
-9650,3.075069216650473,5.149660353774105,6.011911064042099,4.307788385646632,4.260237180575218,0,116.78069033203809
-9655,3.075069216650473,5.149660353774105,6.011911064042099,4.307788385646632,4.260237180575218,0,116.69136371402664
-9660,3.075069216650473,5.149660353774105,6.011911064042099,4.307788385646632,4.260237180575218,0,116.61695725907447
-9665,3.075069216650473,5.149660353774105,6.011911064042099,4.307788385646632,4.260237180575218,0,116.55668303073188
-9670,3.075069216650473,5.149660353774105,6.011911064042099,4.307788385646632,4.260237180575218,0,116.51138242226958
-9675,3.075069216650473,5.149660353774105,6.011911064042099,4.307788385646632,4.260237180575218,0,116.4655762678799
-9680,3.075069216650473,5.149660353774105,6.011911064042099,4.307788385646632,4.260237180575218,0,116.46376962381986
-9685,3.075069216650473,5.149660353774105,6.011911064042099,4.307788385646632,4.260237180575218,0,116.54853246365091
-9690,3.075069216650473,5.149660353774105,6.011911064042099,4.307788385646632,4.260237180575218,0,116.60473887324561
-9695,3.075069216650473,5.149660353774105,6.011911064042099,4.307788385646632,4.260237180575218,0,116.6024761168583
-9700,3.075069216650473,5.149660353774105,6.011911064042099,4.307788385646632,4.260237180575218,0,116.60057723891669
-9705,3.075069216650473,5.149660353774105,6.011911064042099,4.307788385646632,4.260237180575218,0,116.62730171795444
-9710,3.075069216650473,5.149660353774105,6.011911064042099,4.307788385646632,4.260237180575218,0,116.71261660412864
-9715,3.075069216650473,5.149660353774105,6.011911064042099,4.307788385646632,4.260237180575218,0,116.84145663384142
-9720,3.075069216650473,5.149660353774105,6.011911064042099,4.307788385646632,4.260237180575218,0,116.99954053844073
-9725,3.075069216650473,5.149660353774105,6.011911064042099,4.307788385646632,4.260237180575218,0,117.20129017222096
-9730,3.075069216650473,5.149660353774105,6.011911064042099,4.307788385646632,4.260237180575218,0,117.36010835315625
-9735,3.075069216650473,5.149660353774105,6.011911064042099,4.307788385646632,4.260237180575218,0,117.44550025035568
-9740,3.075069216650473,5.149660353774105,6.011911064042099,4.307788385646632,4.260237180575218,0,117.47254999873758
-9745,3.075069216650473,5.149660353774105,6.011911064042099,4.307788385646632,4.260237180575218,0,117.47078209550985
-9750,3.075069216650473,5.149660353774105,6.011911064042099,4.307788385646632,4.260237180575218,0,117.4393206646041
-9755,3.075069216650473,5.149660353774105,6.011911064042099,4.307788385646632,4.260237180575218,0,117.39335703302392
-9760,3.075069216650473,5.149660353774105,6.011911064042099,4.307788385646632,4.260237180575218,0,117.37656678665964
-9765,3.075069216650473,5.149660353774105,6.011911064042099,4.307788385646632,4.260237180575218,0,117.36012578210313
-9770,3.075069216650473,5.149660353774105,6.011911064042099,4.307788385646632,4.260237180575218,0,117.37251656007857
-9775,3.075069216650473,5.149660353774105,6.011911064042099,4.307788385646632,4.260237180575218,0,117.3997484642348
-9780,3.075069216650473,5.149660353774105,6.011911064042099,4.307788385646632,4.260237180575218,0,117.47077806209487
-9785,3.075069216650473,5.149660353774105,6.011911064042099,4.307788385646632,4.260237180575218,0,117.58568484564023
-9790,3.075069216650473,5.149660353774105,6.011911064042099,4.307788385646632,4.260237180575218,0,117.70068767120578
-9795,3.075069216650473,5.149660353774105,6.011911064042099,4.307788385646632,4.260237180575218,0,117.77189934433542
-9800,3.075069216650473,5.149660353774105,6.011911064042099,4.307788385646632,4.260237180575218,0,117.7553264593254
-9805,3.075069216650473,5.149660353774105,6.011911064042099,4.307788385646632,4.260237180575218,0,117.6947500192248
-9810,3.075069216650473,5.149660353774105,6.011911064042099,4.307788385646632,4.260237180575218,0,117.61953977656093
-9815,3.075069216650473,5.149660353774105,6.011911064042099,4.307788385646632,4.260237180575218,0,117.54419544342305
-9820,3.075069216650473,5.149660353774105,6.011911064042099,4.307788385646632,4.260237180575218,0,117.49820210902455
-9825,3.075069216650473,5.149660353774105,6.011911064042099,4.307788385646632,4.260237180575218,0,117.5107006833684
-9830,3.075069216650473,5.149660353774105,6.011911064042099,4.307788385646632,4.260237180575218,0,117.58179740992003
-9835,3.075069216650473,5.149660353774105,6.011911064042099,4.307788385646632,4.260237180575218,0,117.66749851915978
-9840,3.075069216650473,5.149660353774105,6.011911064042099,4.307788385646632,4.260237180575218,0,117.75326028954652
-9845,3.075069216650473,5.149660353774105,6.011911064042099,4.307788385646632,4.260237180575218,0,117.82450377034172
-9850,3.075069216650473,5.149660353774105,6.011911064042099,4.307788385646632,4.260237180575218,0,117.88120254170933
-9855,3.075069216650473,5.149660353774105,6.011911064042099,4.307788385646632,4.260237180575218,0,117.90873351245061
-9860,3.075069216650473,5.149660353774105,6.011911064042099,4.307788385646632,4.260237180575218,0,117.92123187630568
-9865,3.075069216650473,5.149660353774105,6.011911064042099,4.307788385646632,4.260237180575218,0,117.91908789554849
-9870,3.075069216650473,5.149660353774105,6.011911064042099,4.307788385646632,4.260237180575218,0,117.88765185635275
-9875,3.075069216650473,5.149660353774105,6.011911064042099,4.307788385646632,4.260237180575218,0,117.8268706200444
-9880,3.075069216650473,5.149660353774105,6.011911064042099,4.307788385646632,4.260237180575218,0,117.79567269116302
-9885,3.075069216650473,5.149660353774105,6.011911064042099,4.307788385646632,4.260237180575218,0,117.74932560990096
-9890,3.075069216650473,5.149660353774105,6.011911064042099,4.307788385646632,4.260237180575218,0,117.73261528501276
-9895,3.075069216650473,5.149660353774105,6.011911064042099,4.307788385646632,4.260237180575218,0,117.71584163731407
-9900,3.075069216650473,5.149660353774105,6.011911064042099,4.307788385646632,4.260237180575218,0,117.743452860874
-9905,3.075069216650473,5.149660353774105,6.011911064042099,4.307788385646632,4.260237180575218,0,117.81469040794515
-9910,3.075069216650473,5.149660353774105,6.011911064042099,4.307788385646632,4.260237180575218,0,117.91493938094504
-9915,3.075069216650473,5.149660353774105,6.011911064042099,4.307788385646632,4.260237180575218,0,118.04509255512194
-9920,3.075069216650473,5.149660353774105,6.011911064042099,4.307788385646632,4.260237180575218,0,118.17536005757927
-9925,3.075069216650473,5.149660353774105,6.011911064042099,4.307788385646632,4.260237180575218,0,118.32046274411532
-9930,3.075069216650473,5.149660353774105,6.011911064042099,4.307788385646632,4.260237180575218,0,118.45096808170781
-9935,3.075069216650473,5.149660353774105,6.011911064042099,4.307788385646632,4.260237180575218,0,118.5820091276518
-9940,3.075069216650473,5.149660353774105,6.011911064042099,4.307788385646632,4.260237180575218,0,118.69799652237982
-9945,3.075069216650473,5.149660353774105,6.011911064042099,4.307788385646632,4.260237180575218,0,118.81408085994838
-9950,3.075069216650473,5.149660353774105,6.011911064042099,4.307788385646632,4.260237180575218,0,118.91549686414949
-9955,3.075069216650473,5.149660353774105,6.011911064042099,4.307788385646632,4.260237180575218,0,119.00221780973624
-9960,3.075069216650473,5.149660353774105,6.011911064042099,4.307788385646632,4.260237180575218,0,119.08900016231469
-9965,3.075069216650473,5.149660353774105,6.011911064042099,4.307788385646632,4.260237180575218,0,119.16105179702208
-9970,3.075069216650473,5.149660353774105,6.011911064042099,4.307788385646632,4.260237180575218,0,119.21834590762492
-9975,3.075069216650473,5.149660353774105,6.011911064042099,4.307788385646632,4.260237180575218,0,119.2608556554304
-9980,3.075069216650473,5.149660353774105,6.011911064042099,4.307788385646632,4.260237180575218,0,119.28855416925379
-9985,3.075069216650473,5.149660353774105,6.011911064042099,4.307788385646632,4.260237180575218,0,119.31624254374145
-9990,3.075069216650473,5.149660353774105,6.011911064042099,4.307788385646632,4.260237180575218,0,119.32865987342439
-9995,3.075069216650473,5.149660353774105,6.011911064042099,4.307788385646632,4.260237180575218,0,119.34147272244428
-10000,3.075069216650473,5.149660353774105,6.011911064042099,4.307788385646632,4.260237180575218,0,119.3394024664548
-10005,3.075069216650473,5.149660353774105,6.011911064042099,4.307788385646632,4.260237180575218,0,119.35214993609505
-10010,3.075069216650473,5.149660353774105,6.011911064042099,4.307788385646632,4.260237180575218,0,119.34999623708427
-10015,3.075069216650473,5.149660353774105,6.011911064042099,4.307788385646632,4.260237180575218,0,119.36310334765948
-10020,3.075069216650473,5.149660353774105,6.011911064042099,4.307788385646632,4.260237180575218,0,119.36086626391393
-10025,3.075069216650473,5.149660353774105,6.011911064042099,4.307788385646632,4.260237180575218,0,119.37348270073953
-10030,3.075069216650473,5.149660353774105,6.011911064042099,4.307788385646632,4.260237180575218,0,119.37158774557781
-10035,3.075069216650473,5.149660353774105,6.011911064042099,4.307788385646632,4.260237180575218,0,119.38413852892538
-10040,3.075069216650473,5.149660353774105,6.011911064042099,4.307788385646632,4.260237180575218,0,119.38216030654827
-10045,3.075069216650473,5.149660353774105,6.011911064042099,4.307788385646632,4.260237180575218,0,119.38013598946628
-10050,3.075069216650473,5.149660353774105,6.011911064042099,4.307788385646632,4.260237180575218,0,119.39301057201742
-10055,3.075069216650473,5.149660353774105,6.011911064042099,4.307788385646632,4.260237180575218,0,119.39090294242295
-10060,3.075069216650473,5.149660353774105,6.011911064042099,4.307788385646632,4.260237180575218,0,119.4032846790992
-10065,3.075069216650473,5.149660353774105,6.011911064042099,4.307788385646632,4.260237180575218,0,119.40152105653219
-10070,3.075069216650473,5.149660353774105,6.011911064042099,4.307788385646632,4.260237180575218,0,119.41426480684265
-10075,3.075069216650473,5.149660353774105,6.011911064042099,4.307788385646632,4.260237180575218,0,119.41198995570647
-10080,3.075069216650473,5.149660353774105,6.011911064042099,4.307788385646632,4.260237180575218,0,119.42466802404981
-10085,3.075069216650473,5.149660353774105,6.011911064042099,4.307788385646632,4.260237180575218,0,119.4227380762837
-10090,3.075069216650473,5.149660353774105,6.011911064042099,4.307788385646632,4.260237180575218,0,119.43535054442647
-10095,3.075069216650473,5.149660353774105,6.011911064042099,4.307788385646632,4.260237180575218,0,119.4333372657544
-10100,3.075069216650473,5.149660353774105,6.011911064042099,4.307788385646632,4.260237180575218,0,119.44631354823005
-10105,3.075069216650473,5.149660353774105,6.011911064042099,4.307788385646632,4.260237180575218,0,119.44421699966321
-10110,3.075069216650473,5.149660353774105,6.011911064042099,4.307788385646632,4.260237180575218,0,119.45669799499802
-10115,3.075069216650473,5.149660353774105,6.011911064042099,4.307788385646632,4.260237180575218,0,119.469580742093
-10120,3.075069216650473,5.149660353774105,6.011911064042099,4.307788385646632,4.260237180575218,0,119.4824353503917
-10125,3.075069216650473,5.149660353774105,6.011911064042099,4.307788385646632,4.260237180575218,0,119.49526178112914
-10130,3.075069216650473,5.149660353774105,6.011911064042099,4.307788385646632,4.260237180575218,0,119.49296961409412
-10135,3.075069216650473,5.149660353774105,6.011911064042099,4.307788385646632,4.260237180575218,0,119.50573044323313
-10140,3.075069216650473,5.149660353774105,6.011911064042099,4.307788385646632,4.260237180575218,0,119.51846297277208
-10145,3.075069216650473,5.149660353774105,6.011911064042099,4.307788385646632,4.260237180575218,0,119.53116716379604
-10150,3.075069216650473,5.149660353774105,6.011911064042099,4.307788385646632,4.260237180575218,0,119.54427517548754
-10155,3.075069216650473,5.149660353774105,6.011911064042099,4.307788385646632,4.260237180575218,0,119.55692283407949
-10160,3.075069216650473,5.149660353774105,6.011911064042099,4.307788385646632,4.260237180575218,0,119.56954203734912
-10165,3.075069216650473,5.149660353774105,6.011911064042099,4.307788385646632,4.260237180575218,0,119.58256572931356
-10170,3.075069216650473,5.149660353774105,6.011911064042099,4.307788385646632,4.260237180575218,0,119.59512816668068
-10175,3.075069216650473,5.149660353774105,6.011911064042099,4.307788385646632,4.260237180575218,0,119.60809553875484
-10180,3.075069216650473,5.149660353774105,6.011911064042099,4.307788385646632,4.260237180575218,0,119.60585289303198
-10185,3.075069216650473,5.149660353774105,6.011911064042099,4.307788385646632,4.260237180575218,0,119.63351195107306
-10190,3.075069216650473,5.149660353774105,6.011911064042099,4.307788385646632,4.260237180575218,0,119.63162867046071
-10195,3.075069216650473,5.149660353774105,6.011911064042099,4.307788385646632,4.260237180575218,0,119.64447426517049
-10200,3.075069216650473,5.149660353774105,6.011911064042099,4.307788385646632,4.260237180575218,0,119.65729161209391
-10205,3.075069216650473,5.149660353774105,6.011911064042099,4.307788385646632,4.260237180575218,0,119.67008067234765
-10210,3.075069216650473,5.149660353774105,6.011911064042099,4.307788385646632,4.260237180575218,0,119.68284140701174
-10215,3.075069216650473,5.149660353774105,6.011911064042099,4.307788385646632,4.260237180575218,0,119.69557377712934
-10220,3.075069216650473,5.149660353774105,6.011911064042099,4.307788385646632,4.260237180575218,0,119.70827774370692
-10225,3.075069216650473,5.149660353774105,6.011911064042099,4.307788385646632,4.260237180575218,0,119.735781930465
-10230,3.075069216650473,5.149660353774105,6.011911064042099,4.307788385646632,4.260237180575218,0,119.8082248832927
-10235,3.075069216650473,5.149660353774105,6.011911064042099,4.307788385646632,4.260237180575218,0,119.86586505424827
-10240,3.075069216650473,5.149660353774105,6.011911064042099,4.307788385646632,4.260237180575218,0,119.90867552220628
-10245,3.075069216650473,5.149660353774105,6.011911064042099,4.307788385646632,4.260237180575218,0,119.98122307970695
-10250,3.075069216650473,5.149660353774105,6.011911064042099,4.307788385646632,4.260237180575218,0,120.06868810568547
-10255,3.075069216650473,5.149660353774105,6.011911064042099,4.307788385646632,4.260237180575218,0,120.21618306916149
-10260,3.075069216650473,5.149660353774105,6.011911064042099,4.307788385646632,4.260237180575218,0,120.39359571425618
-10265,3.075069216650473,5.149660353774105,6.011911064042099,4.307788385646632,4.260237180575218,0,120.54181610717254
-10270,3.075069216650473,5.149660353774105,6.011911064042099,4.307788385646632,4.260237180575218,0,120.62965633319101
-10275,3.075069216650473,5.149660353774105,6.011911064042099,4.307788385646632,4.260237180575218,0,120.67236406931903
-10280,3.075069216650473,5.149660353774105,6.011911064042099,4.307788385646632,4.260237180575218,0,120.67029637569134
-10285,3.075069216650473,5.149660353774105,6.011911064042099,4.307788385646632,4.260237180575218,0,120.62337196157222
-10290,3.075069216650473,5.149660353774105,6.011911064042099,4.307788385646632,4.260237180575218,0,120.53106985788655
-10295,3.075069216650473,5.149660353774105,6.011911064042099,4.307788385646632,4.260237180575218,0,120.42409699412985
-10300,3.075069216650473,5.149660353774105,6.011911064042099,4.307788385646632,4.260237180575218,0,120.36184199595886
-10305,3.075069216650473,5.149660353774105,6.011911064042099,4.307788385646632,4.260237180575218,0,120.3747722778854
-10310,3.075069216650473,5.149660353774105,6.011911064042099,4.307788385646632,4.260237180575218,0,120.50752952247869
-10315,3.075069216650473,5.149660353774105,6.011911064042099,4.307788385646632,4.260237180575218,0,120.7307901752702
-10320,3.075069216650473,5.149660353774105,6.011911064042099,4.307788385646632,4.260237180575218,0,120.90883552494007
-10325,3.075069216650473,5.149660353774105,6.011911064042099,4.307788385646632,4.260237180575218,0,121.07248443735578
-10330,3.075069216650473,5.149660353774105,6.011911064042099,4.307788385646632,4.260237180575218,0,121.20625068857372
-10335,3.075069216650473,5.149660353774105,6.011911064042099,4.307788385646632,4.260237180575218,0,121.30963790715089
-10340,3.075069216650473,5.149660353774105,6.011911064042099,4.307788385646632,4.260237180575218,0,121.39806947043203
-10345,3.075069216650473,5.149660353774105,6.011911064042099,4.307788385646632,4.260237180575218,0,121.4865636342491
-10350,3.075069216650473,5.149660353774105,6.011911064042099,4.307788385646632,4.260237180575218,0,121.52995666909494
-10355,3.075069216650473,5.149660353774105,6.011911064042099,4.307788385646632,4.260237180575218,0,121.5277235929757
-10360,3.075069216650473,5.149660353774105,6.011911064042099,4.307788385646632,4.260237180575218,0,121.52588664631901
-10365,3.075069216650473,5.149660353774105,6.011911064042099,4.307788385646632,4.260237180575218,0,121.55372327026355
-10370,3.075069216650473,5.149660353774105,6.011911064042099,4.307788385646632,4.260237180575218,0,121.62726612018633
-10375,3.075069216650473,5.149660353774105,6.011911064042099,4.307788385646632,4.260237180575218,0,121.76169834044894
-10380,3.075069216650473,5.149660353774105,6.011911064042099,4.307788385646632,4.260237180575218,0,121.89580431604709
-10385,3.075069216650473,5.149660353774105,6.011911064042099,4.307788385646632,4.260237180575218,0,122.00023572469765
-10390,3.075069216650473,5.149660353774105,6.011911064042099,4.307788385646632,4.260237180575218,0,122.10430395009917
-10395,3.075069216650473,5.149660353774105,6.011911064042099,4.307788385646632,4.260237180575218,0,122.19331667928255
-10400,3.075069216650473,5.149660353774105,6.011911064042099,4.307788385646632,4.260237180575218,0,122.3282756591262
-10405,3.075069216650473,5.149660353774105,6.011911064042099,4.307788385646632,4.260237180575218,0,122.50881847674952
-10410,3.075069216650473,5.149660353774105,6.011911064042099,4.307788385646632,4.260237180575218,0,122.6748167325242
-10415,3.075069216650473,5.149660353774105,6.011911064042099,4.307788385646632,4.260237180575218,0,122.7182447314784
-10420,3.075069216650473,5.149660353774105,6.011911064042099,4.307788385646632,4.260237180575218,0,122.71613254187461
-10425,3.075069216650473,5.149660353774105,6.011911064042099,4.307788385646632,4.260237180575218,0,122.66795066699481
-10430,3.075069216650473,5.149660353774105,6.011911064042099,4.307788385646632,4.260237180575218,0,122.57450969239798
-10435,3.075069216650473,5.149660353774105,6.011911064042099,4.307788385646632,4.260237180575218,0,122.45004301811629
-10440,3.075069216650473,5.149660353774105,6.011911064042099,4.307788385646632,4.260237180575218,0,122.32627612261724
-10445,3.075069216650473,5.149660353774105,6.011911064042099,4.307788385646632,4.260237180575218,0,122.26322902320048
-10450,3.075069216650473,5.149660353774105,6.011911064042099,4.307788385646632,4.260237180575218,0,122.20006085589729
-10455,3.075069216650473,5.149660353774105,6.011911064042099,4.307788385646632,4.260237180575218,0,122.13721993930773
-10460,3.075069216650473,5.149660353774105,6.011911064042099,4.307788385646632,4.260237180575218,0,122.0742582505241
-10465,3.075069216650473,5.149660353774105,6.011911064042099,4.307788385646632,4.260237180575218,0,122.01117566640951
-10470,3.075069216650473,5.149660353774105,6.011911064042099,4.307788385646632,4.260237180575218,0,121.9178718805233
-10475,3.075069216650473,5.149660353774105,6.011911064042099,4.307788385646632,4.260237180575218,0,121.80957609696677
-10480,3.075069216650473,5.149660353774105,6.011911064042099,4.307788385646632,4.260237180575218,0,121.71639785054415
-10485,3.075069216650473,5.149660353774105,6.011911064042099,4.307788385646632,4.260237180575218,0,121.63881479896621
-10490,3.075069216650473,5.149660353774105,6.011911064042099,4.307788385646632,4.260237180575218,0,121.60612778311742
-10495,3.075069216650473,5.149660353774105,6.011911064042099,4.307788385646632,4.260237180575218,0,121.61931963894202
-10500,3.075069216650473,5.149660353774105,6.011911064042099,4.307788385646632,4.260237180575218,0,121.67757192305417
-10505,3.075069216650473,5.149660353774105,6.011911064042099,4.307788385646632,4.260237180575218,0,121.79675712665316
-10510,3.075069216650473,5.149660353774105,6.011911064042099,4.307788385646632,4.260237180575218,0,121.94628819206166
-10515,3.075069216650473,5.149660353774105,6.011911064042099,4.307788385646632,4.260237180575218,0,122.11131370842998
-10520,3.075069216650473,5.149660353774105,6.011911064042099,4.307788385646632,4.260237180575218,0,122.2764942745578
-10525,3.075069216650473,5.149660353774105,6.011911064042099,4.307788385646632,4.260237180575218,0,122.44183001765442
-10530,3.075069216650473,5.149660353774105,6.011911064042099,4.307788385646632,4.260237180575218,0,122.56161562899467
-10535,3.075069216650473,5.149660353774105,6.011911064042099,4.307788385646632,4.260237180575218,0,122.68195416915542
-10540,3.075069216650473,5.149660353774105,6.011911064042099,4.307788385646632,4.260237180575218,0,122.8019403836816
-10545,3.075069216650473,5.149660353774105,6.011911064042099,4.307788385646632,4.260237180575218,0,122.90661294709209
-10550,3.075069216650473,5.149660353774105,6.011911064042099,4.307788385646632,4.260237180575218,0,123.02679047485394
-10555,3.075069216650473,5.149660353774105,6.011911064042099,4.307788385646632,4.260237180575218,0,123.13208974321948
-10560,3.075069216650473,5.149660353774105,6.011911064042099,4.307788385646632,4.260237180575218,0,123.22202946804792
-10565,3.075069216650473,5.149660353774105,6.011911064042099,4.307788385646632,4.260237180575218,0,123.23523105561027
-10570,3.075069216650473,5.149660353774105,6.011911064042099,4.307788385646632,4.260237180575218,0,123.12562802136473
-10575,3.075069216650473,5.149660353774105,6.011911064042099,4.307788385646632,4.260237180575218,0,122.98536230808348
-10580,3.075069216650473,5.149660353774105,6.011911064042099,4.307788385646632,4.260237180575218,0,122.87629573272145
-10585,3.075069216650473,5.149660353774105,6.011911064042099,4.307788385646632,4.260237180575218,0,122.8586176912803
-10590,3.075069216650473,5.149660353774105,6.011911064042099,4.307788385646632,4.260237180575218,0,122.85682717225102
-10595,3.075069216650473,5.149660353774105,6.011911064042099,4.307788385646632,4.260237180575218,0,122.77790839444884
-10600,3.075069216650473,5.149660353774105,6.011911064042099,4.307788385646632,4.260237180575218,0,122.69930552632576
-10605,3.075069216650473,5.149660353774105,6.011911064042099,4.307788385646632,4.260237180575218,0,122.62101925515458
-10610,3.075069216650473,5.149660353774105,6.011911064042099,4.307788385646632,4.260237180575218,0,122.54259333943655
-10615,3.075069216650473,5.149660353774105,6.011911064042099,4.307788385646632,4.260237180575218,0,122.44893983728903
-10620,3.075069216650473,5.149660353774105,6.011911064042099,4.307788385646632,4.260237180575218,0,122.37068256565504
-10625,3.075069216650473,5.149660353774105,6.011911064042099,4.307788385646632,4.260237180575218,0,122.30739184024495
-10630,3.075069216650473,5.149660353774105,6.011911064042099,4.307788385646632,4.260237180575218,0,122.2444377723658
-10635,3.075069216650473,5.149660353774105,6.011911064042099,4.307788385646632,4.260237180575218,0,122.24231846410991
-10640,3.075069216650473,5.149660353774105,6.011911064042099,4.307788385646632,4.260237180575218,0,122.28601093186944
-10645,3.075069216650473,5.149660353774105,6.011911064042099,4.307788385646632,4.260237180575218,0,122.34439530932389
-10650,3.075069216650473,5.149660353774105,6.011911064042099,4.307788385646632,4.260237180575218,0,122.40326471737602
-10655,3.075069216650473,5.149660353774105,6.011911064042099,4.307788385646632,4.260237180575218,0,122.46216057559478
-10660,3.075069216650473,5.149660353774105,6.011911064042099,4.307788385646632,4.260237180575218,0,122.53625305136705
-10665,3.075069216650473,5.149660353774105,6.011911064042099,4.307788385646632,4.260237180575218,0,122.59521101959223
-10670,3.075069216650473,5.149660353774105,6.011911064042099,4.307788385646632,4.260237180575218,0,122.63854669767788
-10675,3.075069216650473,5.149660353774105,6.011911064042099,4.307788385646632,4.260237180575218,0,122.68235047419832
-10680,3.075069216650473,5.149660353774105,6.011911064042099,4.307788385646632,4.260237180575218,0,122.6952877409071
-10685,3.075069216650473,5.149660353774105,6.011911064042099,4.307788385646632,4.260237180575218,0,122.69344074409429
-10690,3.075069216650473,5.149660353774105,6.011911064042099,4.307788385646632,4.260237180575218,0,122.66063460608419
-10695,3.075069216650473,5.149660353774105,6.011911064042099,4.307788385646632,4.260237180575218,0,122.64344003270531
-10700,3.075069216650473,5.149660353774105,6.011911064042099,4.307788385646632,4.260237180575218,0,122.61047408225916
-10705,3.075069216650473,5.149660353774105,6.011911064042099,4.307788385646632,4.260237180575218,0,122.59313852021813
-10710,3.075069216650473,5.149660353774105,6.011911064042099,4.307788385646632,4.260237180575218,0,122.57573709936081
-10715,3.075069216650473,5.149660353774105,6.011911064042099,4.307788385646632,4.260237180575218,0,122.55826974634063
-10720,3.075069216650473,5.149660353774105,6.011911064042099,4.307788385646632,4.260237180575218,0,122.54073638774649
-10725,3.075069216650473,5.149660353774105,6.011911064042099,4.307788385646632,4.260237180575218,0,122.49302046280202
-10730,3.075069216650473,5.149660353774105,6.011911064042099,4.307788385646632,4.260237180575218,0,122.42990278321619
-10735,3.075069216650473,5.149660353774105,6.011911064042099,4.307788385646632,4.260237180575218,0,122.33604705722077
-10740,3.075069216650473,5.149660353774105,6.011911064042099,4.307788385646632,4.260237180575218,0,122.21232593366405
-10745,3.075069216650473,5.149660353774105,6.011911064042099,4.307788385646632,4.260237180575218,0,122.05822088203861
-10750,3.075069216650473,5.149660353774105,6.011911064042099,4.307788385646632,4.260237180575218,0,121.85880543153387
-10755,3.075069216650473,5.149660353774105,6.011911064042099,4.307788385646632,4.260237180575218,0,121.62934303436737
-10760,3.075069216650473,5.149660353774105,6.011911064042099,4.307788385646632,4.260237180575218,0,121.38513418110446
-10765,3.075069216650473,5.149660353774105,6.011911064042099,4.307788385646632,4.260237180575218,0,121.14151645673093
-10770,3.075069216650473,5.149660353774105,6.011911064042099,4.307788385646632,4.260237180575218,0,120.89802536968422
-10775,3.075069216650473,5.149660353774105,6.011911064042099,4.307788385646632,4.260237180575218,0,120.68542678170671
-10780,3.075069216650473,5.149660353774105,6.011911064042099,4.307788385646632,4.260237180575218,0,120.473459531358
-10785,3.075069216650473,5.149660353774105,6.011911064042099,4.307788385646632,4.260237180575218,0,120.29152748393494
-10790,3.075069216650473,5.149660353774105,6.011911064042099,4.307788385646632,4.260237180575218,0,120.15462903313248
-10795,3.075069216650473,5.149660353774105,6.011911064042099,4.307788385646632,4.260237180575218,0,120.04789348513737
-10800,3.075069216650473,5.149660353774105,6.011911064042099,4.307788385646632,4.260237180575218,0,119.98586991753533
-10805,3.075069216650473,5.149660353774105,6.011911064042099,4.307788385646632,4.260237180575218,0,119.9536688712169
-10810,3.075069216650473,5.149660353774105,6.011911064042099,4.307788385646632,4.260237180575218,0,119.96679250608115
-10815,3.075069216650473,5.149660353774105,6.011911064042099,4.307788385646632,4.260237180575218,0,119.97941970924431
-10820,3.075069216650473,5.149660353774105,6.011911064042099,4.307788385646632,4.260237180575218,0,120.00748491127769
-10825,3.075069216650473,5.149660353774105,6.011911064042099,4.307788385646632,4.260237180575218,0,120.03507118521968
-10830,3.075069216650473,5.149660353774105,6.011911064042099,4.307788385646632,4.260237180575218,0,120.0481000624237
-10835,3.075069216650473,5.149660353774105,6.011911064042099,4.307788385646632,4.260237180575218,0,120.04560604231675
-10840,3.075069216650473,5.149660353774105,6.011911064042099,4.307788385646632,4.260237180575218,0,120.04353488148053
-10845,3.075069216650473,5.149660353774105,6.011911064042099,4.307788385646632,4.260237180575218,0,120.01180063031285
-10850,3.075069216650473,5.149660353774105,6.011911064042099,4.307788385646632,4.260237180575218,0,119.97951364703916
-10855,3.075069216650473,5.149660353774105,6.011911064042099,4.307788385646632,4.260237180575218,0,119.94761433871695
-10860,3.075069216650473,5.149660353774105,6.011911064042099,4.307788385646632,4.260237180575218,0,119.9010327765123
-10865,3.075069216650473,5.149660353774105,6.011911064042099,4.307788385646632,4.260237180575218,0,119.88356807821884
-10870,3.075069216650473,5.149660353774105,6.011911064042099,4.307788385646632,4.260237180575218,0,119.86698141516636
-10875,3.075069216650473,5.149660353774105,6.011911064042099,4.307788385646632,4.260237180575218,0,119.84985898314817
-10880,3.075069216650473,5.149660353774105,6.011911064042099,4.307788385646632,4.260237180575218,0,119.84777915460857
-10885,3.075069216650473,5.149660353774105,6.011911064042099,4.307788385646632,4.260237180575218,0,119.84565293793732
-10890,3.075069216650473,5.149660353774105,6.011911064042099,4.307788385646632,4.260237180575218,0,119.85813309240679
-10895,3.075069216650473,5.149660353774105,6.011911064042099,4.307788385646632,4.260237180575218,0,119.8710574359631
-10900,3.075069216650473,5.149660353774105,6.011911064042099,4.307788385646632,4.260237180575218,0,119.91376788887524
-10905,3.075069216650473,5.149660353774105,6.011911064042099,4.307788385646632,4.260237180575218,0,119.956486144235
-10910,3.075069216650473,5.149660353774105,6.011911064042099,4.307788385646632,4.260237180575218,0,120.01390050387168
-10915,3.075069216650473,5.149660353774105,6.011911064042099,4.307788385646632,4.260237180575218,0,120.07181453015822
-10920,3.075069216650473,5.149660353774105,6.011911064042099,4.307788385646632,4.260237180575218,0,120.12928031373889
-10925,3.075069216650473,5.149660353774105,6.011911064042099,4.307788385646632,4.260237180575218,0,120.18724635783894
-10930,3.075069216650473,5.149660353774105,6.011911064042099,4.307788385646632,4.260237180575218,0,120.24476360573428
-10935,3.075069216650473,5.149660353774105,6.011911064042099,4.307788385646632,4.260237180575218,0,120.2875736615766
-10940,3.075069216650473,5.149660353774105,6.011911064042099,4.307788385646632,4.260237180575218,0,120.3456087519665
-10945,3.075069216650473,5.149660353774105,6.011911064042099,4.307788385646632,4.260237180575218,0,120.38844358070209
-10950,3.075069216650473,5.149660353774105,6.011911064042099,4.307788385646632,4.260237180575218,0,120.44604574159048
-10955,3.075069216650473,5.149660353774105,6.011911064042099,4.307788385646632,4.260237180575218,0,120.48890505240868
-10960,3.075069216650473,5.149660353774105,6.011911064042099,4.307788385646632,4.260237180575218,0,120.53177213532307
-10965,3.075069216650473,5.149660353774105,6.011911064042099,4.307788385646632,4.260237180575218,0,120.57464698404945
-10970,3.075069216650473,5.149660353774105,6.011911064042099,4.307788385646632,4.260237180575218,0,120.6180068601914
-10975,3.075069216650473,5.149660353774105,6.011911064042099,4.307788385646632,4.260237180575218,0,120.67570176675812
-10980,3.075069216650473,5.149660353774105,6.011911064042099,4.307788385646632,4.260237180575218,0,120.71860912096555
-10985,3.075069216650473,5.149660353774105,6.011911064042099,4.307788385646632,4.260237180575218,0,120.77682453165028
-10990,3.075069216650473,5.149660353774105,6.011911064042099,4.307788385646632,4.260237180575218,0,120.84989733963769
-10995,3.075069216650473,5.149660353774105,6.011911064042099,4.307788385646632,4.260237180575218,0,120.90769552837988
-11000,3.075069216650473,5.149660353774105,6.011911064042099,4.307788385646632,4.260237180575218,0,120.98084751638586
-11005,3.075069216650473,5.149660353774105,6.011911064042099,4.307788385646632,4.260237180575218,0,121.0391856838215
-11010,3.075069216650473,5.149660353774105,6.011911064042099,4.307788385646632,4.260237180575218,0,121.09707057486693
-11015,3.075069216650473,5.149660353774105,6.011911064042099,4.307788385646632,4.260237180575218,0,121.14058501191711
-11020,3.075069216650473,5.149660353774105,6.011911064042099,4.307788385646632,4.260237180575218,0,121.18362761213174
-11025,3.075069216650473,5.149660353774105,6.011911064042099,4.307788385646632,4.260237180575218,0,121.19640935847369
-11030,3.075069216650473,5.149660353774105,6.011911064042099,4.307788385646632,4.260237180575218,0,121.19425913056736
-11035,3.075069216650473,5.149660353774105,6.011911064042099,4.307788385646632,4.260237180575218,0,121.17714983863239
-11040,3.075069216650473,5.149660353774105,6.011911064042099,4.307788385646632,4.260237180575218,0,121.15997548008872
-11045,3.075069216650473,5.149660353774105,6.011911064042099,4.307788385646632,4.260237180575218,0,121.1427359824657
-11050,3.075069216650473,5.149660353774105,6.011911064042099,4.307788385646632,4.260237180575218,0,121.11049209254287
-11055,3.075069216650473,5.149660353774105,6.011911064042099,4.307788385646632,4.260237180575218,0,121.10806127977914
-11060,3.075069216650473,5.149660353774105,6.011911064042099,4.307788385646632,4.260237180575218,0,121.10606568508064
-11065,3.075069216650473,5.149660353774105,6.011911064042099,4.307788385646632,4.260237180575218,0,121.10402334360828
-11070,3.075069216650473,5.149660353774105,6.011911064042099,4.307788385646632,4.260237180575218,0,121.116909567254
-11075,3.075069216650473,5.149660353774105,6.011911064042099,4.307788385646632,4.260237180575218,0,121.12976705330128
-11080,3.075069216650473,5.149660353774105,6.011911064042099,4.307788385646632,4.260237180575218,0,121.1425957622592
-11085,3.075069216650473,5.149660353774105,6.011911064042099,4.307788385646632,4.260237180575218,0,121.1408770428054
-11090,3.075069216650473,5.149660353774105,6.011911064042099,4.307788385646632,4.260237180575218,0,121.13862765243843
-11095,3.075069216650473,5.149660353774105,6.011911064042099,4.307788385646632,4.260237180575218,0,121.12131047136091
-11100,3.075069216650473,5.149660353774105,6.011911064042099,4.307788385646632,4.260237180575218,0,121.08889817977324
-11105,3.075069216650473,5.149660353774105,6.011911064042099,4.307788385646632,4.260237180575218,0,121.02680964473917
-11110,3.075069216650473,5.149660353774105,6.011911064042099,4.307788385646632,4.260237180575218,0,120.93402022517854
-11115,3.075069216650473,5.149660353774105,6.011911064042099,4.307788385646632,4.260237180575218,0,120.82650282762594
-11120,3.075069216650473,5.149660353774105,6.011911064042099,4.307788385646632,4.260237180575218,0,120.70423084846784
-11125,3.075069216650473,5.149660353774105,6.011911064042099,4.307788385646632,4.260237180575218,0,120.58225298666072
-11130,3.075069216650473,5.149660353774105,6.011911064042099,4.307788385646632,4.260237180575218,0,120.44499888610403
-11135,3.075069216650473,5.149660353774105,6.011911064042099,4.307788385646632,4.260237180575218,0,120.32311503394695
-11140,3.075069216650473,5.149660353774105,6.011911064042099,4.307788385646632,4.260237180575218,0,120.2161423213785
-11145,3.075069216650473,5.149660353774105,6.011911064042099,4.307788385646632,4.260237180575218,0,120.13921982523831
-11150,3.075069216650473,5.149660353774105,6.011911064042099,4.307788385646632,4.260237180575218,0,120.07728123832764
-11155,3.075069216650473,5.149660353774105,6.011911064042099,4.307788385646632,4.260237180575218,0,120.04499594258948
-11160,3.075069216650473,5.149660353774105,6.011911064042099,4.307788385646632,4.260237180575218,0,120.01311598986706
-11165,3.075069216650473,5.149660353774105,6.011911064042099,4.307788385646632,4.260237180575218,0,120.01096177183948
-11170,3.075069216650473,5.149660353774105,6.011911064042099,4.307788385646632,4.260237180575218,0,119.99409234943161
-11175,3.075069216650473,5.149660353774105,6.011911064042099,4.307788385646632,4.260237180575218,0,119.97715858381841
-11180,3.075069216650473,5.149660353774105,6.011911064042099,4.307788385646632,4.260237180575218,0,119.95967085592952
-11185,3.075069216650473,5.149660353774105,6.011911064042099,4.307788385646632,4.260237180575218,0,119.92791258535995
-11190,3.075069216650473,5.149660353774105,6.011911064042099,4.307788385646632,4.260237180575218,0,119.89607197415646
-11195,3.075069216650473,5.149660353774105,6.011911064042099,4.307788385646632,4.260237180575218,0,119.87886202894309
-11200,3.075069216650473,5.149660353774105,6.011911064042099,4.307788385646632,4.260237180575218,0,119.84686537412988
-11205,3.075069216650473,5.149660353774105,6.011911064042099,4.307788385646632,4.260237180575218,0,119.8447389570342
-11210,3.075069216650473,5.149660353774105,6.011911064042099,4.307788385646632,4.260237180575218,0,119.84256609652834
-11215,3.075069216650473,5.149660353774105,6.011911064042099,4.307788385646632,4.260237180575218,0,119.87033582971993
-11220,3.075069216650473,5.149660353774105,6.011911064042099,4.307788385646632,4.260237180575218,0,119.91334487608918
-11225,3.075069216650473,5.149660353774105,6.011911064042099,4.307788385646632,4.260237180575218,0,119.9558698669459
-11230,3.075069216650473,5.149660353774105,6.011911064042099,4.307788385646632,4.260237180575218,0,119.99840242035292
-11235,3.075069216650473,5.149660353774105,6.011911064042099,4.307788385646632,4.260237180575218,0,120.04143534521998
-11240,3.075069216650473,5.149660353774105,6.011911064042099,4.307788385646632,4.260237180575218,0,120.05390337974802
-11245,3.075069216650473,5.149660353774105,6.011911064042099,4.307788385646632,4.260237180575218,0,120.08163832650347
-11250,3.075069216650473,5.149660353774105,6.011911064042099,4.307788385646632,4.260237180575218,0,120.07974026605748
-11255,3.075069216650473,5.149660353774105,6.011911064042099,4.307788385646632,4.260237180575218,0,120.07779595258413
-11260,3.075069216650473,5.149660353774105,6.011911064042099,4.307788385646632,4.260237180575218,0,120.09063456943836
-11265,3.075069216650473,5.149660353774105,6.011911064042099,4.307788385646632,4.260237180575218,0,120.0881119490543
-11270,3.075069216650473,5.149660353774105,6.011911064042099,4.307788385646632,4.260237180575218,0,120.11622650540559
-11275,3.075069216650473,5.149660353774105,6.011911064042099,4.307788385646632,4.260237180575218,0,120.14383591733126
-11280,3.075069216650473,5.149660353774105,6.011911064042099,4.307788385646632,4.260237180575218,0,120.18679543366278
-11285,3.075069216650473,5.149660353774105,6.011911064042099,4.307788385646632,4.260237180575218,0,120.22926714886448
-11290,3.075069216650473,5.149660353774105,6.011911064042099,4.307788385646632,4.260237180575218,0,120.27224236713093
-11295,3.075069216650473,5.149660353774105,6.011911064042099,4.307788385646632,4.260237180575218,0,120.31522557709948
-11300,3.075069216650473,5.149660353774105,6.011911064042099,4.307788385646632,4.260237180575218,0,120.34281890004061
-11305,3.075069216650473,5.149660353774105,6.011911064042099,4.307788385646632,4.260237180575218,0,120.35598839383921
-11310,3.075069216650473,5.149660353774105,6.011911064042099,4.307788385646632,4.260237180575218,0,120.33879405733501
-11315,3.075069216650473,5.149660353774105,6.011911064042099,4.307788385646632,4.260237180575218,0,120.30660662803471
-11320,3.075069216650473,5.149660353774105,6.011911064042099,4.307788385646632,4.260237180575218,0,120.24446167589862
-11325,3.075069216650473,5.149660353774105,6.011911064042099,4.307788385646632,4.260237180575218,0,120.18269569680511
-11330,3.075069216650473,5.149660353774105,6.011911064042099,4.307788385646632,4.260237180575218,0,120.12081096209586
-11335,3.075069216650473,5.149660353774105,6.011911064042099,4.307788385646632,4.260237180575218,0,120.05880735068067
-11340,3.075069216650473,5.149660353774105,6.011911064042099,4.307788385646632,4.260237180575218,0,119.99668474136631
-11345,3.075069216650473,5.149660353774105,6.011911064042099,4.307788385646632,4.260237180575218,0,119.93494242964763
-11350,3.075069216650473,5.149660353774105,6.011911064042099,4.307788385646632,4.260237180575218,0,119.87308148165144
-11355,3.075069216650473,5.149660353774105,6.011911064042099,4.307788385646632,4.260237180575218,0,119.82660243646978
-11360,3.075069216650473,5.149660353774105,6.011911064042099,4.307788385646632,4.260237180575218,0,119.79453266019975
-11365,3.075069216650473,5.149660353774105,6.011911064042099,4.307788385646632,4.260237180575218,0,119.76238021506937
-11370,3.075069216650473,5.149660353774105,6.011911064042099,4.307788385646632,4.260237180575218,0,119.74567382464426
-11375,3.075069216650473,5.149660353774105,6.011911064042099,4.307788385646632,4.260237180575218,0,119.74343912146091
-11380,3.075069216650473,5.149660353774105,6.011911064042099,4.307788385646632,4.260237180575218,0,119.75620395326504
-11385,3.075069216650473,5.149660353774105,6.011911064042099,4.307788385646632,4.260237180575218,0,119.76894039862738
-11390,3.075069216650473,5.149660353774105,6.011911064042099,4.307788385646632,4.260237180575218,0,119.81177698722148
-11395,3.075069216650473,5.149660353774105,6.011911064042099,4.307788385646632,4.260237180575218,0,119.85411912165374
-11400,3.075069216650473,5.149660353774105,6.011911064042099,4.307788385646632,4.260237180575218,0,119.8969713851624
-11405,3.075069216650473,5.149660353774105,6.011911064042099,4.307788385646632,4.260237180575218,0,119.95442021775735
-11410,3.075069216650473,5.149660353774105,6.011911064042099,4.307788385646632,4.260237180575218,0,119.99729726216486
-11415,3.075069216650473,5.149660353774105,6.011911064042099,4.307788385646632,4.260237180575218,0,120.03967861639657
-11420,3.075069216650473,5.149660353774105,6.011911064042099,4.307788385646632,4.260237180575218,0,120.06745224446165
-11425,3.075069216650473,5.149660353774105,6.011911064042099,4.307788385646632,4.260237180575218,0,120.09571981232472
-11430,3.075069216650473,5.149660353774105,6.011911064042099,4.307788385646632,4.260237180575218,0,120.12347305574696
-11435,3.075069216650473,5.149660353774105,6.011911064042099,4.307788385646632,4.260237180575218,0,120.15121592045408
-11440,3.075069216650473,5.149660353774105,6.011911064042099,4.307788385646632,4.260237180575218,0,120.16379270838584
-11445,3.075069216650473,5.149660353774105,6.011911064042099,4.307788385646632,4.260237180575218,0,120.17684622789517
-11450,3.075069216650473,5.149660353774105,6.011911064042099,4.307788385646632,4.260237180575218,0,120.18936575575094
-11455,3.075069216650473,5.149660353774105,6.011911064042099,4.307788385646632,4.260237180575218,0,120.18768545445424
-11460,3.075069216650473,5.149660353774105,6.011911064042099,4.307788385646632,4.260237180575218,0,120.18545271130176
-11465,3.075069216650473,5.149660353774105,6.011911064042099,4.307788385646632,4.260237180575218,0,120.18317327132124
-11470,3.075069216650473,5.149660353774105,6.011911064042099,4.307788385646632,4.260237180575218,0,120.16614332882875
-11475,3.075069216650473,5.149660353774105,6.011911064042099,4.307788385646632,4.260237180575218,0,120.14904878585551
-11480,3.075069216650473,5.149660353774105,6.011911064042099,4.307788385646632,4.260237180575218,0,120.11716802286108
-11485,3.075069216650473,5.149660353774105,6.011911064042099,4.307788385646632,4.260237180575218,0,120.06996630049657
-11490,3.075069216650473,5.149660353774105,6.011911064042099,4.307788385646632,4.260237180575218,0,120.02317174657162
-11495,3.075069216650473,5.149660353774105,6.011911064042099,4.307788385646632,4.260237180575218,0,119.96152833261348
-11500,3.075069216650473,5.149660353774105,6.011911064042099,4.307788385646632,4.260237180575218,0,119.86974310817877
-11505,3.075069216650473,5.149660353774105,6.011911064042099,4.307788385646632,4.260237180575218,0,119.77780290700386
-11510,3.075069216650473,5.149660353774105,6.011911064042099,4.307788385646632,4.260237180575218,0,119.68672654548816
-11515,3.075069216650473,5.149660353774105,6.011911064042099,4.307788385646632,4.260237180575218,0,119.58020232977404
-11520,3.075069216650473,5.149660353774105,6.011911064042099,4.307788385646632,4.260237180575218,0,119.45922255116947
-11525,3.075069216650473,5.149660353774105,6.011911064042099,4.307788385646632,4.260237180575218,0,119.35285451244052
-11530,3.075069216650473,5.149660353774105,6.011911064042099,4.307788385646632,4.260237180575218,0,119.24682475423995
-11535,3.075069216650473,5.149660353774105,6.011911064042099,4.307788385646632,4.260237180575218,0,119.17077367428423
-11540,3.075069216650473,5.149660353774105,6.011911064042099,4.307788385646632,4.260237180575218,0,119.12373315391662
-11545,3.075069216650473,5.149660353774105,6.011911064042099,4.307788385646632,4.260237180575218,0,119.12161701127037
-11550,3.075069216650473,5.149660353774105,6.011911064042099,4.307788385646632,4.260237180575218,0,119.16399490890184
-11555,3.075069216650473,5.149660353774105,6.011911064042099,4.307788385646632,4.260237180575218,0,119.23609191718762
-11560,3.075069216650473,5.149660353774105,6.011911064042099,4.307788385646632,4.260237180575218,0,119.33796195824635
-11565,3.075069216650473,5.149660353774105,6.011911064042099,4.307788385646632,4.260237180575218,0,119.45478531974946
-11570,3.075069216650473,5.149660353774105,6.011911064042099,4.307788385646632,4.260237180575218,0,119.57170635893304
-11575,3.075069216650473,5.149660353774105,6.011911064042099,4.307788385646632,4.260237180575218,0,119.68872515122801
-11580,3.075069216650473,5.149660353774105,6.011911064042099,4.307788385646632,4.260237180575218,0,119.77604034644165
-11585,3.075069216650473,5.149660353774105,6.011911064042099,4.307788385646632,4.260237180575218,0,119.83359792843412
-11590,3.075069216650473,5.149660353774105,6.011911064042099,4.307788385646632,4.260237180575218,0,119.84642506681303
-11595,3.075069216650473,5.149660353774105,6.011911064042099,4.307788385646632,4.260237180575218,0,119.82936831104662
-11600,3.075069216650473,5.149660353774105,6.011911064042099,4.307788385646632,4.260237180575218,0,119.7679516878195
-11605,3.075069216650473,5.149660353774105,6.011911064042099,4.307788385646632,4.260237180575218,0,119.66157935220369
-11610,3.075069216650473,5.149660353774105,6.011911064042099,4.307788385646632,4.260237180575218,0,119.54007957321473
-11615,3.075069216650473,5.149660353774105,6.011911064042099,4.307788385646632,4.260237180575218,0,119.40445703229885
-11620,3.075069216650473,5.149660353774105,6.011911064042099,4.307788385646632,4.260237180575218,0,119.26862662370871
-11625,3.075069216650473,5.149660353774105,6.011911064042099,4.307788385646632,4.260237180575218,0,119.16255223956043
-11630,3.075069216650473,5.149660353774105,6.011911064042099,4.307788385646632,4.260237180575218,0,119.05682277663713
-11635,3.075069216650473,5.149660353774105,6.011911064042099,4.307788385646632,4.260237180575218,0,118.99540505301287
-11640,3.075069216650473,5.149660353774105,6.011911064042099,4.307788385646632,4.260237180575218,0,118.94887868684192
-11645,3.075069216650473,5.149660353774105,6.011911064042099,4.307788385646632,4.260237180575218,0,118.94678960283174
-11650,3.075069216650473,5.149660353774105,6.011911064042099,4.307788385646632,4.260237180575218,0,118.94465444929723
-11655,3.075069216650473,5.149660353774105,6.011911064042099,4.307788385646632,4.260237180575218,0,118.97202770322868
-11660,3.075069216650473,5.149660353774105,6.011911064042099,4.307788385646632,4.260237180575218,0,119.01443615370222
-11665,3.075069216650473,5.149660353774105,6.011911064042099,4.307788385646632,4.260237180575218,0,119.056852370279
-11670,3.075069216650473,5.149660353774105,6.011911064042099,4.307788385646632,4.260237180575218,0,119.11382072970326
-11675,3.075069216650473,5.149660353774105,6.011911064042099,4.307788385646632,4.260237180575218,0,119.17133419887243
-11680,3.075069216650473,5.149660353774105,6.011911064042099,4.307788385646632,4.260237180575218,0,119.21379160145713
-11685,3.075069216650473,5.149660353774105,6.011911064042099,4.307788385646632,4.260237180575218,0,119.27082755434542
-11690,3.075069216650473,5.149660353774105,6.011911064042099,4.307788385646632,4.260237180575218,0,119.31330927120483
-11695,3.075069216650473,5.149660353774105,6.011911064042099,4.307788385646632,4.260237180575218,0,119.37038716805122
-11700,3.075069216650473,5.149660353774105,6.011911064042099,4.307788385646632,4.260237180575218,0,119.44260904848842
-11705,3.075069216650473,5.149660353774105,6.011911064042099,4.307788385646632,4.260237180575218,0,119.500268532221
-11710,3.075069216650473,5.149660353774105,6.011911064042099,4.307788385646632,4.260237180575218,0,119.58718392358827
-11715,3.075069216650473,5.149660353774105,6.011911064042099,4.307788385646632,4.260237180575218,0,119.68982907036067
-11720,3.075069216650473,5.149660353774105,6.011911064042099,4.307788385646632,4.260237180575218,0,119.79203205371797
-11725,3.075069216650473,5.149660353774105,6.011911064042099,4.307788385646632,4.260237180575218,0,119.89431489461109
-11730,3.075069216650473,5.149660353774105,6.011911064042099,4.307788385646632,4.260237180575218,0,120.01132798353306
-11735,3.075069216650473,5.149660353774105,6.011911064042099,4.307788385646632,4.260237180575218,0,120.11377958099257
-11740,3.075069216650473,5.149660353774105,6.011911064042099,4.307788385646632,4.260237180575218,0,120.18645123125332
-11745,3.075069216650473,5.149660353774105,6.011911064042099,4.307788385646632,4.260237180575218,0,120.25916684956475
-11750,3.075069216650473,5.149660353774105,6.011911064042099,4.307788385646632,4.260237180575218,0,120.3020303317304
-11755,3.075069216650473,5.149660353774105,6.011911064042099,4.307788385646632,4.260237180575218,0,120.33020695554548
-11760,3.075069216650473,5.149660353774105,6.011911064042099,4.307788385646632,4.260237180575218,0,120.31268746867924
-11765,3.075069216650473,5.149660353774105,6.011911064042099,4.307788385646632,4.260237180575218,0,120.2956281812299
-11770,3.075069216650473,5.149660353774105,6.011911064042099,4.307788385646632,4.260237180575218,0,120.24906142645673
-11775,3.075069216650473,5.149660353774105,6.011911064042099,4.307788385646632,4.260237180575218,0,120.20186820701349
-11780,3.075069216650473,5.149660353774105,6.011911064042099,4.307788385646632,4.260237180575218,0,120.12509544214194
-11785,3.075069216650473,5.149660353774105,6.011911064042099,4.307788385646632,4.260237180575218,0,120.06293390682555
-11790,3.075069216650473,5.149660353774105,6.011911064042099,4.307788385646632,4.260237180575218,0,119.97113907803339
-11795,3.075069216650473,5.149660353774105,6.011911064042099,4.307788385646632,4.260237180575218,0,119.86442324394116
-11800,3.075069216650473,5.149660353774105,6.011911064042099,4.307788385646632,4.260237180575218,0,119.74328712475656
-11805,3.075069216650473,5.149660353774105,6.011911064042099,4.307788385646632,4.260237180575218,0,119.60717669566894
-11810,3.075069216650473,5.149660353774105,6.011911064042099,4.307788385646632,4.260237180575218,0,119.47085773415473
-11815,3.075069216650473,5.149660353774105,6.011911064042099,4.307788385646632,4.260237180575218,0,119.3348586715364
-11820,3.075069216650473,5.149660353774105,6.011911064042099,4.307788385646632,4.260237180575218,0,119.22880167008383
-11825,3.075069216650473,5.149660353774105,6.011911064042099,4.307788385646632,4.260237180575218,0,119.12310192546467
-11830,3.075069216650473,5.149660353774105,6.011911064042099,4.307788385646632,4.260237180575218,0,119.06171652446017
-11835,3.075069216650473,5.149660353774105,6.011911064042099,4.307788385646632,4.260237180575218,0,119.01505084028952
-11840,3.075069216650473,5.149660353774105,6.011911064042099,4.307788385646632,4.260237180575218,0,118.98366191901468
-11845,3.075069216650473,5.149660353774105,6.011911064042099,4.307788385646632,4.260237180575218,0,118.98137201622241
-11850,3.075069216650473,5.149660353774105,6.011911064042099,4.307788385646632,4.260237180575218,0,118.99390033721453
-11855,3.075069216650473,5.149660353774105,6.011911064042099,4.307788385646632,4.260237180575218,0,119.02180500491899
-11860,3.075069216650473,5.149660353774105,6.011911064042099,4.307788385646632,4.260237180575218,0,119.04916836113199
-11865,3.075069216650473,5.149660353774105,6.011911064042099,4.307788385646632,4.260237180575218,0,119.07652125995816
-11870,3.075069216650473,5.149660353774105,6.011911064042099,4.307788385646632,4.260237180575218,0,119.08949528611323
-11875,3.075069216650473,5.149660353774105,6.011911064042099,4.307788385646632,4.260237180575218,0,119.10190893842861
-11880,3.075069216650473,5.149660353774105,6.011911064042099,4.307788385646632,4.260237180575218,0,119.11482682556283
-11885,3.075069216650473,5.149660353774105,6.011911064042099,4.307788385646632,4.260237180575218,0,119.14264436351847
-11890,3.075069216650473,5.149660353774105,6.011911064042099,4.307788385646632,4.260237180575218,0,119.15498185909237
-11895,3.075069216650473,5.149660353774105,6.011911064042099,4.307788385646632,4.260237180575218,0,119.18277013134886
-11900,3.075069216650473,5.149660353774105,6.011911064042099,4.307788385646632,4.260237180575218,0,119.21054841163708
-11905,3.075069216650473,5.149660353774105,6.011911064042099,4.307788385646632,4.260237180575218,0,119.25274603336995
-11910,3.075069216650473,5.149660353774105,6.011911064042099,4.307788385646632,4.260237180575218,0,119.29495107878209
-11915,3.075069216650473,5.149660353774105,6.011911064042099,4.307788385646632,4.260237180575218,0,119.35268049746426
-11920,3.075069216650473,5.149660353774105,6.011911064042099,4.307788385646632,4.260237180575218,0,119.424891664951
-11925,3.075069216650473,5.149660353774105,6.011911064042099,4.307788385646632,4.260237180575218,0,119.48214649901021
-11930,3.075069216650473,5.149660353774105,6.011911064042099,4.307788385646632,4.260237180575218,0,119.5694450947012
-11935,3.075069216650473,5.149660353774105,6.011911064042099,4.307788385646632,4.260237180575218,0,119.64178740984693
-11940,3.075069216650473,5.149660353774105,6.011911064042099,4.307788385646632,4.260237180575218,0,119.728664071183
-11945,3.075069216650473,5.149660353774105,6.011911064042099,4.307788385646632,4.260237180575218,0,119.8161390748335
-11950,3.075069216650473,5.149660353774105,6.011911064042099,4.307788385646632,4.260237180575218,0,119.90367610025865
-11960,3.075069216650473,5.149660353774105,6.011911064042099,4.307788385646632,4.260237180575218,0,120.06387272272208
-11970,3.075069216650473,5.149660353774105,6.011911064042099,4.307788385646632,4.260237180575218,0,120.20919958338902
-11980,3.075069216650473,5.149660353774105,6.011911064042099,4.307788385646632,4.260237180575218,0,120.29484102304914
-11990,3.075069216650473,5.149660353774105,6.011911064042099,4.307788385646632,4.260237180575218,0,120.36539523543308
-12000,3.075069216650473,5.149660353774105,6.011911064042099,4.307788385646632,4.260237180575218,0,120.42080727197356
-12010,3.075069216650473,5.149660353774105,6.011911064042099,4.307788385646632,4.260237180575218,0,120.44694950173154
-12020,3.075069216650473,5.149660353774105,6.011911064042099,4.307788385646632,4.260237180575218,0,120.45780519185256
-12030,3.075069216650473,5.149660353774105,6.011911064042099,4.307788385646632,4.260237180575218,0,120.46851069495561
-12040,3.075069216650473,5.149660353774105,6.011911064042099,4.307788385646632,4.260237180575218,0,120.46385548020835
-12050,3.075069216650473,5.149660353774105,6.011911064042099,4.307788385646632,4.260237180575218,0,120.44487169016304
-12060,3.075069216650473,5.149660353774105,6.011911064042099,4.307788385646632,4.260237180575218,0,120.47086190090677
-12070,3.075069216650473,5.149660353774105,6.011911064042099,4.307788385646632,4.260237180575218,0,120.48147311579334
-12080,3.075069216650473,5.149660353774105,6.011911064042099,4.307788385646632,4.260237180575218,0,120.49193351679584
-12090,3.075069216650473,5.149660353774105,6.011911064042099,4.307788385646632,4.260237180575218,0,120.50278923853381
-12100,3.075069216650473,5.149660353774105,6.011911064042099,4.307788385646632,4.260237180575218,0,120.51349470742426
-12110,3.075069216650473,5.149660353774105,6.011911064042099,4.307788385646632,4.260237180575218,0,120.50925788869316
-12120,3.075069216650473,5.149660353774105,6.011911064042099,4.307788385646632,4.260237180575218,0,120.50538275130427
-12130,3.075069216650473,5.149660353774105,6.011911064042099,4.307788385646632,4.260237180575218,0,120.4859450239124
-12140,3.075069216650473,5.149660353774105,6.011911064042099,4.307788385646632,4.260237180575218,0,120.4668335196275
-12150,3.075069216650473,5.149660353774105,6.011911064042099,4.307788385646632,4.260237180575218,0,120.44749922583473
-12160,3.075069216650473,5.149660353774105,6.011911064042099,4.307788385646632,4.260237180575218,0,120.41306023904043
-12170,3.075069216650473,5.149660353774105,6.011911064042099,4.307788385646632,4.260237180575218,0,120.37891324370698
-12180,3.075069216650473,5.149660353774105,6.011911064042099,4.307788385646632,4.260237180575218,0,120.34505966509332
-12190,3.075069216650473,5.149660353774105,6.011911064042099,4.307788385646632,4.260237180575218,0,120.31039459929072
-12200,3.075069216650473,5.149660353774105,6.011911064042099,4.307788385646632,4.260237180575218,0,120.29153054364421
-12210,3.075069216650473,5.149660353774105,6.011911064042099,4.307788385646632,4.260237180575218,0,120.28741622831475
-12220,3.075069216650473,5.149660353774105,6.011911064042099,4.307788385646632,4.260237180575218,0,120.28311571389601
-12230,3.075069216650473,5.149660353774105,6.011911064042099,4.307788385646632,4.260237180575218,0,120.29363649500509
-12240,3.075069216650473,5.149660353774105,6.011911064042099,4.307788385646632,4.260237180575218,0,120.30456304078547
-12250,3.075069216650473,5.149660353774105,6.011911064042099,4.307788385646632,4.260237180575218,0,120.33038408863561
-12260,3.075069216650473,5.149660353774105,6.011911064042099,4.307788385646632,4.260237180575218,0,120.37115388934822
-12270,3.075069216650473,5.149660353774105,6.011911064042099,4.307788385646632,4.260237180575218,0,120.41184609067368
-12280,3.075069216650473,5.149660353774105,6.011911064042099,4.307788385646632,4.260237180575218,0,120.45246044502542
-12290,3.075069216650473,5.149660353774105,6.011911064042099,4.307788385646632,4.260237180575218,0,120.49299670433149
-12300,3.075069216650473,5.149660353774105,6.011911064042099,4.307788385646632,4.260237180575218,0,120.54915075907968
-12310,3.075069216650473,5.149660353774105,6.011911064042099,4.307788385646632,4.260237180575218,0,120.58954908094049
-12320,3.075069216650473,5.149660353774105,6.011911064042099,4.307788385646632,4.260237180575218,0,120.6304305178871
-12330,3.075069216650473,5.149660353774105,6.011911064042099,4.307788385646632,4.260237180575218,0,120.68642483604106
-12340,3.075069216650473,5.149660353774105,6.011911064042099,4.307788385646632,4.260237180575218,0,120.74237797111458
-12350,3.075069216650473,5.149660353774105,6.011911064042099,4.307788385646632,4.260237180575218,0,120.81295315018458
-12360,3.075069216650473,5.149660353774105,6.011911064042099,4.307788385646632,4.260237180575218,0,120.89933275728957
-12370,3.075069216650473,5.149660353774105,6.011911064042099,4.307788385646632,4.260237180575218,0,120.98517912801292
-12380,3.075069216650473,5.149660353774105,6.011911064042099,4.307788385646632,4.260237180575218,0,121.08633893560945
-12390,3.075069216650473,5.149660353774105,6.011911064042099,4.307788385646632,4.260237180575218,0,121.20286762390324
-12400,3.075069216650473,5.149660353774105,6.011911064042099,4.307788385646632,4.260237180575218,0,121.31950100433086
-12410,3.075069216650473,5.149660353774105,6.011911064042099,4.307788385646632,4.260237180575218,0,121.43567107405917
-12420,3.075069216650473,5.149660353774105,6.011911064042099,4.307788385646632,4.260237180575218,0,121.56787027482285
-12430,3.075069216650473,5.149660353774105,6.011911064042099,4.307788385646632,4.260237180575218,0,121.69964212987816
-12440,3.075069216650473,5.149660353774105,6.011911064042099,4.307788385646632,4.260237180575218,0,121.8167309492143
-12450,3.075069216650473,5.149660353774105,6.011911064042099,4.307788385646632,4.260237180575218,0,121.93392491811375
-12460,3.075069216650473,5.149660353774105,6.011911064042099,4.307788385646632,4.260237180575218,0,122.05122411957852
-12470,3.075069216650473,5.149660353774105,6.011911064042099,4.307788385646632,4.260237180575218,0,122.16805641289605
-12480,3.075069216650473,5.149660353774105,6.011911064042099,4.307788385646632,4.260237180575218,0,122.28556563605805
-12490,3.075069216650473,5.149660353774105,6.011911064042099,4.307788385646632,4.260237180575218,0,122.40318034023436
-12500,3.075069216650473,5.149660353774105,6.011911064042099,4.307788385646632,4.260237180575218,0,122.5053943963285
-12510,3.075069216650473,5.149660353774105,6.011911064042099,4.307788385646632,4.260237180575218,0,122.62320154322619
-12520,3.075069216650473,5.149660353774105,6.011911064042099,4.307788385646632,4.260237180575218,0,122.7261463205745
-12530,3.075069216650473,5.149660353774105,6.011911064042099,4.307788385646632,4.260237180575218,0,122.84414684922362
-12540,3.075069216650473,5.149660353774105,6.011911064042099,4.307788385646632,4.260237180575218,0,122.96225323059483
-12550,3.075069216650473,5.149660353774105,6.011911064042099,4.307788385646632,4.260237180575218,0,123.08046554805657
-12560,3.075069216650473,5.149660353774105,6.011911064042099,4.307788385646632,4.260237180575218,0,123.18316471790018
-12570,3.075069216650473,5.149660353774105,6.011911064042099,4.307788385646632,4.260237180575218,0,123.30157025219413
-12580,3.075069216650473,5.149660353774105,6.011911064042099,4.307788385646632,4.260237180575218,0,123.43573895137139
-12590,3.075069216650473,5.149660353774105,6.011911064042099,4.307788385646632,4.260237180575218,0,123.55437584781504
-12600,3.075069216650473,5.149660353774105,6.011911064042099,4.307788385646632,4.260237180575218,0,123.68823273139857
-12610,3.075069216650473,5.149660353774105,6.011911064042099,4.307788385646632,4.260237180575218,0,123.80710071249588
-12620,3.075069216650473,5.149660353774105,6.011911064042099,4.307788385646632,4.260237180575218,0,123.9418081814958
-12630,3.075069216650473,5.149660353774105,6.011911064042099,4.307788385646632,4.260237180575218,0,124.07607695713634
-12640,3.075069216650473,5.149660353774105,6.011911064042099,4.307788385646632,4.260237180575218,0,124.21107330015708
-12650,3.075069216650473,5.149660353774105,6.011911064042099,4.307788385646632,4.260237180575218,0,124.36141998591222
-12660,3.075069216650473,5.149660353774105,6.011911064042099,4.307788385646632,4.260237180575218,0,124.49613939660316
-12670,3.075069216650473,5.149660353774105,6.011911064042099,4.307788385646632,4.260237180575218,0,124.63158897443292
-12680,3.075069216650473,5.149660353774105,6.011911064042099,4.307788385646632,4.260237180575218,0,124.75133650162647
-12690,3.075069216650473,5.149660353774105,6.011911064042099,4.307788385646632,4.260237180575218,0,124.87119131905844
-12700,3.075069216650473,5.149660353774105,6.011911064042099,4.307788385646632,4.260237180575218,0,124.95997000185457
-12710,3.075069216650473,5.149660353774105,6.011911064042099,4.307788385646632,4.260237180575218,0,125.04878065367015
-12720,3.075069216650473,5.149660353774105,6.011911064042099,4.307788385646632,4.260237180575218,0,125.12228859612824
-12730,3.075069216650473,5.149660353774105,6.011911064042099,4.307788385646632,4.260237180575218,0,125.19579127961747
-12740,3.075069216650473,5.149660353774105,6.011911064042099,4.307788385646632,4.260237180575218,0,125.26928858371036
-12750,3.075069216650473,5.149660353774105,6.011911064042099,4.307788385646632,4.260237180575218,0,125.32739001088294
-12760,3.075069216650473,5.149660353774105,6.011911064042099,4.307788385646632,4.260237180575218,0,125.40085756505421
-12770,3.075069216650473,5.149660353774105,6.011911064042099,4.307788385646632,4.260237180575218,0,125.45889169751077
-12780,3.075069216650473,5.149660353774105,6.011911064042099,4.307788385646632,4.260237180575218,0,125.5174766854114
-12790,3.075069216650473,5.149660353774105,6.011911064042099,4.307788385646632,4.260237180575218,0,125.59088990593847
-12800,3.075069216650473,5.149660353774105,6.011911064042099,4.307788385646632,4.260237180575218,0,125.66489248020223
-12810,3.075069216650473,5.149660353774105,6.011911064042099,4.307788385646632,4.260237180575218,0,125.73829394913794
-12820,3.075069216650473,5.149660353774105,6.011911064042099,4.307788385646632,4.260237180575218,0,125.81228596992669
-12830,3.075069216650473,5.149660353774105,6.011911064042099,4.307788385646632,4.260237180575218,0,125.8862728934104
-12840,3.075069216650473,5.149660353774105,6.011911064042099,4.307788385646632,4.260237180575218,0,125.9758134480927
-12850,3.075069216650473,5.149660353774105,6.011911064042099,4.307788385646632,4.260237180575218,0,126.06538632895818
-12860,3.075069216650473,5.149660353774105,6.011911064042099,4.307788385646632,4.260237180575218,0,126.17118788720458
-12870,3.075069216650473,5.149660353774105,6.011911064042099,4.307788385646632,4.260237180575218,0,126.27646028136618
-12880,3.075069216650473,5.149660353774105,6.011911064042099,4.307788385646632,4.260237180575218,0,126.3824039881966
-12890,3.075069216650473,5.149660353774105,6.011911064042099,4.307788385646632,4.260237180575218,0,126.50347035164118
-12900,3.075069216650473,5.149660353774105,6.011911064042099,4.307788385646632,4.260237180575218,0,126.62524740932204
-12910,3.075069216650473,5.149660353774105,6.011911064042099,4.307788385646632,4.260237180575218,0,126.73144277054928
-12920,3.075069216650473,5.149660353774105,6.011911064042099,4.307788385646632,4.260237180575218,0,126.85281560724981
-12930,3.075069216650473,5.149660353774105,6.011911064042099,4.307788385646632,4.260237180575218,0,126.95917239431694
-12940,3.075069216650473,5.149660353774105,6.011911064042099,4.307788385646632,4.260237180575218,0,127.06560080065539
-12950,3.075069216650473,5.149660353774105,6.011911064042099,4.307788385646632,4.260237180575218,0,127.17149441049263
-12960,3.075069216650473,5.149660353774105,6.011911064042099,4.307788385646632,4.260237180575218,0,127.27806537394014
-12970,3.075069216650473,5.149660353774105,6.011911064042099,4.307788385646632,4.260237180575218,0,127.38470800824653
-12980,3.075069216650473,5.149660353774105,6.011911064042099,4.307788385646632,4.260237180575218,0,127.47498910213884
-12990,3.075069216650473,5.149660353774105,6.011911064042099,4.307788385646632,4.260237180575218,0,127.58175523920497
-13000,3.075069216650473,5.149660353774105,6.011911064042099,4.307788385646632,4.260237180575218,0,127.68859307496146
-13010,3.075069216650473,5.149660353774105,6.011911064042099,4.307788385646632,4.260237180575218,0,127.77962050356689
-13020,3.075069216650473,5.149660353774105,6.011911064042099,4.307788385646632,4.260237180575218,0,127.87068121724003
-13030,3.075069216650473,5.149660353774105,6.011911064042099,4.307788385646632,4.260237180575218,0,127.96177516319405
-13040,3.075069216650473,5.149660353774105,6.011911064042099,4.307788385646632,4.260237180575218,0,128.05290228846548
-13050,3.075069216650473,5.149660353774105,6.011911064042099,4.307788385646632,4.260237180575218,0,128.12810338149316
-13060,3.075069216650473,5.149660353774105,6.011911064042099,4.307788385646632,4.260237180575218,0,128.21927738862985
-13070,3.075069216650473,5.149660353774105,6.011911064042099,4.307788385646632,4.260237180575218,0,128.29448657560403
-13080,3.075069216650473,5.149660353774105,6.011911064042099,4.307788385646632,4.260237180575218,0,128.36968997693313
-13090,3.075069216650473,5.149660353774105,6.011911064042099,4.307788385646632,4.260237180575218,0,128.4294676919706
-13100,3.075069216650473,5.149660353774105,6.011911064042099,4.307788385646632,4.260237180575218,0,128.4885845064582
-13110,3.075069216650473,5.149660353774105,6.011911064042099,4.307788385646632,4.260237180575218,0,128.53219914288468
-13120,3.075069216650473,5.149660353774105,6.011911064042099,4.307788385646632,4.260237180575218,0,128.55963624357287
-13130,3.075069216650473,5.149660353774105,6.011911064042099,4.307788385646632,4.260237180575218,0,128.570837100188
-13140,3.075069216650473,5.149660353774105,6.011911064042099,4.307788385646632,4.260237180575218,0,128.5663633953585
-13150,3.075069216650473,5.149660353774105,6.011911064042099,4.307788385646632,4.260237180575218,0,128.54615838976355
-13160,3.075069216650473,5.149660353774105,6.011911064042099,4.307788385646632,4.260237180575218,0,128.52571610886855
-13170,3.075069216650473,5.149660353774105,6.011911064042099,4.307788385646632,4.260237180575218,0,128.48884349395846
-13180,3.075069216650473,5.149660353774105,6.011911064042099,4.307788385646632,4.260237180575218,0,128.43672828603624
-13190,3.075069216650473,5.149660353774105,6.011911064042099,4.307788385646632,4.260237180575218,0,128.41613784356264
-13200,3.075069216650473,5.149660353774105,6.011911064042099,4.307788385646632,4.260237180575218,0,128.37968305187442
-13210,3.075069216650473,5.149660353774105,6.011911064042099,4.307788385646632,4.260237180575218,0,128.3748681670425
-13220,3.075069216650473,5.149660353774105,6.011911064042099,4.307788385646632,4.260237180575218,0,128.38677085408636
-13230,3.075069216650473,5.149660353774105,6.011911064042099,4.307788385646632,4.260237180575218,0,128.39788694782393
-13240,3.075069216650473,5.149660353774105,6.011911064042099,4.307788385646632,4.260237180575218,0,128.42517206281997
-13250,3.075069216650473,5.149660353774105,6.011911064042099,4.307788385646632,4.260237180575218,0,128.43661398311232
-13260,3.075069216650473,5.149660353774105,6.011911064042099,4.307788385646632,4.260237180575218,0,128.44852505308305
-13270,3.075069216650473,5.149660353774105,6.011911064042099,4.307788385646632,4.260237180575218,0,128.4596464167659
-13280,3.075069216650473,5.149660353774105,6.011911064042099,4.307788385646632,4.260237180575218,0,128.47123764499088
-13290,3.075069216650473,5.149660353774105,6.011911064042099,4.307788385646632,4.260237180575218,0,128.46687134131082
-13300,3.075069216650473,5.149660353774105,6.011911064042099,4.307788385646632,4.260237180575218,0,128.47812275189685
-13310,3.075069216650473,5.149660353774105,6.011911064042099,4.307788385646632,4.260237180575218,0,128.48984660953116
-13320,3.075069216650473,5.149660353774105,6.011911064042099,4.307788385646632,4.260237180575218,0,128.4849216029356
-13330,3.075069216650473,5.149660353774105,6.011911064042099,4.307788385646632,4.260237180575218,0,128.46455737326167
-13340,3.075069216650473,5.149660353774105,6.011911064042099,4.307788385646632,4.260237180575218,0,128.45984882678096
-13350,3.075069216650473,5.149660353774105,6.011911064042099,4.307788385646632,4.260237180575218,0,128.43966470487288
-13360,3.075069216650473,5.149660353774105,6.011911064042099,4.307788385646632,4.260237180575218,0,128.41924351427494
-13370,3.075069216650473,5.149660353774105,6.011911064042099,4.307788385646632,4.260237180575218,0,128.3985847106568
-13380,3.075069216650473,5.149660353774105,6.011911064042099,4.307788385646632,4.260237180575218,0,128.4102671890884
-13390,3.075069216650473,5.149660353774105,6.011911064042099,4.307788385646632,4.260237180575218,0,128.4217898320765
-13400,3.075069216650473,5.149660353774105,6.011911064042099,4.307788385646632,4.260237180575218,0,128.44916123422468
-13410,3.075069216650473,5.149660353774105,6.011911064042099,4.307788385646632,4.260237180575218,0,128.50846749938648
-13420,3.075069216650473,5.149660353774105,6.011911064042099,4.307788385646632,4.260237180575218,0,128.56772914389703
-13430,3.075069216650473,5.149660353774105,6.011911064042099,4.307788385646632,4.260237180575218,0,128.65972306399266
-13440,3.075069216650473,5.149660353774105,6.011911064042099,4.307788385646632,4.260237180575218,0,128.73502120537265
-13450,3.075069216650473,5.149660353774105,6.011911064042099,4.307788385646632,4.260237180575218,0,128.84252537310942
-13460,3.075069216650473,5.149660353774105,6.011911064042099,4.307788385646632,4.260237180575218,0,128.93462058871498
-13470,3.075069216650473,5.149660353774105,6.011911064042099,4.307788385646632,4.260237180575218,0,129.02610417830158
-13480,3.075069216650473,5.149660353774105,6.011911064042099,4.307788385646632,4.260237180575218,0,129.13443159573407
-13490,3.075069216650473,5.149660353774105,6.011911064042099,4.307788385646632,4.260237180575218,0,129.22600060629003
-13500,3.075069216650473,5.149660353774105,6.011911064042099,4.307788385646632,4.260237180575218,0,129.33445408051014
-13510,3.075069216650473,5.149660353774105,6.011911064042099,4.307788385646632,4.260237180575218,0,129.42610838908496
-13520,3.075069216650473,5.149660353774105,6.011911064042099,4.307788385646632,4.260237180575218,0,129.5346878951747
-13530,3.075069216650473,5.149660353774105,6.011911064042099,4.307788385646632,4.260237180575218,0,129.64334063122175
-13540,3.075069216650473,5.149660353774105,6.011911064042099,4.307788385646632,4.260237180575218,0,129.75141531828774
-13550,3.075069216650473,5.149660353774105,6.011911064042099,4.307788385646632,4.260237180575218,0,129.86021378043898
-13560,3.075069216650473,5.149660353774105,6.011911064042099,4.307788385646632,4.260237180575218,0,129.98475452039213
-13570,3.075069216650473,5.149660353774105,6.011911064042099,4.307788385646632,4.260237180575218,0,130.1100601586763
-13580,3.075069216650473,5.149660353774105,6.011911064042099,4.307788385646632,4.260237180575218,0,130.23482424327887
-13590,3.075069216650473,5.149660353774105,6.011911064042099,4.307788385646632,4.260237180575218,0,130.3439737746728
-13600,3.075069216650473,5.149660353774105,6.011911064042099,4.307788385646632,4.260237180575218,0,130.43679569354424
-13610,3.075069216650473,5.149660353774105,6.011911064042099,4.307788385646632,4.260237180575218,0,130.51323046164507
-13620,3.075069216650473,5.149660353774105,6.011911064042099,4.307788385646632,4.260237180575218,0,130.57387602711373
-13630,3.075069216650473,5.149660353774105,6.011911064042099,4.307788385646632,4.260237180575218,0,130.6015558585542
-13640,3.075069216650473,5.149660353774105,6.011911064042099,4.307788385646632,4.260237180575218,0,130.64559198430197
-13650,3.075069216650473,5.149660353774105,6.011911064042099,4.307788385646632,4.260237180575218,0,130.69020339111017
-13660,3.075069216650473,5.149660353774105,6.011911064042099,4.307788385646632,4.260237180575218,0,130.7340705651556
-13670,3.075069216650473,5.149660353774105,6.011911064042099,4.307788385646632,4.260237180575218,0,130.77851408014556
-13680,3.075069216650473,5.149660353774105,6.011911064042099,4.307788385646632,4.260237180575218,0,130.83877175383645
-13690,3.075069216650473,5.149660353774105,6.011911064042099,4.307788385646632,4.260237180575218,0,130.89964692026925
-13700,3.075069216650473,5.149660353774105,6.011911064042099,4.307788385646632,4.260237180575218,0,130.9598137373647
-13710,3.075069216650473,5.149660353774105,6.011911064042099,4.307788385646632,4.260237180575218,0,131.0205992563013
-13720,3.075069216650473,5.149660353774105,6.011911064042099,4.307788385646632,4.260237180575218,0,131.08134005724688
-13730,3.075069216650473,5.149660353774105,6.011911064042099,4.307788385646632,4.260237180575218,0,131.14203594289015
-13740,3.075069216650473,5.149660353774105,6.011911064042099,4.307788385646632,4.260237180575218,0,131.1866727988143
-13750,3.075069216650473,5.149660353774105,6.011911064042099,4.307788385646632,4.260237180575218,0,131.23055752250096
-13760,3.075069216650473,5.149660353774105,6.011911064042099,4.307788385646632,4.260237180575218,0,131.25897243768028
-13770,3.075069216650473,5.149660353774105,6.011911064042099,4.307788385646632,4.260237180575218,0,131.28659420221481
-13780,3.075069216650473,5.149660353774105,6.011911064042099,4.307788385646632,4.260237180575218,0,131.29866941837867
-13790,3.075069216650473,5.149660353774105,6.011911064042099,4.307788385646632,4.260237180575218,0,131.2937991552378
-13800,3.075069216650473,5.149660353774105,6.011911064042099,4.307788385646632,4.260237180575218,0,131.28939684351636
-13810,3.075069216650473,5.149660353774105,6.011911064042099,4.307788385646632,4.260237180575218,0,131.30094161064926
-13820,3.075069216650473,5.149660353774105,6.011911064042099,4.307788385646632,4.260237180575218,0,131.32916535158722
-13830,3.075069216650473,5.149660353774105,6.011911064042099,4.307788385646632,4.260237180575218,0,131.34107583357857
-13840,3.075069216650473,5.149660353774105,6.011911064042099,4.307788385646632,4.260237180575218,0,131.35282273849137
-13850,3.075069216650473,5.149660353774105,6.011911064042099,4.307788385646632,4.260237180575218,0,131.3968625124134
-13860,3.075069216650473,5.149660353774105,6.011911064042099,4.307788385646632,4.260237180575218,0,131.42524538418613
-13870,3.075069216650473,5.149660353774105,6.011911064042099,4.307788385646632,4.260237180575218,0,131.46977219622605
-13880,3.075069216650473,5.149660353774105,6.011911064042099,4.307788385646632,4.260237180575218,0,131.4979268184495
-13890,3.075069216650473,5.149660353774105,6.011911064042099,4.307788385646632,4.260237180575218,0,131.54226412676587
-13900,3.075069216650473,5.149660353774105,6.011911064042099,4.307788385646632,4.260237180575218,0,131.58651611044937
-13910,3.075069216650473,5.149660353774105,6.011911064042099,4.307788385646632,4.260237180575218,0,131.63136360821827
-13920,3.075069216650473,5.149660353774105,6.011911064042099,4.307788385646632,4.260237180575218,0,131.69249331842207
-13930,3.075069216650473,5.149660353774105,6.011911064042099,4.307788385646632,4.260237180575218,0,131.75289539989458
-13940,3.075069216650473,5.149660353774105,6.011911064042099,4.307788385646632,4.260237180575218,0,131.79752827215512
-13950,3.075069216650473,5.149660353774105,6.011911064042099,4.307788385646632,4.260237180575218,0,131.8585020959023
-13960,3.075069216650473,5.149660353774105,6.011911064042099,4.307788385646632,4.260237180575218,0,131.91943043017662
-13970,3.075069216650473,5.149660353774105,6.011911064042099,4.307788385646632,4.260237180575218,0,131.9809991472963
-13980,3.075069216650473,5.149660353774105,6.011911064042099,4.307788385646632,4.260237180575218,0,132.02535108139534
-13990,3.075069216650473,5.149660353774105,6.011911064042099,4.307788385646632,4.260237180575218,0,132.08681035948345
-14000,3.075069216650473,5.149660353774105,6.011911064042099,4.307788385646632,4.260237180575218,0,132.1310108375098
-14010,3.075069216650473,5.149660353774105,6.011911064042099,4.307788385646632,4.260237180575218,0,132.19235978512594
-14020,3.075069216650473,5.149660353774105,6.011911064042099,4.307788385646632,4.260237180575218,0,132.23709804709114
-14030,3.075069216650473,5.149660353774105,6.011911064042099,4.307788385646632,4.260237180575218,0,132.28175093764912
-14040,3.075069216650473,5.149660353774105,6.011911064042099,4.307788385646632,4.260237180575218,0,132.32631818458452
-14050,3.075069216650473,5.149660353774105,6.011911064042099,4.307788385646632,4.260237180575218,0,132.37149225857513
-14060,3.075069216650473,5.149660353774105,6.011911064042099,4.307788385646632,4.260237180575218,0,132.39993585353952
-14070,3.075069216650473,5.149660353774105,6.011911064042099,4.307788385646632,4.260237180575218,0,132.42825436809943
-14080,3.075069216650473,5.149660353774105,6.011911064042099,4.307788385646632,4.260237180575218,0,132.43976117002973
-14090,3.075069216650473,5.149660353774105,6.011911064042099,4.307788385646632,4.260237180575218,0,132.46850439596417
-14100,3.075069216650473,5.149660353774105,6.011911064042099,4.307788385646632,4.260237180575218,0,132.4796995139136
-14110,3.075069216650473,5.149660353774105,6.011911064042099,4.307788385646632,4.260237180575218,0,132.49212323318616
-14120,3.075069216650473,5.149660353774105,6.011911064042099,4.307788385646632,4.260237180575218,0,132.50368429786857
-14130,3.075069216650473,5.149660353774105,6.011911064042099,4.307788385646632,4.260237180575218,0,132.51577871570396
-14140,3.075069216650473,5.149660353774105,6.011911064042099,4.307788385646632,4.260237180575218,0,132.54381579317308
-14150,3.075069216650473,5.149660353774105,6.011911064042099,4.307788385646632,4.260237180575218,0,132.5885547780016
-14160,3.075069216650473,5.149660353774105,6.011911064042099,4.307788385646632,4.260237180575218,0,132.6170613489519
-14170,3.075069216650473,5.149660353774105,6.011911064042099,4.307788385646632,4.260237180575218,0,132.66160874720373
-14180,3.075069216650473,5.149660353774105,6.011911064042099,4.307788385646632,4.260237180575218,0,132.70677341328772
-14190,3.075069216650473,5.149660353774105,6.011911064042099,4.307788385646632,4.260237180575218,0,132.7518530527181
-14200,3.075069216650473,5.149660353774105,6.011911064042099,4.307788385646632,4.260237180575218,0,132.77991711812467
-14210,3.075069216650473,5.149660353774105,6.011911064042099,4.307788385646632,4.260237180575218,0,132.80856090908492
-14220,3.075069216650473,5.149660353774105,6.011911064042099,4.307788385646632,4.260237180575218,0,132.83707950589735
-14230,3.075069216650473,5.149660353774105,6.011911064042099,4.307788385646632,4.260237180575218,0,132.86547256352267
-14240,3.075069216650473,5.149660353774105,6.011911064042099,4.307788385646632,4.260237180575218,0,132.89373973626982
-14250,3.075069216650473,5.149660353774105,6.011911064042099,4.307788385646632,4.260237180575218,0,132.92188067779477
-14260,3.075069216650473,5.149660353774105,6.011911064042099,4.307788385646632,4.260237180575218,0,132.93426257097113
-14270,3.075069216650473,5.149660353774105,6.011911064042099,4.307788385646632,4.260237180575218,0,132.96213108665904
-14280,3.075069216650473,5.149660353774105,6.011911064042099,4.307788385646632,4.260237180575218,0,132.97420196874265
-14290,3.075069216650473,5.149660353774105,6.011911064042099,4.307788385646632,4.260237180575218,0,132.9697048153091
-14300,3.075069216650473,5.149660353774105,6.011911064042099,4.307788385646632,4.260237180575218,0,132.96500195462758
-14310,3.075069216650473,5.149660353774105,6.011911064042099,4.307788385646632,4.260237180575218,0,132.94365070950752
-14320,3.075069216650473,5.149660353774105,6.011911064042099,4.307788385646632,4.260237180575218,0,132.93923080037092
-14330,3.075069216650473,5.149660353774105,6.011911064042099,4.307788385646632,4.260237180575218,0,132.93460541574203
-14340,3.075069216650473,5.149660353774105,6.011911064042099,4.307788385646632,4.260237180575218,0,132.94627602827322
-14350,3.075069216650473,5.149660353774105,6.011911064042099,4.307788385646632,4.260237180575218,0,132.95778013091447
-14360,3.075069216650473,5.149660353774105,6.011911064042099,4.307788385646632,4.260237180575218,0,132.9698365180911
-14370,3.075069216650473,5.149660353774105,6.011911064042099,4.307788385646632,4.260237180575218,0,132.9817272953178
-14380,3.075069216650473,5.149660353774105,6.011911064042099,4.307788385646632,4.260237180575218,0,132.99345204401786
-14390,3.075069216650473,5.149660353774105,6.011911064042099,4.307788385646632,4.260237180575218,0,133.00573217426174
-14400,3.075069216650473,5.149660353774105,6.011911064042099,4.307788385646632,4.260237180575218,0,133.0337466527824
-14410,3.075069216650473,5.149660353774105,6.011911064042099,4.307788385646632,4.260237180575218,0,133.0623576607565
-14420,3.075069216650473,5.149660353774105,6.011911064042099,4.307788385646632,4.260237180575218,0,133.10750545904745
-14430,3.075069216650473,5.149660353774105,6.011911064042099,4.307788385646632,4.260237180575218,0,133.16925020685315
-14440,3.075069216650473,5.149660353774105,6.011911064042099,4.307788385646632,4.260237180575218,0,133.23094941221194
-14450,3.075069216650473,5.149660353774105,6.011911064042099,4.307788385646632,4.260237180575218,0,133.30932588867094
-14460,3.075069216650473,5.149660353774105,6.011911064042099,4.307788385646632,4.260237180575218,0,133.37095364833155
-14470,3.075069216650473,5.149660353774105,6.011911064042099,4.307788385646632,4.260237180575218,0,133.4492988089153
-14480,3.075069216650473,5.149660353774105,6.011911064042099,4.307788385646632,4.260237180575218,0,133.527638227782
-14490,3.075069216650473,5.149660353774105,6.011911064042099,4.307788385646632,4.260237180575218,0,133.60597177624857
-14500,3.075069216650473,5.149660353774105,6.011911064042099,4.307788385646632,4.260237180575218,0,133.68429932532877
-14510,3.075069216650473,5.149660353774105,6.011911064042099,4.307788385646632,4.260237180575218,0,133.76262074573268
-14520,3.075069216650473,5.149660353774105,6.011911064042099,4.307788385646632,4.260237180575218,0,133.82480395630873
-14530,3.075069216650473,5.149660353774105,6.011911064042099,4.307788385646632,4.260237180575218,0,133.8869417260709
-14540,3.075069216650473,5.149660353774105,6.011911064042099,4.307788385646632,4.260237180575218,0,133.94903385391035
-14550,3.075069216650473,5.149660353774105,6.011911064042099,4.307788385646632,4.260237180575218,0,134.01034420186798
-14560,3.075069216650473,5.149660353774105,6.011911064042099,4.307788385646632,4.260237180575218,0,134.05613335129593
-14570,3.075069216650473,5.149660353774105,6.011911064042099,4.307788385646632,4.260237180575218,0,134.10109929072217
-14580,3.075069216650473,5.149660353774105,6.011911064042099,4.307788385646632,4.260237180575218,0,134.14671629132192
-14590,3.075069216650473,5.149660353774105,6.011911064042099,4.307788385646632,4.260237180575218,0,134.19224725129445
-14600,3.075069216650473,5.149660353774105,6.011911064042099,4.307788385646632,4.260237180575218,0,134.2206626688391
-14610,3.075069216650473,5.149660353774105,6.011911064042099,4.307788385646632,4.260237180575218,0,134.28304994832675
-14620,3.075069216650473,5.149660353774105,6.011911064042099,4.307788385646632,4.260237180575218,0,134.32832113352012
-14630,3.075069216650473,5.149660353774105,6.011911064042099,4.307788385646632,4.260237180575218,0,134.3735051743516
-14640,3.075069216650473,5.149660353774105,6.011911064042099,4.307788385646632,4.260237180575218,0,134.43571361961173
-14650,3.075069216650473,5.149660353774105,6.011911064042099,4.307788385646632,4.260237180575218,0,134.481488144663
-14660,3.075069216650473,5.149660353774105,6.011911064042099,4.307788385646632,4.260237180575218,0,134.52717652018305
-14670,3.075069216650473,5.149660353774105,6.011911064042099,4.307788385646632,4.260237180575218,0,134.57277847055468
-14680,3.075069216650473,5.149660353774105,6.011911064042099,4.307788385646632,4.260237180575218,0,134.61829371961977
-14690,3.075069216650473,5.149660353774105,6.011911064042099,4.307788385646632,4.260237180575218,0,134.68018912359886
-14700,3.075069216650473,5.149660353774105,6.011911064042099,4.307788385646632,4.260237180575218,0,134.7262994834807
-14710,3.075069216650473,5.149660353774105,6.011911064042099,4.307788385646632,4.260237180575218,0,134.77157382950685
-14720,3.075069216650473,5.149660353774105,6.011911064042099,4.307788385646632,4.260237180575218,0,134.8340386181741
-14730,3.075069216650473,5.149660353774105,6.011911064042099,4.307788385646632,4.260237180575218,0,134.91300417537667
-14740,3.075069216650473,5.149660353774105,6.011911064042099,4.307788385646632,4.260237180575218,0,134.97539631454575
-14750,3.075069216650473,5.149660353774105,6.011911064042099,4.307788385646632,4.260237180575218,0,135.07166996693323
-14760,3.075069216650473,5.149660353774105,6.011911064042099,4.307788385646632,4.260237180575218,0,135.16797892869127
-14770,3.075069216650473,5.149660353774105,6.011911064042099,4.307788385646632,4.260237180575218,0,135.24694009308672
-14780,3.075069216650473,5.149660353774105,6.011911064042099,4.307788385646632,4.260237180575218,0,135.34329846601244
-14790,3.075069216650473,5.149660353774105,6.011911064042099,4.307788385646632,4.260237180575218,0,135.4396919555639
-14800,3.075069216650473,5.149660353774105,6.011911064042099,4.307788385646632,4.260237180575218,0,135.51943278856567
-14810,3.075069216650473,5.149660353774105,6.011911064042099,4.307788385646632,4.260237180575218,0,135.599168227623
-14820,3.075069216650473,5.149660353774105,6.011911064042099,4.307788385646632,4.260237180575218,0,135.66217000333288
-14830,3.075069216650473,5.149660353774105,6.011911064042099,4.307788385646632,4.260237180575218,0,135.74187401658077
-14840,3.075069216650473,5.149660353774105,6.011911064042099,4.307788385646632,4.260237180575218,0,135.804041349045
-14850,3.075069216650473,5.149660353774105,6.011911064042099,4.307788385646632,4.260237180575218,0,135.8669234368608
-14860,3.075069216650473,5.149660353774105,6.011911064042099,4.307788385646632,4.260237180575218,0,135.9473321214625
-14870,3.075069216650473,5.149660353774105,6.011911064042099,4.307788385646632,4.260237180575218,0,136.02697141999565
-14880,3.075069216650473,5.149660353774105,6.011911064042099,4.307788385646632,4.260237180575218,0,136.08975433957167
-14890,3.075069216650473,5.149660353774105,6.011911064042099,4.307788385646632,4.260237180575218,0,136.17012717950118
-14900,3.075069216650473,5.149660353774105,6.011911064042099,4.307788385646632,4.260237180575218,0,136.2497274389198
-14910,3.075069216650473,5.149660353774105,6.011911064042099,4.307788385646632,4.260237180575218,0,136.3300895873804
-14920,3.075069216650473,5.149660353774105,6.011911064042099,4.307788385646632,4.260237180575218,0,136.3927453098023
-14930,3.075069216650473,5.149660353774105,6.011911064042099,4.307788385646632,4.260237180575218,0,136.47307574903218
-14940,3.075069216650473,5.149660353774105,6.011911064042099,4.307788385646632,4.260237180575218,0,136.55340082533365
-14950,3.075069216650473,5.149660353774105,6.011911064042099,4.307788385646632,4.260237180575218,0,136.63372040803196
-14960,3.075069216650473,5.149660353774105,6.011911064042099,4.307788385646632,4.260237180575218,0,136.6970205141467
-14970,3.075069216650473,5.149660353774105,6.011911064042099,4.307788385646632,4.260237180575218,0,136.7602736768108
-14980,3.075069216650473,5.149660353774105,6.011911064042099,4.307788385646632,4.260237180575218,0,136.82347968964132
-14990,3.075069216650473,5.149660353774105,6.011911064042099,4.307788385646632,4.260237180575218,0,136.8695626376583
-15000,3.075069216650473,5.149660353774105,6.011911064042099,4.307788385646632,4.260237180575218,0,136.8984603076441
-15010,3.075069216650473,5.149660353774105,6.011911064042099,4.307788385646632,4.260237180575218,0,136.92800545500086
-15020,3.075069216650473,5.149660353774105,6.011911064042099,4.307788385646632,4.260237180575218,0,136.9402837669396
-15030,3.075069216650473,5.149660353774105,6.011911064042099,4.307788385646632,4.260237180575218,0,136.96954972241778
-15040,3.075069216650473,5.149660353774105,6.011911064042099,4.307788385646632,4.260237180575218,0,136.98150659261674
-15050,3.075069216650473,5.149660353774105,6.011911064042099,4.307788385646632,4.260237180575218,0,137.02847374881867
-15060,3.075069216650473,5.149660353774105,6.011911064042099,4.307788385646632,4.260237180575218,0,137.0573502287297
-15070,3.075069216650473,5.149660353774105,6.011911064042099,4.307788385646632,4.260237180575218,0,137.0696378099633
-15080,3.075069216650473,5.149660353774105,6.011911064042099,4.307788385646632,4.260237180575218,0,137.09901696391563
-15090,3.075069216650473,5.149660353774105,6.011911064042099,4.307788385646632,4.260237180575218,0,137.12826641903857
-15100,3.075069216650473,5.149660353774105,6.011911064042099,4.307788385646632,4.260237180575218,0,137.15738581831053
-15110,3.075069216650473,5.149660353774105,6.011911064042099,4.307788385646632,4.260237180575218,0,137.18716232175825
-15120,3.075069216650473,5.149660353774105,6.011911064042099,4.307788385646632,4.260237180575218,0,137.21602148878668
-15130,3.075069216650473,5.149660353774105,6.011911064042099,4.307788385646632,4.260237180575218,0,137.24553895132257
-15140,3.075069216650473,5.149660353774105,6.011911064042099,4.307788385646632,4.260237180575218,0,137.25753845667765
-15150,3.075069216650473,5.149660353774105,6.011911064042099,4.307788385646632,4.260237180575218,0,137.28756669575017
-15160,3.075069216650473,5.149660353774105,6.011911064042099,4.307788385646632,4.260237180575218,0,137.2992437382222
-15170,3.075069216650473,5.149660353774105,6.011911064042099,4.307788385646632,4.260237180575218,0,137.32899275975385
-15180,3.075069216650473,5.149660353774105,6.011911064042099,4.307788385646632,4.260237180575218,0,137.3578184268931
-15190,3.075069216650473,5.149660353774105,6.011911064042099,4.307788385646632,4.260237180575218,0,137.40480172056823
-15200,3.075069216650473,5.149660353774105,6.011911064042099,4.307788385646632,4.260237180575218,0,137.45090137138524
-15210,3.075069216650473,5.149660353774105,6.011911064042099,4.307788385646632,4.260237180575218,0,137.4977084117621
-15220,3.075069216650473,5.149660353774105,6.011911064042099,4.307788385646632,4.260237180575218,0,137.5444273845978
-15230,3.075069216650473,5.149660353774105,6.011911064042099,4.307788385646632,4.260237180575218,0,137.59105800811918
-15240,3.075069216650473,5.149660353774105,6.011911064042099,4.307788385646632,4.260237180575218,0,137.61999999999998
-15250,3.075069216650473,5.149660353774105,6.011911064042099,4.307788385646632,4.260237180575218,0,137.66643177409287
-15260,3.075069216650473,5.149660353774105,6.011911064042099,4.307788385646632,4.260237180575218,0,137.71357626227677
-15270,3.075069216650473,5.149660353774105,6.011911064042099,4.307788385646632,4.260237180575218,0,137.7598302755397
-15280,3.075069216650473,5.149660353774105,6.011911064042099,4.307788385646632,4.260237180575218,0,137.80679837799377
-15290,3.075069216650473,5.149660353774105,6.011911064042099,4.307788385646632,4.260237180575218,0,137.87058027131698
-15300,3.075069216650473,5.149660353774105,6.011911064042099,4.307788385646632,4.260237180575218,0,137.93431466883658
-15310,3.075069216650473,5.149660353774105,6.011911064042099,4.307788385646632,4.260237180575218,0,138.01494422461508
-15320,3.075069216650473,5.149660353774105,6.011911064042099,4.307788385646632,4.260237180575218,0,138.11333803291006
-15330,3.075069216650473,5.149660353774105,6.011911064042099,4.307788385646632,4.260237180575218,0,138.21176782986407
-15340,3.075069216650473,5.149660353774105,6.011911064042099,4.307788385646632,4.260237180575218,0,138.3102335584425
-15350,3.075069216650473,5.149660353774105,6.011911064042099,4.307788385646632,4.260237180575218,0,138.40873516142025
-15360,3.075069216650473,5.149660353774105,6.011911064042099,4.307788385646632,4.260237180575218,0,138.49022693106528
-15370,3.075069216650473,5.149660353774105,6.011911064042099,4.307788385646632,4.260237180575218,0,138.5887794781258
-15380,3.075069216650473,5.149660353774105,6.011911064042099,4.307788385646632,4.260237180575218,0,138.67028076194836
-15390,3.075069216650473,5.149660353774105,6.011911064042099,4.307788385646632,4.260237180575218,0,138.7338540290822
-15400,3.075069216650473,5.149660353774105,6.011911064042099,4.307788385646632,4.260237180575218,0,138.79819366500956
-15410,3.075069216650473,5.149660353774105,6.011911064042099,4.307788385646632,4.260237180575218,0,138.86248579710235
-15420,3.075069216650473,5.149660353774105,6.011911064042099,4.307788385646632,4.260237180575218,0,138.90956039692327
-15430,3.075069216650473,5.149660353774105,6.011911064042099,4.307788385646632,4.260237180575218,0,138.95654550880633
-15440,3.075069216650473,5.149660353774105,6.011911064042099,4.307788385646632,4.260237180575218,0,139.00344084714789
-15450,3.075069216650473,5.149660353774105,6.011911064042099,4.307788385646632,4.260237180575218,0,139.03301388340026
-15460,3.075069216650473,5.149660353774105,6.011911064042099,4.307788385646632,4.260237180575218,0,139.0805295336919
-15470,3.075069216650473,5.149660353774105,6.011911064042099,4.307788385646632,4.260237180575218,0,139.09258597547483
-15480,3.075069216650473,5.149660353774105,6.011911064042099,4.307788385646632,4.260237180575218,0,139.1225862958557
-15490,3.075069216650473,5.149660353774105,6.011911064042099,4.307788385646632,4.260237180575218,0,139.13513963082104
-15500,3.075069216650473,5.149660353774105,6.011911064042099,4.307788385646632,4.260237180575218,0,139.13018274100511
-15510,3.075069216650473,5.149660353774105,6.011911064042099,4.307788385646632,4.260237180575218,0,139.1250100046136
-15520,3.075069216650473,5.149660353774105,6.011911064042099,4.307788385646632,4.260237180575218,0,139.12044846735995
-15530,3.075069216650473,5.149660353774105,6.011911064042099,4.307788385646632,4.260237180575218,0,139.11567205545126
-15540,3.075069216650473,5.149660353774105,6.011911064042099,4.307788385646632,4.260237180575218,0,139.09325937839444
-15550,3.075069216650473,5.149660353774105,6.011911064042099,4.307788385646632,4.260237180575218,0,139.0880305893202
-15560,3.075069216650473,5.149660353774105,6.011911064042099,4.307788385646632,4.260237180575218,0,139.08341693182896
-15570,3.075069216650473,5.149660353774105,6.011911064042099,4.307788385646632,4.260237180575218,0,139.0785883276872
-15580,3.075069216650473,5.149660353774105,6.011911064042099,4.307788385646632,4.260237180575218,0,139.09104963938884
-15590,3.075069216650473,5.149660353774105,6.011911064042099,4.307788385646632,4.260237180575218,0,139.10333735379993
-15600,3.075069216650473,5.149660353774105,6.011911064042099,4.307788385646632,4.260237180575218,0,139.11545103241446
-15610,3.075069216650473,5.149660353774105,6.011911064042099,4.307788385646632,4.260237180575218,0,139.12822685588392
-15620,3.075069216650473,5.149660353774105,6.011911064042099,4.307788385646632,4.260237180575218,0,139.14082978943352
-15630,3.075069216650473,5.149660353774105,6.011911064042099,4.307788385646632,4.260237180575218,0,139.15325939580887
-15640,3.075069216650473,5.149660353774105,6.011911064042099,4.307788385646632,4.260237180575218,0,139.1655152369506
-15650,3.075069216650473,5.149660353774105,6.011911064042099,4.307788385646632,4.260237180575218,0,139.16078331504838
-15660,3.075069216650473,5.149660353774105,6.011911064042099,4.307788385646632,4.260237180575218,0,139.15583604667546
-15670,3.075069216650473,5.149660353774105,6.011911064042099,4.307788385646632,4.260237180575218,0,139.1683699180372
-15680,3.075069216650473,5.149660353774105,6.011911064042099,4.307788385646632,4.260237180575218,0,139.16301183332013
-15690,3.075069216650473,5.149660353774105,6.011911064042099,4.307788385646632,4.260237180575218,0,139.17517674999144
-15700,3.075069216650473,5.149660353774105,6.011911064042099,4.307788385646632,4.260237180575218,0,139.18801300627865
-15710,3.075069216650473,5.149660353774105,6.011911064042099,4.307788385646632,4.260237180575218,0,139.20067643143915
-15720,3.075069216650473,5.149660353774105,6.011911064042099,4.307788385646632,4.260237180575218,0,139.2131665882724
-15730,3.075069216650473,5.149660353774105,6.011911064042099,4.307788385646632,4.260237180575218,0,139.22548303877295
-15740,3.075069216650473,5.149660353774105,6.011911064042099,4.307788385646632,4.260237180575218,0,139.2376253441286
-15750,3.075069216650473,5.149660353774105,6.011911064042099,4.307788385646632,4.260237180575218,0,139.26746215847163
-15760,3.075069216650473,5.149660353774105,6.011911064042099,4.307788385646632,4.260237180575218,0,139.2971672055842
-15770,3.075069216650473,5.149660353774105,6.011911064042099,4.307788385646632,4.260237180575218,0,139.34465250066236
-15780,3.075069216650473,5.149660353774105,6.011911064042099,4.307788385646632,4.260237180575218,0,139.4091287216193
-15790,3.075069216650473,5.149660353774105,6.011911064042099,4.307788385646632,4.260237180575218,0,139.47355687450974
-15800,3.075069216650473,5.149660353774105,6.011911064042099,4.307788385646632,4.260237180575218,0,139.55505817781696
-15810,3.075069216650473,5.149660353774105,6.011911064042099,4.307788385646632,4.260237180575218,0,139.65455169993507
-15820,3.075069216650473,5.149660353774105,6.011911064042099,4.307788385646632,4.260237180575218,0,139.73691871411333
-15830,3.075069216650473,5.149660353774105,6.011911064042099,4.307788385646632,4.260237180575218,0,139.8184213328562
-15840,3.075069216650473,5.149660353774105,6.011911064042099,4.307788385646632,4.260237180575218,0,139.91798122650027
-15850,3.075069216650473,5.149660353774105,6.011911064042099,4.307788385646632,4.260237180575218,0,139.98312668850687
-15860,3.075069216650473,5.149660353774105,6.011911064042099,4.307788385646632,4.260237180575218,0,140.04822486257933
-15870,3.075069216650473,5.149660353774105,6.011911064042099,4.307788385646632,4.260237180575218,0,140.0951451623951
-15880,3.075069216650473,5.149660353774105,6.011911064042099,4.307788385646632,4.260237180575218,0,140.12555033440785
-15890,3.075069216650473,5.149660353774105,6.011911064042099,4.307788385646632,4.260237180575218,0,140.12034071438217
-15900,3.075069216650473,5.149660353774105,6.011911064042099,4.307788385646632,4.260237180575218,0,140.11577967500295
-15910,3.075069216650473,5.149660353774105,6.011911064042099,4.307788385646632,4.260237180575218,0,140.1101347650169
-15920,3.075069216650473,5.149660353774105,6.011911064042099,4.307788385646632,4.260237180575218,0,140.0877677155415
-15930,3.075069216650473,5.149660353774105,6.011911064042099,4.307788385646632,4.260237180575218,0,140.04861807778556
-15940,3.075069216650473,5.149660353774105,6.011911064042099,4.307788385646632,4.260237180575218,0,140.00829773011841
-15950,3.075069216650473,5.149660353774105,6.011911064042099,4.307788385646632,4.260237180575218,0,139.96854633561992
-15960,3.075069216650473,5.149660353774105,6.011911064042099,4.307788385646632,4.260237180575218,0,139.92936638587335
-15970,3.075069216650473,5.149660353774105,6.011911064042099,4.307788385646632,4.260237180575218,0,139.8715354924509
-15980,3.075069216650473,5.149660353774105,6.011911064042099,4.307788385646632,4.260237180575218,0,139.81423450628557
-15990,3.075069216650473,5.149660353774105,6.011911064042099,4.307788385646632,4.260237180575218,0,139.77498535825066
-16000,3.075069216650473,5.149660353774105,6.011911064042099,4.307788385646632,4.260237180575218,0,139.71789564295872
-16010,3.075069216650473,5.149660353774105,6.011911064042099,4.307788385646632,4.260237180575218,0,139.66046293916443
-16020,3.075069216650473,5.149660353774105,6.011911064042099,4.307788385646632,4.260237180575218,0,139.62114885899635
-16030,3.075069216650473,5.149660353774105,6.011911064042099,4.307788385646632,4.260237180575218,0,139.58153498982867
-16040,3.075069216650473,5.149660353774105,6.011911064042099,4.307788385646632,4.260237180575218,0,139.5416206635237
-16050,3.075069216650473,5.149660353774105,6.011911064042099,4.307788385646632,4.260237180575218,0,139.51905233573098
-16060,3.075069216650473,5.149660353774105,6.011911064042099,4.307788385646632,4.260237180575218,0,139.5147768411413
-16070,3.075069216650473,5.149660353774105,6.011911064042099,4.307788385646632,4.260237180575218,0,139.50940209347297
-16080,3.075069216650473,5.149660353774105,6.011911064042099,4.307788385646632,4.260237180575218,0,139.5224067791207
-16090,3.075069216650473,5.149660353774105,6.011911064042099,4.307788385646632,4.260237180575218,0,139.53435191563395
-16100,3.075069216650473,5.149660353774105,6.011911064042099,4.307788385646632,4.260237180575218,0,139.54700926431653
-16110,3.075069216650473,5.149660353774105,6.011911064042099,4.307788385646632,4.260237180575218,0,139.57726849780153
-16120,3.075069216650473,5.149660353774105,6.011911064042099,4.307788385646632,4.260237180575218,0,139.60650667382265
-16130,3.075069216650473,5.149660353774105,6.011911064042099,4.307788385646632,4.260237180575218,0,139.63650207245908
-16140,3.075069216650473,5.149660353774105,6.011911064042099,4.307788385646632,4.260237180575218,0,139.6494172612376
-16150,3.075069216650473,5.149660353774105,6.011911064042099,4.307788385646632,4.260237180575218,0,139.67912793459246
-16160,3.075069216650473,5.149660353774105,6.011911064042099,4.307788385646632,4.260237180575218,0,139.70870593203531
-16170,3.075069216650473,5.149660353774105,6.011911064042099,4.307788385646632,4.260237180575218,0,139.75605605083075
-16180,3.075069216650473,5.149660353774105,6.011911064042099,4.307788385646632,4.260237180575218,0,139.78628561598813
-16190,3.075069216650473,5.149660353774105,6.011911064042099,4.307788385646632,4.260237180575218,0,139.83343471195911
-16200,3.075069216650473,5.149660353774105,6.011911064042099,4.307788385646632,4.260237180575218,0,139.88049314687592
-16210,3.075069216650473,5.149660353774105,6.011911064042099,4.307788385646632,4.260237180575218,0,139.94545264224487
-16220,3.075069216650473,5.149660353774105,6.011911064042099,4.307788385646632,4.260237180575218,0,139.99235066659043
-16230,3.075069216650473,5.149660353774105,6.011911064042099,4.307788385646632,4.260237180575218,0,140.05719278082708
-16240,3.075069216650473,5.149660353774105,6.011911064042099,4.307788385646632,4.260237180575218,0,140.14004418627363
-16250,3.075069216650473,5.149660353774105,6.011911064042099,4.307788385646632,4.260237180575218,0,140.20481168344025
-16260,3.075069216650473,5.149660353774105,6.011911064042099,4.307788385646632,4.260237180575218,0,140.28672675698712
-16270,3.075069216650473,5.149660353774105,6.011911064042099,4.307788385646632,4.260237180575218,0,140.36954087230637
-16280,3.075069216650473,5.149660353774105,6.011911064042099,4.307788385646632,4.260237180575218,0,140.43420492310787
-16290,3.075069216650473,5.149660353774105,6.011911064042099,4.307788385646632,4.260237180575218,0,140.49881985898278
-16300,3.075069216650473,5.149660353774105,6.011911064042099,4.307788385646632,4.260237180575218,0,140.54701540089172
-16310,3.075069216650473,5.149660353774105,6.011911064042099,4.307788385646632,4.260237180575218,0,140.59421122219075
-16320,3.075069216650473,5.149660353774105,6.011911064042099,4.307788385646632,4.260237180575218,0,140.62399401151703
-16330,3.075069216650473,5.149660353774105,6.011911064042099,4.307788385646632,4.260237180575218,0,140.6545556697943
-16340,3.075069216650473,5.149660353774105,6.011911064042099,4.307788385646632,4.260237180575218,0,140.66670809820096
-16350,3.075069216650473,5.149660353774105,6.011911064042099,4.307788385646632,4.260237180575218,0,140.66221449439396
-16360,3.075069216650473,5.149660353774105,6.011911064042099,4.307788385646632,4.260237180575218,0,140.6749093075583
-16370,3.075069216650473,5.149660353774105,6.011911064042099,4.307788385646632,4.260237180575218,0,140.65257586129673
-16380,3.075069216650473,5.149660353774105,6.011911064042099,4.307788385646632,4.260237180575218,0,140.62998224692774
-16390,3.075069216650473,5.149660353774105,6.011911064042099,4.307788385646632,4.260237180575218,0,140.60712786735036
-16400,3.075069216650473,5.149660353774105,6.011911064042099,4.307788385646632,4.260237180575218,0,140.58493264070734
-16410,3.075069216650473,5.149660353774105,6.011911064042099,4.307788385646632,4.260237180575218,0,140.56247767986903
-16420,3.075069216650473,5.149660353774105,6.011911064042099,4.307788385646632,4.260237180575218,0,140.5397623885824
-16430,3.075069216650473,5.149660353774105,6.011911064042099,4.307788385646632,4.260237180575218,0,140.552816825367
-16440,3.075069216650473,5.149660353774105,6.011911064042099,4.307788385646632,4.260237180575218,0,140.5647719787224
-16450,3.075069216650473,5.149660353774105,6.011911064042099,4.307788385646632,4.260237180575218,0,140.595072166275
-16460,3.075069216650473,5.149660353774105,6.011911064042099,4.307788385646632,4.260237180575218,0,140.64285697813003
-16470,3.075069216650473,5.149660353774105,6.011911064042099,4.307788385646632,4.260237180575218,0,140.6905514829355
-16480,3.075069216650473,5.149660353774105,6.011911064042099,4.307788385646632,4.260237180575218,0,140.73815539206436
-16490,3.075069216650473,5.149660353774105,6.011911064042099,4.307788385646632,4.260237180575218,0,140.76798715236006
-16500,3.075069216650473,5.149660353774105,6.011911064042099,4.307788385646632,4.260237180575218,0,140.7976849347647
-16510,3.075069216650473,5.149660353774105,6.011911064042099,4.307788385646632,4.260237180575218,0,140.82818121824124
-16520,3.075069216650473,5.149660353774105,6.011911064042099,4.307788385646632,4.260237180575218,0,140.84079949870596
-16530,3.075069216650473,5.149660353774105,6.011911064042099,4.307788385646632,4.260237180575218,0,140.8710090245841
-16540,3.075069216650473,5.149660353774105,6.011911064042099,4.307788385646632,4.260237180575218,0,140.90108533669192
-16550,3.075069216650473,5.149660353774105,6.011911064042099,4.307788385646632,4.260237180575218,0,140.93102806828222
-16560,3.075069216650473,5.149660353774105,6.011911064042099,4.307788385646632,4.260237180575218,0,140.96083685191496
-16570,3.075069216650473,5.149660353774105,6.011911064042099,4.307788385646632,4.260237180575218,0,140.99145096177742
-16580,3.075069216650473,5.149660353774105,6.011911064042099,4.307788385646632,4.260237180575218,0,141.0219326614302
-16590,3.075069216650473,5.149660353774105,6.011911064042099,4.307788385646632,4.260237180575218,0,141.03438513572826
-16600,3.075069216650473,5.149660353774105,6.011911064042099,4.307788385646632,4.260237180575218,0,141.02874303230527
-16610,3.075069216650473,5.149660353774105,6.011911064042099,4.307788385646632,4.260237180575218,0,141.00682924079905
-16620,3.075069216650473,5.149660353774105,6.011911064042099,4.307788385646632,4.260237180575218,0,140.98371043581471
-16630,3.075069216650473,5.149660353774105,6.011911064042099,4.307788385646632,4.260237180575218,0,140.94423879390874
-16640,3.075069216650473,5.149660353774105,6.011911064042099,4.307788385646632,4.260237180575218,0,140.9215224328463
-16650,3.075069216650473,5.149660353774105,6.011911064042099,4.307788385646632,4.260237180575218,0,140.88146654566538
-16660,3.075069216650473,5.149660353774105,6.011911064042099,4.307788385646632,4.260237180575218,0,140.84110722612192
-16670,3.075069216650473,5.149660353774105,6.011911064042099,4.307788385646632,4.260237180575218,0,140.836584763229
-16680,3.075069216650473,5.149660353774105,6.011911064042099,4.307788385646632,4.260237180575218,0,140.81375265083324
-16690,3.075069216650473,5.149660353774105,6.011911064042099,4.307788385646632,4.260237180575218,0,140.80877318068275
-16700,3.075069216650473,5.149660353774105,6.011911064042099,4.307788385646632,4.260237180575218,0,140.8217115300932
-16710,3.075069216650473,5.149660353774105,6.011911064042099,4.307788385646632,4.260237180575218,0,140.8163167697446
-16720,3.075069216650473,5.149660353774105,6.011911064042099,4.307788385646632,4.260237180575218,0,140.82888274305526
-16730,3.075069216650473,5.149660353774105,6.011911064042099,4.307788385646632,4.260237180575218,0,140.84223083263902
-16740,3.075069216650473,5.149660353774105,6.011911064042099,4.307788385646632,4.260237180575218,0,140.83718075855478
-16750,3.075069216650473,5.149660353774105,6.011911064042099,4.307788385646632,4.260237180575218,0,140.83191211125384
-16760,3.075069216650473,5.149660353774105,6.011911064042099,4.307788385646632,4.260237180575218,0,140.8091175651631
-16770,3.075069216650473,5.149660353774105,6.011911064042099,4.307788385646632,4.260237180575218,0,140.7696964053762
-16780,3.075069216650473,5.149660353774105,6.011911064042099,4.307788385646632,4.260237180575218,0,140.72900969636683
-16790,3.075069216650473,5.149660353774105,6.011911064042099,4.307788385646632,4.260237180575218,0,140.67161350997264
-16800,3.075069216650473,5.149660353774105,6.011911064042099,4.307788385646632,4.260237180575218,0,140.63222909779773
-16810,3.075069216650473,5.149660353774105,6.011911064042099,4.307788385646632,4.260237180575218,0,140.5741641231189
-16820,3.075069216650473,5.149660353774105,6.011911064042099,4.307788385646632,4.260237180575218,0,140.51672103611693
-16830,3.075069216650473,5.149660353774105,6.011911064042099,4.307788385646632,4.260237180575218,0,140.45990259962102
-16840,3.075069216650473,5.149660353774105,6.011911064042099,4.307788385646632,4.260237180575218,0,140.38526564205677
-16850,3.075069216650473,5.149660353774105,6.011911064042099,4.307788385646632,4.260237180575218,0,140.31024221370137
-16860,3.075069216650473,5.149660353774105,6.011911064042099,4.307788385646632,4.260237180575218,0,140.26986635302734
-16870,3.075069216650473,5.149660353774105,6.011911064042099,4.307788385646632,4.260237180575218,0,140.2301615496255
-16880,3.075069216650473,5.149660353774105,6.011911064042099,4.307788385646632,4.260237180575218,0,140.20771498318197
-16890,3.075069216650473,5.149660353774105,6.011911064042099,4.307788385646632,4.260237180575218,0,140.20258974574037
-16900,3.075069216650473,5.149660353774105,6.011911064042099,4.307788385646632,4.260237180575218,0,140.1982245938516
-16910,3.075069216650473,5.149660353774105,6.011911064042099,4.307788385646632,4.260237180575218,0,140.17601975802162
-16920,3.075069216650473,5.149660353774105,6.011911064042099,4.307788385646632,4.260237180575218,0,140.15355576381816
-16930,3.075069216650473,5.149660353774105,6.011911064042099,4.307788385646632,4.260237180575218,0,140.0964806914589
-16940,3.075069216650473,5.149660353774105,6.011911064042099,4.307788385646632,4.260237180575218,0,140.0390621114019
-16950,3.075069216650473,5.149660353774105,6.011911064042099,4.307788385646632,4.260237180575218,0,139.96457393068795
-16960,3.075069216650473,5.149660353774105,6.011911064042099,4.307788385646632,4.260237180575218,0,139.88970025591883
-16970,3.075069216650473,5.149660353774105,6.011911064042099,4.307788385646632,4.260237180575218,0,139.8154264899932
-16980,3.075069216650473,5.149660353774105,6.011911064042099,4.307788385646632,4.260237180575218,0,139.75755412017352
-16990,3.075069216650473,5.149660353774105,6.011911064042099,4.307788385646632,4.260237180575218,0,139.70032542383947
-17000,3.075069216650473,5.149660353774105,6.011911064042099,4.307788385646632,4.260237180575218,0,139.67838667960538
-17010,3.075069216650473,5.149660353774105,6.011911064042099,4.307788385646632,4.260237180575218,0,139.6561901506309
-17020,3.075069216650473,5.149660353774105,6.011911064042099,4.307788385646632,4.260237180575218,0,139.6337352450065
-17030,3.075069216650473,5.149660353774105,6.011911064042099,4.307788385646632,4.260237180575218,0,139.62890277028595
-17040,3.075069216650473,5.149660353774105,6.011911064042099,4.307788385646632,4.260237180575218,0,139.64175706408125
-17050,3.075069216650473,5.149660353774105,6.011911064042099,4.307788385646632,4.260237180575218,0,139.65344208819104
-17060,3.075069216650473,5.149660353774105,6.011911064042099,4.307788385646632,4.260237180575218,0,139.66594783347603
-17070,3.075069216650473,5.149660353774105,6.011911064042099,4.307788385646632,4.260237180575218,0,139.67927747644868
-17080,3.075069216650473,5.149660353774105,6.011911064042099,4.307788385646632,4.260237180575218,0,139.69143532576922
-17090,3.075069216650473,5.149660353774105,6.011911064042099,4.307788385646632,4.260237180575218,0,139.70341796310015
-17100,3.075069216650473,5.149660353774105,6.011911064042099,4.307788385646632,4.260237180575218,0,139.73325840540502
-17110,3.075069216650473,5.149660353774105,6.011911064042099,4.307788385646632,4.260237180575218,0,139.76396947832214
-17120,3.075069216650473,5.149660353774105,6.011911064042099,4.307788385646632,4.260237180575218,0,139.82869588547257
-17130,3.075069216650473,5.149660353774105,6.011911064042099,4.307788385646632,4.260237180575218,0,139.89337421587265
-17140,3.075069216650473,5.149660353774105,6.011911064042099,4.307788385646632,4.260237180575218,0,139.97511846932304
-17150,3.075069216650473,5.149660353774105,6.011911064042099,4.307788385646632,4.260237180575218,0,140.05685565367375
-17160,3.075069216650473,5.149660353774105,6.011911064042099,4.307788385646632,4.260237180575218,0,140.15675045552234
-17170,3.075069216650473,5.149660353774105,6.011911064042099,4.307788385646632,4.260237180575218,0,140.23950545601593
-17180,3.075069216650473,5.149660353774105,6.011911064042099,4.307788385646632,4.260237180575218,0,140.32225544837996
-17190,3.075069216650473,5.149660353774105,6.011911064042099,4.307788385646632,4.260237180575218,0,140.3867694350902
-17200,3.075069216650473,5.149660353774105,6.011911064042099,4.307788385646632,4.260237180575218,0,140.43399513356712
-17210,3.075069216650473,5.149660353774105,6.011911064042099,4.307788385646632,4.260237180575218,0,140.46386973119513
-17220,3.075069216650473,5.149660353774105,6.011911064042099,4.307788385646632,4.260237180575218,0,140.49462740831095
-17230,3.075069216650473,5.149660353774105,6.011911064042099,4.307788385646632,4.260237180575218,0,140.5069344588361
-17240,3.075069216650473,5.149660353774105,6.011911064042099,4.307788385646632,4.260237180575218,0,140.51906546399323
-17250,3.075069216650473,5.149660353774105,6.011911064042099,4.307788385646632,4.260237180575218,0,140.53204018328128
-17260,3.075069216650473,5.149660353774105,6.011911064042099,4.307788385646632,4.260237180575218,0,140.52747598196763
-17270,3.075069216650473,5.149660353774105,6.011911064042099,4.307788385646632,4.260237180575218,0,140.52167216317525
-17280,3.075069216650473,5.149660353774105,6.011911064042099,4.307788385646632,4.260237180575218,0,140.5340788379254
-17290,3.075069216650473,5.149660353774105,6.011911064042099,4.307788385646632,4.260237180575218,0,140.52990723443278
-17300,3.075069216650473,5.149660353774105,6.011911064042099,4.307788385646632,4.260237180575218,0,140.54194192396358
-17310,3.075069216650473,5.149660353774105,6.011911064042099,4.307788385646632,4.260237180575218,0,140.55482749246755
-17320,3.075069216650473,5.149660353774105,6.011911064042099,4.307788385646632,4.260237180575218,0,140.60252024064047
-17330,3.075069216650473,5.149660353774105,6.011911064042099,4.307788385646632,4.260237180575218,0,140.66763463605722
-17340,3.075069216650473,5.149660353774105,6.011911064042099,4.307788385646632,4.260237180575218,0,140.7327006654153
-17350,3.075069216650473,5.149660353774105,6.011911064042099,4.307788385646632,4.260237180575218,0,140.81527265387558
-17360,3.075069216650473,5.149660353774105,6.011911064042099,4.307788385646632,4.260237180575218,0,140.91541413322622
-17370,3.075069216650473,5.149660353774105,6.011911064042099,4.307788385646632,4.260237180575218,0,140.9979946694411
-17380,3.075069216650473,5.149660353774105,6.011911064042099,4.307788385646632,4.260237180575218,0,141.09818702321178
-17390,3.075069216650473,5.149660353774105,6.011911064042099,4.307788385646632,4.260237180575218,0,141.19945297767313
-17400,3.075069216650473,5.149660353774105,6.011911064042099,4.307788385646632,4.260237180575218,0,141.2820574356683
-17410,3.075069216650473,5.149660353774105,6.011911064042099,4.307788385646632,4.260237180575218,0,141.36465499343387
-17420,3.075069216650473,5.149660353774105,6.011911064042099,4.307788385646632,4.260237180575218,0,141.4482869142131
-17430,3.075069216650473,5.149660353774105,6.011911064042099,4.307788385646632,4.260237180575218,0,141.53087151853745
-17440,3.075069216650473,5.149660353774105,6.011911064042099,4.307788385646632,4.260237180575218,0,141.5967460332467
-17450,3.075069216650473,5.149660353774105,6.011911064042099,4.307788385646632,4.260237180575218,0,141.6792956559002
-17460,3.075069216650473,5.149660353774105,6.011911064042099,4.307788385646632,4.260237180575218,0,141.72730473978746
-17470,3.075069216650473,5.149660353774105,6.011911064042099,4.307788385646632,4.260237180575218,0,141.79303369189637
-17480,3.075069216650473,5.149660353774105,6.011911064042099,4.307788385646632,4.260237180575218,0,141.84088133798608
-17490,3.075069216650473,5.149660353774105,6.011911064042099,4.307788385646632,4.260237180575218,0,141.8718329659562
-17500,3.075069216650473,5.149660353774105,6.011911064042099,4.307788385646632,4.260237180575218,0,141.91947615939392
-17510,3.075069216650473,5.149660353774105,6.011911064042099,4.307788385646632,4.260237180575218,0,141.95018201988108
-17520,3.075069216650473,5.149660353774105,6.011911064042099,4.307788385646632,4.260237180575218,0,141.98075428776903
-17530,3.075069216650473,5.149660353774105,6.011911064042099,4.307788385646632,4.260237180575218,0,141.97531066168156
-17540,3.075069216650473,5.149660353774105,6.011911064042099,4.307788385646632,4.260237180575218,0,141.98760852407614
-17550,3.075069216650473,5.149660353774105,6.011911064042099,4.307788385646632,4.260237180575218,0,141.96481720738433
-17560,3.075069216650473,5.149660353774105,6.011911064042099,4.307788385646632,4.260237180575218,0,141.92481568545543
-17570,3.075069216650473,5.149660353774105,6.011911064042099,4.307788385646632,4.260237180575218,0,141.8845093342423
-17580,3.075069216650473,5.149660353774105,6.011911064042099,4.307788385646632,4.260237180575218,0,141.84389747441247
-17590,3.075069216650473,5.149660353774105,6.011911064042099,4.307788385646632,4.260237180575218,0,141.80404246409887
-17600,3.075069216650473,5.149660353774105,6.011911064042099,4.307788385646632,4.260237180575218,0,141.74578962489963
-17610,3.075069216650473,5.149660353774105,6.011911064042099,4.307788385646632,4.260237180575218,0,141.706369054443
-17620,3.075069216650473,5.149660353774105,6.011911064042099,4.307788385646632,4.260237180575218,0,141.64744111926075
-17630,3.075069216650473,5.149660353774105,6.011911064042099,4.307788385646632,4.260237180575218,0,141.60739042370508
-17640,3.075069216650473,5.149660353774105,6.011911064042099,4.307788385646632,4.260237180575218,0,141.5499234394503
-17650,3.075069216650473,5.149660353774105,6.011911064042099,4.307788385646632,4.260237180575218,0,141.50924238644674
-17660,3.075069216650473,5.149660353774105,6.011911064042099,4.307788385646632,4.260237180575218,0,141.469327545439
-17670,3.075069216650473,5.149660353774105,6.011911064042099,4.307788385646632,4.260237180575218,0,141.44735614620555
-17680,3.075069216650473,5.149660353774105,6.011911064042099,4.307788385646632,4.260237180575218,0,141.44231909672175
-17690,3.075069216650473,5.149660353774105,6.011911064042099,4.307788385646632,4.260237180575218,0,141.43706261898282
-17700,3.075069216650473,5.149660353774105,6.011911064042099,4.307788385646632,4.260237180575218,0,141.44989992380522
-17710,3.075069216650473,5.149660353774105,6.011911064042099,4.307788385646632,4.260237180575218,0,141.47981840550702
-17720,3.075069216650473,5.149660353774105,6.011911064042099,4.307788385646632,4.260237180575218,0,141.50960207647861
-17730,3.075069216650473,5.149660353774105,6.011911064042099,4.307788385646632,4.260237180575218,0,141.55763088323656
-17740,3.075069216650473,5.149660353774105,6.011911064042099,4.307788385646632,4.260237180575218,0,141.60556863373694
-17750,3.075069216650473,5.149660353774105,6.011911064042099,4.307788385646632,4.260237180575218,0,141.67183987635875
-17760,3.075069216650473,5.149660353774105,6.011911064042099,4.307788385646632,4.260237180575218,0,141.71961694304156
-17770,3.075069216650473,5.149660353774105,6.011911064042099,4.307788385646632,4.260237180575218,0,141.76730210635355
-17780,3.075069216650473,5.149660353774105,6.011911064042099,4.307788385646632,4.260237180575218,0,141.8333868989962
-17790,3.075069216650473,5.149660353774105,6.011911064042099,4.307788385646632,4.260237180575218,0,141.89833489716725
-17800,3.075069216650473,5.149660353774105,6.011911064042099,4.307788385646632,4.260237180575218,0,141.96432271239914
-17810,3.075069216650473,5.149660353774105,6.011911064042099,4.307788385646632,4.260237180575218,0,142.03026237747235
-17820,3.075069216650473,5.149660353774105,6.011911064042099,4.307788385646632,4.260237180575218,0,142.09615367914515
-17830,3.075069216650473,5.149660353774105,6.011911064042099,4.307788385646632,4.260237180575218,0,142.17950606034404
-17840,3.075069216650473,5.149660353774105,6.011911064042099,4.307788385646632,4.260237180575218,0,142.24532118762113
-17850,3.075069216650473,5.149660353774105,6.011911064042099,4.307788385646632,4.260237180575218,0,142.32863940484455
-17860,3.075069216650473,5.149660353774105,6.011911064042099,4.307788385646632,4.260237180575218,0,142.39437760207608
-17870,3.075069216650473,5.149660353774105,6.011911064042099,4.307788385646632,4.260237180575218,0,142.4600664144284
-17880,3.075069216650473,5.149660353774105,6.011911064042099,4.307788385646632,4.260237180575218,0,142.52570562603645
-17890,3.075069216650473,5.149660353774105,6.011911064042099,4.307788385646632,4.260237180575218,0,142.57476014040756
-17900,3.075069216650473,5.149660353774105,6.011911064042099,4.307788385646632,4.260237180575218,0,142.64027948709727
-17910,3.075069216650473,5.149660353774105,6.011911064042099,4.307788385646632,4.260237180575218,0,142.68917362605055
-17920,3.075069216650473,5.149660353774105,6.011911064042099,4.307788385646632,4.260237180575218,0,142.73687081401135
-17930,3.075069216650473,5.149660353774105,6.011911064042099,4.307788385646632,4.260237180575218,0,142.785582086852
-17940,3.075069216650473,5.149660353774105,6.011911064042099,4.307788385646632,4.260237180575218,0,142.8153489388936
-17950,3.075069216650473,5.149660353774105,6.011911064042099,4.307788385646632,4.260237180575218,0,142.84608901145137
-17960,3.075069216650473,5.149660353774105,6.011911064042099,4.307788385646632,4.260237180575218,0,142.87669426168867
-17970,3.075069216650473,5.149660353774105,6.011911064042099,4.307788385646632,4.260237180575218,0,142.90716431818706
-17980,3.075069216650473,5.149660353774105,6.011911064042099,4.307788385646632,4.260237180575218,0,142.93749880882618
-17990,3.075069216650473,5.149660353774105,6.011911064042099,4.307788385646632,4.260237180575218,0,142.95096124662098
-18000,3.075069216650473,5.149660353774105,6.011911064042099,4.307788385646632,4.260237180575218,0,142.9631297655381
-18010,3.075069216650473,5.149660353774105,6.011911064042099,4.307788385646632,4.260237180575218,0,142.97623674854637
-18020,3.075069216650473,5.149660353774105,6.011911064042099,4.307788385646632,4.260237180575218,0,142.98916600608254
-18030,3.075069216650473,5.149660353774105,6.011911064042099,4.307788385646632,4.260237180575218,0,142.98397864407647
-18040,3.075069216650473,5.149660353774105,6.011911064042099,4.307788385646632,4.260237180575218,0,142.96060907348064
-18050,3.075069216650473,5.149660353774105,6.011911064042099,4.307788385646632,4.260237180575218,0,142.938097312032
-18060,3.075069216650473,5.149660353774105,6.011911064042099,4.307788385646632,4.260237180575218,0,142.91532160202857
-18070,3.075069216650473,5.149660353774105,6.011911064042099,4.307788385646632,4.260237180575218,0,142.89228133747875
-18080,3.075069216650473,5.149660353774105,6.011911064042099,4.307788385646632,4.260237180575218,0,142.87010386583475
-18090,3.075069216650473,5.149660353774105,6.011911064042099,4.307788385646632,4.260237180575218,0,142.82959423796592
-18100,3.075069216650473,5.149660353774105,6.011911064042099,4.307788385646632,4.260237180575218,0,142.80686821256862
-18110,3.075069216650473,5.149660353774105,6.011911064042099,4.307788385646632,4.260237180575218,0,142.7838779118706
-18120,3.075069216650473,5.149660353774105,6.011911064042099,4.307788385646632,4.260237180575218,0,142.76062272940322
-18130,3.075069216650473,5.149660353774105,6.011911064042099,4.307788385646632,4.260237180575218,0,142.73823685514014
-18140,3.075069216650473,5.149660353774105,6.011911064042099,4.307788385646632,4.260237180575218,0,142.73263019652381
-18150,3.075069216650473,5.149660353774105,6.011911064042099,4.307788385646632,4.260237180575218,0,142.72793838579207
-18160,3.075069216650473,5.149660353774105,6.011911064042099,4.307788385646632,4.260237180575218,0,142.74124887125194
-18170,3.075069216650473,5.149660353774105,6.011911064042099,4.307788385646632,4.260237180575218,0,142.75324216666138
-18180,3.075069216650473,5.149660353774105,6.011911064042099,4.307788385646632,4.260237180575218,0,142.76619704766952
-18190,3.075069216650473,5.149660353774105,6.011911064042099,4.307788385646632,4.260237180575218,0,142.7789741424993
-18200,3.075069216650473,5.149660353774105,6.011911064042099,4.307788385646632,4.260237180575218,0,142.80988416214967
-18210,3.075069216650473,5.149660353774105,6.011911064042099,4.307788385646632,4.260237180575218,0,142.84065982418466
-18220,3.075069216650473,5.149660353774105,6.011911064042099,4.307788385646632,4.260237180575218,0,142.87015353835375
-18230,3.075069216650473,5.149660353774105,6.011911064042099,4.307788385646632,4.260237180575218,0,142.9006579842204
-18240,3.075069216650473,5.149660353774105,6.011911064042099,4.307788385646632,4.260237180575218,0,142.93217695566912
-18250,3.075069216650473,5.149660353774105,6.011911064042099,4.307788385646632,4.260237180575218,0,142.979682333522
-18260,3.075069216650473,5.149660353774105,6.011911064042099,4.307788385646632,4.260237180575218,0,143.01095432442904
-18270,3.075069216650473,5.149660353774105,6.011911064042099,4.307788385646632,4.260237180575218,0,143.05940523368977
-18280,3.075069216650473,5.149660353774105,6.011911064042099,4.307788385646632,4.260237180575218,0,143.08927468301667
-18290,3.075069216650473,5.149660353774105,6.011911064042099,4.307788385646632,4.260237180575218,0,143.1375184503095
-18300,3.075069216650473,5.149660353774105,6.011911064042099,4.307788385646632,4.260237180575218,0,143.18682774310986
-18310,3.075069216650473,5.149660353774105,6.011911064042099,4.307788385646632,4.260237180575218,0,143.2348869165537
-18320,3.075069216650473,5.149660353774105,6.011911064042099,4.307788385646632,4.260237180575218,0,143.28285264995012
-18330,3.075069216650473,5.149660353774105,6.011911064042099,4.307788385646632,4.260237180575218,0,143.33188723387832
-18340,3.075069216650473,5.149660353774105,6.011911064042099,4.307788385646632,4.260237180575218,0,143.380830598372
-18350,3.075069216650473,5.149660353774105,6.011911064042099,4.307788385646632,4.260237180575218,0,143.42851704744717
-18360,3.075069216650473,5.149660353774105,6.011911064042099,4.307788385646632,4.260237180575218,0,143.47727568387697
-18370,3.075069216650473,5.149660353774105,6.011911064042099,4.307788385646632,4.260237180575218,0,143.50841882549358
-18380,3.075069216650473,5.149660353774105,6.011911064042099,4.307788385646632,4.260237180575218,0,143.55697175524847
-18390,3.075069216650473,5.149660353774105,6.011911064042099,4.307788385646632,4.260237180575218,0,143.60543196909111
-18400,3.075069216650473,5.149660353774105,6.011911064042099,4.307788385646632,4.260237180575218,0,143.65379917143756
-18410,3.075069216650473,5.149660353774105,6.011911064042099,4.307788385646632,4.260237180575218,0,143.70207306612403
-18420,3.075069216650473,5.149660353774105,6.011911064042099,4.307788385646632,4.260237180575218,0,143.75142866998652
-18430,3.075069216650473,5.149660353774105,6.011911064042099,4.307788385646632,4.260237180575218,0,143.81716752407584
-18440,3.075069216650473,5.149660353774105,6.011911064042099,4.307788385646632,4.260237180575218,0,143.86636066290728
-18450,3.075069216650473,5.149660353774105,6.011911064042099,4.307788385646632,4.260237180575218,0,143.93315598219684
-18460,3.075069216650473,5.149660353774105,6.011911064042099,4.307788385646632,4.260237180575218,0,143.99990222280113
-18470,3.075069216650473,5.149660353774105,6.011911064042099,4.307788385646632,4.260237180575218,0,144.0476800657419
-18480,3.075069216650473,5.149660353774105,6.011911064042099,4.307788385646632,4.260237180575218,0,144.07878834439614
-18490,3.075069216650473,5.149660353774105,6.011911064042099,4.307788385646632,4.260237180575218,0,144.10976088660524
-18500,3.075069216650473,5.149660353774105,6.011911064042099,4.307788385646632,4.260237180575218,0,144.12279617575695
-18510,3.075069216650473,5.149660353774105,6.011911064042099,4.307788385646632,4.260237180575218,0,144.13565188594956
-18520,3.075069216650473,5.149660353774105,6.011911064042099,4.307788385646632,4.260237180575218,0,144.13048330136905
-18530,3.075069216650473,5.149660353774105,6.011911064042099,4.307788385646632,4.260237180575218,0,144.12509103148938
-18540,3.075069216650473,5.149660353774105,6.011911064042099,4.307788385646632,4.260237180575218,0,144.10277955546493
-18550,3.075069216650473,5.149660353774105,6.011911064042099,4.307788385646632,4.260237180575218,0,144.09691810440236
-18560,3.075069216650473,5.149660353774105,6.011911064042099,4.307788385646632,4.260237180575218,0,144.09202672653768
-18570,3.075069216650473,5.149660353774105,6.011911064042099,4.307788385646632,4.260237180575218,0,144.0869123911919
-18580,3.075069216650473,5.149660353774105,6.011911064042099,4.307788385646632,4.260237180575218,0,144.08157456578994
-18590,3.075069216650473,5.149660353774105,6.011911064042099,4.307788385646632,4.260237180575218,0,144.07721245043345
-18600,3.075069216650473,5.149660353774105,6.011911064042099,4.307788385646632,4.260237180575218,0,144.05340970833353
-18610,3.075069216650473,5.149660353774105,6.011911064042099,4.307788385646632,4.260237180575218,0,144.0485804923918
-18620,3.075069216650473,5.149660353774105,6.011911064042099,4.307788385646632,4.260237180575218,0,144.0254671016919
-18630,3.075069216650473,5.149660353774105,6.011911064042099,4.307788385646632,4.260237180575218,0,144.02137555819158
-18640,3.075069216650473,5.149660353774105,6.011911064042099,4.307788385646632,4.260237180575218,0,144.01585608604958
-18650,3.075069216650473,5.149660353774105,6.011911064042099,4.307788385646632,4.260237180575218,0,144.0113207196828
-18660,3.075069216650473,5.149660353774105,6.011911064042099,4.307788385646632,4.260237180575218,0,144.02350247816526
-18670,3.075069216650473,5.149660353774105,6.011911064042099,4.307788385646632,4.260237180575218,0,144.01854313063225
-18680,3.075069216650473,5.149660353774105,6.011911064042099,4.307788385646632,4.260237180575218,0,144.03155376844728
-18690,3.075069216650473,5.149660353774105,6.011911064042099,4.307788385646632,4.260237180575218,0,144.04438490126964
-18700,3.075069216650473,5.149660353774105,6.011911064042099,4.307788385646632,4.260237180575218,0,144.05703607548728
-18710,3.075069216650473,5.149660353774105,6.011911064042099,4.307788385646632,4.260237180575218,0,144.06950683665286
-18720,3.075069216650473,5.149660353774105,6.011911064042099,4.307788385646632,4.260237180575218,0,144.08301547908476
-18730,3.075069216650473,5.149660353774105,6.011911064042099,4.307788385646632,4.260237180575218,0,144.0951255226471
-18740,3.075069216650473,5.149660353774105,6.011911064042099,4.307788385646632,4.260237180575218,0,144.108275488345
-18750,3.075069216650473,5.149660353774105,6.011911064042099,4.307788385646632,4.260237180575218,0,144.139593882117
-18760,3.075069216650473,5.149660353774105,6.011911064042099,4.307788385646632,4.260237180575218,0,144.17077695931755
-18770,3.075069216650473,5.149660353774105,6.011911064042099,4.307788385646632,4.260237180575218,0,144.20059820305337
-18780,3.075069216650473,5.149660353774105,6.011911064042099,4.307788385646632,4.260237180575218,0,144.2499224554409
-18790,3.075069216650473,5.149660353774105,6.011911064042099,4.307788385646632,4.260237180575218,0,144.2991548450422
-18800,3.075069216650473,5.149660353774105,6.011911064042099,4.307788385646632,4.260237180575218,0,144.3655234945957
-18810,3.075069216650473,5.149660353774105,6.011911064042099,4.307788385646632,4.260237180575218,0,144.4318413984843
-18820,3.075069216650473,5.149660353774105,6.011911064042099,4.307788385646632,4.260237180575218,0,144.48083818699922
-18830,3.075069216650473,5.149660353774105,6.011911064042099,4.307788385646632,4.260237180575218,0,144.54826811009818
-18840,3.075069216650473,5.149660353774105,6.011911064042099,4.307788385646632,4.260237180575218,0,144.5971010373435
-18850,3.075069216650473,5.149660353774105,6.011911064042099,4.307788385646632,4.260237180575218,0,144.64584040301912
-18860,3.075069216650473,5.149660353774105,6.011911064042099,4.307788385646632,4.260237180575218,0,144.67713199147283
-18870,3.075069216650473,5.149660353774105,6.011911064042099,4.307788385646632,4.260237180575218,0,144.72566233389483
-18880,3.075069216650473,5.149660353774105,6.011911064042099,4.307788385646632,4.260237180575218,0,144.73806371761614
-18890,3.075069216650473,5.149660353774105,6.011911064042099,4.307788385646632,4.260237180575218,0,144.7689441677342
-18900,3.075069216650473,5.149660353774105,6.011911064042099,4.307788385646632,4.260237180575218,0,144.80093289638666
-18910,3.075069216650473,5.149660353774105,6.011911064042099,4.307788385646632,4.260237180575218,0,144.83153987762933
-18920,3.075069216650473,5.149660353774105,6.011911064042099,4.307788385646632,4.260237180575218,0,144.84452847324295
-18930,3.075069216650473,5.149660353774105,6.011911064042099,4.307788385646632,4.260237180575218,0,144.87483780984206
-18940,3.075069216650473,5.149660353774105,6.011911064042099,4.307788385646632,4.260237180575218,0,144.88873725355143
-18950,3.075069216650473,5.149660353774105,6.011911064042099,4.307788385646632,4.260237180575218,0,144.9187488389333
-18960,3.075069216650473,5.149660353774105,6.011911064042099,4.307788385646632,4.260237180575218,0,144.94987545212746
-18970,3.075069216650473,5.149660353774105,6.011911064042099,4.307788385646632,4.260237180575218,0,144.96327871650735
-18980,3.075069216650473,5.149660353774105,6.011911064042099,4.307788385646632,4.260237180575218,0,144.97650206188072
-18990,3.075069216650473,5.149660353774105,6.011911064042099,4.307788385646632,4.260237180575218,0,145.00717401293912
-19000,3.075069216650473,5.149660353774105,6.011911064042099,4.307788385646632,4.260237180575218,0,145.02005749223693
-19010,3.075069216650473,5.149660353774105,6.011911064042099,4.307788385646632,4.260237180575218,0,145.05169365569824
-19020,3.075069216650473,5.149660353774105,6.011911064042099,4.307788385646632,4.260237180575218,0,145.06423707268286
-19030,3.075069216650473,5.149660353774105,6.011911064042099,4.307788385646632,4.260237180575218,0,145.09557814889754
-19040,3.075069216650473,5.149660353774105,6.011911064042099,4.307788385646632,4.260237180575218,0,145.10777978051576
-19050,3.075069216650473,5.149660353774105,6.011911064042099,4.307788385646632,4.260237180575218,0,145.13882415428455
-19060,3.075069216650473,5.149660353774105,6.011911064042099,4.307788385646632,4.260237180575218,0,145.15195219197213
-19070,3.075069216650473,5.149660353774105,6.011911064042099,4.307788385646632,4.260237180575218,0,145.18269977913076
-19080,3.075069216650473,5.149660353774105,6.011911064042099,4.307788385646632,4.260237180575218,0,145.19548718137474
-19090,3.075069216650473,5.149660353774105,6.011911064042099,4.307788385646632,4.260237180575218,0,145.22721089977478
-19100,3.075069216650473,5.149660353774105,6.011911064042099,4.307788385646632,4.260237180575218,0,145.25752260942235
-19110,3.075069216650473,5.149660353774105,6.011911064042099,4.307788385646632,4.260237180575218,0,145.2889725512527
-19120,3.075069216650473,5.149660353774105,6.011911064042099,4.307788385646632,4.260237180575218,0,145.3202858112053
-19130,3.075069216650473,5.149660353774105,6.011911064042099,4.307788385646632,4.260237180575218,0,145.3693920908116
-19140,3.075069216650473,5.149660353774105,6.011911064042099,4.307788385646632,4.260237180575218,0,145.41840433950398
-19150,3.075069216650473,5.149660353774105,6.011911064042099,4.307788385646632,4.260237180575218,0,145.48529576806214
-19160,3.075069216650473,5.149660353774105,6.011911064042099,4.307788385646632,4.260237180575218,0,145.5534214528238
-19170,3.075069216650473,5.149660353774105,6.011911064042099,4.307788385646632,4.260237180575218,0,145.62021197562325
-19180,3.075069216650473,5.149660353774105,6.011911064042099,4.307788385646632,4.260237180575218,0,145.68823942609242
-19190,3.075069216650473,5.149660353774105,6.011911064042099,4.307788385646632,4.260237180575218,0,145.77298885176037
-19200,3.075069216650473,5.149660353774105,6.011911064042099,4.307788385646632,4.260237180575218,0,145.84093905319804
-19210,3.075069216650473,5.149660353774105,6.011911064042099,4.307788385646632,4.260237180575218,0,145.92694461652252
-19220,3.075069216650473,5.149660353774105,6.011911064042099,4.307788385646632,4.260237180575218,0,146.01294471286266
-19230,3.075069216650473,5.149660353774105,6.011911064042099,4.307788385646632,4.260237180575218,0,146.07949460395614
-19240,3.075069216650473,5.149660353774105,6.011911064042099,4.307788385646632,4.260237180575218,0,146.16545981228074
-19250,3.075069216650473,5.149660353774105,6.011911064042099,4.307788385646632,4.260237180575218,0,146.23322685355782
-19260,3.075069216650473,5.149660353774105,6.011911064042099,4.307788385646632,4.260237180575218,0,146.31915807311123
-19270,3.075069216650473,5.149660353774105,6.011911064042099,4.307788385646632,4.260237180575218,0,146.3868467511745
-19280,3.075069216650473,5.149660353774105,6.011911064042099,4.307788385646632,4.260237180575218,0,146.45448491962637
-19290,3.075069216650473,5.149660353774105,6.011911064042099,4.307788385646632,4.260237180575218,0,146.52207235702136
-19300,3.075069216650473,5.149660353774105,6.011911064042099,4.307788385646632,4.260237180575218,0,146.6092187918893
-19310,3.075069216650473,5.149660353774105,6.011911064042099,4.307788385646632,4.260237180575218,0,146.67672783712143
-19320,3.075069216650473,5.149660353774105,6.011911064042099,4.307788385646632,4.260237180575218,0,146.74418551291464
-19330,3.075069216650473,5.149660353774105,6.011911064042099,4.307788385646632,4.260237180575218,0,146.81290367901008
-19340,3.075069216650473,5.149660353774105,6.011911064042099,4.307788385646632,4.260237180575218,0,146.88025953383064
-19350,3.075069216650473,5.149660353774105,6.011911064042099,4.307788385646632,4.260237180575218,0,146.93046495367386
-19360,3.075069216650473,5.149660353774105,6.011911064042099,4.307788385646632,4.260237180575218,0,146.9976958103057
-19370,3.075069216650473,5.149660353774105,6.011911064042099,4.307788385646632,4.260237180575218,0,147.04773433983263
-19380,3.075069216650473,5.149660353774105,6.011911064042099,4.307788385646632,4.260237180575218,0,147.0976786376879
-19390,3.075069216650473,5.149660353774105,6.011911064042099,4.307788385646632,4.260237180575218,0,147.1475284024417
-19400,3.075069216650473,5.149660353774105,6.011911064042099,4.307788385646632,4.260237180575218,0,147.17875796379988
-19410,3.075069216650473,5.149660353774105,6.011911064042099,4.307788385646632,4.260237180575218,0,147.2098475407313
-19420,3.075069216650473,5.149660353774105,6.011911064042099,4.307788385646632,4.260237180575218,0,147.24212319446812
-19430,3.075069216650473,5.149660353774105,6.011911064042099,4.307788385646632,4.260237180575218,0,147.27293325347014
-19440,3.075069216650473,5.149660353774105,6.011911064042099,4.307788385646632,4.260237180575218,0,147.32354705744717
-19450,3.075069216650473,5.149660353774105,6.011911064042099,4.307788385646632,4.260237180575218,0,147.3540985940626
-19460,3.075069216650473,5.149660353774105,6.011911064042099,4.307788385646632,4.260237180575218,0,147.4045014428312
-19470,3.075069216650473,5.149660353774105,6.011911064042099,4.307788385646632,4.260237180575218,0,147.4548104197161
-19480,3.075069216650473,5.149660353774105,6.011911064042099,4.307788385646632,4.260237180575218,0,147.50368911527934
-19490,3.075069216650473,5.149660353774105,6.011911064042099,4.307788385646632,4.260237180575218,0,147.53507966905028
-19500,3.075069216650473,5.149660353774105,6.011911064042099,4.307788385646632,4.260237180575218,0,147.585080933357
-19510,3.075069216650473,5.149660353774105,6.011911064042099,4.307788385646632,4.260237180575218,0,147.63498708845887
-19520,3.075069216650473,5.149660353774105,6.011911064042099,4.307788385646632,4.260237180575218,0,147.68614041992726
-19530,3.075069216650473,5.149660353774105,6.011911064042099,4.307788385646632,4.260237180575218,0,147.73585707061193
-19540,3.075069216650473,5.149660353774105,6.011911064042099,4.307788385646632,4.260237180575218,0,147.7854777017726
-19550,3.075069216650473,5.149660353774105,6.011911064042099,4.307788385646632,4.260237180575218,0,147.81748489505426
-19560,3.075069216650473,5.149660353774105,6.011911064042099,4.307788385646632,4.260237180575218,0,147.86689136776977
-19570,3.075069216650473,5.149660353774105,6.011911064042099,4.307788385646632,4.260237180575218,0,147.9175516118427
-19580,3.075069216650473,5.149660353774105,6.011911064042099,4.307788385646632,4.260237180575218,0,147.9667654867018
-19590,3.075069216650473,5.149660353774105,6.011911064042099,4.307788385646632,4.260237180575218,0,147.99827970692616
-19600,3.075069216650473,5.149660353774105,6.011911064042099,4.307788385646632,4.260237180575218,0,148.0310090765481
-19610,3.075069216650473,5.149660353774105,6.011911064042099,4.307788385646632,4.260237180575218,0,148.0622435602139
-19620,3.075069216650473,5.149660353774105,6.011911064042099,4.307788385646632,4.260237180575218,0,148.09333677698206
-19630,3.075069216650473,5.149660353774105,6.011911064042099,4.307788385646632,4.260237180575218,0,148.1066008821792
-19640,3.075069216650473,5.149660353774105,6.011911064042099,4.307788385646632,4.260237180575218,0,148.13875121252735
-19650,3.075069216650473,5.149660353774105,6.011911064042099,4.307788385646632,4.260237180575218,0,148.18849268342868
-19660,3.075069216650473,5.149660353774105,6.011911064042099,4.307788385646632,4.260237180575218,0,148.22038576969138
-19670,3.075069216650473,5.149660353774105,6.011911064042099,4.307788385646632,4.260237180575218,0,148.2699122017315
-19680,3.075069216650473,5.149660353774105,6.011911064042099,4.307788385646632,4.260237180575218,0,148.320710198886
-19690,3.075069216650473,5.149660353774105,6.011911064042099,4.307788385646632,4.260237180575218,0,148.3714139389843
-19700,3.075069216650473,5.149660353774105,6.011911064042099,4.307788385646632,4.260237180575218,0,148.43986098552458
-19710,3.075069216650473,5.149660353774105,6.011911064042099,4.307788385646632,4.260237180575218,0,148.50825635157264
-19720,3.075069216650473,5.149660353774105,6.011911064042099,4.307788385646632,4.260237180575218,0,148.57659981173734
-19730,3.075069216650473,5.149660353774105,6.011911064042099,4.307788385646632,4.260237180575218,0,148.6462682723181
-19740,3.075069216650473,5.149660353774105,6.011911064042099,4.307788385646632,4.260237180575218,0,148.7145089095605
-19750,3.075069216650473,5.149660353774105,6.011911064042099,4.307788385646632,4.260237180575218,0,148.78407743191607
-19760,3.075069216650473,5.149660353774105,6.011911064042099,4.307788385646632,4.260237180575218,0,148.87018215294626
-19770,3.075069216650473,5.149660353774105,6.011911064042099,4.307788385646632,4.260237180575218,0,148.93967159260265
-19780,3.075069216650473,5.149660353774105,6.011911064042099,4.307788385646632,4.260237180575218,0,149.02712247357556
-19790,3.075069216650473,5.149660353774105,6.011911064042099,4.307788385646632,4.260237180575218,0,149.11456684647507
-19800,3.075069216650473,5.149660353774105,6.011911064042099,4.307788385646632,4.260237180575218,0,149.1839496096419
-19810,3.075069216650473,5.149660353774105,6.011911064042099,4.307788385646632,4.260237180575218,0,149.23381453301693
-19820,3.075069216650473,5.149660353774105,6.011911064042099,4.307788385646632,4.260237180575218,0,149.2849738084587
-19830,3.075069216650473,5.149660353774105,6.011911064042099,4.307788385646632,4.260237180575218,0,149.31652379795935
-19840,3.075069216650473,5.149660353774105,6.011911064042099,4.307788385646632,4.260237180575218,0,149.3116463822888
-19850,3.075069216650473,5.149660353774105,6.011911064042099,4.307788385646632,4.260237180575218,0,149.28697663465735
-19860,3.075069216650473,5.149660353774105,6.011911064042099,4.307788385646632,4.260237180575218,0,149.24524089045013
-19870,3.075069216650473,5.149660353774105,6.011911064042099,4.307788385646632,4.260237180575218,0,149.18357624570288
-19880,3.075069216650473,5.149660353774105,6.011911064042099,4.307788385646632,4.260237180575218,0,149.10471547921438
-19890,3.075069216650473,5.149660353774105,6.011911064042099,4.307788385646632,4.260237180575218,0,149.0254452357801
-19900,3.075069216650473,5.149660353774105,6.011911064042099,4.307788385646632,4.260237180575218,0,148.94576463966652
-19910,3.075069216650473,5.149660353774105,6.011911064042099,4.307788385646632,4.260237180575218,0,148.8853770720999
-19920,3.075069216650473,5.149660353774105,6.011911064042099,4.307788385646632,4.260237180575218,0,148.8063061382597
-19930,3.075069216650473,5.149660353774105,6.011911064042099,4.307788385646632,4.260237180575218,0,148.74516678723197
-19940,3.075069216650473,5.149660353774105,6.011911064042099,4.307788385646632,4.260237180575218,0,148.68366141245656
-19950,3.075069216650473,5.149660353774105,6.011911064042099,4.307788385646632,4.260237180575218,0,148.64158905041543
-19960,3.075069216650473,5.149660353774105,6.011911064042099,4.307788385646632,4.260237180575218,0,148.5991970021722
-19970,3.075069216650473,5.149660353774105,6.011911064042099,4.307788385646632,4.260237180575218,0,148.5579022550298
-19980,3.075069216650473,5.149660353774105,6.011911064042099,4.307788385646632,4.260237180575218,0,148.53332281473385
-19990,3.075069216650473,5.149660353774105,6.011911064042099,4.307788385646632,4.260237180575218,0,148.5283620908743
-20000,3.075069216650473,5.149660353774105,6.011911064042099,4.307788385646632,4.260237180575218,0,148.5231717418852
-20010,3.075069216650473,5.149660353774105,6.011911064042099,4.307788385646632,4.260237180575218,0,148.5177512191519
-20020,3.075069216650473,5.149660353774105,6.011911064042099,4.307788385646632,4.260237180575218,0,148.5306418779092
-20030,3.075069216650473,5.149660353774105,6.011911064042099,4.307788385646632,4.260237180575218,0,148.56333852442492
-20040,3.075069216650473,5.149660353774105,6.011911064042099,4.307788385646632,4.260237180575218,0,148.61305377511428
-20050,3.075069216650473,5.149660353774105,6.011911064042099,4.307788385646632,4.260237180575218,0,148.66410320358912
-20060,3.075069216650473,5.149660353774105,6.011911064042099,4.307788385646632,4.260237180575218,0,148.73225710378298
-20070,3.075069216650473,5.149660353774105,6.011911064042099,4.307788385646632,4.260237180575218,0,148.80179313836567
-20080,3.075069216650473,5.149660353774105,6.011911064042099,4.307788385646632,4.260237180575218,0,148.88851988294343
-20090,3.075069216650473,5.149660353774105,6.011911064042099,4.307788385646632,4.260237180575218,0,148.99393814844495
-20100,3.075069216650473,5.149660353774105,6.011911064042099,4.307788385646632,4.260237180575218,0,149.10083364704752
-20110,3.075069216650473,5.149660353774105,6.011911064042099,4.307788385646632,4.260237180575218,0,149.2250725924003
-20120,3.075069216650473,5.149660353774105,6.011911064042099,4.307788385646632,4.260237180575218,0,149.33206994503078
-20130,3.075069216650473,5.149660353774105,6.011911064042099,4.307788385646632,4.260237180575218,0,149.4564525651556
-20140,3.075069216650473,5.149660353774105,6.011911064042099,4.307788385646632,4.260237180575218,0,149.58091750761156
-20150,3.075069216650473,5.149660353774105,6.011911064042099,4.307788385646632,4.260237180575218,0,149.6880779000152
-20160,3.075069216650473,5.149660353774105,6.011911064042099,4.307788385646632,4.260237180575218,0,149.79527855815041
-20170,3.075069216650473,5.149660353774105,6.011911064042099,4.307788385646632,4.260237180575218,0,149.90106700536433
-20180,3.075069216650473,5.149660353774105,6.011911064042099,4.307788385646632,4.260237180575218,0,149.9894419811731
-20190,3.075069216650473,5.149660353774105,6.011911064042099,4.307788385646632,4.260237180575218,0,150.07781127744133
-20200,3.075069216650473,5.149660353774105,6.011911064042099,4.307788385646632,4.260237180575218,0,150.14722468229456
-20210,3.075069216650473,5.149660353774105,6.011911064042099,4.307788385646632,4.260237180575218,0,150.21658624599897
-20220,3.075069216650473,5.149660353774105,6.011911064042099,4.307788385646632,4.260237180575218,0,150.28589574135867
-20230,3.075069216650473,5.149660353774105,6.011911064042099,4.307788385646632,4.260237180575218,0,150.35515294070373
-20240,3.075069216650473,5.149660353774105,6.011911064042099,4.307788385646632,4.260237180575218,0,150.42582238396585
-20250,3.075069216650473,5.149660353774105,6.011911064042099,4.307788385646632,4.260237180575218,0,150.49497607934558
-20260,3.075069216650473,5.149660353774105,6.011911064042099,4.307788385646632,4.260237180575218,0,150.54498868477276
-20270,3.075069216650473,5.149660353774105,6.011911064042099,4.307788385646632,4.260237180575218,0,150.5963719653472
-20280,3.075069216650473,5.149660353774105,6.011911064042099,4.307788385646632,4.260237180575218,0,150.64765907252138
-20290,3.075069216650473,5.149660353774105,6.011911064042099,4.307788385646632,4.260237180575218,0,150.69884969819466
-20300,3.075069216650473,5.149660353774105,6.011911064042099,4.307788385646632,4.260237180575218,0,150.73076283752903
-20310,3.075069216650473,5.149660353774105,6.011911064042099,4.307788385646632,4.260237180575218,0,150.76253244422128
-20320,3.075069216650473,5.149660353774105,6.011911064042099,4.307788385646632,4.260237180575218,0,150.79563713615224
-20330,3.075069216650473,5.149660353774105,6.011911064042099,4.307788385646632,4.260237180575218,0,150.80935065652312
-20340,3.075069216650473,5.149660353774105,6.011911064042099,4.307788385646632,4.260237180575218,0,150.82287644434135
-20350,3.075069216650473,5.149660353774105,6.011911064042099,4.307788385646632,4.260237180575218,0,150.81691696474806
-20360,3.075069216650473,5.149660353774105,6.011911064042099,4.307788385646632,4.260237180575218,0,150.7928878560553
-20370,3.075069216650473,5.149660353774105,6.011911064042099,4.307788385646632,4.260237180575218,0,150.78792341869547
-20380,3.075069216650473,5.149660353774105,6.011911064042099,4.307788385646632,4.260237180575218,0,150.76335881934665
-20390,3.075069216650473,5.149660353774105,6.011911064042099,4.307788385646632,4.260237180575218,0,150.72061476358306
-20400,3.075069216650473,5.149660353774105,6.011911064042099,4.307788385646632,4.260237180575218,0,150.65962561283118
-20410,3.075069216650473,5.149660353774105,6.011911064042099,4.307788385646632,4.260237180575218,0,150.57883036775718
-20420,3.075069216650473,5.149660353774105,6.011911064042099,4.307788385646632,4.260237180575218,0,150.47965465513815
-20430,3.075069216650473,5.149660353774105,6.011911064042099,4.307788385646632,4.260237180575218,0,150.38151706652803
-20440,3.075069216650473,5.149660353774105,6.011911064042099,4.307788385646632,4.260237180575218,0,150.24390484091577
-20450,3.075069216650473,5.149660353774105,6.011911064042099,4.307788385646632,4.260237180575218,0,150.0896628911909
-20460,3.075069216650473,5.149660353774105,6.011911064042099,4.307788385646632,4.260237180575218,0,149.9349778536465
-20470,3.075069216650473,5.149660353774105,6.011911064042099,4.307788385646632,4.260237180575218,0,149.7804515013256
-20480,3.075069216650473,5.149660353774105,6.011911064042099,4.307788385646632,4.260237180575218,0,149.62608535650435
-20490,3.075069216650473,5.149660353774105,6.011911064042099,4.307788385646632,4.260237180575218,0,149.47188094601495
-20500,3.075069216650473,5.149660353774105,6.011911064042099,4.307788385646632,4.260237180575218,0,149.2992474943617
-20510,3.075069216650473,5.149660353774105,6.011911064042099,4.307788385646632,4.260237180575218,0,149.16396345819985
-20520,3.075069216650473,5.149660353774105,6.011911064042099,4.307788385646632,4.260237180575218,0,149.01025345740948
-20530,3.075069216650473,5.149660353774105,6.011911064042099,4.307788385646632,4.260237180575218,0,148.87521953927313
-20540,3.075069216650473,5.149660353774105,6.011911064042099,4.307788385646632,4.260237180575218,0,148.75893046122977
-20550,3.075069216650473,5.149660353774105,6.011911064042099,4.307788385646632,4.260237180575218,0,148.64259797257827
-20560,3.075069216650473,5.149660353774105,6.011911064042099,4.307788385646632,4.260237180575218,0,148.56337365939754
-20570,3.075069216650473,5.149660353774105,6.011911064042099,4.307788385646632,4.260237180575218,0,148.48419710886404
-20580,3.075069216650473,5.149660353774105,6.011911064042099,4.307788385646632,4.260237180575218,0,148.42353695886231
-20590,3.075069216650473,5.149660353774105,6.011911064042099,4.307788385646632,4.260237180575218,0,148.38130824670316
-20600,3.075069216650473,5.149660353774105,6.011911064042099,4.307788385646632,4.260237180575218,0,148.35757843127482
-20610,3.075069216650473,5.149660353774105,6.011911064042099,4.307788385646632,4.260237180575218,0,148.33403332206305
-20620,3.075069216650473,5.149660353774105,6.011911064042099,4.307788385646632,4.260237180575218,0,148.3471753484877
-20630,3.075069216650473,5.149660353774105,6.011911064042099,4.307788385646632,4.260237180575218,0,148.34201263168097
-20640,3.075069216650473,5.149660353774105,6.011911064042099,4.307788385646632,4.260237180575218,0,148.37367109781007
-20650,3.075069216650473,5.149660353774105,6.011911064042099,4.307788385646632,4.260237180575218,0,148.40549671733294
-20660,3.075069216650473,5.149660353774105,6.011911064042099,4.307788385646632,4.260237180575218,0,148.4371819989611
-20670,3.075069216650473,5.149660353774105,6.011911064042099,4.307788385646632,4.260237180575218,0,148.46888085396142
-20680,3.075069216650473,5.149660353774105,6.011911064042099,4.307788385646632,4.260237180575218,0,148.5191315825612
-20690,3.075069216650473,5.149660353774105,6.011911064042099,4.307788385646632,4.260237180575218,0,148.5694411091358
-20700,3.075069216650473,5.149660353774105,6.011911064042099,4.307788385646632,4.260237180575218,0,148.61965483102082
-20710,3.075069216650473,5.149660353774105,6.011911064042099,4.307788385646632,4.260237180575218,0,148.66992748862228
-20720,3.075069216650473,5.149660353774105,6.011911064042099,4.307788385646632,4.260237180575218,0,148.72025933871478
-20730,3.075069216650473,5.149660353774105,6.011911064042099,4.307788385646632,4.260237180575218,0,148.78899038851912
-20740,3.075069216650473,5.149660353774105,6.011911064042099,4.307788385646632,4.260237180575218,0,148.83946359563907
-20750,3.075069216650473,5.149660353774105,6.011911064042099,4.307788385646632,4.260237180575218,0,148.90822517283408
-20760,3.075069216650473,5.149660353774105,6.011911064042099,4.307788385646632,4.260237180575218,0,148.97724711854917
-20770,3.075069216650473,5.149660353774105,6.011911064042099,4.307788385646632,4.260237180575218,0,149.046217989021
-20780,3.075069216650473,5.149660353774105,6.011911064042099,4.307788385646632,4.260237180575218,0,149.1151375594814
-20790,3.075069216650473,5.149660353774105,6.011911064042099,4.307788385646632,4.260237180575218,0,149.18416215846722
-20800,3.075069216650473,5.149660353774105,6.011911064042099,4.307788385646632,4.260237180575218,0,149.25329212875488
-20810,3.075069216650473,5.149660353774105,6.011911064042099,4.307788385646632,4.260237180575218,0,149.32237088103287
-20820,3.075069216650473,5.149660353774105,6.011911064042099,4.307788385646632,4.260237180575218,0,149.37285768227778
-20830,3.075069216650473,5.149660353774105,6.011911064042099,4.307788385646632,4.260237180575218,0,149.44196819371052
-20840,3.075069216650473,5.149660353774105,6.011911064042099,4.307788385646632,4.260237180575218,0,149.49259924885928
-20850,3.075069216650473,5.149660353774105,6.011911064042099,4.307788385646632,4.260237180575218,0,149.56174183992047
-20860,3.075069216650473,5.149660353774105,6.011911064042099,4.307788385646632,4.260237180575218,0,149.61236023915345
-20870,3.075069216650473,5.149660353774105,6.011911064042099,4.307788385646632,4.260237180575218,0,149.64438714199986
-20880,3.075069216650473,5.149660353774105,6.011911064042099,4.307788385646632,4.260237180575218,0,149.69494794530436
-20890,3.075069216650473,5.149660353774105,6.011911064042099,4.307788385646632,4.260237180575218,0,149.7270306507288
-20900,3.075069216650473,5.149660353774105,6.011911064042099,4.307788385646632,4.260237180575218,0,149.7589717048168
-20910,3.075069216650473,5.149660353774105,6.011911064042099,4.307788385646632,4.260237180575218,0,149.7723449400326
-20920,3.075069216650473,5.149660353774105,6.011911064042099,4.307788385646632,4.260237180575218,0,149.7856901729186
-20930,3.075069216650473,5.149660353774105,6.011911064042099,4.307788385646632,4.260237180575218,0,149.7991667362654
-20940,3.075069216650473,5.149660353774105,6.011911064042099,4.307788385646632,4.260237180575218,0,149.79380428566046
-20950,3.075069216650473,5.149660353774105,6.011911064042099,4.307788385646632,4.260237180575218,0,149.7885286095682
-20960,3.075069216650473,5.149660353774105,6.011911064042099,4.307788385646632,4.260237180575218,0,149.7646429438434
-20970,3.075069216650473,5.149660353774105,6.011911064042099,4.307788385646632,4.260237180575218,0,149.75936
-20980,3.075069216650473,5.149660353774105,6.011911064042099,4.307788385646632,4.260237180575218,0,149.7354225753847
-20990,3.075069216650473,5.149660353774105,6.011911064042099,4.307788385646632,4.260237180575218,0,149.73013352293881
-21000,3.075069216650473,5.149660353774105,6.011911064042099,4.307788385646632,4.260237180575218,0,149.70630597534478
-21010,3.075069216650473,5.149660353774105,6.011911064042099,4.307788385646632,4.260237180575218,0,149.68236215195253
-21020,3.075069216650473,5.149660353774105,6.011911064042099,4.307788385646632,4.260237180575218,0,149.67713557004026
-21030,3.075069216650473,5.149660353774105,6.011911064042099,4.307788385646632,4.260237180575218,0,149.65330416685873
-21040,3.075069216650473,5.149660353774105,6.011911064042099,4.307788385646632,4.260237180575218,0,149.6293571407159
-21050,3.075069216650473,5.149660353774105,6.011911064042099,4.307788385646632,4.260237180575218,0,149.60545599784498
-21060,3.075069216650473,5.149660353774105,6.011911064042099,4.307788385646632,4.260237180575218,0,149.60020269310934
-21070,3.075069216650473,5.149660353774105,6.011911064042099,4.307788385646632,4.260237180575218,0,149.57625549841833
-21080,3.075069216650473,5.149660353774105,6.011911064042099,4.307788385646632,4.260237180575218,0,149.552355439107
-21090,3.075069216650473,5.149660353774105,6.011911064042099,4.307788385646632,4.260237180575218,0,149.5471721024714
-21100,3.075069216650473,5.149660353774105,6.011911064042099,4.307788385646632,4.260237180575218,0,149.54191964484002
-21110,3.075069216650473,5.149660353774105,6.011911064042099,4.307788385646632,4.260237180575218,0,149.53659810321275
-21120,3.075069216650473,5.149660353774105,6.011911064042099,4.307788385646632,4.260237180575218,0,149.5499444344523
-21130,3.075069216650473,5.149660353774105,6.011911064042099,4.307788385646632,4.260237180575218,0,149.56343024274852
-21140,3.075069216650473,5.149660353774105,6.011911064042099,4.307788385646632,4.260237180575218,0,149.55811061099845
-21150,3.075069216650473,5.149660353774105,6.011911064042099,4.307788385646632,4.260237180575218,0,149.57136401610407
-21160,3.075069216650473,5.149660353774105,6.011911064042099,4.307788385646632,4.260237180575218,0,149.58475782793067
-21170,3.075069216650473,5.149660353774105,6.011911064042099,4.307788385646632,4.260237180575218,0,149.61681551825373
-21180,3.075069216650473,5.149660353774105,6.011911064042099,4.307788385646632,4.260237180575218,0,149.63018648298598
-21190,3.075069216650473,5.149660353774105,6.011911064042099,4.307788385646632,4.260237180575218,0,149.68083448838672
-21200,3.075069216650473,5.149660353774105,6.011911064042099,4.307788385646632,4.260237180575218,0,149.71279578374447
-21210,3.075069216650473,5.149660353774105,6.011911064042099,4.307788385646632,4.260237180575218,0,149.7820050650711
-21220,3.075069216650473,5.149660353774105,6.011911064042099,4.307788385646632,4.260237180575218,0,149.85132745851888
-21230,3.075069216650473,5.149660353774105,6.011911064042099,4.307788385646632,4.260237180575218,0,149.9207633361263
-21240,3.075069216650473,5.149660353774105,6.011911064042099,4.307788385646632,4.260237180575218,0,150.00882802607742
-21250,3.075069216650473,5.149660353774105,6.011911064042099,4.307788385646632,4.260237180575218,0,150.0968862564829
-21260,3.075069216650473,5.149660353774105,6.011911064042099,4.307788385646632,4.260237180575218,0,150.20382911152555
-21270,3.075069216650473,5.149660353774105,6.011911064042099,4.307788385646632,4.260237180575218,0,150.3108109497341
-21280,3.075069216650473,5.149660353774105,6.011911064042099,4.307788385646632,4.260237180575218,0,150.43643646981837
-21290,3.075069216650473,5.149660353774105,6.011911064042099,4.307788385646632,4.260237180575218,0,150.5436849216666
-21300,3.075069216650473,5.149660353774105,6.011911064042099,4.307788385646632,4.260237180575218,0,150.65080608268852
-21310,3.075069216650473,5.149660353774105,6.011911064042099,4.307788385646632,4.260237180575218,0,150.75813272178712
-21320,3.075069216650473,5.149660353774105,6.011911064042099,4.307788385646632,4.260237180575218,0,150.8841934640488
-21330,3.075069216650473,5.149660353774105,6.011911064042099,4.307788385646632,4.260237180575218,0,150.97273611776777
-21340,3.075069216650473,5.149660353774105,6.011911064042099,4.307788385646632,4.260237180575218,0,151.0803469926777
-21350,3.075069216650473,5.149660353774105,6.011911064042099,4.307788385646632,4.260237180575218,0,151.169066687492
-21360,3.075069216650473,5.149660353774105,6.011911064042099,4.307788385646632,4.260237180575218,0,151.25777980950815
-21370,3.075069216650473,5.149660353774105,6.011911064042099,4.307788385646632,4.260237180575218,0,151.32784572508976
-21380,3.075069216650473,5.149660353774105,6.011911064042099,4.307788385646632,4.260237180575218,0,151.39785965036626
-21390,3.075069216650473,5.149660353774105,6.011911064042099,4.307788385646632,4.260237180575218,0,151.4491357163993
-21400,3.075069216650473,5.149660353774105,6.011911064042099,4.307788385646632,4.260237180575218,0,151.48143729931542
-21410,3.075069216650473,5.149660353774105,6.011911064042099,4.307788385646632,4.260237180575218,0,151.53283233378966
-21420,3.075069216650473,5.149660353774105,6.011911064042099,4.307788385646632,4.260237180575218,0,151.5652073255967
-21430,3.075069216650473,5.149660353774105,6.011911064042099,4.307788385646632,4.260237180575218,0,151.5786624067816
-21440,3.075069216650473,5.149660353774105,6.011911064042099,4.307788385646632,4.260237180575218,0,151.61106572424498
-21450,3.075069216650473,5.149660353774105,6.011911064042099,4.307788385646632,4.260237180575218,0,151.6246732162812
-21460,3.075069216650473,5.149660353774105,6.011911064042099,4.307788385646632,4.260237180575218,0,151.63826129501606
-21470,3.075069216650473,5.149660353774105,6.011911064042099,4.307788385646632,4.260237180575218,0,151.6327927753629
-21480,3.075069216650473,5.149660353774105,6.011911064042099,4.307788385646632,4.260237180575218,0,151.62759939778715
-21490,3.075069216650473,5.149660353774105,6.011911064042099,4.307788385646632,4.260237180575218,0,151.64108434058323
-21500,3.075069216650473,5.149660353774105,6.011911064042099,4.307788385646632,4.260237180575218,0,151.63578502437653
-21510,3.075069216650473,5.149660353774105,6.011911064042099,4.307788385646632,4.260237180575218,0,151.61146264809648
-21520,3.075069216650473,5.149660353774105,6.011911064042099,4.307788385646632,4.260237180575218,0,151.6061830553983
-21530,3.075069216650473,5.149660353774105,6.011911064042099,4.307788385646632,4.260237180575218,0,151.60083977015688
-21540,3.075069216650473,5.149660353774105,6.011911064042099,4.307788385646632,4.260237180575218,0,151.59543285315877
-21550,3.075069216650473,5.149660353774105,6.011911064042099,4.307788385646632,4.260237180575218,0,151.57125480207208
-21560,3.075069216650473,5.149660353774105,6.011911064042099,4.307788385646632,4.260237180575218,0,151.56604183554248
-21570,3.075069216650473,5.149660353774105,6.011911064042099,4.307788385646632,4.260237180575218,0,151.56059418237527
-21580,3.075069216650473,5.149660353774105,6.011911064042099,4.307788385646632,4.260237180575218,0,151.5552557880818
-21590,3.075069216650473,5.149660353774105,6.011911064042099,4.307788385646632,4.260237180575218,0,151.53105657693402
-21600,3.075069216650473,5.149660353774105,6.011911064042099,4.307788385646632,4.260237180575218,0,151.5257431381088
-21610,3.075069216650473,5.149660353774105,6.011911064042099,4.307788385646632,4.260237180575218,0,151.520540586822
-21620,3.075069216650473,5.149660353774105,6.011911064042099,4.307788385646632,4.260237180575218,0,151.51510344079037
-21630,3.075069216650473,5.149660353774105,6.011911064042099,4.307788385646632,4.260237180575218,0,151.50977773575818
-21640,3.075069216650473,5.149660353774105,6.011911064042099,4.307788385646632,4.260237180575218,0,151.50439066121524
-21650,3.075069216650473,5.149660353774105,6.011911064042099,4.307788385646632,4.260237180575218,0,151.51805124395406
-21660,3.075069216650473,5.149660353774105,6.011911064042099,4.307788385646632,4.260237180575218,0,151.51273869645783
-21670,3.075069216650473,5.149660353774105,6.011911064042099,4.307788385646632,4.260237180575218,0,151.52617240560616
-21680,3.075069216650473,5.149660353774105,6.011911064042099,4.307788385646632,4.260237180575218,0,151.53976535294342
-21690,3.075069216650473,5.149660353774105,6.011911064042099,4.307788385646632,4.260237180575218,0,151.53431668177691
-21700,3.075069216650473,5.149660353774105,6.011911064042099,4.307788385646632,4.260237180575218,0,151.54785768599487
-21710,3.075069216650473,5.149660353774105,6.011911064042099,4.307788385646632,4.260237180575218,0,151.56138444103084
-21720,3.075069216650473,5.149660353774105,6.011911064042099,4.307788385646632,4.260237180575218,0,151.57507229939637
-21730,3.075069216650473,5.149660353774105,6.011911064042099,4.307788385646632,4.260237180575218,0,151.58857124119015
-21740,3.075069216650473,5.149660353774105,6.011911064042099,4.307788385646632,4.260237180575218,0,151.62102330543118
-21750,3.075069216650473,5.149660353774105,6.011911064042099,4.307788385646632,4.260237180575218,0,151.65333183814283
-21760,3.075069216650473,5.149660353774105,6.011911064042099,4.307788385646632,4.260237180575218,0,151.6858485339506
-21770,3.075069216650473,5.149660353774105,6.011911064042099,4.307788385646632,4.260237180575218,0,151.71822175980995
-21780,3.075069216650473,5.149660353774105,6.011911064042099,4.307788385646632,4.260237180575218,0,151.76951001572812
-21790,3.075069216650473,5.149660353774105,6.011911064042099,4.307788385646632,4.260237180575218,0,151.8397821134002
-21800,3.075069216650473,5.149660353774105,6.011911064042099,4.307788385646632,4.260237180575218,0,151.8912507064403
-21810,3.075069216650473,5.149660353774105,6.011911064042099,4.307788385646632,4.260237180575218,0,151.9426214356057
-21820,3.075069216650473,5.149660353774105,6.011911064042099,4.307788385646632,4.260237180575218,0,151.99389398857844
-21830,3.075069216650473,5.149660353774105,6.011911064042099,4.307788385646632,4.260237180575218,0,152.06424257262265
-21840,3.075069216650473,5.149660353774105,6.011911064042099,4.307788385646632,4.260237180575218,0,152.11569655639622
-21850,3.075069216650473,5.149660353774105,6.011911064042099,4.307788385646632,4.260237180575218,0,152.14836526134602
-21860,3.075069216650473,5.149660353774105,6.011911064042099,4.307788385646632,4.260237180575218,0,152.199778044029
-21870,3.075069216650473,5.149660353774105,6.011911064042099,4.307788385646632,4.260237180575218,0,152.23236005942658
-21880,3.075069216650473,5.149660353774105,6.011911064042099,4.307788385646632,4.260237180575218,0,152.26479796240505
-21890,3.075069216650473,5.149660353774105,6.011911064042099,4.307788385646632,4.260237180575218,0,152.27849250019514
-21900,3.075069216650473,5.149660353774105,6.011911064042099,4.307788385646632,4.260237180575218,0,152.3109765787099
-21910,3.075069216650473,5.149660353774105,6.011911064042099,4.307788385646632,4.260237180575218,0,152.32467228439052
-21920,3.075069216650473,5.149660353774105,6.011911064042099,4.307788385646632,4.260237180575218,0,152.33817799426924
-21930,3.075069216650473,5.149660353774105,6.011911064042099,4.307788385646632,4.260237180575218,0,152.35185263350635
-21940,3.075069216650473,5.149660353774105,6.011911064042099,4.307788385646632,4.260237180575218,0,152.34644557552852
-21950,3.075069216650473,5.149660353774105,6.011911064042099,4.307788385646632,4.260237180575218,0,152.36007697036592
-21960,3.075069216650473,5.149660353774105,6.011911064042099,4.307788385646632,4.260237180575218,0,152.35476114613135
-21970,3.075069216650473,5.149660353774105,6.011911064042099,4.307788385646632,4.260237180575218,0,152.3493898047803
-21980,3.075069216650473,5.149660353774105,6.011911064042099,4.307788385646632,4.260237180575218,0,152.3439630382732
-21990,3.075069216650473,5.149660353774105,6.011911064042099,4.307788385646632,4.260237180575218,0,152.33866195076652
-22000,3.075069216650473,5.149660353774105,6.011911064042099,4.307788385646632,4.260237180575218,0,152.33330606192914
-22010,3.075069216650473,5.149660353774105,6.011911064042099,4.307788385646632,4.260237180575218,0,152.3278954662271
-22020,3.075069216650473,5.149660353774105,6.011911064042099,4.307788385646632,4.260237180575218,0,152.3226119284213
-22030,3.075069216650473,5.149660353774105,6.011911064042099,4.307788385646632,4.260237180575218,0,152.31727431419898
-22040,3.075069216650473,5.149660353774105,6.011911064042099,4.307788385646632,4.260237180575218,0,152.2929433037336
-22050,3.075069216650473,5.149660353774105,6.011911064042099,4.307788385646632,4.260237180575218,0,152.28747490372285
-22060,3.075069216650473,5.149660353774105,6.011911064042099,4.307788385646632,4.260237180575218,0,152.28213524316925
-22070,3.075069216650473,5.149660353774105,6.011911064042099,4.307788385646632,4.260237180575218,0,152.25791681002326
-22080,3.075069216650473,5.149660353774105,6.011911064042099,4.307788385646632,4.260237180575218,0,152.23359963289656
-22090,3.075069216650473,5.149660353774105,6.011911064042099,4.307788385646632,4.260237180575218,0,152.22823804693607
-22100,3.075069216650473,5.149660353774105,6.011911064042099,4.307788385646632,4.260237180575218,0,152.20392993606225
-22110,3.075069216650473,5.149660353774105,6.011911064042099,4.307788385646632,4.260237180575218,0,152.1984404222955
-22120,3.075069216650473,5.149660353774105,6.011911064042099,4.307788385646632,4.260237180575218,0,152.17414267579016
-22130,3.075069216650473,5.149660353774105,6.011911064042099,4.307788385646632,4.260237180575218,0,152.16889396530064
-22140,3.075069216650473,5.149660353774105,6.011911064042099,4.307788385646632,4.260237180575218,0,152.14460833588916
-22150,3.075069216650473,5.149660353774105,6.011911064042099,4.307788385646632,4.260237180575218,0,152.15824265979373
-22160,3.075069216650473,5.149660353774105,6.011911064042099,4.307788385646632,4.260237180575218,0,152.15284027845706
-22170,3.075069216650473,5.149660353774105,6.011911064042099,4.307788385646632,4.260237180575218,0,152.14738688819216
-22180,3.075069216650473,5.149660353774105,6.011911064042099,4.307788385646632,4.260237180575218,0,152.1609602745534
-22190,3.075069216650473,5.149660353774105,6.011911064042099,4.307788385646632,4.260237180575218,0,152.17471449739398
-22200,3.075069216650473,5.149660353774105,6.011911064042099,4.307788385646632,4.260237180575218,0,152.18827908588145
-22210,3.075069216650473,5.149660353774105,6.011911064042099,4.307788385646632,4.260237180575218,0,152.2208005974796
-22220,3.075069216650473,5.149660353774105,6.011911064042099,4.307788385646632,4.260237180575218,0,152.25336398560484
-22230,3.075069216650473,5.149660353774105,6.011911064042099,4.307788385646632,4.260237180575218,0,152.26696245673432
-22240,3.075069216650473,5.149660353774105,6.011911064042099,4.307788385646632,4.260237180575218,0,152.29940086001963
-22250,3.075069216650473,5.149660353774105,6.011911064042099,4.307788385646632,4.260237180575218,0,152.33206829524886
-22260,3.075069216650473,5.149660353774105,6.011911064042099,4.307788385646632,4.260237180575218,0,152.3645916788883
-22270,3.075069216650473,5.149660353774105,6.011911064042099,4.307788385646632,4.260237180575218,0,152.3971578620529
-22280,3.075069216650473,5.149660353774105,6.011911064042099,4.307788385646632,4.260237180575218,0,152.4297671273497
-22290,3.075069216650473,5.149660353774105,6.011911064042099,4.307788385646632,4.260237180575218,0,152.44346193020004
-22300,3.075069216650473,5.149660353774105,6.011911064042099,4.307788385646632,4.260237180575218,0,152.456966561023
-22310,3.075069216650473,5.149660353774105,6.011911064042099,4.307788385646632,4.260237180575218,0,152.4896606007078
-22320,3.075069216650473,5.149660353774105,6.011911064042099,4.307788385646632,4.260237180575218,0,152.48415691867828
-22330,3.075069216650473,5.149660353774105,6.011911064042099,4.307788385646632,4.260237180575218,0,152.49784350615693
-22340,3.075069216650473,5.149660353774105,6.011911064042099,4.307788385646632,4.260237180575218,0,152.51152866203537
-22350,3.075069216650473,5.149660353774105,6.011911064042099,4.307788385646632,4.260237180575218,0,152.50611666519063
-22360,3.075069216650473,5.149660353774105,6.011911064042099,4.307788385646632,4.260237180575218,0,152.50065741972298
-22370,3.075069216650473,5.149660353774105,6.011911064042099,4.307788385646632,4.260237180575218,0,152.5142932303769
-22380,3.075069216650473,5.149660353774105,6.011911064042099,4.307788385646632,4.260237180575218,0,152.50895278224124
-22390,3.075069216650473,5.149660353774105,6.011911064042099,4.307788385646632,4.260237180575218,0,152.5035659428558
-22400,3.075069216650473,5.149660353774105,6.011911064042099,4.307788385646632,4.260237180575218,0,152.49832305330546
-22410,3.075069216650473,5.149660353774105,6.011911064042099,4.307788385646632,4.260237180575218,0,152.49284403875072
-22420,3.075069216650473,5.149660353774105,6.011911064042099,4.307788385646632,4.260237180575218,0,152.506577324198
-22430,3.075069216650473,5.149660353774105,6.011911064042099,4.307788385646632,4.260237180575218,0,152.50122062959176
-22440,3.075069216650473,5.149660353774105,6.011911064042099,4.307788385646632,4.260237180575218,0,152.51474135364685
-22450,3.075069216650473,5.149660353774105,6.011911064042099,4.307788385646632,4.260237180575218,0,152.50931715955903
-22460,3.075069216650473,5.149660353774105,6.011911064042099,4.307788385646632,4.260237180575218,0,152.50403958764335
-22470,3.075069216650473,5.149660353774105,6.011911064042099,4.307788385646632,4.260237180575218,0,152.51770911281798
-22480,3.075069216650473,5.149660353774105,6.011911064042099,4.307788385646632,4.260237180575218,0,152.51236589242788
-22490,3.075069216650473,5.149660353774105,6.011911064042099,4.307788385646632,4.260237180575218,0,152.50697858124926
-22500,3.075069216650473,5.149660353774105,6.011911064042099,4.307788385646632,4.260237180575218,0,152.52060784057906
-22510,3.075069216650473,5.149660353774105,6.011911064042099,4.307788385646632,4.260237180575218,0,152.49626498622618
-22520,3.075069216650473,5.149660353774105,6.011911064042099,4.307788385646632,4.260237180575218,0,152.4907464418005
-22530,3.075069216650473,5.149660353774105,6.011911064042099,4.307788385646632,4.260237180575218,0,152.46644098282792
-22540,3.075069216650473,5.149660353774105,6.011911064042099,4.307788385646632,4.260237180575218,0,152.44204673491276
-22550,3.075069216650473,5.149660353774105,6.011911064042099,4.307788385646632,4.260237180575218,0,152.39877498753748
-22560,3.075069216650473,5.149660353774105,6.011911064042099,4.307788385646632,4.260237180575218,0,152.37456845077173
-22570,3.075069216650473,5.149660353774105,6.011911064042099,4.307788385646632,4.260237180575218,0,152.33124575763182
-22580,3.075069216650473,5.149660353774105,6.011911064042099,4.307788385646632,4.260237180575218,0,152.2879837495695
-22590,3.075069216650473,5.149660353774105,6.011911064042099,4.307788385646632,4.260237180575218,0,152.26366300689088
-22600,3.075069216650473,5.149660353774105,6.011911064042099,4.307788385646632,4.260237180575218,0,152.22035239284338
-22610,3.075069216650473,5.149660353774105,6.011911064042099,4.307788385646632,4.260237180575218,0,152.19602970107715
-22620,3.075069216650473,5.149660353774105,6.011911064042099,4.307788385646632,4.260237180575218,0,152.19076434165427
-22630,3.075069216650473,5.149660353774105,6.011911064042099,4.307788385646632,4.260237180575218,0,152.18526325340244
-22640,3.075069216650473,5.149660353774105,6.011911064042099,4.307788385646632,4.260237180575218,0,152.19891194991098
-22650,3.075069216650473,5.149660353774105,6.011911064042099,4.307788385646632,4.260237180575218,0,152.23138815073634
-22660,3.075069216650473,5.149660353774105,6.011911064042099,4.307788385646632,4.260237180575218,0,152.28295672621786
-22670,3.075069216650473,5.149660353774105,6.011911064042099,4.307788385646632,4.260237180575218,0,152.3344271061231
-22680,3.075069216650473,5.149660353774105,6.011911064042099,4.307788385646632,4.260237180575218,0,152.42397211755477
-22690,3.075069216650473,5.149660353774105,6.011911064042099,4.307788385646632,4.260237180575218,0,152.51351071678394
-22700,3.075069216650473,5.149660353774105,6.011911064042099,4.307788385646632,4.260237180575218,0,152.62217556050592
-22710,3.075069216650473,5.149660353774105,6.011911064042099,4.307788385646632,4.260237180575218,0,152.74983849329183
-22720,3.075069216650473,5.149660353774105,6.011911064042099,4.307788385646632,4.260237180575218,0,152.87758686914273
-22730,3.075069216650473,5.149660353774105,6.011911064042099,4.307788385646632,4.260237180575218,0,153.0244251086693
-22740,3.075069216650473,5.149660353774105,6.011911064042099,4.307788385646632,4.260237180575218,0,153.17159303926013
-22750,3.075069216650473,5.149660353774105,6.011911064042099,4.307788385646632,4.260237180575218,0,153.33794347677645
-22760,3.075069216650473,5.149660353774105,6.011911064042099,4.307788385646632,4.260237180575218,0,153.485200032002
-22770,3.075069216650473,5.149660353774105,6.011911064042099,4.307788385646632,4.260237180575218,0,153.6518839177732
-22780,3.075069216650473,5.149660353774105,6.011911064042099,4.307788385646632,4.260237180575218,0,153.81874644512274
-22790,3.075069216650473,5.149660353774105,6.011911064042099,4.307788385646632,4.260237180575218,0,153.9666449641391
-22800,3.075069216650473,5.149660353774105,6.011911064042099,4.307788385646632,4.260237180575218,0,154.11467615995457
-22810,3.075069216650473,5.149660353774105,6.011911064042099,4.307788385646632,4.260237180575218,0,154.2818294571763
-22820,3.075069216650473,5.149660353774105,6.011911064042099,4.307788385646632,4.260237180575218,0,154.43014930507078
-22830,3.075069216650473,5.149660353774105,6.011911064042099,4.307788385646632,4.260237180575218,0,154.59783786079456
-22840,3.075069216650473,5.149660353774105,6.011911064042099,4.307788385646632,4.260237180575218,0,154.7464471331271
-22850,3.075069216650473,5.149660353774105,6.011911064042099,4.307788385646632,4.260237180575218,0,154.89518966142236
-22860,3.075069216650473,5.149660353774105,6.011911064042099,4.307788385646632,4.260237180575218,0,155.02475992705214
-22870,3.075069216650473,5.149660353774105,6.011911064042099,4.307788385646632,4.260237180575218,0,155.17374591414196
-22880,3.075069216650473,5.149660353774105,6.011911064042099,4.307788385646632,4.260237180575218,0,155.3037146437135
-22890,3.075069216650473,5.149660353774105,6.011911064042099,4.307788385646632,4.260237180575218,0,155.43356882860647
-22900,3.075069216650473,5.149660353774105,6.011911064042099,4.307788385646632,4.260237180575218,0,155.54431264371573
-22910,3.075069216650473,5.149660353774105,6.011911064042099,4.307788385646632,4.260237180575218,0,155.65489450441657
-22920,3.075069216650473,5.149660353774105,6.011911064042099,4.307788385646632,4.260237180575218,0,155.7657187418184
-22930,3.075069216650473,5.149660353774105,6.011911064042099,4.307788385646632,4.260237180575218,0,155.87678602584705
-22940,3.075069216650473,5.149660353774105,6.011911064042099,4.307788385646632,4.260237180575218,0,155.94890725298904
-22950,3.075069216650473,5.149660353774105,6.011911064042099,4.307788385646632,4.260237180575218,0,156.04049165267475
-22960,3.075069216650473,5.149660353774105,6.011911064042099,4.307788385646632,4.260237180575218,0,156.11273225110386
-22970,3.075069216650473,5.149660353774105,6.011911064042099,4.307788385646632,4.260237180575218,0,156.16555868033163
-22980,3.075069216650473,5.149660353774105,6.011911064042099,4.307788385646632,4.260237180575218,0,156.23787218361213
-22990,3.075069216650473,5.149660353774105,6.011911064042099,4.307788385646632,4.260237180575218,0,156.29072461433694
-23000,3.075069216650473,5.149660353774105,6.011911064042099,4.307788385646632,4.260237180575218,0,156.34347608757807
-23010,3.075069216650473,5.149660353774105,6.011911064042099,4.307788385646632,4.260237180575218,0,156.3963310640596
-23020,3.075069216650473,5.149660353774105,6.011911064042099,4.307788385646632,4.260237180575218,0,156.46876785580915
-23030,3.075069216650473,5.149660353774105,6.011911064042099,4.307788385646632,4.260237180575218,0,156.52164940107414
-23040,3.075069216650473,5.149660353774105,6.011911064042099,4.307788385646632,4.260237180575218,0,156.57463524812522
-23050,3.075069216650473,5.149660353774105,6.011911064042099,4.307788385646632,4.260237180575218,0,156.62772582075453
-23070,3.075069216650473,5.149660353774105,6.011911064042099,4.307788385646632,4.260237180575218,0,156.71421423715395
-23090,3.075069216650473,5.149660353774105,6.011911064042099,4.307788385646632,4.260237180575218,0,156.80061618954502
-23110,3.075069216650473,5.149660353774105,6.011911064042099,4.307788385646632,4.260237180575218,0,156.88734630294556
-23130,3.075069216650473,5.149660353774105,6.011911064042099,4.307788385646632,4.260237180575218,0,156.95446108629255
-23150,3.075069216650473,5.149660353774105,6.011911064042099,4.307788385646632,4.260237180575218,0,157.04097537590377
-23170,3.075069216650473,5.149660353774105,6.011911064042099,4.307788385646632,4.260237180575218,0,157.10819723797982
-23190,3.075069216650473,5.149660353774105,6.011911064042099,4.307788385646632,4.260237180575218,0,157.13631388280237
-23210,3.075069216650473,5.149660353774105,6.011911064042099,4.307788385646632,4.260237180575218,0,157.1642743019553
-23230,3.075069216650473,5.149660353774105,6.011911064042099,4.307788385646632,4.260237180575218,0,157.17294128863608
-23250,3.075069216650473,5.149660353774105,6.011911064042099,4.307788385646632,4.260237180575218,0,157.1421489541206
-23270,3.075069216650473,5.149660353774105,6.011911064042099,4.307788385646632,4.260237180575218,0,157.1115531865098
-23290,3.075069216650473,5.149660353774105,6.011911064042099,4.307788385646632,4.260237180575218,0,157.04196823996605
-23310,3.075069216650473,5.149660353774105,6.011911064042099,4.307788385646632,4.260237180575218,0,156.9917223504395
-23330,3.075069216650473,5.149660353774105,6.011911064042099,4.307788385646632,4.260237180575218,0,156.94158878836043
-23350,3.075069216650473,5.149660353774105,6.011911064042099,4.307788385646632,4.260237180575218,0,156.91098912987036
-23370,3.075069216650473,5.149660353774105,6.011911064042099,4.307788385646632,4.260237180575218,0,156.91953311772235
-23390,3.075069216650473,5.149660353774105,6.011911064042099,4.307788385646632,4.260237180575218,0,156.9475673139261
-23410,3.075069216650473,5.149660353774105,6.011911064042099,4.307788385646632,4.260237180575218,0,157.0147945221259
-23430,3.075069216650473,5.149660353774105,6.011911064042099,4.307788385646632,4.260237180575218,0,157.1014639094946
-23450,3.075069216650473,5.149660353774105,6.011911064042099,4.307788385646632,4.260237180575218,0,157.22737176858377
-23470,3.075069216650473,5.149660353774105,6.011911064042099,4.307788385646632,4.260237180575218,0,157.3534008083385
-23490,3.075069216650473,5.149660353774105,6.011911064042099,4.307788385646632,4.260237180575218,0,157.47933490073416
-23510,3.075069216650473,5.149660353774105,6.011911064042099,4.307788385646632,4.260237180575218,0,157.56644931457473
-23530,3.075069216650473,5.149660353774105,6.011911064042099,4.307788385646632,4.260237180575218,0,157.6140258161614
-23550,3.075069216650473,5.149660353774105,6.011911064042099,4.307788385646632,4.260237180575218,0,157.6226522177234
-23570,3.075069216650473,5.149660353774105,6.011911064042099,4.307788385646632,4.260237180575218,0,157.5920468758339
-23590,3.075069216650473,5.149660353774105,6.011911064042099,4.307788385646632,4.260237180575218,0,157.56124707978515
-23610,3.075069216650473,5.149660353774105,6.011911064042099,4.307788385646632,4.260237180575218,0,157.51087672415562
-23630,3.075069216650473,5.149660353774105,6.011911064042099,4.307788385646632,4.260237180575218,0,157.441017106076
-23650,3.075069216650473,5.149660353774105,6.011911064042099,4.307788385646632,4.260237180575218,0,157.39069391373317
-23670,3.075069216650473,5.149660353774105,6.011911064042099,4.307788385646632,4.260237180575218,0,157.30127490269015
-23690,3.075069216650473,5.149660353774105,6.011911064042099,4.307788385646632,4.260237180575218,0,157.23162149010648
-23710,3.075069216650473,5.149660353774105,6.011911064042099,4.307788385646632,4.260237180575218,0,157.14220876334682
-23730,3.075069216650473,5.149660353774105,6.011911064042099,4.307788385646632,4.260237180575218,0,157.0724416331298
-23750,3.075069216650473,5.149660353774105,6.011911064042099,4.307788385646632,4.260237180575218,0,156.98327376207357
-23770,3.075069216650473,5.149660353774105,6.011911064042099,4.307788385646632,4.260237180575218,0,156.89409930030035
-23790,3.075069216650473,5.149660353774105,6.011911064042099,4.307788385646632,4.260237180575218,0,156.8049220019271
-23810,3.075069216650473,5.149660353774105,6.011911064042099,4.307788385646632,4.260237180575218,0,156.71574564720046
-23830,3.075069216650473,5.149660353774105,6.011911064042099,4.307788385646632,4.260237180575218,0,156.58790455549882
-23850,3.075069216650473,5.149660353774105,6.011911064042099,4.307788385646632,4.260237180575218,0,156.44038978883125
-23870,3.075069216650473,5.149660353774105,6.011911064042099,4.307788385646632,4.260237180575218,0,156.27374456144994
-23890,3.075069216650473,5.149660353774105,6.011911064042099,4.307788385646632,4.260237180575218,0,156.06824519728775
-23910,3.075069216650473,5.149660353774105,6.011911064042099,4.307788385646632,4.260237180575218,0,155.84370810895143
-23930,3.075069216650473,5.149660353774105,6.011911064042099,4.307788385646632,4.260237180575218,0,155.61945639799617
-23950,3.075069216650473,5.149660353774105,6.011911064042099,4.307788385646632,4.260237180575218,0,155.35695172661147
-23970,3.075069216650473,5.149660353774105,6.011911064042099,4.307788385646632,4.260237180575218,0,155.13343218392143
-23990,3.075069216650473,5.149660353774105,6.011911064042099,4.307788385646632,4.260237180575218,0,154.89108757677138
-24010,3.075069216650473,5.149660353774105,6.011911064042099,4.307788385646632,4.260237180575218,0,154.68733496392568
-24030,3.075069216650473,5.149660353774105,6.011911064042099,4.307788385646632,4.260237180575218,0,154.4840031839921
-24050,3.075069216650473,5.149660353774105,6.011911064042099,4.307788385646632,4.260237180575218,0,154.30014446270218
-24070,3.075069216650473,5.149660353774105,6.011911064042099,4.307788385646632,4.260237180575218,0,154.09749427066535
-24090,3.075069216650473,5.149660353774105,6.011911064042099,4.307788385646632,4.260237180575218,0,153.91395961899676
-24110,3.075069216650473,5.149660353774105,6.011911064042099,4.307788385646632,4.260237180575218,0,153.71178883238207
-24130,3.075069216650473,5.149660353774105,6.011911064042099,4.307788385646632,4.260237180575218,0,153.5288400468845
-24150,3.075069216650473,5.149660353774105,6.011911064042099,4.307788385646632,4.260237180575218,0,153.3652586925911
-24170,3.075069216650473,5.149660353774105,6.011911064042099,4.307788385646632,4.260237180575218,0,153.20186908246612
-24190,3.075069216650473,5.149660353774105,6.011911064042099,4.307788385646632,4.260237180575218,0,153.09560256446818
-24210,3.075069216650473,5.149660353774105,6.011911064042099,4.307788385646632,4.260237180575218,0,152.98957974389657
-24230,3.075069216650473,5.149660353774105,6.011911064042099,4.307788385646632,4.260237180575218,0,152.9217822101887
-24250,3.075069216650473,5.149660353774105,6.011911064042099,4.307788385646632,4.260237180575218,0,152.91104981628285
-24270,3.075069216650473,5.149660353774105,6.011911064042099,4.307788385646632,4.260237180575218,0,152.93824363042586
-24290,3.075069216650473,5.149660353774105,6.011911064042099,4.307788385646632,4.260237180575218,0,153.00364161990373
-24310,3.075069216650473,5.149660353774105,6.011911064042099,4.307788385646632,4.260237180575218,0,153.10728344756342
-24330,3.075069216650473,5.149660353774105,6.011911064042099,4.307788385646632,4.260237180575218,0,153.2489675746942
-24350,3.075069216650473,5.149660353774105,6.011911064042099,4.307788385646632,4.260237180575218,0,153.37189667654377
-24370,3.075069216650473,5.149660353774105,6.011911064042099,4.307788385646632,4.260237180575218,0,153.5138343248534
-24390,3.075069216650473,5.149660353774105,6.011911064042099,4.307788385646632,4.260237180575218,0,153.65604366748235
-24410,3.075069216650473,5.149660353774105,6.011911064042099,4.307788385646632,4.260237180575218,0,153.77912049371952
-24430,3.075069216650473,5.149660353774105,6.011911064042099,4.307788385646632,4.260237180575218,0,153.8831686095382
-24450,3.075069216650473,5.149660353774105,6.011911064042099,4.307788385646632,4.260237180575218,0,153.98730599685922
-24470,3.075069216650473,5.149660353774105,6.011911064042099,4.307788385646632,4.260237180575218,0,154.05317222300448
-24490,3.075069216650473,5.149660353774105,6.011911064042099,4.307788385646632,4.260237180575218,0,154.1191888206473
-24510,3.075069216650473,5.149660353774105,6.011911064042099,4.307788385646632,4.260237180575218,0,154.1465648804579
-24530,3.075069216650473,5.149660353774105,6.011911064042099,4.307788385646632,4.260237180575218,0,154.17415375352718
-24550,3.075069216650473,5.149660353774105,6.011911064042099,4.307788385646632,4.260237180575218,0,154.16322421647038
-24570,3.075069216650473,5.149660353774105,6.011911064042099,4.307788385646632,4.260237180575218,0,154.15257368478538
-24590,3.075069216650473,5.149660353774105,6.011911064042099,4.307788385646632,4.260237180575218,0,154.14171074338077
-24610,3.075069216650473,5.149660353774105,6.011911064042099,4.307788385646632,4.260237180575218,0,154.1308847408917
-24630,3.075069216650473,5.149660353774105,6.011911064042099,4.307788385646632,4.260237180575218,0,154.13903111339982
-24650,3.075069216650473,5.149660353774105,6.011911064042099,4.307788385646632,4.260237180575218,0,154.1475611848996
-24670,3.075069216650473,5.149660353774105,6.011911064042099,4.307788385646632,4.260237180575218,0,154.1750037610885
-24690,3.075069216650473,5.149660353774105,6.011911064042099,4.307788385646632,4.260237180575218,0,154.24081994877847
-24710,3.075069216650473,5.149660353774105,6.011911064042099,4.307788385646632,4.260237180575218,0,154.32617341596514
-24730,3.075069216650473,5.149660353774105,6.011911064042099,4.307788385646632,4.260237180575218,0,154.41128752544333
-24750,3.075069216650473,5.149660353774105,6.011911064042099,4.307788385646632,4.260237180575218,0,154.53508598693725
-24770,3.075069216650473,5.149660353774105,6.011911064042099,4.307788385646632,4.260237180575218,0,154.69734386902988
-24790,3.075069216650473,5.149660353774105,6.011911064042099,4.307788385646632,4.260237180575218,0,154.859989057473
-24810,3.075069216650473,5.149660353774105,6.011911064042099,4.307788385646632,4.260237180575218,0,155.0612136157822
-24830,3.075069216650473,5.149660353774105,6.011911064042099,4.307788385646632,4.260237180575218,0,155.2627595990951
-24850,3.075069216650473,5.149660353774105,6.011911064042099,4.307788385646632,4.260237180575218,0,155.50325898341328
-24870,3.075069216650473,5.149660353774105,6.011911064042099,4.307788385646632,4.260237180575218,0,155.744268937502
-24890,3.075069216650473,5.149660353774105,6.011911064042099,4.307788385646632,4.260237180575218,0,156.0048147115613
-24910,3.075069216650473,5.149660353774105,6.011911064042099,4.307788385646632,4.260237180575218,0,156.26596659043062
-24930,3.075069216650473,5.149660353774105,6.011911064042099,4.307788385646632,4.260237180575218,0,156.52746828374825
-24950,3.075069216650473,5.149660353774105,6.011911064042099,4.307788385646632,4.260237180575218,0,156.78957890179834
-24970,3.075069216650473,5.149660353774105,6.011911064042099,4.307788385646632,4.260237180575218,0,157.01284506715854
-24990,3.075069216650473,5.149660353774105,6.011911064042099,4.307788385646632,4.260237180575218,0,157.19750252082838
-25010,3.075069216650473,5.149660353774105,6.011911064042099,4.307788385646632,4.260237180575218,0,157.3430081624019
-25030,3.075069216650473,5.149660353774105,6.011911064042099,4.307788385646632,4.260237180575218,0,157.44959939381496
-25050,3.075069216650473,5.149660353774105,6.011911064042099,4.307788385646632,4.260237180575218,0,157.51673100260226
-25070,3.075069216650473,5.149660353774105,6.011911064042099,4.307788385646632,4.260237180575218,0,157.52546247014564
-25090,3.075069216650473,5.149660353774105,6.011911064042099,4.307788385646632,4.260237180575218,0,157.51434932268845
-25110,3.075069216650473,5.149660353774105,6.011911064042099,4.307788385646632,4.260237180575218,0,157.46397680828005
-25130,3.075069216650473,5.149660353774105,6.011911064042099,4.307788385646632,4.260237180575218,0,157.39417532557255
-25150,3.075069216650473,5.149660353774105,6.011911064042099,4.307788385646632,4.260237180575218,0,157.3241729217463
-25170,3.075069216650473,5.149660353774105,6.011911064042099,4.307788385646632,4.260237180575218,0,157.25450346697312
-25190,3.075069216650473,5.149660353774105,6.011911064042099,4.307788385646632,4.260237180575218,0,157.16517965413098
-25210,3.075069216650473,5.149660353774105,6.011911064042099,4.307788385646632,4.260237180575218,0,157.09534370522445
-25230,3.075069216650473,5.149660353774105,6.011911064042099,4.307788385646632,4.260237180575218,0,157.04514104342388
-25250,3.075069216650473,5.149660353774105,6.011911064042099,4.307788385646632,4.260237180575218,0,156.97551420348807
-25270,3.075069216650473,5.149660353774105,6.011911064042099,4.307788385646632,4.260237180575218,0,156.88632514883912
-25290,3.075069216650473,5.149660353774105,6.011911064042099,4.307788385646632,4.260237180575218,0,156.8168289369624
-25310,3.075069216650473,5.149660353774105,6.011911064042099,4.307788385646632,4.260237180575218,0,156.72768329515185
-25330,3.075069216650473,5.149660353774105,6.011911064042099,4.307788385646632,4.260237180575218,0,156.63854130328386
-25350,3.075069216650473,5.149660353774105,6.011911064042099,4.307788385646632,4.260237180575218,0,156.51054142376046
-25370,3.075069216650473,5.149660353774105,6.011911064042099,4.307788385646632,4.260237180575218,0,156.36329349671425
-25390,3.075069216650473,5.149660353774105,6.011911064042099,4.307788385646632,4.260237180575218,0,156.17727174214508
-25410,3.075069216650473,5.149660353774105,6.011911064042099,4.307788385646632,4.260237180575218,0,155.95247297753113
-25430,3.075069216650473,5.149660353774105,6.011911064042099,4.307788385646632,4.260237180575218,0,155.72813864621097
-25450,3.075069216650473,5.149660353774105,6.011911064042099,4.307788385646632,4.260237180575218,0,155.46549012267434
-25470,3.075069216650473,5.149660353774105,6.011911064042099,4.307788385646632,4.260237180575218,0,155.20313728138638
-25490,3.075069216650473,5.149660353774105,6.011911064042099,4.307788385646632,4.260237180575218,0,154.92201559064836
-25510,3.075069216650473,5.149660353774105,6.011911064042099,4.307788385646632,4.260237180575218,0,154.67990883777316
-25530,3.075069216650473,5.149660353774105,6.011911064042099,4.307788385646632,4.260237180575218,0,154.43794232370004
-25550,3.075069216650473,5.149660353774105,6.011911064042099,4.307788385646632,4.260237180575218,0,154.2351053295337
-25570,3.075069216650473,5.149660353774105,6.011911064042099,4.307788385646632,4.260237180575218,0,154.03233332256048
-25590,3.075069216650473,5.149660353774105,6.011911064042099,4.307788385646632,4.260237180575218,0,153.84893818732303
-25610,3.075069216650473,5.149660353774105,6.011911064042099,4.307788385646632,4.260237180575218,0,153.6659945534461
-25630,3.075069216650473,5.149660353774105,6.011911064042099,4.307788385646632,4.260237180575218,0,153.48294882116804
-25650,3.075069216650473,5.149660353774105,6.011911064042099,4.307788385646632,4.260237180575218,0,153.3003693156853
-25670,3.075069216650473,5.149660353774105,6.011911064042099,4.307788385646632,4.260237180575218,0,153.07984309031335
-25690,3.075069216650473,5.149660353774105,6.011911064042099,4.307788385646632,4.260237180575218,0,152.82166618059568
-25710,3.075069216650473,5.149660353774105,6.011911064042099,4.307788385646632,4.260237180575218,0,152.52585492754756
-25730,3.075069216650473,5.149660353774105,6.011911064042099,4.307788385646632,4.260237180575218,0,152.21149337919852
-25750,3.075069216650473,5.149660353774105,6.011911064042099,4.307788385646632,4.260237180575218,0,151.8790246320943
-25770,3.075069216650473,5.149660353774105,6.011911064042099,4.307788385646632,4.260237180575218,0,151.52832480488502
-25790,3.075069216650473,5.149660353774105,6.011911064042099,4.307788385646632,4.260237180575218,0,151.15984271768207
-25810,3.075069216650473,5.149660353774105,6.011911064042099,4.307788385646632,4.260237180575218,0,150.79213445402505
-25830,3.075069216650473,5.149660353774105,6.011911064042099,4.307788385646632,4.260237180575218,0,150.44393649123992
-25850,3.075069216650473,5.149660353774105,6.011911064042099,4.307788385646632,4.260237180575218,0,150.11539922917785
-25870,3.075069216650473,5.149660353774105,6.011911064042099,4.307788385646632,4.260237180575218,0,149.82490797501532
-25890,3.075069216650473,5.149660353774105,6.011911064042099,4.307788385646632,4.260237180575218,0,149.57216686105332
-25910,3.075069216650473,5.149660353774105,6.011911064042099,4.307788385646632,4.260237180575218,0,149.3568757896175
-25930,3.075069216650473,5.149660353774105,6.011911064042099,4.307788385646632,4.260237180575218,0,149.17902194418028
-25950,3.075069216650473,5.149660353774105,6.011911064042099,4.307788385646632,4.260237180575218,0,149.03859104607898
-25970,3.075069216650473,5.149660353774105,6.011911064042099,4.307788385646632,4.260237180575218,0,148.93556734293745
-25990,3.075069216650473,5.149660353774105,6.011911064042099,4.307788385646632,4.260237180575218,0,148.8508454868045
-26010,3.075069216650473,5.149660353774105,6.011911064042099,4.307788385646632,4.260237180575218,0,148.80340237920257
-26030,3.075069216650473,5.149660353774105,6.011911064042099,4.307788385646632,4.260237180575218,0,148.77433183202237
-26050,3.075069216650473,5.149660353774105,6.011911064042099,4.307788385646632,4.260237180575218,0,148.76377030702187
-26070,3.075069216650473,5.149660353774105,6.011911064042099,4.307788385646632,4.260237180575218,0,148.79053562677797
-26090,3.075069216650473,5.149660353774105,6.011911064042099,4.307788385646632,4.260237180575218,0,148.8355809234156
-26110,3.075069216650473,5.149660353774105,6.011911064042099,4.307788385646632,4.260237180575218,0,148.89933863560023
-26130,3.075069216650473,5.149660353774105,6.011911064042099,4.307788385646632,4.260237180575218,0,148.96283061440428
-26150,3.075069216650473,5.149660353774105,6.011911064042099,4.307788385646632,4.260237180575218,0,149.0266547266833
-26170,3.075069216650473,5.149660353774105,6.011911064042099,4.307788385646632,4.260237180575218,0,149.10882204405533
-26190,3.075069216650473,5.149660353774105,6.011911064042099,4.307788385646632,4.260237180575218,0,149.20976771262244
-26210,3.075069216650473,5.149660353774105,6.011911064042099,4.307788385646632,4.260237180575218,0,149.3106291091465
-26230,3.075069216650473,5.149660353774105,6.011911064042099,4.307788385646632,4.260237180575218,0,149.3932671275957
-26250,3.075069216650473,5.149660353774105,6.011911064042099,4.307788385646632,4.260237180575218,0,149.49421827956306
-26270,3.075069216650473,5.149660353774105,6.011911064042099,4.307788385646632,4.260237180575218,0,149.5953894942454
-26290,3.075069216650473,5.149660353774105,6.011911064042099,4.307788385646632,4.260237180575218,0,149.7153582014008
-26310,3.075069216650473,5.149660353774105,6.011911064042099,4.307788385646632,4.260237180575218,0,149.81671513108589
-26330,3.075069216650473,5.149660353774105,6.011911064042099,4.307788385646632,4.260237180575218,0,149.91799063203456
-26350,3.075069216650473,5.149660353774105,6.011911064042099,4.307788385646632,4.260237180575218,0,150.00078039342603
-26370,3.075069216650473,5.149660353774105,6.011911064042099,4.307788385646632,4.260237180575218,0,150.08370654855568
-26390,3.075069216650473,5.149660353774105,6.011911064042099,4.307788385646632,4.260237180575218,0,150.14796920904527
-26410,3.075069216650473,5.149660353774105,6.011911064042099,4.307788385646632,4.260237180575218,0,150.19343342187622
-26430,3.075069216650473,5.149660353774105,6.011911064042099,4.307788385646632,4.260237180575218,0,150.22027330024227
-26450,3.075069216650473,5.149660353774105,6.011911064042099,4.307788385646632,4.260237180575218,0,150.22835483721184
-26470,3.075069216650473,5.149660353774105,6.011911064042099,4.307788385646632,4.260237180575218,0,150.23652776780324
-26490,3.075069216650473,5.149660353774105,6.011911064042099,4.307788385646632,4.260237180575218,0,150.2447947489544
-26510,3.075069216650473,5.149660353774105,6.011911064042099,4.307788385646632,4.260237180575218,0,150.25284572639876
-26530,3.075069216650473,5.149660353774105,6.011911064042099,4.307788385646632,4.260237180575218,0,150.26099460676227
-26550,3.075069216650473,5.149660353774105,6.011911064042099,4.307788385646632,4.260237180575218,0,150.25038934152565
-26570,3.075069216650473,5.149660353774105,6.011911064042099,4.307788385646632,4.260237180575218,0,150.23979606411336
-26590,3.075069216650473,5.149660353774105,6.011911064042099,4.307788385646632,4.260237180575218,0,150.22921718394394
-26610,3.075069216650473,5.149660353774105,6.011911064042099,4.307788385646632,4.260237180575218,0,150.1999795616999
-26630,3.075069216650473,5.149660353774105,6.011911064042099,4.307788385646632,4.260237180575218,0,150.13322912467947
-26650,3.075069216650473,5.149660353774105,6.011911064042099,4.307788385646632,4.260237180575218,0,150.06654629375166
-26670,3.075069216650473,5.149660353774105,6.011911064042099,4.307788385646632,4.260237180575218,0,149.9814421028986
-26690,3.075069216650473,5.149660353774105,6.011911064042099,4.307788385646632,4.260237180575218,0,149.8774663808994
-26710,3.075069216650473,5.149660353774105,6.011911064042099,4.307788385646632,4.260237180575218,0,149.73654393104715
-26730,3.075069216650473,5.149660353774105,6.011911064042099,4.307788385646632,4.260237180575218,0,149.57671654205296
-26750,3.075069216650473,5.149660353774105,6.011911064042099,4.307788385646632,4.260237180575218,0,149.39881726895376
-26770,3.075069216650473,5.149660353774105,6.011911064042099,4.307788385646632,4.260237180575218,0,149.23950994288734
-26790,3.075069216650473,5.149660353774105,6.011911064042099,4.307788385646632,4.260237180575218,0,149.0804952603881
-26810,3.075069216650473,5.149660353774105,6.011911064042099,4.307788385646632,4.260237180575218,0,148.94026460801774
-26830,3.075069216650473,5.149660353774105,6.011911064042099,4.307788385646632,4.260237180575218,0,148.8186343350435
-26850,3.075069216650473,5.149660353774105,6.011911064042099,4.307788385646632,4.260237180575218,0,148.73399232554078
-26870,3.075069216650473,5.149660353774105,6.011911064042099,4.307788385646632,4.260237180575218,0,148.64937366374912
-26890,3.075069216650473,5.149660353774105,6.011911064042099,4.307788385646632,4.260237180575218,0,148.58344620626355
-26910,3.075069216650473,5.149660353774105,6.011911064042099,4.307788385646632,4.260237180575218,0,148.5360211499194
-26930,3.075069216650473,5.149660353774105,6.011911064042099,4.307788385646632,4.260237180575218,0,148.52566180533117
-26950,3.075069216650473,5.149660353774105,6.011911064042099,4.307788385646632,4.260237180575218,0,148.5153702157528
-26970,3.075069216650473,5.149660353774105,6.011911064042099,4.307788385646632,4.260237180575218,0,148.50481854281122
-26990,3.075069216650473,5.149660353774105,6.011911064042099,4.307788385646632,4.260237180575218,0,148.49433861370056
-27010,3.075069216650473,5.149660353774105,6.011911064042099,4.307788385646632,4.260237180575218,0,148.50220577947016
-27030,3.075069216650473,5.149660353774105,6.011911064042099,4.307788385646632,4.260237180575218,0,148.51023886672587
-27050,3.075069216650473,5.149660353774105,6.011911064042099,4.307788385646632,4.260237180575218,0,148.518441053233
-27070,3.075069216650473,5.149660353774105,6.011911064042099,4.307788385646632,4.260237180575218,0,148.52648088905488
-27090,3.075069216650473,5.149660353774105,6.011911064042099,4.307788385646632,4.260237180575218,0,148.5715950654368
-27110,3.075069216650473,5.149660353774105,6.011911064042099,4.307788385646632,4.260237180575218,0,148.61639259419553
-27130,3.075069216650473,5.149660353774105,6.011911064042099,4.307788385646632,4.260237180575218,0,148.69862609240167
-27150,3.075069216650473,5.149660353774105,6.011911064042099,4.307788385646632,4.260237180575218,0,148.78072387408582
-27170,3.075069216650473,5.149660353774105,6.011911064042099,4.307788385646632,4.260237180575218,0,148.89994489945119
-27190,3.075069216650473,5.149660353774105,6.011911064042099,4.307788385646632,4.260237180575218,0,149.0192100721608
-27210,3.075069216650473,5.149660353774105,6.011911064042099,4.307788385646632,4.260237180575218,0,149.1385197290291
-27230,3.075069216650473,5.149660353774105,6.011911064042099,4.307788385646632,4.260237180575218,0,149.2582153983858
-27250,3.075069216650473,5.149660353774105,6.011911064042099,4.307788385646632,4.260237180575218,0,149.37795788855811
-27270,3.075069216650473,5.149660353774105,6.011911064042099,4.307788385646632,4.260237180575218,0,149.47889118387667
-27290,3.075069216650473,5.149660353774105,6.011911064042099,4.307788385646632,4.260237180575218,0,149.5801243317094
-27310,3.075069216650473,5.149660353774105,6.011911064042099,4.307788385646632,4.260237180575218,0,149.66271202694347
-27330,3.075069216650473,5.149660353774105,6.011911064042099,4.307788385646632,4.260237180575218,0,149.74516750516028
-27350,3.075069216650473,5.149660353774105,6.011911064042099,4.307788385646632,4.260237180575218,0,149.8094892728169
-27370,3.075069216650473,5.149660353774105,6.011911064042099,4.307788385646632,4.260237180575218,0,149.85485219912968
-27390,3.075069216650473,5.149660353774105,6.011911064042099,4.307788385646632,4.260237180575218,0,149.90025159595092
-27410,3.075069216650473,5.149660353774105,6.011911064042099,4.307788385646632,4.260237180575218,0,149.92685932700834
-27430,3.075069216650473,5.149660353774105,6.011911064042099,4.307788385646632,4.260237180575218,0,149.9163639100555
-27450,3.075069216650473,5.149660353774105,6.011911064042099,4.307788385646632,4.260237180575218,0,149.90598912262445
-27470,3.075069216650473,5.149660353774105,6.011911064042099,4.307788385646632,4.260237180575218,0,149.8767712599461
-27490,3.075069216650473,5.149660353774105,6.011911064042099,4.307788385646632,4.260237180575218,0,149.81026704407935
-27510,3.075069216650473,5.149660353774105,6.011911064042099,4.307788385646632,4.260237180575218,0,149.74362006965615
-27530,3.075069216650473,5.149660353774105,6.011911064042099,4.307788385646632,4.260237180575218,0,149.67718639750095
-27550,3.075069216650473,5.149660353774105,6.011911064042099,4.307788385646632,4.260237180575218,0,149.6109708800259
-27570,3.075069216650473,5.149660353774105,6.011911064042099,4.307788385646632,4.260237180575218,0,149.5442673731926
-27590,3.075069216650473,5.149660353774105,6.011911064042099,4.307788385646632,4.260237180575218,0,149.49667623015904
-27610,3.075069216650473,5.149660353774105,6.011911064042099,4.307788385646632,4.260237180575218,0,149.4490487916803
-27630,3.075069216650473,5.149660353774105,6.011911064042099,4.307788385646632,4.260237180575218,0,149.42000912562105
-27650,3.075069216650473,5.149660353774105,6.011911064042099,4.307788385646632,4.260237180575218,0,149.40933629941156
-27670,3.075069216650473,5.149660353774105,6.011911064042099,4.307788385646632,4.260237180575218,0,149.43587810825642
-27690,3.075069216650473,5.149660353774105,6.011911064042099,4.307788385646632,4.260237180575218,0,149.48115028209392
-27710,3.075069216650473,5.149660353774105,6.011911064042099,4.307788385646632,4.260237180575218,0,149.52648813785441
-27730,3.075069216650473,5.149660353774105,6.011911064042099,4.307788385646632,4.260237180575218,0,149.5718934798362
-27750,3.075069216650473,5.149660353774105,6.011911064042099,4.307788385646632,4.260237180575218,0,149.6173681249364
-27770,3.075069216650473,5.149660353774105,6.011911064042099,4.307788385646632,4.260237180575218,0,149.66254968315755
-27790,3.075069216650473,5.149660353774105,6.011911064042099,4.307788385646632,4.260237180575218,0,149.7081675536396
-27810,3.075069216650473,5.149660353774105,6.011911064042099,4.307788385646632,4.260237180575218,0,149.7721595611314
-27830,3.075069216650473,5.149660353774105,6.011911064042099,4.307788385646632,4.260237180575218,0,149.83595004418734
-27850,3.075069216650473,5.149660353774105,6.011911064042099,4.307788385646632,4.260237180575218,0,149.9186621314722
-27870,3.075069216650473,5.149660353774105,6.011911064042099,4.307788385646632,4.260237180575218,0,150.00163306721902
-27890,3.075069216650473,5.149660353774105,6.011911064042099,4.307788385646632,4.260237180575218,0,150.10297312030823
-27910,3.075069216650473,5.149660353774105,6.011911064042099,4.307788385646632,4.260237180575218,0,150.2046648706774
-27930,3.075069216650473,5.149660353774105,6.011911064042099,4.307788385646632,4.260237180575218,0,150.30633988452072
-27950,3.075069216650473,5.149660353774105,6.011911064042099,4.307788385646632,4.260237180575218,0,150.42698247750837
-27970,3.075069216650473,5.149660353774105,6.011911064042099,4.307788385646632,4.260237180575218,0,150.6036715711829
-27990,3.075069216650473,5.149660353774105,6.011911064042099,4.307788385646632,4.260237180575218,0,150.78070806297933
-28010,3.075069216650473,5.149660353774105,6.011911064042099,4.307788385646632,4.260237180575218,0,150.99521342587445
-28030,3.075069216650473,5.149660353774105,6.011911064042099,4.307788385646632,4.260237180575218,0,151.2294178330395
-28050,3.075069216650473,5.149660353774105,6.011911064042099,4.307788385646632,4.260237180575218,0,151.4823325000184
-28070,3.075069216650473,5.149660353774105,6.011911064042099,4.307788385646632,4.260237180575218,0,151.7737307755431
-28090,3.075069216650473,5.149660353774105,6.011911064042099,4.307788385646632,4.260237180575218,0,152.04672218958487
-28110,3.075069216650473,5.149660353774105,6.011911064042099,4.307788385646632,4.260237180575218,0,152.358096793631
-28130,3.075069216650473,5.149660353774105,6.011911064042099,4.307788385646632,4.260237180575218,0,152.65106618384198
-28150,3.075069216650473,5.149660353774105,6.011911064042099,4.307788385646632,4.260237180575218,0,152.96362856434865
-28170,3.075069216650473,5.149660353774105,6.011911064042099,4.307788385646632,4.260237180575218,0,153.238964129093
-28190,3.075069216650473,5.149660353774105,6.011911064042099,4.307788385646632,4.260237180575218,0,153.47641582080925
-28210,3.075069216650473,5.149660353774105,6.011911064042099,4.307788385646632,4.260237180575218,0,153.65649913545107
-28230,3.075069216650473,5.149660353774105,6.011911064042099,4.307788385646632,4.260237180575218,0,153.79881836288325
-28250,3.075069216650473,5.149660353774105,6.011911064042099,4.307788385646632,4.260237180575218,0,153.88379839317105
-28270,3.075069216650473,5.149660353774105,6.011911064042099,4.307788385646632,4.260237180575218,0,153.93036867238882
-28290,3.075069216650473,5.149660353774105,6.011911064042099,4.307788385646632,4.260237180575218,0,153.97703738525834
-28310,3.075069216650473,5.149660353774105,6.011911064042099,4.307788385646632,4.260237180575218,0,154.0238066144481
-28330,3.075069216650473,5.149660353774105,6.011911064042099,4.307788385646632,4.260237180575218,0,154.07067845668996
-28350,3.075069216650473,5.149660353774105,6.011911064042099,4.307788385646632,4.260237180575218,0,154.11726433130545
-28370,3.075069216650473,5.149660353774105,6.011911064042099,4.307788385646632,4.260237180575218,0,154.18314541973757
-28390,3.075069216650473,5.149660353774105,6.011911064042099,4.307788385646632,4.260237180575218,0,154.24922656562933
-28410,3.075069216650473,5.149660353774105,6.011911064042099,4.307788385646632,4.260237180575218,0,154.33440005495672
-28430,3.075069216650473,5.149660353774105,6.011911064042099,4.307788385646632,4.260237180575218,0,154.40014555991453
-28450,3.075069216650473,5.149660353774105,6.011911064042099,4.307788385646632,4.260237180575218,0,154.4854717828378
-28470,3.075069216650473,5.149660353774105,6.011911064042099,4.307788385646632,4.260237180575218,0,154.5901256462981
-28490,3.075069216650473,5.149660353774105,6.011911064042099,4.307788385646632,4.260237180575218,0,154.67530657761623
-28510,3.075069216650473,5.149660353774105,6.011911064042099,4.307788385646632,4.260237180575218,0,154.76078977238615
-28530,3.075069216650473,5.149660353774105,6.011911064042099,4.307788385646632,4.260237180575218,0,154.86574413377866
-28550,3.075069216650473,5.149660353774105,6.011911064042099,4.307788385646632,4.260237180575218,0,154.95108646272504
-28570,3.075069216650473,5.149660353774105,6.011911064042099,4.307788385646632,4.260237180575218,0,155.01747705039932
-28590,3.075069216650473,5.149660353774105,6.011911064042099,4.307788385646632,4.260237180575218,0,155.08368229874614
-28610,3.075069216650473,5.149660353774105,6.011911064042099,4.307788385646632,4.260237180575218,0,155.13075268198395
-28630,3.075069216650473,5.149660353774105,6.011911064042099,4.307788385646632,4.260237180575218,0,155.13915092289744
-28650,3.075069216650473,5.149660353774105,6.011911064042099,4.307788385646632,4.260237180575218,0,155.1280436266648
-28670,3.075069216650473,5.149660353774105,6.011911064042099,4.307788385646632,4.260237180575218,0,155.0786099697684
-28690,3.075069216650473,5.149660353774105,6.011911064042099,4.307788385646632,4.260237180575218,0,154.9905738398976
-28710,3.075069216650473,5.149660353774105,6.011911064042099,4.307788385646632,4.260237180575218,0,154.864065874232
-28730,3.075069216650473,5.149660353774105,6.011911064042099,4.307788385646632,4.260237180575218,0,154.6988102565894
-28750,3.075069216650473,5.149660353774105,6.011911064042099,4.307788385646632,4.260237180575218,0,154.51462282458493
-28770,3.075069216650473,5.149660353774105,6.011911064042099,4.307788385646632,4.260237180575218,0,154.29246262231436
-28790,3.075069216650473,5.149660353774105,6.011911064042099,4.307788385646632,4.260237180575218,0,154.05142548982568
-28810,3.075069216650473,5.149660353774105,6.011911064042099,4.307788385646632,4.260237180575218,0,153.79138035752186
-28830,3.075069216650473,5.149660353774105,6.011911064042099,4.307788385646632,4.260237180575218,0,153.53206985887334
-28850,3.075069216650473,5.149660353774105,6.011911064042099,4.307788385646632,4.260237180575218,0,153.23490631792427
-28870,3.075069216650473,5.149660353774105,6.011911064042099,4.307788385646632,4.260237180575218,0,152.9378986362385
-28890,3.075069216650473,5.149660353774105,6.011911064042099,4.307788385646632,4.260237180575218,0,152.64188948855474
-28910,3.075069216650473,5.149660353774105,6.011911064042099,4.307788385646632,4.260237180575218,0,152.3276620939419
-28930,3.075069216650473,5.149660353774105,6.011911064042099,4.307788385646632,4.260237180575218,0,152.03280932631748
-28950,3.075069216650473,5.149660353774105,6.011911064042099,4.307788385646632,4.260237180575218,0,151.7196704361677
-28970,3.075069216650473,5.149660353774105,6.011911064042099,4.307788385646632,4.260237180575218,0,151.42602072380035
-28990,3.075069216650473,5.149660353774105,6.011911064042099,4.307788385646632,4.260237180575218,0,151.13259102956812
-29010,3.075069216650473,5.149660353774105,6.011911064042099,4.307788385646632,4.260237180575218,0,150.78395593316665
-29030,3.075069216650473,5.149660353774105,6.011911064042099,4.307788385646632,4.260237180575218,0,150.37972158123955
-29050,3.075069216650473,5.149660353774105,6.011911064042099,4.307788385646632,4.260237180575218,0,149.92034265686013
-29070,3.075069216650473,5.149660353774105,6.011911064042099,4.307788385646632,4.260237180575218,0,149.4254612266825
-29090,3.075069216650473,5.149660353774105,6.011911064042099,4.307788385646632,4.260237180575218,0,148.93200270380004
-29110,3.075069216650473,5.149660353774105,6.011911064042099,4.307788385646632,4.260237180575218,0,148.45883403970632
-29130,3.075069216650473,5.149660353774105,6.011911064042099,4.307788385646632,4.260237180575218,0,147.98722206864778
-29150,3.075069216650473,5.149660353774105,6.011911064042099,4.307788385646632,4.260237180575218,0,147.51675815814065
-29170,3.075069216650473,5.149660353774105,6.011911064042099,4.307788385646632,4.260237180575218,0,147.06644411383775
-29190,3.075069216650473,5.149660353774105,6.011911064042099,4.307788385646632,4.260237180575218,0,146.6174077131293
-29210,3.075069216650473,5.149660353774105,6.011911064042099,4.307788385646632,4.260237180575218,0,146.18787634011846
-29230,3.075069216650473,5.149660353774105,6.011911064042099,4.307788385646632,4.260237180575218,0,145.7597495481139
-29250,3.075069216650473,5.149660353774105,6.011911064042099,4.307788385646632,4.260237180575218,0,145.3509079539777
-29270,3.075069216650473,5.149660353774105,6.011911064042099,4.307788385646632,4.260237180575218,0,144.9610646309759
-29290,3.075069216650473,5.149660353774105,6.011911064042099,4.307788385646632,4.260237180575218,0,144.59036690540324
-29310,3.075069216650473,5.149660353774105,6.011911064042099,4.307788385646632,4.260237180575218,0,144.23896283392813
-29330,3.075069216650473,5.149660353774105,6.011911064042099,4.307788385646632,4.260237180575218,0,143.9056816126037
-29350,3.075069216650473,5.149660353774105,6.011911064042099,4.307788385646632,4.260237180575218,0,143.59154503876465
-29370,3.075069216650473,5.149660353774105,6.011911064042099,4.307788385646632,4.260237180575218,0,143.31349608230596
-29390,3.075069216650473,5.149660353774105,6.011911064042099,4.307788385646632,4.260237180575218,0,143.03591598559711
-29410,3.075069216650473,5.149660353774105,6.011911064042099,4.307788385646632,4.260237180575218,0,142.75925923305667
-29430,3.075069216650473,5.149660353774105,6.011911064042099,4.307788385646632,4.260237180575218,0,142.51826645605462
-29450,3.075069216650473,5.149660353774105,6.011911064042099,4.307788385646632,4.260237180575218,0,142.2779463091085
-29470,3.075069216650473,5.149660353774105,6.011911064042099,4.307788385646632,4.260237180575218,0,142.037862573774
-29490,3.075069216650473,5.149660353774105,6.011911064042099,4.307788385646632,4.260237180575218,0,141.81596166845912
-29510,3.075069216650473,5.149660353774105,6.011911064042099,4.307788385646632,4.260237180575218,0,141.59440007695318
-29530,3.075069216650473,5.149660353774105,6.011911064042099,4.307788385646632,4.260237180575218,0,141.39031037119844
-29550,3.075069216650473,5.149660353774105,6.011911064042099,4.307788385646632,4.260237180575218,0,141.20472888864836
-29570,3.075069216650473,5.149660353774105,6.011911064042099,4.307788385646632,4.260237180575218,0,141.0364372647124
-29590,3.075069216650473,5.149660353774105,6.011911064042099,4.307788385646632,4.260237180575218,0,140.903723179206
-29610,3.075069216650473,5.149660353774105,6.011911064042099,4.307788385646632,4.260237180575218,0,140.78864939750727
-29630,3.075069216650473,5.149660353774105,6.011911064042099,4.307788385646632,4.260237180575218,0,140.6913484500748
-29650,3.075069216650473,5.149660353774105,6.011911064042099,4.307788385646632,4.260237180575218,0,140.62887086441654
-29670,3.075069216650473,5.149660353774105,6.011911064042099,4.307788385646632,4.260237180575218,0,140.60147341120523
-29690,3.075069216650473,5.149660353774105,6.011911064042099,4.307788385646632,4.260237180575218,0,140.5740369764974
-29710,3.075069216650473,5.149660353774105,6.011911064042099,4.307788385646632,4.260237180575218,0,140.59906716849707
-29730,3.075069216650473,5.149660353774105,6.011911064042099,4.307788385646632,4.260237180575218,0,140.62431714776702
-29750,3.075069216650473,5.149660353774105,6.011911064042099,4.307788385646632,4.260237180575218,0,140.68449932910266
-29770,3.075069216650473,5.149660353774105,6.011911064042099,4.307788385646632,4.260237180575218,0,140.74461186686037
-29790,3.075069216650473,5.149660353774105,6.011911064042099,4.307788385646632,4.260237180575218,0,140.8223265195853
-29810,3.075069216650473,5.149660353774105,6.011911064042099,4.307788385646632,4.260237180575218,0,140.90005801057325
-29830,3.075069216650473,5.149660353774105,6.011911064042099,4.307788385646632,4.260237180575218,0,140.9955641337844
-29850,3.075069216650473,5.149660353774105,6.011911064042099,4.307788385646632,4.260237180575218,0,141.09070621408677
-29870,3.075069216650473,5.149660353774105,6.011911064042099,4.307788385646632,4.260237180575218,0,141.18642104161154
-29890,3.075069216650473,5.149660353774105,6.011911064042099,4.307788385646632,4.260237180575218,0,141.28177171868558
-29910,3.075069216650473,5.149660353774105,6.011911064042099,4.307788385646632,4.260237180575218,0,141.3951574703849
-29930,3.075069216650473,5.149660353774105,6.011911064042099,4.307788385646632,4.260237180575218,0,141.5082635587958
-29950,3.075069216650473,5.149660353774105,6.011911064042099,4.307788385646632,4.260237180575218,0,141.62156208702336
-29970,3.075069216650473,5.149660353774105,6.011911064042099,4.307788385646632,4.260237180575218,0,141.73505447217326
-29990,3.075069216650473,5.149660353774105,6.011911064042099,4.307788385646632,4.260237180575218,0,141.88399743873487
-30010,3.075069216650473,5.149660353774105,6.011911064042099,4.307788385646632,4.260237180575218,0,142.0333079192035
-30030,3.075069216650473,5.149660353774105,6.011911064042099,4.307788385646632,4.260237180575218,0,142.20022239456858
-30050,3.075069216650473,5.149660353774105,6.011911064042099,4.307788385646632,4.260237180575218,0,142.40262423700938
-30070,3.075069216650473,5.149660353774105,6.011911064042099,4.307788385646632,4.260237180575218,0,142.58785426059387
-30090,3.075069216650473,5.149660353774105,6.011911064042099,4.307788385646632,4.260237180575218,0,142.8088304651817
-30110,3.075069216650473,5.149660353774105,6.011911064042099,4.307788385646632,4.260237180575218,0,143.0300405738015
-30130,3.075069216650473,5.149660353774105,6.011911064042099,4.307788385646632,4.260237180575218,0,143.2514844230442
-30150,3.075069216650473,5.149660353774105,6.011911064042099,4.307788385646632,4.260237180575218,0,143.49113400124418
-30170,3.075069216650473,5.149660353774105,6.011911064042099,4.307788385646632,4.260237180575218,0,143.71357527710236
-30190,3.075069216650473,5.149660353774105,6.011911064042099,4.307788385646632,4.260237180575218,0,143.95431158159153
-30210,3.075069216650473,5.149660353774105,6.011911064042099,4.307788385646632,4.260237180575218,0,144.17726784250024
-30230,3.075069216650473,5.149660353774105,6.011911064042099,4.307788385646632,4.260237180575218,0,144.4004595823068
-30250,3.075069216650473,5.149660353774105,6.011911064042099,4.307788385646632,4.260237180575218,0,144.6243782790163
-30270,3.075069216650473,5.149660353774105,6.011911064042099,4.307788385646632,4.260237180575218,0,144.86627660664902
-30290,3.075069216650473,5.149660353774105,6.011911064042099,4.307788385646632,4.260237180575218,0,145.1084982479595
-30310,3.075069216650473,5.149660353774105,6.011911064042099,4.307788385646632,4.260237180575218,0,145.35153857671918
-30330,3.075069216650473,5.149660353774105,6.011911064042099,4.307788385646632,4.260237180575218,0,145.59490491110387
-30350,3.075069216650473,5.149660353774105,6.011911064042099,4.307788385646632,4.260237180575218,0,145.83859740443717
-30370,3.075069216650473,5.149660353774105,6.011911064042099,4.307788385646632,4.260237180575218,0,146.08261620887228
-30390,3.075069216650473,5.149660353774105,6.011911064042099,4.307788385646632,4.260237180575218,0,146.30895994234223
-30410,3.075069216650473,5.149660353774105,6.011911064042099,4.307788385646632,4.260237180575218,0,146.53554307778492
-30430,3.075069216650473,5.149660353774105,6.011911064042099,4.307788385646632,4.260237180575218,0,146.74427659836505
-30450,3.075069216650473,5.149660353774105,6.011911064042099,4.307788385646632,4.260237180575218,0,146.9168962192143
-30470,3.075069216650473,5.149660353774105,6.011911064042099,4.307788385646632,4.260237180575218,0,147.08949108888964
-30490,3.075069216650473,5.149660353774105,6.011911064042099,4.307788385646632,4.260237180575218,0,147.2625662028764
-30510,3.075069216650473,5.149660353774105,6.011911064042099,4.307788385646632,4.260237180575218,0,147.398579888137
-30530,3.075069216650473,5.149660353774105,6.011911064042099,4.307788385646632,4.260237180575218,0,147.5354056070896
-30550,3.075069216650473,5.149660353774105,6.011911064042099,4.307788385646632,4.260237180575218,0,147.6720293292622
-30570,3.075069216650473,5.149660353774105,6.011911064042099,4.307788385646632,4.260237180575218,0,147.79005147162002
-30590,3.075069216650473,5.149660353774105,6.011911064042099,4.307788385646632,4.260237180575218,0,147.92724585963236
-30610,3.075069216650473,5.149660353774105,6.011911064042099,4.307788385646632,4.260237180575218,0,148.04575070073028
-30630,3.075069216650473,5.149660353774105,6.011911064042099,4.307788385646632,4.260237180575218,0,148.16396168611274
-30650,3.075069216650473,5.149660353774105,6.011911064042099,4.307788385646632,4.260237180575218,0,148.301485445943
-30670,3.075069216650473,5.149660353774105,6.011911064042099,4.307788385646632,4.260237180575218,0,148.42018439197057
-30690,3.075069216650473,5.149660353774105,6.011911064042099,4.307788385646632,4.260237180575218,0,148.5391067494321
-30710,3.075069216650473,5.149660353774105,6.011911064042099,4.307788385646632,4.260237180575218,0,148.65825416021008
-30730,3.075069216650473,5.149660353774105,6.011911064042099,4.307788385646632,4.260237180575218,0,148.7771072381643
-30750,3.075069216650473,5.149660353774105,6.011911064042099,4.307788385646632,4.260237180575218,0,148.87790566462863
-30770,3.075069216650473,5.149660353774105,6.011911064042099,4.307788385646632,4.260237180575218,0,148.95999469451095
-30790,3.075069216650473,5.149660353774105,6.011911064042099,4.307788385646632,4.260237180575218,0,149.04265753771531
-30810,3.075069216650473,5.149660353774105,6.011911064042099,4.307788385646632,4.260237180575218,0,149.1064331685421
-30830,3.075069216650473,5.149660353774105,6.011911064042099,4.307788385646632,4.260237180575218,0,149.1701706377252
-30850,3.075069216650473,5.149660353774105,6.011911064042099,4.307788385646632,4.260237180575218,0,149.21536769161295
-30870,3.075069216650473,5.149660353774105,6.011911064042099,4.307788385646632,4.260237180575218,0,149.24189059664602
-30890,3.075069216650473,5.149660353774105,6.011911064042099,4.307788385646632,4.260237180575218,0,149.25013619526837
-30910,3.075069216650473,5.149660353774105,6.011911064042099,4.307788385646632,4.260237180575218,0,149.25807857192112
-30930,3.075069216650473,5.149660353774105,6.011911064042099,4.307788385646632,4.260237180575218,0,149.2662512963506
-30950,3.075069216650473,5.149660353774105,6.011911064042099,4.307788385646632,4.260237180575218,0,149.27412293368252
-30970,3.075069216650473,5.149660353774105,6.011911064042099,4.307788385646632,4.260237180575218,0,149.30100318312805
-30990,3.075069216650473,5.149660353774105,6.011911064042099,4.307788385646632,4.260237180575218,0,149.3088564786828
-31010,3.075069216650473,5.149660353774105,6.011911064042099,4.307788385646632,4.260237180575218,0,149.35413995224948
-31030,3.075069216650473,5.149660353774105,6.011911064042099,4.307788385646632,4.260237180575218,0,149.399307030285
-31050,3.075069216650473,5.149660353774105,6.011911064042099,4.307788385646632,4.260237180575218,0,149.48172875954003
-31070,3.075069216650473,5.149660353774105,6.011911064042099,4.307788385646632,4.260237180575218,0,149.56475901687838
-31090,3.075069216650473,5.149660353774105,6.011911064042099,4.307788385646632,4.260237180575218,0,149.66581823915516
-31110,3.075069216650473,5.149660353774105,6.011911064042099,4.307788385646632,4.260237180575218,0,149.7855836513016
-31130,3.075069216650473,5.149660353774105,6.011911064042099,4.307788385646632,4.260237180575218,0,149.9055979828117
-31150,3.075069216650473,5.149660353774105,6.011911064042099,4.307788385646632,4.260237180575218,0,150.04450165338733
-31170,3.075069216650473,5.149660353774105,6.011911064042099,4.307788385646632,4.260237180575218,0,150.1831986840781
-31190,3.075069216650473,5.149660353774105,6.011911064042099,4.307788385646632,4.260237180575218,0,150.32223811164778
-31210,3.075069216650473,5.149660353774105,6.011911064042099,4.307788385646632,4.260237180575218,0,150.4616221153882
-31230,3.075069216650473,5.149660353774105,6.011911064042099,4.307788385646632,4.260237180575218,0,150.61961920305905
-31250,3.075069216650473,5.149660353774105,6.011911064042099,4.307788385646632,4.260237180575218,0,150.77805375354413
-31270,3.075069216650473,5.149660353774105,6.011911064042099,4.307788385646632,4.260237180575218,0,150.93637209357507
-31290,3.075069216650473,5.149660353774105,6.011911064042099,4.307788385646632,4.260237180575218,0,151.09513028744044
-31310,3.075069216650473,5.149660353774105,6.011911064042099,4.307788385646632,4.260237180575218,0,151.23476912664285
-31330,3.075069216650473,5.149660353774105,6.011911064042099,4.307788385646632,4.260237180575218,0,151.39380705328637
-31350,3.075069216650473,5.149660353774105,6.011911064042099,4.307788385646632,4.260237180575218,0,151.515099649687
-31370,3.075069216650473,5.149660353774105,6.011911064042099,4.307788385646632,4.260237180575218,0,151.63665453467013
-31390,3.075069216650473,5.149660353774105,6.011911064042099,4.307788385646632,4.260237180575218,0,151.72009834010225
-31410,3.075069216650473,5.149660353774105,6.011911064042099,4.307788385646632,4.260237180575218,0,151.78495396438817
-31430,3.075069216650473,5.149660353774105,6.011911064042099,4.307788385646632,4.260237180575218,0,151.8123733816535
-31450,3.075069216650473,5.149660353774105,6.011911064042099,4.307788385646632,4.260237180575218,0,151.83960349079913
-31470,3.075069216650473,5.149660353774105,6.011911064042099,4.307788385646632,4.260237180575218,0,151.8478401869602
-31490,3.075069216650473,5.149660353774105,6.011911064042099,4.307788385646632,4.260237180575218,0,151.83694712578014
-31510,3.075069216650473,5.149660353774105,6.011911064042099,4.307788385646632,4.260237180575218,0,151.8073599011755
-31530,3.075069216650473,5.149660353774105,6.011911064042099,4.307788385646632,4.260237180575218,0,151.77788639926732
-31550,3.075069216650473,5.149660353774105,6.011911064042099,4.307788385646632,4.260237180575218,0,151.74795475360426
-31570,3.075069216650473,5.149660353774105,6.011911064042099,4.307788385646632,4.260237180575218,0,151.68065132509062
-31590,3.075069216650473,5.149660353774105,6.011911064042099,4.307788385646632,4.260237180575218,0,151.5947865844097
-31610,3.075069216650473,5.149660353774105,6.011911064042099,4.307788385646632,4.260237180575218,0,151.48964942735387
-31630,3.075069216650473,5.149660353774105,6.011911064042099,4.307788385646632,4.260237180575218,0,151.3656844378134
-31650,3.075069216650473,5.149660353774105,6.011911064042099,4.307788385646632,4.260237180575218,0,151.22334117570566
-31670,3.075069216650473,5.149660353774105,6.011911064042099,4.307788385646632,4.260237180575218,0,151.04322552518724
-31690,3.075069216650473,5.149660353774105,6.011911064042099,4.307788385646632,4.260237180575218,0,150.88241714807376
-31710,3.075069216650473,5.149660353774105,6.011911064042099,4.307788385646632,4.260237180575218,0,150.68415987488277
-31730,3.075069216650473,5.149660353774105,6.011911064042099,4.307788385646632,4.260237180575218,0,150.48582093867984
-31750,3.075069216650473,5.149660353774105,6.011911064042099,4.307788385646632,4.260237180575218,0,150.2885843038549
-31770,3.075069216650473,5.149660353774105,6.011911064042099,4.307788385646632,4.260237180575218,0,150.0723733664621
-31790,3.075069216650473,5.149660353774105,6.011911064042099,4.307788385646632,4.260237180575218,0,149.85601012302868
-31810,3.075069216650473,5.149660353774105,6.011911064042099,4.307788385646632,4.260237180575218,0,149.62168673758705
-31830,3.075069216650473,5.149660353774105,6.011911064042099,4.307788385646632,4.260237180575218,0,149.40677585643064
-31850,3.075069216650473,5.149660353774105,6.011911064042099,4.307788385646632,4.260237180575218,0,149.1917358247459
-31870,3.075069216650473,5.149660353774105,6.011911064042099,4.307788385646632,4.260237180575218,0,148.95862918625713
-31890,3.075069216650473,5.149660353774105,6.011911064042099,4.307788385646632,4.260237180575218,0,148.7445013992993
-31910,3.075069216650473,5.149660353774105,6.011911064042099,4.307788385646632,4.260237180575218,0,148.51163474665887
-31930,3.075069216650473,5.149660353774105,6.011911064042099,4.307788385646632,4.260237180575218,0,148.27977938322834
-31950,3.075069216650473,5.149660353774105,6.011911064042099,4.307788385646632,4.260237180575218,0,148.06646188117415
-31970,3.075069216650473,5.149660353774105,6.011911064042099,4.307788385646632,4.260237180575218,0,147.85305699357662
-31990,3.075069216650473,5.149660353774105,6.011911064042099,4.307788385646632,4.260237180575218,0,147.62197199167838
-32010,3.075069216650473,5.149660353774105,6.011911064042099,4.307788385646632,4.260237180575218,0,147.4284391916319
-32030,3.075069216650473,5.149660353774105,6.011911064042099,4.307788385646632,4.260237180575218,0,147.234322174087
-32050,3.075069216650473,5.149660353774105,6.011911064042099,4.307788385646632,4.260237180575218,0,147.05918208610467
-32070,3.075069216650473,5.149660353774105,6.011911064042099,4.307788385646632,4.260237180575218,0,146.88416780257444
-32090,3.075069216650473,5.149660353774105,6.011911064042099,4.307788385646632,4.260237180575218,0,146.70928541320944
-32110,3.075069216650473,5.149660353774105,6.011911064042099,4.307788385646632,4.260237180575218,0,146.53454104727243
-32130,3.075069216650473,5.149660353774105,6.011911064042099,4.307788385646632,4.260237180575218,0,146.37845658912337
-32150,3.075069216650473,5.149660353774105,6.011911064042099,4.307788385646632,4.260237180575218,0,146.24117279901745
-32170,3.075069216650473,5.149660353774105,6.011911064042099,4.307788385646632,4.260237180575218,0,146.10298523592053
-32190,3.075069216650473,5.149660353774105,6.011911064042099,4.307788385646632,4.260237180575218,0,145.96575688849828
-32210,3.075069216650473,5.149660353774105,6.011911064042099,4.307788385646632,4.260237180575218,0,145.8463254312398
-32230,3.075069216650473,5.149660353774105,6.011911064042099,4.307788385646632,4.260237180575218,0,145.7454493858572
-32250,3.075069216650473,5.149660353774105,6.011911064042099,4.307788385646632,4.260237180575218,0,145.66264155393702
-32270,3.075069216650473,5.149660353774105,6.011911064042099,4.307788385646632,4.260237180575218,0,145.59803708343597
-32290,3.075069216650473,5.149660353774105,6.011911064042099,4.307788385646632,4.260237180575218,0,145.55177178493514
-32310,3.075069216650473,5.149660353774105,6.011911064042099,4.307788385646632,4.260237180575218,0,145.50505883167
-32330,3.075069216650473,5.149660353774105,6.011911064042099,4.307788385646632,4.260237180575218,0,145.4945715257789
-32350,3.075069216650473,5.149660353774105,6.011911064042099,4.307788385646632,4.260237180575218,0,145.4844473359415
-32370,3.075069216650473,5.149660353774105,6.011911064042099,4.307788385646632,4.260237180575218,0,145.49248155948558
-32390,3.075069216650473,5.149660353774105,6.011911064042099,4.307788385646632,4.260237180575218,0,145.51817148668556
-32410,3.075069216650473,5.149660353774105,6.011911064042099,4.307788385646632,4.260237180575218,0,145.54440910164936
-32430,3.075069216650473,5.149660353774105,6.011911064042099,4.307788385646632,4.260237180575218,0,145.58847999999995
-32450,3.075069216650473,5.149660353774105,6.011911064042099,4.307788385646632,4.260237180575218,0,145.65051538030775
-32470,3.075069216650473,5.149660353774105,6.011911064042099,4.307788385646632,4.260237180575218,0,145.71328326524562
-32490,3.075069216650473,5.149660353774105,6.011911064042099,4.307788385646632,4.260237180575218,0,145.7574500928745
-32510,3.075069216650473,5.149660353774105,6.011911064042099,4.307788385646632,4.260237180575218,0,145.78352788053868
-32530,3.075069216650473,5.149660353774105,6.011911064042099,4.307788385646632,4.260237180575218,0,145.7732483797618
-32550,3.075069216650473,5.149660353774105,6.011911064042099,4.307788385646632,4.260237180575218,0,145.74453102634433
-32570,3.075069216650473,5.149660353774105,6.011911064042099,4.307788385646632,4.260237180575218,0,145.6796689495705
-32590,3.075069216650473,5.149660353774105,6.011911064042099,4.307788385646632,4.260237180575218,0,145.59732479346496
-32610,3.075069216650473,5.149660353774105,6.011911064042099,4.307788385646632,4.260237180575218,0,145.47840616901442
-32630,3.075069216650473,5.149660353774105,6.011911064042099,4.307788385646632,4.260237180575218,0,145.34100965095598
-32650,3.075069216650473,5.149660353774105,6.011911064042099,4.307788385646632,4.260237180575218,0,145.18631964733746
-32670,3.075069216650473,5.149660353774105,6.011911064042099,4.307788385646632,4.260237180575218,0,145.03134515405026
-32690,3.075069216650473,5.149660353774105,6.011911064042099,4.307788385646632,4.260237180575218,0,144.85891721881526
-32710,3.075069216650473,5.149660353774105,6.011911064042099,4.307788385646632,4.260237180575218,0,144.686789118254
-32730,3.075069216650473,5.149660353774105,6.011911064042099,4.307788385646632,4.260237180575218,0,144.51430447522705
-32750,3.075069216650473,5.149660353774105,6.011911064042099,4.307788385646632,4.260237180575218,0,144.3248342871009
-32770,3.075069216650473,5.149660353774105,6.011911064042099,4.307788385646632,4.260237180575218,0,144.1529375310706
-32790,3.075069216650473,5.149660353774105,6.011911064042099,4.307788385646632,4.260237180575218,0,143.99941578695092
-32810,3.075069216650473,5.149660353774105,6.011911064042099,4.307788385646632,4.260237180575218,0,143.82755182539614
-32830,3.075069216650473,5.149660353774105,6.011911064042099,4.307788385646632,4.260237180575218,0,143.6748339471505
-32850,3.075069216650473,5.149660353774105,6.011911064042099,4.307788385646632,4.260237180575218,0,143.52120566387566
-32870,3.075069216650473,5.149660353774105,6.011911064042099,4.307788385646632,4.260237180575218,0,143.38623972900447
-32890,3.075069216650473,5.149660353774105,6.011911064042099,4.307788385646632,4.260237180575218,0,143.25113107590428
-32910,3.075069216650473,5.149660353774105,6.011911064042099,4.307788385646632,4.260237180575218,0,143.13419614270265
-32930,3.075069216650473,5.149660353774105,6.011911064042099,4.307788385646632,4.260237180575218,0,143.03489150725645
-32950,3.075069216650473,5.149660353774105,6.011911064042099,4.307788385646632,4.260237180575218,0,142.93631059748031
-32970,3.075069216650473,5.149660353774105,6.011911064042099,4.307788385646632,4.260237180575218,0,142.8548593091274
-32990,3.075069216650473,5.149660353774105,6.011911064042099,4.307788385646632,4.260237180575218,0,142.77354445985532
-33010,3.075069216650473,5.149660353774105,6.011911064042099,4.307788385646632,4.260237180575218,0,142.71021992490614
-33030,3.075069216650473,5.149660353774105,6.011911064042099,4.307788385646632,4.260237180575218,0,142.6471272443369
-33050,3.075069216650473,5.149660353774105,6.011911064042099,4.307788385646632,4.260237180575218,0,142.58358140087395
-33070,3.075069216650473,5.149660353774105,6.011911064042099,4.307788385646632,4.260237180575218,0,142.5382531997408
-33090,3.075069216650473,5.149660353774105,6.011911064042099,4.307788385646632,4.260237180575218,0,142.49256198630152
-33110,3.075069216650473,5.149660353774105,6.011911064042099,4.307788385646632,4.260237180575218,0,142.46526946893596
-33130,3.075069216650473,5.149660353774105,6.011911064042099,4.307788385646632,4.260237180575218,0,142.41959479751105
-33150,3.075069216650473,5.149660353774105,6.011911064042099,4.307788385646632,4.260237180575218,0,142.40917150167493
-33170,3.075069216650473,5.149660353774105,6.011911064042099,4.307788385646632,4.260237180575218,0,142.39926192925176
-33190,3.075069216650473,5.149660353774105,6.011911064042099,4.307788385646632,4.260237180575218,0,142.40741273121415
-33210,3.075069216650473,5.149660353774105,6.011911064042099,4.307788385646632,4.260237180575218,0,142.41476749369863
-33230,3.075069216650473,5.149660353774105,6.011911064042099,4.307788385646632,4.260237180575218,0,142.4403581661223
-33250,3.075069216650473,5.149660353774105,6.011911064042099,4.307788385646632,4.260237180575218,0,142.48361242165305
-33270,3.075069216650473,5.149660353774105,6.011911064042099,4.307788385646632,4.260237180575218,0,142.52694890946626
-33290,3.075069216650473,5.149660353774105,6.011911064042099,4.307788385646632,4.260237180575218,0,142.58741350817482
-33310,3.075069216650473,5.149660353774105,6.011911064042099,4.307788385646632,4.260237180575218,0,142.66655572313192
-33330,3.075069216650473,5.149660353774105,6.011911064042099,4.307788385646632,4.260237180575218,0,142.7274044171995
-33350,3.075069216650473,5.149660353774105,6.011911064042099,4.307788385646632,4.260237180575218,0,142.80630965885678
-33370,3.075069216650473,5.149660353774105,6.011911064042099,4.307788385646632,4.260237180575218,0,142.86754995010065
-33390,3.075069216650473,5.149660353774105,6.011911064042099,4.307788385646632,4.260237180575218,0,142.94621926851724
-33410,3.075069216650473,5.149660353774105,6.011911064042099,4.307788385646632,4.260237180575218,0,143.00713819619395
-33430,3.075069216650473,5.149660353774105,6.011911064042099,4.307788385646632,4.260237180575218,0,143.06823581152437
-33450,3.075069216650473,5.149660353774105,6.011911064042099,4.307788385646632,4.260237180575218,0,143.14761553513227
-33470,3.075069216650473,5.149660353774105,6.011911064042099,4.307788385646632,4.260237180575218,0,143.19097615062972
-33490,3.075069216650473,5.149660353774105,6.011911064042099,4.307788385646632,4.260237180575218,0,143.25189587406928
-33510,3.075069216650473,5.149660353774105,6.011911064042099,4.307788385646632,4.260237180575218,0,143.3137291976512
-33530,3.075069216650473,5.149660353774105,6.011911064042099,4.307788385646632,4.260237180575218,0,143.35674436210607
-33550,3.075069216650473,5.149660353774105,6.011911064042099,4.307788385646632,4.260237180575218,0,143.38227128256233
-33570,3.075069216650473,5.149660353774105,6.011911064042099,4.307788385646632,4.260237180575218,0,143.39018415388932
-33590,3.075069216650473,5.149660353774105,6.011911064042099,4.307788385646632,4.260237180575218,0,143.38035656519398
-33610,3.075069216650473,5.149660353774105,6.011911064042099,4.307788385646632,4.260237180575218,0,143.36964002500707
-33630,3.075069216650473,5.149660353774105,6.011911064042099,4.307788385646632,4.260237180575218,0,143.34175061481974
-33650,3.075069216650473,5.149660353774105,6.011911064042099,4.307788385646632,4.260237180575218,0,143.3321710851392
-33670,3.075069216650473,5.149660353774105,6.011911064042099,4.307788385646632,4.260237180575218,0,143.30385830812622
-33690,3.075069216650473,5.149660353774105,6.011911064042099,4.307788385646632,4.260237180575218,0,143.27605811779273
-33710,3.075069216650473,5.149660353774105,6.011911064042099,4.307788385646632,4.260237180575218,0,143.2480295936546
-33730,3.075069216650473,5.149660353774105,6.011911064042099,4.307788385646632,4.260237180575218,0,143.22052259333574
-33750,3.075069216650473,5.149660353774105,6.011911064042099,4.307788385646632,4.260237180575218,0,143.21006114800142
-33770,3.075069216650473,5.149660353774105,6.011911064042099,4.307788385646632,4.260237180575218,0,143.21827689315543
-33790,3.075069216650473,5.149660353774105,6.011911064042099,4.307788385646632,4.260237180575218,0,143.22569215609525
-33810,3.075069216650473,5.149660353774105,6.011911064042099,4.307788385646632,4.260237180575218,0,143.23381555922185
-33830,3.075069216650473,5.149660353774105,6.011911064042099,4.307788385646632,4.260237180575218,0,143.2767689334252
-33850,3.075069216650473,5.149660353774105,6.011911064042099,4.307788385646632,4.260237180575218,0,143.32060986047006
-33870,3.075069216650473,5.149660353774105,6.011911064042099,4.307788385646632,4.260237180575218,0,143.38134352065634
-33890,3.075069216650473,5.149660353774105,6.011911064042099,4.307788385646632,4.260237180575218,0,143.443057734595
-33910,3.075069216650473,5.149660353774105,6.011911064042099,4.307788385646632,4.260237180575218,0,143.50422963903006
-33930,3.075069216650473,5.149660353774105,6.011911064042099,4.307788385646632,4.260237180575218,0,143.58327222649282
-33950,3.075069216650473,5.149660353774105,6.011911064042099,4.307788385646632,4.260237180575218,0,143.64493352393842
-33970,3.075069216650473,5.149660353774105,6.011911064042099,4.307788385646632,4.260237180575218,0,143.72455637839505
-33990,3.075069216650473,5.149660353774105,6.011911064042099,4.307788385646632,4.260237180575218,0,143.7859449258883
-34010,3.075069216650473,5.149660353774105,6.011911064042099,4.307788385646632,4.260237180575218,0,143.84756236680875
-34030,3.075069216650473,5.149660353774105,6.011911064042099,4.307788385646632,4.260237180575218,0,143.90863465540477
-34050,3.075069216650473,5.149660353774105,6.011911064042099,4.307788385646632,4.260237180575218,0,143.9341239244012
-34070,3.075069216650473,5.149660353774105,6.011911064042099,4.307788385646632,4.260237180575218,0,143.924553004403
-34090,3.075069216650473,5.149660353774105,6.011911064042099,4.307788385646632,4.260237180575218,0,143.8781040563889
-34110,3.075069216650473,5.149660353774105,6.011911064042099,4.307788385646632,4.260237180575218,0,143.83215405411985
-34130,3.075069216650473,5.149660353774105,6.011911064042099,4.307788385646632,4.260237180575218,0,143.78670948655508
-34150,3.075069216650473,5.149660353774105,6.011911064042099,4.307788385646632,4.260237180575218,0,143.7228642144858
-34170,3.075069216650473,5.149660353774105,6.011911064042099,4.307788385646632,4.260237180575218,0,143.65865590780638
-34190,3.075069216650473,5.149660353774105,6.011911064042099,4.307788385646632,4.260237180575218,0,143.57745624512802
-34210,3.075069216650473,5.149660353774105,6.011911064042099,4.307788385646632,4.260237180575218,0,143.47755738910627
-34230,3.075069216650473,5.149660353774105,6.011911064042099,4.307788385646632,4.260237180575218,0,143.39622439670342
-34250,3.075069216650473,5.149660353774105,6.011911064042099,4.307788385646632,4.260237180575218,0,143.2793579413269
-34270,3.075069216650473,5.149660353774105,6.011911064042099,4.307788385646632,4.260237180575218,0,143.16188349079167
-34290,3.075069216650473,5.149660353774105,6.011911064042099,4.307788385646632,4.260237180575218,0,143.0277709807979
-34310,3.075069216650473,5.149660353774105,6.011911064042099,4.307788385646632,4.260237180575218,0,142.87529675192687
-34330,3.075069216650473,5.149660353774105,6.011911064042099,4.307788385646632,4.260237180575218,0,142.7405736259691
-34350,3.075069216650473,5.149660353774105,6.011911064042099,4.307788385646632,4.260237180575218,0,142.58821299321565
-34370,3.075069216650473,5.149660353774105,6.011911064042099,4.307788385646632,4.260237180575218,0,142.45450873418665
-34390,3.075069216650473,5.149660353774105,6.011911064042099,4.307788385646632,4.260237180575218,0,142.30228402960202
-34410,3.075069216650473,5.149660353774105,6.011911064042099,4.307788385646632,4.260237180575218,0,142.1858935054359
-34430,3.075069216650473,5.149660353774105,6.011911064042099,4.307788385646632,4.260237180575218,0,142.06973451269494
-34450,3.075069216650473,5.149660353774105,6.011911064042099,4.307788385646632,4.260237180575218,0,141.9538128051604
-34470,3.075069216650473,5.149660353774105,6.011911064042099,4.307788385646632,4.260237180575218,0,141.87335677281888
-34490,3.075069216650473,5.149660353774105,6.011911064042099,4.307788385646632,4.260237180575218,0,141.81056368297564
-34510,3.075069216650473,5.149660353774105,6.011911064042099,4.307788385646632,4.260237180575218,0,141.76474222038397
-34530,3.075069216650473,5.149660353774105,6.011911064042099,4.307788385646632,4.260237180575218,0,141.73766903178867
-34550,3.075069216650473,5.149660353774105,6.011911064042099,4.307788385646632,4.260237180575218,0,141.7096328812518
-34570,3.075069216650473,5.149660353774105,6.011911064042099,4.307788385646632,4.260237180575218,0,141.71710963048832
-34590,3.075069216650473,5.149660353774105,6.011911064042099,4.307788385646632,4.260237180575218,0,141.74290659576695
-34610,3.075069216650473,5.149660353774105,6.011911064042099,4.307788385646632,4.260237180575218,0,141.78549254868992
-34630,3.075069216650473,5.149660353774105,6.011911064042099,4.307788385646632,4.260237180575218,0,141.82828827603942
-34650,3.075069216650473,5.149660353774105,6.011911064042099,4.307788385646632,4.260237180575218,0,141.8897141264765
-34670,3.075069216650473,5.149660353774105,6.011911064042099,4.307788385646632,4.260237180575218,0,141.94976619331402
-34690,3.075069216650473,5.149660353774105,6.011911064042099,4.307788385646632,4.260237180575218,0,142.02862476551653
-34710,3.075069216650473,5.149660353774105,6.011911064042099,4.307788385646632,4.260237180575218,0,142.0893240234842
-34730,3.075069216650473,5.149660353774105,6.011911064042099,4.307788385646632,4.260237180575218,0,142.18498670556642
-34750,3.075069216650473,5.149660353774105,6.011911064042099,4.307788385646632,4.260237180575218,0,142.26417946999516
-34770,3.075069216650473,5.149660353774105,6.011911064042099,4.307788385646632,4.260237180575218,0,142.3420722180012
-34790,3.075069216650473,5.149660353774105,6.011911064042099,4.307788385646632,4.260237180575218,0,142.42121051029426
-34810,3.075069216650473,5.149660353774105,6.011911064042099,4.307788385646632,4.260237180575218,0,142.49989700337395
-34830,3.075069216650473,5.149660353774105,6.011911064042099,4.307788385646632,4.260237180575218,0,142.57812904411875
-34850,3.075069216650473,5.149660353774105,6.011911064042099,4.307788385646632,4.260237180575218,0,142.65676163196136
-34870,3.075069216650473,5.149660353774105,6.011911064042099,4.307788385646632,4.260237180575218,0,142.73579832586776
-34890,3.075069216650473,5.149660353774105,6.011911064042099,4.307788385646632,4.260237180575218,0,142.81438088192112
-34910,3.075069216650473,5.149660353774105,6.011911064042099,4.307788385646632,4.260237180575218,0,142.89337054665816
-34930,3.075069216650473,5.149660353774105,6.011911064042099,4.307788385646632,4.260237180575218,0,142.990090984593
-34950,3.075069216650473,5.149660353774105,6.011911064042099,4.307788385646632,4.260237180575218,0,143.06907955180998
-34970,3.075069216650473,5.149660353774105,6.011911064042099,4.307788385646632,4.260237180575218,0,143.16588606650978
-34990,3.075069216650473,5.149660353774105,6.011911064042099,4.307788385646632,4.260237180575218,0,143.26319442285876
-35010,3.075069216650473,5.149660353774105,6.011911064042099,4.307788385646632,4.260237180575218,0,143.3601341726342
-35030,3.075069216650473,5.149660353774105,6.011911064042099,4.307788385646632,4.260237180575218,0,143.45670295913513
-35050,3.075069216650473,5.149660353774105,6.011911064042099,4.307788385646632,4.260237180575218,0,143.5898023786376
-35070,3.075069216650473,5.149660353774105,6.011911064042099,4.307788385646632,4.260237180575218,0,143.72270487793378
-35090,3.075069216650473,5.149660353774105,6.011911064042099,4.307788385646632,4.260237180575218,0,143.87395020358238
-35110,3.075069216650473,5.149660353774105,6.011911064042099,4.307788385646632,4.260237180575218,0,144.04278628556457
-35130,3.075069216650473,5.149660353774105,6.011911064042099,4.307788385646632,4.260237180575218,0,144.2302275443607
-35150,3.075069216650473,5.149660353774105,6.011911064042099,4.307788385646632,4.260237180575218,0,144.43551889496842
-35170,3.075069216650473,5.149660353774105,6.011911064042099,4.307788385646632,4.260237180575218,0,144.65878879954946
-35190,3.075069216650473,5.149660353774105,6.011911064042099,4.307788385646632,4.260237180575218,0,144.88318655218114
-35210,3.075069216650473,5.149660353774105,6.011911064042099,4.307788385646632,4.260237180575218,0,145.12573939156943
-35230,3.075069216650473,5.149660353774105,6.011911064042099,4.307788385646632,4.260237180575218,0,145.38657735446506
-35250,3.075069216650473,5.149660353774105,6.011911064042099,4.307788385646632,4.260237180575218,0,145.62982378164222
-35270,3.075069216650473,5.149660353774105,6.011911064042099,4.307788385646632,4.260237180575218,0,145.89234521728002
-35290,3.075069216650473,5.149660353774105,6.011911064042099,4.307788385646632,4.260237180575218,0,146.13628843995176
-35310,3.075069216650473,5.149660353774105,6.011911064042099,4.307788385646632,4.260237180575218,0,146.39869225293813
-35330,3.075069216650473,5.149660353774105,6.011911064042099,4.307788385646632,4.260237180575218,0,146.66241878585825
-35350,3.075069216650473,5.149660353774105,6.011911064042099,4.307788385646632,4.260237180575218,0,146.8892072881441
-35370,3.075069216650473,5.149660353774105,6.011911064042099,4.307788385646632,4.260237180575218,0,147.13541420335602
-35390,3.075069216650473,5.149660353774105,6.011911064042099,4.307788385646632,4.260237180575218,0,147.36364085631314
-35410,3.075069216650473,5.149660353774105,6.011911064042099,4.307788385646632,4.260237180575218,0,147.59210985591542
-35430,3.075069216650473,5.149660353774105,6.011911064042099,4.307788385646632,4.260237180575218,0,147.8392210148363
-35450,3.075069216650473,5.149660353774105,6.011911064042099,4.307788385646632,4.260237180575218,0,148.04977423263318
-35470,3.075069216650473,5.149660353774105,6.011911064042099,4.307788385646632,4.260237180575218,0,148.27896927297368
-35490,3.075069216650473,5.149660353774105,6.011911064042099,4.307788385646632,4.260237180575218,0,148.48987197422346
-35510,3.075069216650473,5.149660353774105,6.011911064042099,4.307788385646632,4.260237180575218,0,148.70185533036226
-35530,3.075069216650473,5.149660353774105,6.011911064042099,4.307788385646632,4.260237180575218,0,148.8944392879188
-35550,3.075069216650473,5.149660353774105,6.011911064042099,4.307788385646632,4.260237180575218,0,149.10668620121467
-35570,3.075069216650473,5.149660353774105,6.011911064042099,4.307788385646632,4.260237180575218,0,149.30037348014557
-35590,3.075069216650473,5.149660353774105,6.011911064042099,4.307788385646632,4.260237180575218,0,149.5128837866047
-35610,3.075069216650473,5.149660353774105,6.011911064042099,4.307788385646632,4.260237180575218,0,149.70768283128092
-35630,3.075069216650473,5.149660353774105,6.011911064042099,4.307788385646632,4.260237180575218,0,149.90254833003257
-35650,3.075069216650473,5.149660353774105,6.011911064042099,4.307788385646632,4.260237180575218,0,150.09747946181986
-35670,3.075069216650473,5.149660353774105,6.011911064042099,4.307788385646632,4.260237180575218,0,150.2735333990045
-35690,3.075069216650473,5.149660353774105,6.011911064042099,4.307788385646632,4.260237180575218,0,150.45050894221006
-35710,3.075069216650473,5.149660353774105,6.011911064042099,4.307788385646632,4.260237180575218,0,150.60842624952124
-35730,3.075069216650473,5.149660353774105,6.011911064042099,4.307788385646632,4.260237180575218,0,150.7853058178502
-35750,3.075069216650473,5.149660353774105,6.011911064042099,4.307788385646632,4.260237180575218,0,150.94398870759395
-35770,3.075069216650473,5.149660353774105,6.011911064042099,4.307788385646632,4.260237180575218,0,151.10255561781813
-35790,3.075069216650473,5.149660353774105,6.011911064042099,4.307788385646632,4.260237180575218,0,151.26100505557994
-35810,3.075069216650473,5.149660353774105,6.011911064042099,4.307788385646632,4.260237180575218,0,151.4193355213842
-35830,3.075069216650473,5.149660353774105,6.011911064042099,4.307788385646632,4.260237180575218,0,151.57851111884273
-35850,3.075069216650473,5.149660353774105,6.011911064042099,4.307788385646632,4.260237180575218,0,151.73853735224975
-35870,3.075069216650473,5.149660353774105,6.011911064042099,4.307788385646632,4.260237180575218,0,151.89747916662566
-35890,3.075069216650473,5.149660353774105,6.011911064042099,4.307788385646632,4.260237180575218,0,152.075753535903
-35910,3.075069216650473,5.149660353774105,6.011911064042099,4.307788385646632,4.260237180575218,0,152.25497531219835
-35930,3.075069216650473,5.149660353774105,6.011911064042099,4.307788385646632,4.260237180575218,0,152.43319567818264
-35950,3.075069216650473,5.149660353774105,6.011911064042099,4.307788385646632,4.260237180575218,0,152.61236582114216
-35970,3.075069216650473,5.149660353774105,6.011911064042099,4.307788385646632,4.260237180575218,0,152.79249166983053
-35990,3.075069216650473,5.149660353774105,6.011911064042099,4.307788385646632,4.260237180575218,0,152.99031535878999
-36010,3.075069216650473,5.149660353774105,6.011911064042099,4.307788385646632,4.260237180575218,0,153.18918777757742
-36030,3.075069216650473,5.149660353774105,6.011911064042099,4.307788385646632,4.260237180575218,0,153.38911523659706
-36050,3.075069216650473,5.149660353774105,6.011911064042099,4.307788385646632,4.260237180575218,0,153.5881207715912
-36070,3.075069216650473,5.149660353774105,6.011911064042099,4.307788385646632,4.260237180575218,0,153.7881844500911
-36090,3.075069216650473,5.149660353774105,6.011911064042099,4.307788385646632,4.260237180575218,0,153.96838692829488
-36110,3.075069216650473,5.149660353774105,6.011911064042099,4.307788385646632,4.260237180575218,0,154.16853758334753
-36130,3.075069216650473,5.149660353774105,6.011911064042099,4.307788385646632,4.260237180575218,0,154.3497298581384
-36150,3.075069216650473,5.149660353774105,6.011911064042099,4.307788385646632,4.260237180575218,0,154.53089535087773
-36170,3.075069216650473,5.149660353774105,6.011911064042099,4.307788385646632,4.260237180575218,0,154.69392212513043
-36190,3.075069216650473,5.149660353774105,6.011911064042099,4.307788385646632,4.260237180575218,0,154.85582339733335
-36210,3.075069216650473,5.149660353774105,6.011911064042099,4.307788385646632,4.260237180575218,0,154.99940275916794
-36230,3.075069216650473,5.149660353774105,6.011911064042099,4.307788385646632,4.260237180575218,0,155.12351293468407
-36250,3.075069216650473,5.149660353774105,6.011911064042099,4.307788385646632,4.260237180575218,0,155.20972525724267
-36270,3.075069216650473,5.149660353774105,6.011911064042099,4.307788385646632,4.260237180575218,0,155.2760955025084
-36290,3.075069216650473,5.149660353774105,6.011911064042099,4.307788385646632,4.260237180575218,0,155.30308374378725
-36310,3.075069216650473,5.149660353774105,6.011911064042099,4.307788385646632,4.260237180575218,0,155.3118949170661
-36330,3.075069216650473,5.149660353774105,6.011911064042099,4.307788385646632,4.260237180575218,0,155.28188234227574
-36350,3.075069216650473,5.149660353774105,6.011911064042099,4.307788385646632,4.260237180575218,0,155.21276594436975
-36370,3.075069216650473,5.149660353774105,6.011911064042099,4.307788385646632,4.260237180575218,0,155.10529508829453
-36390,3.075069216650473,5.149660353774105,6.011911064042099,4.307788385646632,4.260237180575218,0,154.97882696447186
-36410,3.075069216650473,5.149660353774105,6.011911064042099,4.307788385646632,4.260237180575218,0,154.79386754119747
-36430,3.075069216650473,5.149660353774105,6.011911064042099,4.307788385646632,4.260237180575218,0,154.61021763125075
-36450,3.075069216650473,5.149660353774105,6.011911064042099,4.307788385646632,4.260237180575218,0,154.40707589712133
-36470,3.075069216650473,5.149660353774105,6.011911064042099,4.307788385646632,4.260237180575218,0,154.1843061269483
-36490,3.075069216650473,5.149660353774105,6.011911064042099,4.307788385646632,4.260237180575218,0,153.96268873999725
-36510,3.075069216650473,5.149660353774105,6.011911064042099,4.307788385646632,4.260237180575218,0,153.74118982893367
-36530,3.075069216650473,5.149660353774105,6.011911064042099,4.307788385646632,4.260237180575218,0,153.53873321191705
-36550,3.075069216650473,5.149660353774105,6.011911064042099,4.307788385646632,4.260237180575218,0,153.31859146273578
-36570,3.075069216650473,5.149660353774105,6.011911064042099,4.307788385646632,4.260237180575218,0,153.13555560601696
-36590,3.075069216650473,5.149660353774105,6.011911064042099,4.307788385646632,4.260237180575218,0,152.95390919873773
-36610,3.075069216650473,5.149660353774105,6.011911064042099,4.307788385646632,4.260237180575218,0,152.79064624588437
-36630,3.075069216650473,5.149660353774105,6.011911064042099,4.307788385646632,4.260237180575218,0,152.62782235051714
-36650,3.075069216650473,5.149660353774105,6.011911064042099,4.307788385646632,4.260237180575218,0,152.46544575094333
-36670,3.075069216650473,5.149660353774105,6.011911064042099,4.307788385646632,4.260237180575218,0,152.32169580878542
-36690,3.075069216650473,5.149660353774105,6.011911064042099,4.307788385646632,4.260237180575218,0,152.17849781996443
-36710,3.075069216650473,5.149660353774105,6.011911064042099,4.307788385646632,4.260237180575218,0,152.0347864215103
-36730,3.075069216650473,5.149660353774105,6.011911064042099,4.307788385646632,4.260237180575218,0,151.91101935452426
-36750,3.075069216650473,5.149660353774105,6.011911064042099,4.307788385646632,4.260237180575218,0,151.7868399057629
-36770,3.075069216650473,5.149660353774105,6.011911064042099,4.307788385646632,4.260237180575218,0,151.68172353366117
-36790,3.075069216650473,5.149660353774105,6.011911064042099,4.307788385646632,4.260237180575218,0,151.57629182442335
-36810,3.075069216650473,5.149660353774105,6.011911064042099,4.307788385646632,4.260237180575218,0,151.4901150680842
-36830,3.075069216650473,5.149660353774105,6.011911064042099,4.307788385646632,4.260237180575218,0,151.42333719961357
-36850,3.075069216650473,5.149660353774105,6.011911064042099,4.307788385646632,4.260237180575218,0,151.35534695307206
-36870,3.075069216650473,5.149660353774105,6.011911064042099,4.307788385646632,4.260237180575218,0,151.30804009236718
-36890,3.075069216650473,5.149660353774105,6.011911064042099,4.307788385646632,4.260237180575218,0,151.2782771254627
-36910,3.075069216650473,5.149660353774105,6.011911064042099,4.307788385646632,4.260237180575218,0,151.24858254435185
-36930,3.075069216650473,5.149660353774105,6.011911064042099,4.307788385646632,4.260237180575218,0,151.2377111875973
-36950,3.075069216650473,5.149660353774105,6.011911064042099,4.307788385646632,4.260237180575218,0,151.22700542476133
-36970,3.075069216650473,5.149660353774105,6.011911064042099,4.307788385646632,4.260237180575218,0,151.25415404264695
-36990,3.075069216650473,5.149660353774105,6.011911064042099,4.307788385646632,4.260237180575218,0,151.26276967160393
-37010,3.075069216650473,5.149660353774105,6.011911064042099,4.307788385646632,4.260237180575218,0,151.2894735733489
-37030,3.075069216650473,5.149660353774105,6.011911064042099,4.307788385646632,4.260237180575218,0,151.31653577458883
-37050,3.075069216650473,5.149660353774105,6.011911064042099,4.307788385646632,4.260237180575218,0,151.361867245795
-37070,3.075069216650473,5.149660353774105,6.011911064042099,4.307788385646632,4.260237180575218,0,151.40877423804199
-37090,3.075069216650473,5.149660353774105,6.011911064042099,4.307788385646632,4.260237180575218,0,151.43477762509426
-37110,3.075069216650473,5.149660353774105,6.011911064042099,4.307788385646632,4.260237180575218,0,151.50060213576296
-37130,3.075069216650473,5.149660353774105,6.011911064042099,4.307788385646632,4.260237180575218,0,151.5455160745406
-37150,3.075069216650473,5.149660353774105,6.011911064042099,4.307788385646632,4.260237180575218,0,151.61128165553987
-37170,3.075069216650473,5.149660353774105,6.011911064042099,4.307788385646632,4.260237180575218,0,151.69464517027228
-37190,3.075069216650473,5.149660353774105,6.011911064042099,4.307788385646632,4.260237180575218,0,151.77866125124905
-37210,3.075069216650473,5.149660353774105,6.011911064042099,4.307788385646632,4.260237180575218,0,151.86219428770033
-37230,3.075069216650473,5.149660353774105,6.011911064042099,4.307788385646632,4.260237180575218,0,151.94638525074322
-37250,3.075069216650473,5.149660353774105,6.011911064042099,4.307788385646632,4.260237180575218,0,152.04843823109417
-37270,3.075069216650473,5.149660353774105,6.011911064042099,4.307788385646632,4.260237180575218,0,152.1512434232652
-37290,3.075069216650473,5.149660353774105,6.011911064042099,4.307788385646632,4.260237180575218,0,152.25480665667789
-37310,3.075069216650473,5.149660353774105,6.011911064042099,4.307788385646632,4.260237180575218,0,152.3579788642572
-37330,3.075069216650473,5.149660353774105,6.011911064042099,4.307788385646632,4.260237180575218,0,152.47928113819387
-37350,3.075069216650473,5.149660353774105,6.011911064042099,4.307788385646632,4.260237180575218,0,152.60143764049488
-37370,3.075069216650473,5.149660353774105,6.011911064042099,4.307788385646632,4.260237180575218,0,152.72445460893803
-37390,3.075069216650473,5.149660353774105,6.011911064042099,4.307788385646632,4.260237180575218,0,152.82734746804698
-37410,3.075069216650473,5.149660353774105,6.011911064042099,4.307788385646632,4.260237180575218,0,152.9310116731714
-37430,3.075069216650473,5.149660353774105,6.011911064042099,4.307788385646632,4.260237180575218,0,153.0342813745922
-37450,3.075069216650473,5.149660353774105,6.011911064042099,4.307788385646632,4.260237180575218,0,153.11953425880426
-37470,3.075069216650473,5.149660353774105,6.011911064042099,4.307788385646632,4.260237180575218,0,153.20312473169133
-37490,3.075069216650473,5.149660353774105,6.011911064042099,4.307788385646632,4.260237180575218,0,153.26969683019567
-37510,3.075069216650473,5.149660353774105,6.011911064042099,4.307788385646632,4.260237180575218,0,153.33450931469724
-37530,3.075069216650473,5.149660353774105,6.011911064042099,4.307788385646632,4.260237180575218,0,153.38094534324986
-37550,3.075069216650473,5.149660353774105,6.011911064042099,4.307788385646632,4.260237180575218,0,153.42789559452933
-37570,3.075069216650473,5.149660353774105,6.011911064042099,4.307788385646632,4.260237180575218,0,153.4741733384842
-37590,3.075069216650473,5.149660353774105,6.011911064042099,4.307788385646632,4.260237180575218,0,153.5209697573356
-37610,3.075069216650473,5.149660353774105,6.011911064042099,4.307788385646632,4.260237180575218,0,153.5479306219225
-37630,3.075069216650473,5.149660353774105,6.011911064042099,4.307788385646632,4.260237180575218,0,153.57532182799963
-37650,3.075069216650473,5.149660353774105,6.011911064042099,4.307788385646632,4.260237180575218,0,153.60314821018457
-37670,3.075069216650473,5.149660353774105,6.011911064042099,4.307788385646632,4.260237180575218,0,153.63020829739403
-37690,3.075069216650473,5.149660353774105,6.011911064042099,4.307788385646632,4.260237180575218,0,153.6577074697111
-37710,3.075069216650473,5.149660353774105,6.011911064042099,4.307788385646632,4.260237180575218,0,153.66625566628073
-37730,3.075069216650473,5.149660353774105,6.011911064042099,4.307788385646632,4.260237180575218,0,153.6739436897302
-37750,3.075069216650473,5.149660353774105,6.011911064042099,4.307788385646632,4.260237180575218,0,153.70147441996343
-37770,3.075069216650473,5.149660353774105,6.011911064042099,4.307788385646632,4.260237180575218,0,153.70992161849583
-37790,3.075069216650473,5.149660353774105,6.011911064042099,4.307788385646632,4.260237180575218,0,153.71873187051634
-37810,3.075069216650473,5.149660353774105,6.011911064042099,4.307788385646632,4.260237180575218,0,153.7082788497735
-37830,3.075069216650473,5.149660353774105,6.011911064042099,4.307788385646632,4.260237180575218,0,153.71655179724021
-37850,3.075069216650473,5.149660353774105,6.011911064042099,4.307788385646632,4.260237180575218,0,153.7054696105931
-37870,3.075069216650473,5.149660353774105,6.011911064042099,4.307788385646632,4.260237180575218,0,153.69466767969485
-37890,3.075069216650473,5.149660353774105,6.011911064042099,4.307788385646632,4.260237180575218,0,153.68415042094122
-37910,3.075069216650473,5.149660353774105,6.011911064042099,4.307788385646632,4.260237180575218,0,153.69255032300276
-37930,3.075069216650473,5.149660353774105,6.011911064042099,4.307788385646632,4.260237180575218,0,153.70008917836574
-37950,3.075069216650473,5.149660353774105,6.011911064042099,4.307788385646632,4.260237180575218,0,153.7080106596431
-37970,3.075069216650473,5.149660353774105,6.011911064042099,4.307788385646632,4.260237180575218,0,153.7163195990239
-37990,3.075069216650473,5.149660353774105,6.011911064042099,4.307788385646632,4.260237180575218,0,153.72502085718418
-38010,3.075069216650473,5.149660353774105,6.011911064042099,4.307788385646632,4.260237180575218,0,153.7529740770592
-38030,3.075069216650473,5.149660353774105,6.011911064042099,4.307788385646632,4.260237180575218,0,153.76126031273256
-38050,3.075069216650473,5.149660353774105,6.011911064042099,4.307788385646632,4.260237180575218,0,153.78889383540232
-38070,3.075069216650473,5.149660353774105,6.011911064042099,4.307788385646632,4.260237180575218,0,153.79676693688165
-38090,3.075069216650473,5.149660353774105,6.011911064042099,4.307788385646632,4.260237180575218,0,153.8240831372636
-38110,3.075069216650473,5.149660353774105,6.011911064042099,4.307788385646632,4.260237180575218,0,153.85190155313302
-38130,3.075069216650473,5.149660353774105,6.011911064042099,4.307788385646632,4.260237180575218,0,153.85982172717192
-38150,3.075069216650473,5.149660353774105,6.011911064042099,4.307788385646632,4.260237180575218,0,153.8681559986962
-38170,3.075069216650473,5.149660353774105,6.011911064042099,4.307788385646632,4.260237180575218,0,153.85768618421986
-38190,3.075069216650473,5.149660353774105,6.011911064042099,4.307788385646632,4.260237180575218,0,153.84626282750781
-38210,3.075069216650473,5.149660353774105,6.011911064042099,4.307788385646632,4.260237180575218,0,153.8364569013155
-38230,3.075069216650473,5.149660353774105,6.011911064042099,4.307788385646632,4.260237180575218,0,153.82570077760656
-38250,3.075069216650473,5.149660353774105,6.011911064042099,4.307788385646632,4.260237180575218,0,153.79457973571607
-38270,3.075069216650473,5.149660353774105,6.011911064042099,4.307788385646632,4.260237180575218,0,153.78445683838086
-38290,3.075069216650473,5.149660353774105,6.011911064042099,4.307788385646632,4.260237180575218,0,153.77338251118678
-38310,3.075069216650473,5.149660353774105,6.011911064042099,4.307788385646632,4.260237180575218,0,153.78220721022836
-38330,3.075069216650473,5.149660353774105,6.011911064042099,4.307788385646632,4.260237180575218,0,153.77057346927577
-38350,3.075069216650473,5.149660353774105,6.011911064042099,4.307788385646632,4.260237180575218,0,153.77893721378229
-38370,3.075069216650473,5.149660353774105,6.011911064042099,4.307788385646632,4.260237180575218,0,153.76805817079244
-38390,3.075069216650473,5.149660353774105,6.011911064042099,4.307788385646632,4.260237180575218,0,153.7772819354463
-38410,3.075069216650473,5.149660353774105,6.011911064042099,4.307788385646632,4.260237180575218,0,153.8041183672781
-38430,3.075069216650473,5.149660353774105,6.011911064042099,4.307788385646632,4.260237180575218,0,153.8129900648685
-38450,3.075069216650473,5.149660353774105,6.011911064042099,4.307788385646632,4.260237180575218,0,153.821002297501
-38470,3.075069216650473,5.149660353774105,6.011911064042099,4.307788385646632,4.260237180575218,0,153.84808452189432
-38490,3.075069216650473,5.149660353774105,6.011911064042099,4.307788385646632,4.260237180575218,0,153.87572753516207
-38510,3.075069216650473,5.149660353774105,6.011911064042099,4.307788385646632,4.260237180575218,0,153.90393712199483
-38530,3.075069216650473,5.149660353774105,6.011911064042099,4.307788385646632,4.260237180575218,0,153.93138050768974
-38550,3.075069216650473,5.149660353774105,6.011911064042099,4.307788385646632,4.260237180575218,0,153.9781813308376
-38570,3.075069216650473,5.149660353774105,6.011911064042099,4.307788385646632,4.260237180575218,0,154.02430569306978
-38590,3.075069216650473,5.149660353774105,6.011911064042099,4.307788385646632,4.260237180575218,0,154.07109838551415
-38610,3.075069216650473,5.149660353774105,6.011911064042099,4.307788385646632,4.260237180575218,0,154.13613655814575
-38630,3.075069216650473,5.149660353774105,6.011911064042099,4.307788385646632,4.260237180575218,0,154.2032955683412
-38650,3.075069216650473,5.149660353774105,6.011911064042099,4.307788385646632,4.260237180575218,0,154.28753168670968
-38670,3.075069216650473,5.149660353774105,6.011911064042099,4.307788385646632,4.260237180575218,0,154.37263256181467
-38690,3.075069216650473,5.149660353774105,6.011911064042099,4.307788385646632,4.260237180575218,0,154.4586051866258
-38710,3.075069216650473,5.149660353774105,6.011911064042099,4.307788385646632,4.260237180575218,0,154.54408853247529
-38730,3.075069216650473,5.149660353774105,6.011911064042099,4.307788385646632,4.260237180575218,0,154.60988051285963
-38750,3.075069216650473,5.149660353774105,6.011911064042099,4.307788385646632,4.260237180575218,0,154.69570485339403
-38770,3.075069216650473,5.149660353774105,6.011911064042099,4.307788385646632,4.260237180575218,0,154.76174546802972
-38790,3.075069216650473,5.149660353774105,6.011911064042099,4.307788385646632,4.260237180575218,0,154.82719834582562
-38810,3.075069216650473,5.149660353774105,6.011911064042099,4.307788385646632,4.260237180575218,0,154.89344496002167
-38830,3.075069216650473,5.149660353774105,6.011911064042099,4.307788385646632,4.260237180575218,0,154.94105925472826
-38850,3.075069216650473,5.149660353774105,6.011911064042099,4.307788385646632,4.260237180575218,0,154.98799538454188
-38870,3.075069216650473,5.149660353774105,6.011911064042099,4.307788385646632,4.260237180575218,0,155.03424978466077
-38890,3.075069216650473,5.149660353774105,6.011911064042099,4.307788385646632,4.260237180575218,0,155.08121705055464
-38910,3.075069216650473,5.149660353774105,6.011911064042099,4.307788385646632,4.260237180575218,0,155.12890375114594
-38930,3.075069216650473,5.149660353774105,6.011911064042099,4.307788385646632,4.260237180575218,0,155.156242161212
-38950,3.075069216650473,5.149660353774105,6.011911064042099,4.307788385646632,4.260237180575218,0,155.20392817479782
-38970,3.075069216650473,5.149660353774105,6.011911064042099,4.307788385646632,4.260237180575218,0,155.2509348289778
-38990,3.075069216650473,5.149660353774105,6.011911064042099,4.307788385646632,4.260237180575218,0,155.27744589673395
-39010,3.075069216650473,5.149660353774105,6.011911064042099,4.307788385646632,4.260237180575218,0,155.3244537314594
-39030,3.075069216650473,5.149660353774105,6.011911064042099,4.307788385646632,4.260237180575218,0,155.35229150785278
-39050,3.075069216650473,5.149660353774105,6.011911064042099,4.307788385646632,4.260237180575218,0,155.38077828010063
-39070,3.075069216650473,5.149660353774105,6.011911064042099,4.307788385646632,4.260237180575218,0,155.4084915303291
-39090,3.075069216650473,5.149660353774105,6.011911064042099,4.307788385646632,4.260237180575218,0,155.41680597554378
-39110,3.075069216650473,5.149660353774105,6.011911064042099,4.307788385646632,4.260237180575218,0,155.42568472517632
-39130,3.075069216650473,5.149660353774105,6.011911064042099,4.307788385646632,4.260237180575218,0,155.41498289112013
-39150,3.075069216650473,5.149660353774105,6.011911064042099,4.307788385646632,4.260237180575218,0,155.40331725200127
-39170,3.075069216650473,5.149660353774105,6.011911064042099,4.307788385646632,4.260237180575218,0,155.39212954373133
-39190,3.075069216650473,5.149660353774105,6.011911064042099,4.307788385646632,4.260237180575218,0,155.34227981663727
-39210,3.075069216650473,5.149660353774105,6.011911064042099,4.307788385646632,4.260237180575218,0,155.3130771926187
-39230,3.075069216650473,5.149660353774105,6.011911064042099,4.307788385646632,4.260237180575218,0,155.24348591246894
-39250,3.075069216650473,5.149660353774105,6.011911064042099,4.307788385646632,4.260237180575218,0,155.17410660044072
-39270,3.075069216650473,5.149660353774105,6.011911064042099,4.307788385646632,4.260237180575218,0,155.10640817401924
-39290,3.075069216650473,5.149660353774105,6.011911064042099,4.307788385646632,4.260237180575218,0,155.0183939132128
-39310,3.075069216650473,5.149660353774105,6.011911064042099,4.307788385646632,4.260237180575218,0,154.92904317432047
-39330,3.075069216650473,5.149660353774105,6.011911064042099,4.307788385646632,4.260237180575218,0,154.82212930206006
-39350,3.075069216650473,5.149660353774105,6.011911064042099,4.307788385646632,4.260237180575218,0,154.73448296221892
-39370,3.075069216650473,5.149660353774105,6.011911064042099,4.307788385646632,4.260237180575218,0,154.62772245868726
-39390,3.075069216650473,5.149660353774105,6.011911064042099,4.307788385646632,4.260237180575218,0,154.51953684163163
-39410,3.075069216650473,5.149660353774105,6.011911064042099,4.307788385646632,4.260237180575218,0,154.3935413994029
-39430,3.075069216650473,5.149660353774105,6.011911064042099,4.307788385646632,4.260237180575218,0,154.26752147482182
-39450,3.075069216650473,5.149660353774105,6.011911064042099,4.307788385646632,4.260237180575218,0,154.1609315219401
-39470,3.075069216650473,5.149660353774105,6.011911064042099,4.307788385646632,4.260237180575218,0,154.0349224843846
-39490,3.075069216650473,5.149660353774105,6.011911064042099,4.307788385646632,4.260237180575218,0,153.90890187523001
-39510,3.075069216650473,5.149660353774105,6.011911064042099,4.307788385646632,4.260237180575218,0,153.76478918608143
-39530,3.075069216650473,5.149660353774105,6.011911064042099,4.307788385646632,4.260237180575218,0,153.6387146319542
-39550,3.075069216650473,5.149660353774105,6.011911064042099,4.307788385646632,4.260237180575218,0,153.49446891189356
-39570,3.075069216650473,5.149660353774105,6.011911064042099,4.307788385646632,4.260237180575218,0,153.36835752741788
-39590,3.075069216650473,5.149660353774105,6.011911064042099,4.307788385646632,4.260237180575218,0,153.22399558505734
-39610,3.075069216650473,5.149660353774105,6.011911064042099,4.307788385646632,4.260237180575218,0,153.07955979255544
-39630,3.075069216650473,5.149660353774105,6.011911064042099,4.307788385646632,4.260237180575218,0,152.9167050635342
-39650,3.075069216650473,5.149660353774105,6.011911064042099,4.307788385646632,4.260237180575218,0,152.7730093918045
-39670,3.075069216650473,5.149660353774105,6.011911064042099,4.307788385646632,4.260237180575218,0,152.6102039777051
-39690,3.075069216650473,5.149660353774105,6.011911064042099,4.307788385646632,4.260237180575218,0,152.44756173843078
-39710,3.075069216650473,5.149660353774105,6.011911064042099,4.307788385646632,4.260237180575218,0,152.28508889685997
-39730,3.075069216650473,5.149660353774105,6.011911064042099,4.307788385646632,4.260237180575218,0,152.12279171590555
-39750,3.075069216650473,5.149660353774105,6.011911064042099,4.307788385646632,4.260237180575218,0,151.96067649869843
-39770,3.075069216650473,5.149660353774105,6.011911064042099,4.307788385646632,4.260237180575218,0,151.7797758726106
-39790,3.075069216650473,5.149660353774105,6.011911064042099,4.307788385646632,4.260237180575218,0,151.61799769422825
-39810,3.075069216650473,5.149660353774105,6.011911064042099,4.307788385646632,4.260237180575218,0,151.43766732683955
-39830,3.075069216650473,5.149660353774105,6.011911064042099,4.307788385646632,4.260237180575218,0,151.2574535786258
-39850,3.075069216650473,5.149660353774105,6.011911064042099,4.307788385646632,4.260237180575218,0,151.0773626262181
-39870,3.075069216650473,5.149660353774105,6.011911064042099,4.307788385646632,4.260237180575218,0,150.87882571511958
-39890,3.075069216650473,5.149660353774105,6.011911064042099,4.307788385646632,4.260237180575218,0,150.68049188242983
-39910,3.075069216650473,5.149660353774105,6.011911064042099,4.307788385646632,4.260237180575218,0,150.46370317751033
-39930,3.075069216650473,5.149660353774105,6.011911064042099,4.307788385646632,4.260237180575218,0,150.24735853070666
-39950,3.075069216650473,5.149660353774105,6.011911064042099,4.307788385646632,4.260237180575218,0,150.01239363265321
-39970,3.075069216650473,5.149660353774105,6.011911064042099,4.307788385646632,4.260237180575218,0,149.77795814529543
-39990,3.075069216650473,5.149660353774105,6.011911064042099,4.307788385646632,4.260237180575218,0,149.5252156117707
-40010,3.075069216650473,5.149660353774105,6.011911064042099,4.307788385646632,4.260237180575218,0,149.27293148315107
-40030,3.075069216650473,5.149660353774105,6.011911064042099,4.307788385646632,4.260237180575218,0,149.00249866136187
-40050,3.075069216650473,5.149660353774105,6.011911064042099,4.307788385646632,4.260237180575218,0,148.7511160335686
-40070,3.075069216650473,5.149660353774105,6.011911064042099,4.307788385646632,4.260237180575218,0,148.48167557137393
-40090,3.075069216650473,5.149660353774105,6.011911064042099,4.307788385646632,4.260237180575218,0,148.231234516997
-40110,3.075069216650473,5.149660353774105,6.011911064042099,4.307788385646632,4.260237180575218,0,147.96266580476097
-40130,3.075069216650473,5.149660353774105,6.011911064042099,4.307788385646632,4.260237180575218,0,147.71304404988186
-40150,3.075069216650473,5.149660353774105,6.011911064042099,4.307788385646632,4.260237180575218,0,147.4453866732083
-40170,3.075069216650473,5.149660353774105,6.011911064042099,4.307788385646632,4.260237180575218,0,147.19662290766627
-40190,3.075069216650473,5.149660353774105,6.011911064042099,4.307788385646632,4.260237180575218,0,146.9482432707482
-40210,3.075069216650473,5.149660353774105,6.011911064042099,4.307788385646632,4.260237180575218,0,146.7002570283354
-40230,3.075069216650473,5.149660353774105,6.011911064042099,4.307788385646632,4.260237180575218,0,146.45283792500464
-40250,3.075069216650473,5.149660353774105,6.011911064042099,4.307788385646632,4.260237180575218,0,146.22396190882364
-40270,3.075069216650473,5.149660353774105,6.011911064042099,4.307788385646632,4.260237180575218,0,145.97709151277317
-40290,3.075069216650473,5.149660353774105,6.011911064042099,4.307788385646632,4.260237180575218,0,145.73081707497502
-40310,3.075069216650473,5.149660353774105,6.011911064042099,4.307788385646632,4.260237180575218,0,145.50307957099088
-40330,3.075069216650473,5.149660353774105,6.011911064042099,4.307788385646632,4.260237180575218,0,145.27571361746837
-40350,3.075069216650473,5.149660353774105,6.011911064042099,4.307788385646632,4.260237180575218,0,145.04856116856234
-40370,3.075069216650473,5.149660353774105,6.011911064042099,4.307788385646632,4.260237180575218,0,144.82196430587106
-40390,3.075069216650473,5.149660353774105,6.011911064042099,4.307788385646632,4.260237180575218,0,144.59559785994702
-40410,3.075069216650473,5.149660353774105,6.011911064042099,4.307788385646632,4.260237180575218,0,144.36946955540859
-40430,3.075069216650473,5.149660353774105,6.011911064042099,4.307788385646632,4.260237180575218,0,144.14392406198158
-40450,3.075069216650473,5.149660353774105,6.011911064042099,4.307788385646632,4.260237180575218,0,143.91863393809342
-40470,3.075069216650473,5.149660353774105,6.011911064042099,4.307788385646632,4.260237180575218,0,143.69360706153293
-40490,3.075069216650473,5.149660353774105,6.011911064042099,4.307788385646632,4.260237180575218,0,143.46902103481816
-40510,3.075069216650473,5.149660353774105,6.011911064042099,4.307788385646632,4.260237180575218,0,143.24488506806324
-40530,3.075069216650473,5.149660353774105,6.011911064042099,4.307788385646632,4.260237180575218,0,143.02086743098408
-40550,3.075069216650473,5.149660353774105,6.011911064042099,4.307788385646632,4.260237180575218,0,142.79731679026986
-40570,3.075069216650473,5.149660353774105,6.011911064042099,4.307788385646632,4.260237180575218,0,142.55642470027706
-40590,3.075069216650473,5.149660353774105,6.011911064042099,4.307788385646632,4.260237180575218,0,142.31593208902984
-40610,3.075069216650473,5.149660353774105,6.011911064042099,4.307788385646632,4.260237180575218,0,142.05811604266998
-40630,3.075069216650473,5.149660353774105,6.011911064042099,4.307788385646632,4.260237180575218,0,141.8184070112602
-40650,3.075069216650473,5.149660353774105,6.011911064042099,4.307788385646632,4.260237180575218,0,141.5614799377932
-40670,3.075069216650473,5.149660353774105,6.011911064042099,4.307788385646632,4.260237180575218,0,141.32259163068284
-40690,3.075069216650473,5.149660353774105,6.011911064042099,4.307788385646632,4.260237180575218,0,141.08414902281731
-40710,3.075069216650473,5.149660353774105,6.011911064042099,4.307788385646632,4.260237180575218,0,140.82856218180422
-40730,3.075069216650473,5.149660353774105,6.011911064042099,4.307788385646632,4.260237180575218,0,140.5735294209853
-40750,3.075069216650473,5.149660353774105,6.011911064042099,4.307788385646632,4.260237180575218,0,140.33639583099833
-40770,3.075069216650473,5.149660353774105,6.011911064042099,4.307788385646632,4.260237180575218,0,140.09957038281584
-40790,3.075069216650473,5.149660353774105,6.011911064042099,4.307788385646632,4.260237180575218,0,139.845818793155
-40810,3.075069216650473,5.149660353774105,6.011911064042099,4.307788385646632,4.260237180575218,0,139.6097695200637
-40830,3.075069216650473,5.149660353774105,6.011911064042099,4.307788385646632,4.260237180575218,0,139.37423133247887
-40850,3.075069216650473,5.149660353774105,6.011911064042099,4.307788385646632,4.260237180575218,0,139.1390368595043
-40870,3.075069216650473,5.149660353774105,6.011911064042099,4.307788385646632,4.260237180575218,0,138.92160509905685
-40890,3.075069216650473,5.149660353774105,6.011911064042099,4.307788385646632,4.260237180575218,0,138.68716616567107
-40910,3.075069216650473,5.149660353774105,6.011911064042099,4.307788385646632,4.260237180575218,0,138.47041339273378
-40930,3.075069216650473,5.149660353774105,6.011911064042099,4.307788385646632,4.260237180575218,0,138.25394420894676
-40950,3.075069216650473,5.149660353774105,6.011911064042099,4.307788385646632,4.260237180575218,0,138.03794584607854
-40970,3.075069216650473,5.149660353774105,6.011911064042099,4.307788385646632,4.260237180575218,0,137.8393304869186
-40990,3.075069216650473,5.149660353774105,6.011911064042099,4.307788385646632,4.260237180575218,0,137.6239818557537
-41010,3.075069216650473,5.149660353774105,6.011911064042099,4.307788385646632,4.260237180575218,0,137.42593444324632
-41030,3.075069216650473,5.149660353774105,6.011911064042099,4.307788385646632,4.260237180575218,0,137.21108637094125
-41050,3.075069216650473,5.149660353774105,6.011911064042099,4.307788385646632,4.260237180575218,0,137.013637269827
-41070,3.075069216650473,5.149660353774105,6.011911064042099,4.307788385646632,4.260237180575218,0,136.79950191738214
-41090,3.075069216650473,5.149660353774105,6.011911064042099,4.307788385646632,4.260237180575218,0,136.6198324514599
-41110,3.075069216650473,5.149660353774105,6.011911064042099,4.307788385646632,4.260237180575218,0,136.42312711255764
-41130,3.075069216650473,5.149660353774105,6.011911064042099,4.307788385646632,4.260237180575218,0,136.22686720153933
-41150,3.075069216650473,5.149660353774105,6.011911064042099,4.307788385646632,4.260237180575218,0,136.04778509662293
-41170,3.075069216650473,5.149660353774105,6.011911064042099,4.307788385646632,4.260237180575218,0,135.85211408165017
-41190,3.075069216650473,5.149660353774105,6.011911064042099,4.307788385646632,4.260237180575218,0,135.6735330737883
-41210,3.075069216650473,5.149660353774105,6.011911064042099,4.307788385646632,4.260237180575218,0,135.49532608086795
-41230,3.075069216650473,5.149660353774105,6.011911064042099,4.307788385646632,4.260237180575218,0,135.33401613202926
-41250,3.075069216650473,5.149660353774105,6.011911064042099,4.307788385646632,4.260237180575218,0,135.17298982554738
-41270,3.075069216650473,5.149660353774105,6.011911064042099,4.307788385646632,4.260237180575218,0,135.01206752330435
-41290,3.075069216650473,5.149660353774105,6.011911064042099,4.307788385646632,4.260237180575218,0,134.8514416552219
-41310,3.075069216650473,5.149660353774105,6.011911064042099,4.307788385646632,4.260237180575218,0,134.70779496737146
-41330,3.075069216650473,5.149660353774105,6.011911064042099,4.307788385646632,4.260237180575218,0,134.54744748226895
-41350,3.075069216650473,5.149660353774105,6.011911064042099,4.307788385646632,4.260237180575218,0,134.40398400711751
-41370,3.075069216650473,5.149660353774105,6.011911064042099,4.307788385646632,4.260237180575218,0,134.2775319729535
-41390,3.075069216650473,5.149660353774105,6.011911064042099,4.307788385646632,4.260237180575218,0,134.15119224528388
-41410,3.075069216650473,5.149660353774105,6.011911064042099,4.307788385646632,4.260237180575218,0,134.02478012705006
-41430,3.075069216650473,5.149660353774105,6.011911064042099,4.307788385646632,4.260237180575218,0,133.91540900615445
-41450,3.075069216650473,5.149660353774105,6.011911064042099,4.307788385646632,4.260237180575218,0,133.82263514163412
-41470,3.075069216650473,5.149660353774105,6.011911064042099,4.307788385646632,4.260237180575218,0,133.74658297370556
-41490,3.075069216650473,5.149660353774105,6.011911064042099,4.307788385646632,4.260237180575218,0,133.67052612259803
-41510,3.075069216650473,5.149660353774105,6.011911064042099,4.307788385646632,4.260237180575218,0,133.61116808723304
-41530,3.075069216650473,5.149660353774105,6.011911064042099,4.307788385646632,4.260237180575218,0,133.5851817783416
-41550,3.075069216650473,5.149660353774105,6.011911064042099,4.307788385646632,4.260237180575218,0,133.54266164862128
-41570,3.075069216650473,5.149660353774105,6.011911064042099,4.307788385646632,4.260237180575218,0,133.51655372894407
-41590,3.075069216650473,5.149660353774105,6.011911064042099,4.307788385646632,4.260237180575218,0,133.50717375588482
-41610,3.075069216650473,5.149660353774105,6.011911064042099,4.307788385646632,4.260237180575218,0,133.49774210752727
-41630,3.075069216650473,5.149660353774105,6.011911064042099,4.307788385646632,4.260237180575218,0,133.48845523529658
-41650,3.075069216650473,5.149660353774105,6.011911064042099,4.307788385646632,4.260237180575218,0,133.4955208400346
-41670,3.075069216650473,5.149660353774105,6.011911064042099,4.307788385646632,4.260237180575218,0,133.50281597649158
-41690,3.075069216650473,5.149660353774105,6.011911064042099,4.307788385646632,4.260237180575218,0,133.5266272702784
-41710,3.075069216650473,5.149660353774105,6.011911064042099,4.307788385646632,4.260237180575218,0,133.53384128190572
-41730,3.075069216650473,5.149660353774105,6.011911064042099,4.307788385646632,4.260237180575218,0,133.55765461396953
-41750,3.075069216650473,5.149660353774105,6.011911064042099,4.307788385646632,4.260237180575218,0,133.5815902509259
-41770,3.075069216650473,5.149660353774105,6.011911064042099,4.307788385646632,4.260237180575218,0,133.622092089642
-41790,3.075069216650473,5.149660353774105,6.011911064042099,4.307788385646632,4.260237180575218,0,133.64592213930345
-41810,3.075069216650473,5.149660353774105,6.011911064042099,4.307788385646632,4.260237180575218,0,133.70312142296171
-41830,3.075069216650473,5.149660353774105,6.011911064042099,4.307788385646632,4.260237180575218,0,133.727090119043
-41850,3.075069216650473,5.149660353774105,6.011911064042099,4.307788385646632,4.260237180575218,0,133.7675918961829
-41870,3.075069216650473,5.149660353774105,6.011911064042099,4.307788385646632,4.260237180575218,0,133.80810674929984
-41890,3.075069216650473,5.149660353774105,6.011911064042099,4.307788385646632,4.260237180575218,0,133.84863596111688
-41910,3.075069216650473,5.149660353774105,6.011911064042099,4.307788385646632,4.260237180575218,0,133.88918082402384
-41930,3.075069216650473,5.149660353774105,6.011911064042099,4.307788385646632,4.260237180575218,0,133.91318174919112
-41950,3.075069216650473,5.149660353774105,6.011911064042099,4.307788385646632,4.260237180575218,0,133.9537217150581
-41970,3.075069216650473,5.149660353774105,6.011911064042099,4.307788385646632,4.260237180575218,0,133.99428117049374
-41990,3.075069216650473,5.149660353774105,6.011911064042099,4.307788385646632,4.260237180575218,0,134.01817991823214
-42010,3.075069216650473,5.149660353774105,6.011911064042099,4.307788385646632,4.260237180575218,0,134.04222393907116
-42030,3.075069216650473,5.149660353774105,6.011911064042099,4.307788385646632,4.260237180575218,0,134.0662113524274
-42050,3.075069216650473,5.149660353774105,6.011911064042099,4.307788385646632,4.260237180575218,0,134.09014322847742
-42070,3.075069216650473,5.149660353774105,6.011911064042099,4.307788385646632,4.260237180575218,0,134.1140206465129
-42090,3.075069216650473,5.149660353774105,6.011911064042099,4.307788385646632,4.260237180575218,0,134.12137196590936
-42110,3.075069216650473,5.149660353774105,6.011911064042099,4.307788385646632,4.260237180575218,0,134.1285912099222
-42130,3.075069216650473,5.149660353774105,6.011911064042099,4.307788385646632,4.260237180575218,0,134.11912656629295
-42150,3.075069216650473,5.149660353774105,6.011911064042099,4.307788385646632,4.260237180575218,0,134.12645884160182
-42170,3.075069216650473,5.149660353774105,6.011911064042099,4.307788385646632,4.260237180575218,0,134.11703051313222
-42190,3.075069216650473,5.149660353774105,6.011911064042099,4.307788385646632,4.260237180575218,0,134.090929975932
-42210,3.075069216650473,5.149660353774105,6.011911064042099,4.307788385646632,4.260237180575218,0,134.0647517414774
-42230,3.075069216650473,5.149660353774105,6.011911064042099,4.307788385646632,4.260237180575218,0,134.05525168997195
-42250,3.075069216650473,5.149660353774105,6.011911064042099,4.307788385646632,4.260237180575218,0,134.01237933214307
-42270,3.075069216650473,5.149660353774105,6.011911064042099,4.307788385646632,4.260237180575218,0,133.98640026041178
-42290,3.075069216650473,5.149660353774105,6.011911064042099,4.307788385646632,4.260237180575218,0,133.92681152372634
-42310,3.075069216650473,5.149660353774105,6.011911064042099,4.307788385646632,4.260237180575218,0,133.86741671546056
-42330,3.075069216650473,5.149660353774105,6.011911064042099,4.307788385646632,4.260237180575218,0,133.80800822333455
-42350,3.075069216650473,5.149660353774105,6.011911064042099,4.307788385646632,4.260237180575218,0,133.73201481525854
-42370,3.075069216650473,5.149660353774105,6.011911064042099,4.307788385646632,4.260237180575218,0,133.63953192205773
-42390,3.075069216650473,5.149660353774105,6.011911064042099,4.307788385646632,4.260237180575218,0,133.53022943730903
-42410,3.075069216650473,5.149660353774105,6.011911064042099,4.307788385646632,4.260237180575218,0,133.4378063666821
-42430,3.075069216650473,5.149660353774105,6.011911064042099,4.307788385646632,4.260237180575218,0,133.34543938452273
-42450,3.075069216650473,5.149660353774105,6.011911064042099,4.307788385646632,4.260237180575218,0,133.236356630433
-42470,3.075069216650473,5.149660353774105,6.011911064042099,4.307788385646632,4.260237180575218,0,133.14407301252746
-42490,3.075069216650473,5.149660353774105,6.011911064042099,4.307788385646632,4.260237180575218,0,133.05185726049848
-42510,3.075069216650473,5.149660353774105,6.011911064042099,4.307788385646632,4.260237180575218,0,132.95971338559747
-42530,3.075069216650473,5.149660353774105,6.011911064042099,4.307788385646632,4.260237180575218,0,132.86764542571916
-42550,3.075069216650473,5.149660353774105,6.011911064042099,4.307788385646632,4.260237180575218,0,132.77565744552524
-42570,3.075069216650473,5.149660353774105,6.011911064042099,4.307788385646632,4.260237180575218,0,132.68375353656896
-42590,3.075069216650473,5.149660353774105,6.011911064042099,4.307788385646632,4.260237180575218,0,132.60834389345854
-42610,3.075069216650473,5.149660353774105,6.011911064042099,4.307788385646632,4.260237180575218,0,132.5164409725654
-42630,3.075069216650473,5.149660353774105,6.011911064042099,4.307788385646632,4.260237180575218,0,132.4411192470034
-42650,3.075069216650473,5.149660353774105,6.011911064042099,4.307788385646632,4.260237180575218,0,132.34945154080845
-42670,3.075069216650473,5.149660353774105,6.011911064042099,4.307788385646632,4.260237180575218,0,132.2742326356242
-42690,3.075069216650473,5.149660353774105,6.011911064042099,4.307788385646632,4.260237180575218,0,132.21558555872883
-42710,3.075069216650473,5.149660353774105,6.011911064042099,4.307788385646632,4.260237180575218,0,132.14056395403674
-42730,3.075069216650473,5.149660353774105,6.011911064042099,4.307788385646632,4.260237180575218,0,132.06551554617423
-42750,3.075069216650473,5.149660353774105,6.011911064042099,4.307788385646632,4.260237180575218,0,132.00672400136597
-42770,3.075069216650473,5.149660353774105,6.011911064042099,4.307788385646632,4.260237180575218,0,131.94821412049123
-42790,3.075069216650473,5.149660353774105,6.011911064042099,4.307788385646632,4.260237180575218,0,131.88976675774268
-42810,3.075069216650473,5.149660353774105,6.011911064042099,4.307788385646632,4.260237180575218,0,131.8147613685804
-42830,3.075069216650473,5.149660353774105,6.011911064042099,4.307788385646632,4.260237180575218,0,131.75618368634886
-42850,3.075069216650473,5.149660353774105,6.011911064042099,4.307788385646632,4.260237180575218,0,131.69790321955338
-42870,3.075069216650473,5.149660353774105,6.011911064042099,4.307788385646632,4.260237180575218,0,131.62295374717002
-42890,3.075069216650473,5.149660353774105,6.011911064042099,4.307788385646632,4.260237180575218,0,131.5482294309657
-42910,3.075069216650473,5.149660353774105,6.011911064042099,4.307788385646632,4.260237180575218,0,131.4735077168274
-42930,3.075069216650473,5.149660353774105,6.011911064042099,4.307788385646632,4.260237180575218,0,131.39879180972497
-42950,3.075069216650473,5.149660353774105,6.011911064042099,4.307788385646632,4.260237180575218,0,131.32408493680992
-42970,3.075069216650473,5.149660353774105,6.011911064042099,4.307788385646632,4.260237180575218,0,131.2493903475214
-42990,3.075069216650473,5.149660353774105,6.011911064042099,4.307788385646632,4.260237180575218,0,131.15863983610055
-43010,3.075069216650473,5.149660353774105,6.011911064042099,4.307788385646632,4.260237180575218,0,131.0678303148789
-43030,3.075069216650473,5.149660353774105,6.011911064042099,4.307788385646632,4.260237180575218,0,130.97696481789168
-43050,3.075069216650473,5.149660353774105,6.011911064042099,4.307788385646632,4.260237180575218,0,130.88627766597273
-43070,3.075069216650473,5.149660353774105,6.011911064042099,4.307788385646632,4.260237180575218,0,130.7955417922361
-43090,3.075069216650473,5.149660353774105,6.011911064042099,4.307788385646632,4.260237180575218,0,130.70499268723222
-43110,3.075069216650473,5.149660353774105,6.011911064042099,4.307788385646632,4.260237180575218,0,130.61463516561903
-43130,3.075069216650473,5.149660353774105,6.011911064042099,4.307788385646632,4.260237180575218,0,130.524007044624
-43150,3.075069216650473,5.149660353774105,6.011911064042099,4.307788385646632,4.260237180575218,0,130.43357796515164
-43170,3.075069216650473,5.149660353774105,6.011911064042099,4.307788385646632,4.260237180575218,0,130.34335282528735
-43190,3.075069216650473,5.149660353774105,6.011911064042099,4.307788385646632,4.260237180575218,0,130.25310133896846
-43210,3.075069216650473,5.149660353774105,6.011911064042099,4.307788385646632,4.260237180575218,0,130.16282675674802
-43230,3.075069216650473,5.149660353774105,6.011911064042099,4.307788385646632,4.260237180575218,0,130.05646015428067
-43250,3.075069216650473,5.149660353774105,6.011911064042099,4.307788385646632,4.260237180575218,0,129.9663472200682
-43270,3.075069216650473,5.149660353774105,6.011911064042099,4.307788385646632,4.260237180575218,0,129.87645963465866
-43290,3.075069216650473,5.149660353774105,6.011911064042099,4.307788385646632,4.260237180575218,0,129.7865643927274
-43310,3.075069216650473,5.149660353774105,6.011911064042099,4.307788385646632,4.260237180575218,0,129.68043637747232
-43330,3.075069216650473,5.149660353774105,6.011911064042099,4.307788385646632,4.260237180575218,0,129.59073588947348
-43350,3.075069216650473,5.149660353774105,6.011911064042099,4.307788385646632,4.260237180575218,0,129.48473179424883
-43370,3.075069216650473,5.149660353774105,6.011911064042099,4.307788385646632,4.260237180575218,0,129.37889613723542
-43390,3.075069216650473,5.149660353774105,6.011911064042099,4.307788385646632,4.260237180575218,0,129.2893791785189
-43410,3.075069216650473,5.149660353774105,6.011911064042099,4.307788385646632,4.260237180575218,0,129.18369277461002
-43430,3.075069216650473,5.149660353774105,6.011911064042099,4.307788385646632,4.260237180575218,0,129.07818862303284
-43450,3.075069216650473,5.149660353774105,6.011911064042099,4.307788385646632,4.260237180575218,0,128.9728717460957
-43470,3.075069216650473,5.149660353774105,6.011911064042099,4.307788385646632,4.260237180575218,0,128.88356289343622
-43490,3.075069216650473,5.149660353774105,6.011911064042099,4.307788385646632,4.260237180575218,0,128.77818625464732
-43510,3.075069216650473,5.149660353774105,6.011911064042099,4.307788385646632,4.260237180575218,0,128.65687297088874
-43530,3.075069216650473,5.149660353774105,6.011911064042099,4.307788385646632,4.260237180575218,0,128.56779381538962
-43550,3.075069216650473,5.149660353774105,6.011911064042099,4.307788385646632,4.260237180575218,0,128.44681764973475
-43570,3.075069216650473,5.149660353774105,6.011911064042099,4.307788385646632,4.260237180575218,0,128.35774878642124
-43590,3.075069216650473,5.149660353774105,6.011911064042099,4.307788385646632,4.260237180575218,0,128.23712898768
-43610,3.075069216650473,5.149660353774105,6.011911064042099,4.307788385646632,4.260237180575218,0,128.14833324249065
-43630,3.075069216650473,5.149660353774105,6.011911064042099,4.307788385646632,4.260237180575218,0,128.0434704686401
-43650,3.075069216650473,5.149660353774105,6.011911064042099,4.307788385646632,4.260237180575218,0,127.93883981645764
-43670,3.075069216650473,5.149660353774105,6.011911064042099,4.307788385646632,4.260237180575218,0,127.81849291614571
-43690,3.075069216650473,5.149660353774105,6.011911064042099,4.307788385646632,4.260237180575218,0,127.73004644562
-43710,3.075069216650473,5.149660353774105,6.011911064042099,4.307788385646632,4.260237180575218,0,127.62564283847418
-43730,3.075069216650473,5.149660353774105,6.011911064042099,4.307788385646632,4.260237180575218,0,127.52123944827689
-43750,3.075069216650473,5.149660353774105,6.011911064042099,4.307788385646632,4.260237180575218,0,127.41709163077444
-43770,3.075069216650473,5.149660353774105,6.011911064042099,4.307788385646632,4.260237180575218,0,127.31320489485434
-43790,3.075069216650473,5.149660353774105,6.011911064042099,4.307788385646632,4.260237180575218,0,127.20907893970958
-43810,3.075069216650473,5.149660353774105,6.011911064042099,4.307788385646632,4.260237180575218,0,127.10522273562421
-43830,3.075069216650473,5.149660353774105,6.011911064042099,4.307788385646632,4.260237180575218,0,127.01714495325854
-43850,3.075069216650473,5.149660353774105,6.011911064042099,4.307788385646632,4.260237180575218,0,126.91337311794678
-43870,3.075069216650473,5.149660353774105,6.011911064042099,4.307788385646632,4.260237180575218,0,126.80963018621188
-43890,3.075069216650473,5.149660353774105,6.011911064042099,4.307788385646632,4.260237180575218,0,126.72179199999998
-43910,3.075069216650473,5.149660353774105,6.011911064042099,4.307788385646632,4.260237180575218,0,126.63406732039537
-43930,3.075069216650473,5.149660353774105,6.011911064042099,4.307788385646632,4.260237180575218,0,126.54646032072282
-43950,3.075069216650473,5.149660353774105,6.011911064042099,4.307788385646632,4.260237180575218,0,126.45871733655846
-43970,3.075069216650473,5.149660353774105,6.011911064042099,4.307788385646632,4.260237180575218,0,126.37109921109504
-43990,3.075069216650473,5.149660353774105,6.011911064042099,4.307788385646632,4.260237180575218,0,126.28361019473542
-44010,3.075069216650473,5.149660353774105,6.011911064042099,4.307788385646632,4.260237180575218,0,126.211839159899
-44030,3.075069216650473,5.149660353774105,6.011911064042099,4.307788385646632,4.260237180575218,0,126.12439860085604
-44050,3.075069216650473,5.149660353774105,6.011911064042099,4.307788385646632,4.260237180575218,0,126.05275908419189
-44070,3.075069216650473,5.149660353774105,6.011911064042099,4.307788385646632,4.260237180575218,0,125.98134064667317
-44090,3.075069216650473,5.149660353774105,6.011911064042099,4.307788385646632,4.260237180575218,0,125.90962341027152
-44110,3.075069216650473,5.149660353774105,6.011911064042099,4.307788385646632,4.260237180575218,0,125.83813406113194
-44130,3.075069216650473,5.149660353774105,6.011911064042099,4.307788385646632,4.260237180575218,0,125.76661376700827
-44150,3.075069216650473,5.149660353774105,6.011911064042099,4.307788385646632,4.260237180575218,0,125.69506535094229
-44170,3.075069216650473,5.149660353774105,6.011911064042099,4.307788385646632,4.260237180575218,0,125.62375647553219
-44190,3.075069216650473,5.149660353774105,6.011911064042099,4.307788385646632,4.260237180575218,0,125.56808866541897
-44210,3.075069216650473,5.149660353774105,6.011911064042099,4.307788385646632,4.260237180575218,0,125.49677835114173
-44230,3.075069216650473,5.149660353774105,6.011911064042099,4.307788385646632,4.260237180575218,0,125.44092421075518
-44250,3.075069216650473,5.149660353774105,6.011911064042099,4.307788385646632,4.260237180575218,0,125.38540010257249
-44270,3.075069216650473,5.149660353774105,6.011911064042099,4.307788385646632,4.260237180575218,0,125.32967510684753
-44290,3.075069216650473,5.149660353774105,6.011911064042099,4.307788385646632,4.260237180575218,0,125.2740192156971
-44310,3.075069216650473,5.149660353774105,6.011911064042099,4.307788385646632,4.260237180575218,0,125.21843569426807
-44330,3.075069216650473,5.149660353774105,6.011911064042099,4.307788385646632,4.260237180575218,0,125.17858753888858
-44350,3.075069216650473,5.149660353774105,6.011911064042099,4.307788385646632,4.260237180575218,0,125.13862356452871
-44370,3.075069216650473,5.149660353774105,6.011911064042099,4.307788385646632,4.260237180575218,0,125.09854541067453
-44390,3.075069216650473,5.149660353774105,6.011911064042099,4.307788385646632,4.260237180575218,0,125.05862669196492
-44410,3.075069216650473,5.149660353774105,6.011911064042099,4.307788385646632,4.260237180575218,0,125.01859843049968
-44430,3.075069216650473,5.149660353774105,6.011911064042099,4.307788385646632,4.260237180575218,0,124.99431260329395
-44450,3.075069216650473,5.149660353774105,6.011911064042099,4.307788385646632,4.260237180575218,0,124.95438266070673
-44470,3.075069216650473,5.149660353774105,6.011911064042099,4.307788385646632,4.260237180575218,0,124.93000225726232
-44490,3.075069216650473,5.149660353774105,6.011911064042099,4.307788385646632,4.260237180575218,0,124.90587165842496
-44510,3.075069216650473,5.149660353774105,6.011911064042099,4.307788385646632,4.260237180575218,0,124.88144300779133
-44530,3.075069216650473,5.149660353774105,6.011911064042099,4.307788385646632,4.260237180575218,0,124.8724829277596
-44550,3.075069216650473,5.149660353774105,6.011911064042099,4.307788385646632,4.260237180575218,0,124.84832830380239
-44570,3.075069216650473,5.149660353774105,6.011911064042099,4.307788385646632,4.260237180575218,0,124.83944498379647
-44590,3.075069216650473,5.149660353774105,6.011911064042099,4.307788385646632,4.260237180575218,0,124.83062194633557
-44610,3.075069216650473,5.149660353774105,6.011911064042099,4.307788385646632,4.260237180575218,0,124.82186156029509
-44630,3.075069216650473,5.149660353774105,6.011911064042099,4.307788385646632,4.260237180575218,0,124.81316621057704
-44650,3.075069216650473,5.149660353774105,6.011911064042099,4.307788385646632,4.260237180575218,0,124.80425764682381
-44670,3.075069216650473,5.149660353774105,6.011911064042099,4.307788385646632,4.260237180575218,0,124.81117212412045
-44690,3.075069216650473,5.149660353774105,6.011911064042099,4.307788385646632,4.260237180575218,0,124.80244114070327
-44710,3.075069216650473,5.149660353774105,6.011911064042099,4.307788385646632,4.260237180575218,0,124.79350092214449
-44730,3.075069216650473,5.149660353774105,6.011911064042099,4.307788385646632,4.260237180575218,0,124.80022118556144
-44750,3.075069216650473,5.149660353774105,6.011911064042099,4.307788385646632,4.260237180575218,0,124.80709398172067
-44770,3.075069216650473,5.149660353774105,6.011911064042099,4.307788385646632,4.260237180575218,0,124.79817579114084
-44790,3.075069216650473,5.149660353774105,6.011911064042099,4.307788385646632,4.260237180575218,0,124.80503789033814
-44810,3.075069216650473,5.149660353774105,6.011911064042099,4.307788385646632,4.260237180575218,0,124.81177325358263
-44830,3.075069216650473,5.149660353774105,6.011911064042099,4.307788385646632,4.260237180575218,0,124.81866944219291
-44850,3.075069216650473,5.149660353774105,6.011911064042099,4.307788385646632,4.260237180575218,0,124.8254417559949
-44870,3.075069216650473,5.149660353774105,6.011911064042099,4.307788385646632,4.260237180575218,0,124.83209094733807
-44890,3.075069216650473,5.149660353774105,6.011911064042099,4.307788385646632,4.260237180575218,0,124.83890669507673
-44910,3.075069216650473,5.149660353774105,6.011911064042099,4.307788385646632,4.260237180575218,0,124.86124165267007
-44930,3.075069216650473,5.149660353774105,6.011911064042099,4.307788385646632,4.260237180575218,0,124.86785567480973
-44950,3.075069216650473,5.149660353774105,6.011911064042099,4.307788385646632,4.260237180575218,0,124.89006642618654
-44970,3.075069216650473,5.149660353774105,6.011911064042099,4.307788385646632,4.260237180575218,0,124.91252730305288
-44990,3.075069216650473,5.149660353774105,6.011911064042099,4.307788385646632,4.260237180575218,0,124.93465663683506
-45010,3.075069216650473,5.149660353774105,6.011911064042099,4.307788385646632,4.260237180575218,0,124.95703968460239
-45030,3.075069216650473,5.149660353774105,6.011911064042099,4.307788385646632,4.260237180575218,0,124.99496005373152
-45050,3.075069216650473,5.149660353774105,6.011911064042099,4.307788385646632,4.260237180575218,0,125.0173081204589
-45070,3.075069216650473,5.149660353774105,6.011911064042099,4.307788385646632,4.260237180575218,0,125.05527137791097
-45090,3.075069216650473,5.149660353774105,6.011911064042099,4.307788385646632,4.260237180575218,0,125.07758931965598
-45110,3.075069216650473,5.149660353774105,6.011911064042099,4.307788385646632,4.260237180575218,0,125.11560072520771
-45130,3.075069216650473,5.149660353774105,6.011911064042099,4.307788385646632,4.260237180575218,0,125.15335981791127
-45150,3.075069216650473,5.149660353774105,6.011911064042099,4.307788385646632,4.260237180575218,0,125.19146217316089
-45170,3.075069216650473,5.149660353774105,6.011911064042099,4.307788385646632,4.260237180575218,0,125.22931365426051
-45190,3.075069216650473,5.149660353774105,6.011911064042099,4.307788385646632,4.260237180575218,0,125.26721314254002
-45210,3.075069216650473,5.149660353774105,6.011911064042099,4.307788385646632,4.260237180575218,0,125.30516209989939
-45230,3.075069216650473,5.149660353774105,6.011911064042099,4.307788385646632,4.260237180575218,0,125.34316199855549
-45250,3.075069216650473,5.149660353774105,6.011911064042099,4.307788385646632,4.260237180575218,0,125.39690681483253
-45270,3.075069216650473,5.149660353774105,6.011911064042099,4.307788385646632,4.260237180575218,0,125.43474855631051
-45290,3.075069216650473,5.149660353774105,6.011911064042099,4.307788385646632,4.260237180575218,0,125.4884129540626
-45310,3.075069216650473,5.149660353774105,6.011911064042099,4.307788385646632,4.260237180575218,0,125.52640249435612
-45330,3.075069216650473,5.149660353774105,6.011911064042099,4.307788385646632,4.260237180575218,0,125.5802942966008
-45350,3.075069216650473,5.149660353774105,6.011911064042099,4.307788385646632,4.260237180575218,0,125.63401610822882
-45370,3.075069216650473,5.149660353774105,6.011911064042099,4.307788385646632,4.260237180575218,0,125.6875675293893
-45390,3.075069216650473,5.149660353774105,6.011911064042099,4.307788385646632,4.260237180575218,0,125.72560150949921
-45410,3.075069216650473,5.149660353774105,6.011911064042099,4.307788385646632,4.260237180575218,0,125.77938913256396
-45430,3.075069216650473,5.149660353774105,6.011911064042099,4.307788385646632,4.260237180575218,0,125.83331648364333
-45450,3.075069216650473,5.149660353774105,6.011911064042099,4.307788385646632,4.260237180575218,0,125.88707624935518
-45470,3.075069216650473,5.149660353774105,6.011911064042099,4.307788385646632,4.260237180575218,0,125.95647385703046
-45490,3.075069216650473,5.149660353774105,6.011911064042099,4.307788385646632,4.260237180575218,0,126.0105569380015
-45510,3.075069216650473,5.149660353774105,6.011911064042099,4.307788385646632,4.260237180575218,0,126.06447440114525
-45530,3.075069216650473,5.149660353774105,6.011911064042099,4.307788385646632,4.260237180575218,0,126.11822588113284
-45550,3.075069216650473,5.149660353774105,6.011911064042099,4.307788385646632,4.260237180575218,0,126.172123945216
-45570,3.075069216650473,5.149660353774105,6.011911064042099,4.307788385646632,4.260237180575218,0,126.24185498230298
-45590,3.075069216650473,5.149660353774105,6.011911064042099,4.307788385646632,4.260237180575218,0,126.29577550192879
-45610,3.075069216650473,5.149660353774105,6.011911064042099,4.307788385646632,4.260237180575218,0,126.36560749779005
-45630,3.075069216650473,5.149660353774105,6.011911064042099,4.307788385646632,4.260237180575218,0,126.41955400394342
-45650,3.075069216650473,5.149660353774105,6.011911064042099,4.307788385646632,4.260237180575218,0,126.48949088971237
-45670,3.075069216650473,5.149660353774105,6.011911064042099,4.307788385646632,4.260237180575218,0,126.54346696932409
-45690,3.075069216650473,5.149660353774105,6.011911064042099,4.307788385646632,4.260237180575218,0,126.61351273416923
-45710,3.075069216650473,5.149660353774105,6.011911064042099,4.307788385646632,4.260237180575218,0,126.66752203068403
-45730,3.075069216650473,5.149660353774105,6.011911064042099,4.307788385646632,4.260237180575218,0,126.72168971598224
-45750,3.075069216650473,5.149660353774105,6.011911064042099,4.307788385646632,4.260237180575218,0,126.77601778988678
-45770,3.075069216650473,5.149660353774105,6.011911064042099,4.307788385646632,4.260237180575218,0,126.84593409190484
-45790,3.075069216650473,5.149660353774105,6.011911064042099,4.307788385646632,4.260237180575218,0,126.88451886571659
-45810,3.075069216650473,5.149660353774105,6.011911064042099,4.307788385646632,4.260237180575218,0,126.95451638827713
-45830,3.075069216650473,5.149660353774105,6.011911064042099,4.307788385646632,4.260237180575218,0,126.99303213261415
-45850,3.075069216650473,5.149660353774105,6.011911064042099,4.307788385646632,4.260237180575218,0,127.04721439244256
-45870,3.075069216650473,5.149660353774105,6.011911064042099,4.307788385646632,4.260237180575218,0,127.1015645770588
-45890,3.075069216650473,5.149660353774105,6.011911064042099,4.307788385646632,4.260237180575218,0,127.15608475793239
-45910,3.075069216650473,5.149660353774105,6.011911064042099,4.307788385646632,4.260237180575218,0,127.1944340022338
-45930,3.075069216650473,5.149660353774105,6.011911064042099,4.307788385646632,4.260237180575218,0,127.233205901403
-45950,3.075069216650473,5.149660353774105,6.011911064042099,4.307788385646632,4.260237180575218,0,127.28751316410947
-45970,3.075069216650473,5.149660353774105,6.011911064042099,4.307788385646632,4.260237180575218,0,127.32619188053364
-45990,3.075069216650473,5.149660353774105,6.011911064042099,4.307788385646632,4.260237180575218,0,127.3646411594151
-46010,3.075069216650473,5.149660353774105,6.011911064042099,4.307788385646632,4.260237180575218,0,127.38731106056879
-46030,3.075069216650473,5.149660353774105,6.011911064042099,4.307788385646632,4.260237180575218,0,127.42592546220355
-46050,3.075069216650473,5.149660353774105,6.011911064042099,4.307788385646632,4.260237180575218,0,127.46464437635548
-46070,3.075069216650473,5.149660353774105,6.011911064042099,4.307788385646632,4.260237180575218,0,127.48747377440408
-46090,3.075069216650473,5.149660353774105,6.011911064042099,4.307788385646632,4.260237180575218,0,127.52603459462351
-46110,3.075069216650473,5.149660353774105,6.011911064042099,4.307788385646632,4.260237180575218,0,127.54896528183535
-46130,3.075069216650473,5.149660353774105,6.011911064042099,4.307788385646632,4.260237180575218,0,127.5877069173676
-46150,3.075069216650473,5.149660353774105,6.011911064042099,4.307788385646632,4.260237180575218,0,127.62622433619192
-46170,3.075069216650473,5.149660353774105,6.011911064042099,4.307788385646632,4.260237180575218,0,127.66485434386341
-46190,3.075069216650473,5.149660353774105,6.011911064042099,4.307788385646632,4.260237180575218,0,127.70359889392418
-46210,3.075069216650473,5.149660353774105,6.011911064042099,4.307788385646632,4.260237180575218,0,127.75839013782021
-46230,3.075069216650473,5.149660353774105,6.011911064042099,4.307788385646632,4.260237180575218,0,127.7970685108147
-46250,3.075069216650473,5.149660353774105,6.011911064042099,4.307788385646632,4.260237180575218,0,127.83586581110518
-46270,3.075069216650473,5.149660353774105,6.011911064042099,4.307788385646632,4.260237180575218,0,127.89048885717918
-46290,3.075069216650473,5.149660353774105,6.011911064042099,4.307788385646632,4.260237180575218,0,127.92922582816628
-46310,3.075069216650473,5.149660353774105,6.011911064042099,4.307788385646632,4.260237180575218,0,127.95196213738242
-46330,3.075069216650473,5.149660353774105,6.011911064042099,4.307788385646632,4.260237180575218,0,128.0067281007242
-46350,3.075069216650473,5.149660353774105,6.011911064042099,4.307788385646632,4.260237180575218,0,128.04549581447094
-46370,3.075069216650473,5.149660353774105,6.011911064042099,4.307788385646632,4.260237180575218,0,128.08439139128188
-46390,3.075069216650473,5.149660353774105,6.011911064042099,4.307788385646632,4.260237180575218,0,128.1390049518596
-46410,3.075069216650473,5.149660353774105,6.011911064042099,4.307788385646632,4.260237180575218,0,128.17785298488104
-46430,3.075069216650473,5.149660353774105,6.011911064042099,4.307788385646632,4.260237180575218,0,128.2168335284636
-46450,3.075069216650473,5.149660353774105,6.011911064042099,4.307788385646632,4.260237180575218,0,128.255599758364
-46470,3.075069216650473,5.149660353774105,6.011911064042099,4.307788385646632,4.260237180575218,0,128.29450102256735
-46490,3.075069216650473,5.149660353774105,6.011911064042099,4.307788385646632,4.260237180575218,0,128.3493172077617
-46510,3.075069216650473,5.149660353774105,6.011911064042099,4.307788385646632,4.260237180575218,0,128.38818166982747
-46530,3.075069216650473,5.149660353774105,6.011911064042099,4.307788385646632,4.260237180575218,0,128.42718596053123
-46550,3.075069216650473,5.149660353774105,6.011911064042099,4.307788385646632,4.260237180575218,0,128.48222493451996
-46570,3.075069216650473,5.149660353774105,6.011911064042099,4.307788385646632,4.260237180575218,0,128.52119983505705
-46590,3.075069216650473,5.149660353774105,6.011911064042099,4.307788385646632,4.260237180575218,0,128.55996456821862
-46610,3.075069216650473,5.149660353774105,6.011911064042099,4.307788385646632,4.260237180575218,0,128.61488295916124
-46630,3.075069216650473,5.149660353774105,6.011911064042099,4.307788385646632,4.260237180575218,0,128.67002629294498
-46650,3.075069216650473,5.149660353774105,6.011911064042099,4.307788385646632,4.260237180575218,0,128.7089534785306
-46670,3.075069216650473,5.149660353774105,6.011911064042099,4.307788385646632,4.260237180575218,0,128.76415603201622
-46690,3.075069216650473,5.149660353774105,6.011911064042099,4.307788385646632,4.260237180575218,0,128.80306588123221
-46710,3.075069216650473,5.149660353774105,6.011911064042099,4.307788385646632,4.260237180575218,0,128.85833215212193
-46730,3.075069216650473,5.149660353774105,6.011911064042099,4.307788385646632,4.260237180575218,0,128.8972288141686
-46750,3.075069216650473,5.149660353774105,6.011911064042099,4.307788385646632,4.260237180575218,0,128.9525633677249
-46770,3.075069216650473,5.149660353774105,6.011911064042099,4.307788385646632,4.260237180575218,0,129.00740969043585
-46790,3.075069216650473,5.149660353774105,6.011911064042099,4.307788385646632,4.260237180575218,0,129.06285581660512
-46810,3.075069216650473,5.149660353774105,6.011911064042099,4.307788385646632,4.260237180575218,0,129.1178136059661
-46830,3.075069216650473,5.149660353774105,6.011911064042099,4.307788385646632,4.260237180575218,0,129.17301104390515
-46850,3.075069216650473,5.149660353774105,6.011911064042099,4.307788385646632,4.260237180575218,0,129.2284507388662
-46870,3.075069216650473,5.149660353774105,6.011911064042099,4.307788385646632,4.260237180575218,0,129.2837682045041
-46890,3.075069216650473,5.149660353774105,6.011911064042099,4.307788385646632,4.260237180575218,0,129.33896341262502
-46910,3.075069216650473,5.149660353774105,6.011911064042099,4.307788385646632,4.260237180575218,0,129.3944052287259
-46930,3.075069216650473,5.149660353774105,6.011911064042099,4.307788385646632,4.260237180575218,0,129.44972652626666
-46950,3.075069216650473,5.149660353774105,6.011911064042099,4.307788385646632,4.260237180575218,0,129.50492729180624
-46970,3.075069216650473,5.149660353774105,6.011911064042099,4.307788385646632,4.260237180575218,0,129.56037909285442
-46990,3.075069216650473,5.149660353774105,6.011911064042099,4.307788385646632,4.260237180575218,0,129.61571214361464
-47010,3.075069216650473,5.149660353774105,6.011911064042099,4.307788385646632,4.260237180575218,0,129.67129982613886
-47030,3.075069216650473,5.149660353774105,6.011911064042099,4.307788385646632,4.260237180575218,0,129.72677057332126
-47050,3.075069216650473,5.149660353774105,6.011911064042099,4.307788385646632,4.260237180575218,0,129.79825763459857
-47070,3.075069216650473,5.149660353774105,6.011911064042099,4.307788385646632,4.260237180575218,0,129.853909735674
-47090,3.075069216650473,5.149660353774105,6.011911064042099,4.307788385646632,4.260237180575218,0,129.90944686887858
-47110,3.075069216650473,5.149660353774105,6.011911064042099,4.307788385646632,4.260237180575218,0,129.964869063934
-47130,3.075069216650473,5.149660353774105,6.011911064042099,4.307788385646632,4.260237180575218,0,130.02055519363722
-47150,3.075069216650473,5.149660353774105,6.011911064042099,4.307788385646632,4.260237180575218,0,130.07612828906815
-47170,3.075069216650473,5.149660353774105,6.011911064042099,4.307788385646632,4.260237180575218,0,130.1315883957684
-47190,3.075069216650473,5.149660353774105,6.011911064042099,4.307788385646632,4.260237180575218,0,130.18731716209302
-47210,3.075069216650473,5.149660353774105,6.011911064042099,4.307788385646632,4.260237180575218,0,130.24293488881824
-47230,3.075069216650473,5.149660353774105,6.011911064042099,4.307788385646632,4.260237180575218,0,130.28233671110175
-47250,3.075069216650473,5.149660353774105,6.011911064042099,4.307788385646632,4.260237180575218,0,130.33807791543362
-47270,3.075069216650473,5.149660353774105,6.011911064042099,4.307788385646632,4.260237180575218,0,130.3779123103116
-47290,3.075069216650473,5.149660353774105,6.011911064042099,4.307788385646632,4.260237180575218,0,130.41717492838532
-47310,3.075069216650473,5.149660353774105,6.011911064042099,4.307788385646632,4.260237180575218,0,130.45663712484296
-47330,3.075069216650473,5.149660353774105,6.011911064042099,4.307788385646632,4.260237180575218,0,130.4963015119079
-47350,3.075069216650473,5.149660353774105,6.011911064042099,4.307788385646632,4.260237180575218,0,130.53578166036868
-47370,3.075069216650473,5.149660353774105,6.011911064042099,4.307788385646632,4.260237180575218,0,130.55908739256458
-47390,3.075069216650473,5.149660353774105,6.011911064042099,4.307788385646632,4.260237180575218,0,130.59894167437022
-47410,3.075069216650473,5.149660353774105,6.011911064042099,4.307788385646632,4.260237180575218,0,130.622155425503
-47430,3.075069216650473,5.149660353774105,6.011911064042099,4.307788385646632,4.260237180575218,0,130.66160750452133
-47450,3.075069216650473,5.149660353774105,6.011911064042099,4.307788385646632,4.260237180575218,0,130.7012718725469
-47470,3.075069216650473,5.149660353774105,6.011911064042099,4.307788385646632,4.260237180575218,0,130.7245718906649
-47490,3.075069216650473,5.149660353774105,6.011911064042099,4.307788385646632,4.260237180575218,0,130.74800930373448
-47510,3.075069216650473,5.149660353774105,6.011911064042099,4.307788385646632,4.260237180575218,0,130.78784965760966
-47530,3.075069216650473,5.149660353774105,6.011911064042099,4.307788385646632,4.260237180575218,0,130.81121098619022
-47550,3.075069216650473,5.149660353774105,6.011911064042099,4.307788385646632,4.260237180575218,0,130.8343166787743
-47570,3.075069216650473,5.149660353774105,6.011911064042099,4.307788385646632,4.260237180575218,0,130.8579654262219
-47590,3.075069216650473,5.149660353774105,6.011911064042099,4.307788385646632,4.260237180575218,0,130.88096107249464
-47610,3.075069216650473,5.149660353774105,6.011911064042099,4.307788385646632,4.260237180575218,0,130.92096580644693
-47630,3.075069216650473,5.149660353774105,6.011911064042099,4.307788385646632,4.260237180575218,0,130.94429796474824
-47650,3.075069216650473,5.149660353774105,6.011911064042099,4.307788385646632,4.260237180575218,0,130.9677818514097
-47670,3.075069216650473,5.149660353774105,6.011911064042099,4.307788385646632,4.260237180575218,0,130.99101560598413
-47690,3.075069216650473,5.149660353774105,6.011911064042099,4.307788385646632,4.260237180575218,0,131.01440425119108
-47710,3.075069216650473,5.149660353774105,6.011911064042099,4.307788385646632,4.260237180575218,0,131.05420535181722
-47730,3.075069216650473,5.149660353774105,6.011911064042099,4.307788385646632,4.260237180575218,0,131.0775435439504
-47750,3.075069216650473,5.149660353774105,6.011911064042099,4.307788385646632,4.260237180575218,0,131.10104253174052
-47770,3.075069216650473,5.149660353774105,6.011911064042099,4.307788385646632,4.260237180575218,0,131.12429560060193
-47790,3.075069216650473,5.149660353774105,6.011911064042099,4.307788385646632,4.260237180575218,0,131.1477127392378
-47810,3.075069216650473,5.149660353774105,6.011911064042099,4.307788385646632,4.260237180575218,0,131.15484377954186
-47830,3.075069216650473,5.149660353774105,6.011911064042099,4.307788385646632,4.260237180575218,0,131.17814484301616
-47850,3.075069216650473,5.149660353774105,6.011911064042099,4.307788385646632,4.260237180575218,0,131.20161587113734
-47870,3.075069216650473,5.149660353774105,6.011911064042099,4.307788385646632,4.260237180575218,0,131.20868688820426
-47890,3.075069216650473,5.149660353774105,6.011911064042099,4.307788385646632,4.260237180575218,0,131.21585297722672
-47910,3.075069216650473,5.149660353774105,6.011911064042099,4.307788385646632,4.260237180575218,0,131.23935329271288
-47930,3.075069216650473,5.149660353774105,6.011911064042099,4.307788385646632,4.260237180575218,0,131.2463388305469
-47950,3.075069216650473,5.149660353774105,6.011911064042099,4.307788385646632,4.260237180575218,0,131.25342485559287
-47970,3.075069216650473,5.149660353774105,6.011911064042099,4.307788385646632,4.260237180575218,0,131.260613840391
-47990,3.075069216650473,5.149660353774105,6.011911064042099,4.307788385646632,4.260237180575218,0,131.26790827377994
-48010,3.075069216650473,5.149660353774105,6.011911064042099,4.307788385646632,4.260237180575218,0,131.2748892679292
-48030,3.075069216650473,5.149660353774105,6.011911064042099,4.307788385646632,4.260237180575218,0,131.2819786960734
-48050,3.075069216650473,5.149660353774105,6.011911064042099,4.307788385646632,4.260237180575218,0,131.27266504641238
